#hub_commit	6f9c25605a52acabe662a42fc003afa5bf66b959
#file	line	field	kind	identifier	status	year	title	context
data/toe_contested_sector_refresh.json	318	url	arxiv	1111.2048	OK	2011	The Milky Way's bright satellites as an apparent failure of LCDM	"url": "https://arxiv.org/abs/1111.2048",
data/toe_contested_sector_refresh.json	575	url	arxiv	1111.2048	OK	2011	The Milky Way's bright satellites as an apparent failure of LCDM	"url": "https://arxiv.org/abs/1111.2048",
data/toe_contested_sector_refresh.json	301	url	arxiv	1710.11129	OK	2017	One percent determination of the primordial deuterium abundance	"url": "https://arxiv.org/abs/1710.11129",
data/toe_contested_sector_refresh.json	558	url	arxiv	1710.11129	OK	2017	One percent determination of the primordial deuterium abundance	"url": "https://arxiv.org/abs/1710.11129",
data/toe_contested_sector_refresh.json	148	url	arxiv	1807.06209	OK	2018	Planck 2018 results. VI. Cosmological parameters	"url": "https://arxiv.org/abs/1807.06209",
data/toe_contested_sector_refresh.json	182	url	arxiv	1807.06209	OK	2018	Planck 2018 results. VI. Cosmological parameters	"url": "https://arxiv.org/abs/1807.06209",
data/toe_contested_sector_refresh.json	233	url	arxiv	1807.06209	OK	2018	Planck 2018 results. VI. Cosmological parameters	"url": "https://arxiv.org/abs/1807.06209",
data/toe_contested_sector_refresh.json	250	url	arxiv	1807.06209	OK	2018	Planck 2018 results. VI. Cosmological parameters	"url": "https://arxiv.org/abs/1807.06209",
data/toe_contested_sector_refresh.json	284	url	arxiv	1807.06209	OK	2018	Planck 2018 results. VI. Cosmological parameters	"url": "https://arxiv.org/abs/1807.06209",
data/toe_contested_sector_refresh.json	405	url	arxiv	1807.06209	OK	2018	Planck 2018 results. VI. Cosmological parameters	"url": "https://arxiv.org/abs/1807.06209",
data/toe_contested_sector_refresh.json	439	url	arxiv	1807.06209	OK	2018	Planck 2018 results. VI. Cosmological parameters	"url": "https://arxiv.org/abs/1807.06209",
data/toe_contested_sector_refresh.json	490	url	arxiv	1807.06209	OK	2018	Planck 2018 results. VI. Cosmological parameters	"url": "https://arxiv.org/abs/1807.06209",
data/toe_contested_sector_refresh.json	507	url	arxiv	1807.06209	OK	2018	Planck 2018 results. VI. Cosmological parameters	"url": "https://arxiv.org/abs/1807.06209",
data/toe_contested_sector_refresh.json	541	url	arxiv	1807.06209	OK	2018	Planck 2018 results. VI. Cosmological parameters	"url": "https://arxiv.org/abs/1807.06209",
docs/TOE_GAP_CLOSURE.md	99	text	arxiv	1807.06209	OK	2018	Planck 2018 results. VI. Cosmological parameters	- Planck 2018 cosmology anchors (arXiv:1807.06209)
data/millennium_accuracy_scoreboard.json	571	public_sota_model	arxiv	2007.06422	OK	2020	The glueball spectrum of SU(3) gauge theory in 3+1 dimension	"public_sota_model": "AT2020 arXiv:2007.06422 3.405(21) vs Teper 1997 3.65\u00b10.11. 0++ has a deep a\u00b2 dip at \u03b2~5.5; the two schemes disagree by ~7%.",
data/toe_contested_sector_refresh.json	165	url	arxiv	2112.04510	OK	2021	A Comprehensive Measurement of the Local Value of the Hubble Constant with 1 km/s/Mpc Uncertainty from the Hubble Space Telescope and the SH0ES Team	"url": "https://arxiv.org/abs/2112.04510",
data/toe_contested_sector_refresh.json	422	url	arxiv	2112.04510	OK	2021	A Comprehensive Measurement of the Local Value of the Hubble Constant with 1 km/s/Mpc Uncertainty from the Hubble Space Telescope and the SH0ES Team	"url": "https://arxiv.org/abs/2112.04510",
docs/CEPHEID_PL_PHYSICS.md	24	text	arxiv	2112.04510	OK	2021	A Comprehensive Measurement of the Local Value of the Hubble Constant with 1 km/s/Mpc Uncertainty from the Hubble Space Telescope and the SH0ES Team	Riess+2022 (arXiv:2112.04510): NIR Wesenheit \(m_H^W=m_H-R(m_V-m_I)\), \(R=A_H/(A_V-A_I)\approx0.4\) from extinction laws; metallicity from H II \(R_{23}\) gradients; slope is a global χ² parameter. Optical release note: initial slope **−3.285**. Ripepi+2020 \(W_{VI}\) slope **−3.29±0.01**. Breuval+
docs/TOE_GAP_CLOSURE.md	100	text	arxiv	2112.04510	OK	2021	A Comprehensive Measurement of the Local Value of the Hubble Constant with 1 km/s/Mpc Uncertainty from the Hubble Space Telescope and the SH0ES Team	- SH0ES local H₀ (arXiv:2112.04510)
data/cepheid_pl_interconnect_benchmark.json	10		arxiv	2408.00065	OK	2024	Tip of the Red Giant Branch Distances with JWST. II. I-band Measurements in a Sample of Hosts of 10 SN Ia Match HST Cepheids	"Li+2024 JWST TRGB host moduli (arXiv:2408.00065)",
data/sh0es_full_sample_benchmark.json	12		arxiv	2408.00065	OK	2024	Tip of the Red Giant Branch Distances with JWST. II. I-band Measurements in a Sample of Hosts of 10 SN Ia Match HST Cepheids	"Li+2024 JWST TRGB (arXiv:2408.00065)",
data/nufit_neutrino_open_benchmark.json	8		arxiv	2410.05380	OK	2024	NuFit-6.0: Updated global analysis of three-flavor neutrino oscillations	"arXiv:2410.05380",
data/nufit_neutrino_open_benchmark.json	105	citation	arxiv	2410.05380	OK	2024	NuFit-6.0: Updated global analysis of three-flavor neutrino oscillations	"citation": "Esteban et al., NuFit-6.0, arXiv:2410.05380; http://www.nu-fit.org/",
data/nufit_neutrino_open_benchmark.json	119	citation	arxiv	2410.05380	OK	2024	NuFit-6.0: Updated global analysis of three-flavor neutrino oscillations	"citation": "Esteban et al., NuFit-6.0, arXiv:2410.05380; http://www.nu-fit.org/",
data/nufit_neutrino_open_benchmark.json	133	citation	arxiv	2410.05380	OK	2024	NuFit-6.0: Updated global analysis of three-flavor neutrino oscillations	"citation": "Esteban et al., NuFit-6.0, arXiv:2410.05380; http://www.nu-fit.org/",
data/nufit_neutrino_open_benchmark.json	147	citation	arxiv	2410.05380	OK	2024	NuFit-6.0: Updated global analysis of three-flavor neutrino oscillations	"citation": "Esteban et al., NuFit-6.0, arXiv:2410.05380; http://www.nu-fit.org/",
data/nufit_neutrino_open_benchmark.json	161	citation	arxiv	2410.05380	OK	2024	NuFit-6.0: Updated global analysis of three-flavor neutrino oscillations	"citation": "Esteban et al., NuFit-6.0, arXiv:2410.05380; http://www.nu-fit.org/",
data/nufit_neutrino_open_benchmark.json	175	citation	arxiv	2410.05380	OK	2024	NuFit-6.0: Updated global analysis of three-flavor neutrino oscillations	"citation": "Esteban et al., NuFit-6.0, arXiv:2410.05380; http://www.nu-fit.org/",
data/nufit_neutrino_open_benchmark.json	189	citation	arxiv	2410.05380	OK	2024	NuFit-6.0: Updated global analysis of three-flavor neutrino oscillations	"citation": "Esteban et al., NuFit-6.0, arXiv:2410.05380; http://www.nu-fit.org/",
data/nufit_neutrino_open_benchmark.json	203	citation	arxiv	2410.05380	OK	2024	NuFit-6.0: Updated global analysis of three-flavor neutrino oscillations	"citation": "Esteban et al., NuFit-6.0, arXiv:2410.05380; http://www.nu-fit.org/",
data/nufit_neutrino_open_benchmark.json	217	citation	arxiv	2410.05380	OK	2024	NuFit-6.0: Updated global analysis of three-flavor neutrino oscillations	"citation": "Esteban et al., NuFit-6.0, arXiv:2410.05380; http://www.nu-fit.org/",
data/nufit_neutrino_open_benchmark.json	231	citation	arxiv	2410.05380	OK	2024	NuFit-6.0: Updated global analysis of three-flavor neutrino oscillations	"citation": "Esteban et al., NuFit-6.0, arXiv:2410.05380; http://www.nu-fit.org/",
data/benchmark_anchor_citation_ledger.json	728		arxiv	2412.00568	OK	2024	The Well: a Large-Scale Collection of Diverse Physics Simulations for Machine Learning	"arxiv:2412.00568"
data/benchmark_anchor_citation_ledger.json	33209		arxiv	2412.00568	OK	2024	The Well: a Large-Scale Collection of Diverse Physics Simulations for Machine Learning	"arxiv:2412.00568",
data/benchmark_anchor_citation_ledger.json	33229	matched_token	arxiv	2412.00568	OK	2024	The Well: a Large-Scale Collection of Diverse Physics Simulations for Machine Learning	"matched_token": "arxiv:2412.00568"
data/fsot_domain_navigator.json	19186		arxiv	2412.00568	OK	2024	The Well: a Large-Scale Collection of Diverse Physics Simulations for Machine Learning	"arxiv:2412.00568"
data/the_well_outcomes_verification_panel_benchmark.json	9		arxiv	2412.00568	OK	2024	The Well: a Large-Scale Collection of Diverse Physics Simulations for Machine Learning	"arxiv:2412.00568"
data/the_well_outcomes_verification_panel_benchmark.json	98	reference	arxiv	2412.00568	OK	2024	The Well: a Large-Scale Collection of Diverse Physics Simulations for Machine Learning	"reference": "The Well stats.yaml aggregate (Polymathic AI, arxiv:2412.00568)",
data/the_well_outcomes_verification_panel_benchmark.json	113	reference	arxiv	2412.00568	OK	2024	The Well: a Large-Scale Collection of Diverse Physics Simulations for Machine Learning	"reference": "The Well stats.yaml aggregate (Polymathic AI, arxiv:2412.00568)"
data/the_well_outcomes_verification_panel_benchmark.json	129	reference	arxiv	2412.00568	OK	2024	The Well: a Large-Scale Collection of Diverse Physics Simulations for Machine Learning	"reference": "The Well stats.yaml aggregate (Polymathic AI, arxiv:2412.00568)",
data/the_well_outcomes_verification_panel_benchmark.json	144	reference	arxiv	2412.00568	OK	2024	The Well: a Large-Scale Collection of Diverse Physics Simulations for Machine Learning	"reference": "The Well stats.yaml aggregate (Polymathic AI, arxiv:2412.00568)"
data/the_well_outcomes_verification_panel_benchmark.json	160	reference	arxiv	2412.00568	OK	2024	The Well: a Large-Scale Collection of Diverse Physics Simulations for Machine Learning	"reference": "The Well stats.yaml aggregate (Polymathic AI, arxiv:2412.00568)",
data/the_well_outcomes_verification_panel_benchmark.json	175	reference	arxiv	2412.00568	OK	2024	The Well: a Large-Scale Collection of Diverse Physics Simulations for Machine Learning	"reference": "The Well stats.yaml aggregate (Polymathic AI, arxiv:2412.00568)"
data/the_well_outcomes_verification_panel_benchmark.json	191	reference	arxiv	2412.00568	OK	2024	The Well: a Large-Scale Collection of Diverse Physics Simulations for Machine Learning	"reference": "The Well stats.yaml aggregate (Polymathic AI, arxiv:2412.00568)",
data/the_well_outcomes_verification_panel_benchmark.json	206	reference	arxiv	2412.00568	OK	2024	The Well: a Large-Scale Collection of Diverse Physics Simulations for Machine Learning	"reference": "The Well stats.yaml aggregate (Polymathic AI, arxiv:2412.00568)"
data/the_well_outcomes_verification_panel_benchmark.json	222	reference	arxiv	2412.00568	OK	2024	The Well: a Large-Scale Collection of Diverse Physics Simulations for Machine Learning	"reference": "The Well stats.yaml aggregate (Polymathic AI, arxiv:2412.00568)",
data/the_well_outcomes_verification_panel_benchmark.json	237	reference	arxiv	2412.00568	OK	2024	The Well: a Large-Scale Collection of Diverse Physics Simulations for Machine Learning	"reference": "The Well stats.yaml aggregate (Polymathic AI, arxiv:2412.00568)"
data/the_well_outcomes_verification_panel_benchmark.json	253	reference	arxiv	2412.00568	OK	2024	The Well: a Large-Scale Collection of Diverse Physics Simulations for Machine Learning	"reference": "The Well stats.yaml aggregate (Polymathic AI, arxiv:2412.00568)",
data/the_well_outcomes_verification_panel_benchmark.json	268	reference	arxiv	2412.00568	OK	2024	The Well: a Large-Scale Collection of Diverse Physics Simulations for Machine Learning	"reference": "The Well stats.yaml aggregate (Polymathic AI, arxiv:2412.00568)"
data/the_well_outcomes_verification_panel_benchmark.json	284	reference	arxiv	2412.00568	OK	2024	The Well: a Large-Scale Collection of Diverse Physics Simulations for Machine Learning	"reference": "The Well stats.yaml aggregate (Polymathic AI, arxiv:2412.00568)",
data/the_well_outcomes_verification_panel_benchmark.json	299	reference	arxiv	2412.00568	OK	2024	The Well: a Large-Scale Collection of Diverse Physics Simulations for Machine Learning	"reference": "The Well stats.yaml aggregate (Polymathic AI, arxiv:2412.00568)"
data/the_well_outcomes_verification_panel_benchmark.json	315	reference	arxiv	2412.00568	OK	2024	The Well: a Large-Scale Collection of Diverse Physics Simulations for Machine Learning	"reference": "The Well stats.yaml aggregate (Polymathic AI, arxiv:2412.00568)",
data/the_well_outcomes_verification_panel_benchmark.json	330	reference	arxiv	2412.00568	OK	2024	The Well: a Large-Scale Collection of Diverse Physics Simulations for Machine Learning	"reference": "The Well stats.yaml aggregate (Polymathic AI, arxiv:2412.00568)"
data/the_well_outcomes_verification_panel_benchmark.json	346	reference	arxiv	2412.00568	OK	2024	The Well: a Large-Scale Collection of Diverse Physics Simulations for Machine Learning	"reference": "The Well stats.yaml aggregate (Polymathic AI, arxiv:2412.00568)",
data/the_well_outcomes_verification_panel_benchmark.json	361	reference	arxiv	2412.00568	OK	2024	The Well: a Large-Scale Collection of Diverse Physics Simulations for Machine Learning	"reference": "The Well stats.yaml aggregate (Polymathic AI, arxiv:2412.00568)"
data/the_well_outcomes_verification_panel_benchmark.json	377	reference	arxiv	2412.00568	OK	2024	The Well: a Large-Scale Collection of Diverse Physics Simulations for Machine Learning	"reference": "The Well stats.yaml aggregate (Polymathic AI, arxiv:2412.00568)",
data/the_well_outcomes_verification_panel_benchmark.json	392	reference	arxiv	2412.00568	OK	2024	The Well: a Large-Scale Collection of Diverse Physics Simulations for Machine Learning	"reference": "The Well stats.yaml aggregate (Polymathic AI, arxiv:2412.00568)"
data/the_well_outcomes_verification_panel_benchmark.json	408	reference	arxiv	2412.00568	OK	2024	The Well: a Large-Scale Collection of Diverse Physics Simulations for Machine Learning	"reference": "The Well stats.yaml aggregate (Polymathic AI, arxiv:2412.00568)",
data/the_well_outcomes_verification_panel_benchmark.json	423	reference	arxiv	2412.00568	OK	2024	The Well: a Large-Scale Collection of Diverse Physics Simulations for Machine Learning	"reference": "The Well stats.yaml aggregate (Polymathic AI, arxiv:2412.00568)"
data/the_well_outcomes_verification_panel_benchmark.json	439	reference	arxiv	2412.00568	OK	2024	The Well: a Large-Scale Collection of Diverse Physics Simulations for Machine Learning	"reference": "The Well stats.yaml aggregate (Polymathic AI, arxiv:2412.00568)",
data/the_well_outcomes_verification_panel_benchmark.json	454	reference	arxiv	2412.00568	OK	2024	The Well: a Large-Scale Collection of Diverse Physics Simulations for Machine Learning	"reference": "The Well stats.yaml aggregate (Polymathic AI, arxiv:2412.00568)"
data/the_well_outcomes_verification_panel_benchmark.json	470	reference	arxiv	2412.00568	OK	2024	The Well: a Large-Scale Collection of Diverse Physics Simulations for Machine Learning	"reference": "The Well stats.yaml aggregate (Polymathic AI, arxiv:2412.00568)",
data/the_well_outcomes_verification_panel_benchmark.json	485	reference	arxiv	2412.00568	OK	2024	The Well: a Large-Scale Collection of Diverse Physics Simulations for Machine Learning	"reference": "The Well stats.yaml aggregate (Polymathic AI, arxiv:2412.00568)"
data/the_well_outcomes_verification_panel_benchmark.json	501	reference	arxiv	2412.00568	OK	2024	The Well: a Large-Scale Collection of Diverse Physics Simulations for Machine Learning	"reference": "The Well stats.yaml aggregate (Polymathic AI, arxiv:2412.00568)",
data/the_well_outcomes_verification_panel_benchmark.json	516	reference	arxiv	2412.00568	OK	2024	The Well: a Large-Scale Collection of Diverse Physics Simulations for Machine Learning	"reference": "The Well stats.yaml aggregate (Polymathic AI, arxiv:2412.00568)"
data/the_well_outcomes_verification_panel_benchmark.json	532	reference	arxiv	2412.00568	OK	2024	The Well: a Large-Scale Collection of Diverse Physics Simulations for Machine Learning	"reference": "The Well stats.yaml aggregate (Polymathic AI, arxiv:2412.00568)",
data/the_well_outcomes_verification_panel_benchmark.json	547	reference	arxiv	2412.00568	OK	2024	The Well: a Large-Scale Collection of Diverse Physics Simulations for Machine Learning	"reference": "The Well stats.yaml aggregate (Polymathic AI, arxiv:2412.00568)"
data/the_well_outcomes_verification_panel_benchmark.json	563	reference	arxiv	2412.00568	OK	2024	The Well: a Large-Scale Collection of Diverse Physics Simulations for Machine Learning	"reference": "The Well stats.yaml aggregate (Polymathic AI, arxiv:2412.00568)",
data/the_well_outcomes_verification_panel_benchmark.json	578	reference	arxiv	2412.00568	OK	2024	The Well: a Large-Scale Collection of Diverse Physics Simulations for Machine Learning	"reference": "The Well stats.yaml aggregate (Polymathic AI, arxiv:2412.00568)"
data/the_well_outcomes_verification_panel_benchmark.json	594	reference	arxiv	2412.00568	OK	2024	The Well: a Large-Scale Collection of Diverse Physics Simulations for Machine Learning	"reference": "The Well stats.yaml aggregate (Polymathic AI, arxiv:2412.00568)",
data/the_well_outcomes_verification_panel_benchmark.json	609	reference	arxiv	2412.00568	OK	2024	The Well: a Large-Scale Collection of Diverse Physics Simulations for Machine Learning	"reference": "The Well stats.yaml aggregate (Polymathic AI, arxiv:2412.00568)"
data/the_well_outcomes_verification_panel_benchmark.json	625	reference	arxiv	2412.00568	OK	2024	The Well: a Large-Scale Collection of Diverse Physics Simulations for Machine Learning	"reference": "The Well stats.yaml aggregate (Polymathic AI, arxiv:2412.00568)",
data/the_well_outcomes_verification_panel_benchmark.json	640	reference	arxiv	2412.00568	OK	2024	The Well: a Large-Scale Collection of Diverse Physics Simulations for Machine Learning	"reference": "The Well stats.yaml aggregate (Polymathic AI, arxiv:2412.00568)"
data/the_well_outcomes_verification_panel_benchmark.json	656	reference	arxiv	2412.00568	OK	2024	The Well: a Large-Scale Collection of Diverse Physics Simulations for Machine Learning	"reference": "The Well stats.yaml aggregate (Polymathic AI, arxiv:2412.00568)",
data/the_well_outcomes_verification_panel_benchmark.json	671	reference	arxiv	2412.00568	OK	2024	The Well: a Large-Scale Collection of Diverse Physics Simulations for Machine Learning	"reference": "The Well stats.yaml aggregate (Polymathic AI, arxiv:2412.00568)"
data/the_well_outcomes_verification_panel_benchmark.json	687	reference	arxiv	2412.00568	OK	2024	The Well: a Large-Scale Collection of Diverse Physics Simulations for Machine Learning	"reference": "The Well stats.yaml aggregate (Polymathic AI, arxiv:2412.00568)",
data/the_well_outcomes_verification_panel_benchmark.json	702	reference	arxiv	2412.00568	OK	2024	The Well: a Large-Scale Collection of Diverse Physics Simulations for Machine Learning	"reference": "The Well stats.yaml aggregate (Polymathic AI, arxiv:2412.00568)"
data/the_well_outcomes_verification_panel_benchmark.json	718	reference	arxiv	2412.00568	OK	2024	The Well: a Large-Scale Collection of Diverse Physics Simulations for Machine Learning	"reference": "The Well stats.yaml aggregate (Polymathic AI, arxiv:2412.00568)",
data/the_well_outcomes_verification_panel_benchmark.json	733	reference	arxiv	2412.00568	OK	2024	The Well: a Large-Scale Collection of Diverse Physics Simulations for Machine Learning	"reference": "The Well stats.yaml aggregate (Polymathic AI, arxiv:2412.00568)"
data/the_well_outcomes_verification_panel_benchmark.json	749	reference	arxiv	2412.00568	OK	2024	The Well: a Large-Scale Collection of Diverse Physics Simulations for Machine Learning	"reference": "The Well stats.yaml aggregate (Polymathic AI, arxiv:2412.00568)",
data/the_well_outcomes_verification_panel_benchmark.json	764	reference	arxiv	2412.00568	OK	2024	The Well: a Large-Scale Collection of Diverse Physics Simulations for Machine Learning	"reference": "The Well stats.yaml aggregate (Polymathic AI, arxiv:2412.00568)"
data/the_well_outcomes_verification_panel_benchmark.json	780	reference	arxiv	2412.00568	OK	2024	The Well: a Large-Scale Collection of Diverse Physics Simulations for Machine Learning	"reference": "The Well stats.yaml aggregate (Polymathic AI, arxiv:2412.00568)",
data/the_well_outcomes_verification_panel_benchmark.json	795	reference	arxiv	2412.00568	OK	2024	The Well: a Large-Scale Collection of Diverse Physics Simulations for Machine Learning	"reference": "The Well stats.yaml aggregate (Polymathic AI, arxiv:2412.00568)"
data/the_well_outcomes_verification_panel_benchmark.json	811	reference	arxiv	2412.00568	OK	2024	The Well: a Large-Scale Collection of Diverse Physics Simulations for Machine Learning	"reference": "The Well stats.yaml aggregate (Polymathic AI, arxiv:2412.00568)",
data/the_well_outcomes_verification_panel_benchmark.json	826	reference	arxiv	2412.00568	OK	2024	The Well: a Large-Scale Collection of Diverse Physics Simulations for Machine Learning	"reference": "The Well stats.yaml aggregate (Polymathic AI, arxiv:2412.00568)"
data/the_well_outcomes_verification_panel_benchmark.json	842	reference	arxiv	2412.00568	OK	2024	The Well: a Large-Scale Collection of Diverse Physics Simulations for Machine Learning	"reference": "The Well stats.yaml aggregate (Polymathic AI, arxiv:2412.00568)",
data/the_well_outcomes_verification_panel_benchmark.json	857	reference	arxiv	2412.00568	OK	2024	The Well: a Large-Scale Collection of Diverse Physics Simulations for Machine Learning	"reference": "The Well stats.yaml aggregate (Polymathic AI, arxiv:2412.00568)"
data/the_well_outcomes_verification_panel_benchmark.json	873	reference	arxiv	2412.00568	OK	2024	The Well: a Large-Scale Collection of Diverse Physics Simulations for Machine Learning	"reference": "The Well stats.yaml aggregate (Polymathic AI, arxiv:2412.00568)",
data/the_well_outcomes_verification_panel_benchmark.json	888	reference	arxiv	2412.00568	OK	2024	The Well: a Large-Scale Collection of Diverse Physics Simulations for Machine Learning	"reference": "The Well stats.yaml aggregate (Polymathic AI, arxiv:2412.00568)"
data/the_well_outcomes_verification_panel_benchmark.json	904	reference	arxiv	2412.00568	OK	2024	The Well: a Large-Scale Collection of Diverse Physics Simulations for Machine Learning	"reference": "The Well stats.yaml aggregate (Polymathic AI, arxiv:2412.00568)",
data/the_well_outcomes_verification_panel_benchmark.json	919	reference	arxiv	2412.00568	OK	2024	The Well: a Large-Scale Collection of Diverse Physics Simulations for Machine Learning	"reference": "The Well stats.yaml aggregate (Polymathic AI, arxiv:2412.00568)"
data/the_well_outcomes_verification_panel_benchmark.json	935	reference	arxiv	2412.00568	OK	2024	The Well: a Large-Scale Collection of Diverse Physics Simulations for Machine Learning	"reference": "The Well stats.yaml aggregate (Polymathic AI, arxiv:2412.00568)",
data/the_well_outcomes_verification_panel_benchmark.json	950	reference	arxiv	2412.00568	OK	2024	The Well: a Large-Scale Collection of Diverse Physics Simulations for Machine Learning	"reference": "The Well stats.yaml aggregate (Polymathic AI, arxiv:2412.00568)"
data/the_well_outcomes_verification_panel_benchmark.json	966	reference	arxiv	2412.00568	OK	2024	The Well: a Large-Scale Collection of Diverse Physics Simulations for Machine Learning	"reference": "The Well stats.yaml aggregate (Polymathic AI, arxiv:2412.00568)",
data/the_well_outcomes_verification_panel_benchmark.json	981	reference	arxiv	2412.00568	OK	2024	The Well: a Large-Scale Collection of Diverse Physics Simulations for Machine Learning	"reference": "The Well stats.yaml aggregate (Polymathic AI, arxiv:2412.00568)"
data/the_well_outcomes_verification_panel_benchmark.json	997	reference	arxiv	2412.00568	OK	2024	The Well: a Large-Scale Collection of Diverse Physics Simulations for Machine Learning	"reference": "The Well stats.yaml aggregate (Polymathic AI, arxiv:2412.00568)",
data/the_well_outcomes_verification_panel_benchmark.json	1012	reference	arxiv	2412.00568	OK	2024	The Well: a Large-Scale Collection of Diverse Physics Simulations for Machine Learning	"reference": "The Well stats.yaml aggregate (Polymathic AI, arxiv:2412.00568)"
data/the_well_outcomes_verification_panel_benchmark.json	1028	reference	arxiv	2412.00568	OK	2024	The Well: a Large-Scale Collection of Diverse Physics Simulations for Machine Learning	"reference": "The Well stats.yaml aggregate (Polymathic AI, arxiv:2412.00568)",
data/the_well_outcomes_verification_panel_benchmark.json	1043	reference	arxiv	2412.00568	OK	2024	The Well: a Large-Scale Collection of Diverse Physics Simulations for Machine Learning	"reference": "The Well stats.yaml aggregate (Polymathic AI, arxiv:2412.00568)"
data/the_well_outcomes_verification_panel_benchmark.json	1059	reference	arxiv	2412.00568	OK	2024	The Well: a Large-Scale Collection of Diverse Physics Simulations for Machine Learning	"reference": "The Well stats.yaml aggregate (Polymathic AI, arxiv:2412.00568)",
data/the_well_outcomes_verification_panel_benchmark.json	1074	reference	arxiv	2412.00568	OK	2024	The Well: a Large-Scale Collection of Diverse Physics Simulations for Machine Learning	"reference": "The Well stats.yaml aggregate (Polymathic AI, arxiv:2412.00568)"
data/the_well_outcomes_verification_panel_benchmark.json	1090	reference	arxiv	2412.00568	OK	2024	The Well: a Large-Scale Collection of Diverse Physics Simulations for Machine Learning	"reference": "The Well stats.yaml aggregate (Polymathic AI, arxiv:2412.00568)",
data/the_well_outcomes_verification_panel_benchmark.json	1105	reference	arxiv	2412.00568	OK	2024	The Well: a Large-Scale Collection of Diverse Physics Simulations for Machine Learning	"reference": "The Well stats.yaml aggregate (Polymathic AI, arxiv:2412.00568)"
data/the_well_outcomes_verification_panel_benchmark.json	1121	reference	arxiv	2412.00568	OK	2024	The Well: a Large-Scale Collection of Diverse Physics Simulations for Machine Learning	"reference": "The Well stats.yaml aggregate (Polymathic AI, arxiv:2412.00568)",
data/the_well_outcomes_verification_panel_benchmark.json	1136	reference	arxiv	2412.00568	OK	2024	The Well: a Large-Scale Collection of Diverse Physics Simulations for Machine Learning	"reference": "The Well stats.yaml aggregate (Polymathic AI, arxiv:2412.00568)"
data/the_well_outcomes_verification_panel_benchmark.json	1152	reference	arxiv	2412.00568	OK	2024	The Well: a Large-Scale Collection of Diverse Physics Simulations for Machine Learning	"reference": "The Well stats.yaml aggregate (Polymathic AI, arxiv:2412.00568)",
data/the_well_outcomes_verification_panel_benchmark.json	1167	reference	arxiv	2412.00568	OK	2024	The Well: a Large-Scale Collection of Diverse Physics Simulations for Machine Learning	"reference": "The Well stats.yaml aggregate (Polymathic AI, arxiv:2412.00568)"
data/the_well_outcomes_verification_panel_benchmark.json	1183	reference	arxiv	2412.00568	OK	2024	The Well: a Large-Scale Collection of Diverse Physics Simulations for Machine Learning	"reference": "The Well stats.yaml aggregate (Polymathic AI, arxiv:2412.00568)",
data/the_well_outcomes_verification_panel_benchmark.json	1198	reference	arxiv	2412.00568	OK	2024	The Well: a Large-Scale Collection of Diverse Physics Simulations for Machine Learning	"reference": "The Well stats.yaml aggregate (Polymathic AI, arxiv:2412.00568)"
data/the_well_outcomes_verification_panel_benchmark.json	1214	reference	arxiv	2412.00568	OK	2024	The Well: a Large-Scale Collection of Diverse Physics Simulations for Machine Learning	"reference": "The Well stats.yaml aggregate (Polymathic AI, arxiv:2412.00568)",
data/the_well_outcomes_verification_panel_benchmark.json	1229	reference	arxiv	2412.00568	OK	2024	The Well: a Large-Scale Collection of Diverse Physics Simulations for Machine Learning	"reference": "The Well stats.yaml aggregate (Polymathic AI, arxiv:2412.00568)"
data/the_well_outcomes_verification_panel_benchmark.json	1245	reference	arxiv	2412.00568	OK	2024	The Well: a Large-Scale Collection of Diverse Physics Simulations for Machine Learning	"reference": "The Well stats.yaml aggregate (Polymathic AI, arxiv:2412.00568)",
data/the_well_outcomes_verification_panel_benchmark.json	1260	reference	arxiv	2412.00568	OK	2024	The Well: a Large-Scale Collection of Diverse Physics Simulations for Machine Learning	"reference": "The Well stats.yaml aggregate (Polymathic AI, arxiv:2412.00568)"
data/the_well_outcomes_verification_panel_benchmark.json	1276	reference	arxiv	2412.00568	OK	2024	The Well: a Large-Scale Collection of Diverse Physics Simulations for Machine Learning	"reference": "The Well stats.yaml aggregate (Polymathic AI, arxiv:2412.00568)",
data/the_well_outcomes_verification_panel_benchmark.json	1291	reference	arxiv	2412.00568	OK	2024	The Well: a Large-Scale Collection of Diverse Physics Simulations for Machine Learning	"reference": "The Well stats.yaml aggregate (Polymathic AI, arxiv:2412.00568)"
data/the_well_outcomes_verification_panel_benchmark.json	1307	reference	arxiv	2412.00568	OK	2024	The Well: a Large-Scale Collection of Diverse Physics Simulations for Machine Learning	"reference": "The Well stats.yaml aggregate (Polymathic AI, arxiv:2412.00568)",
data/the_well_outcomes_verification_panel_benchmark.json	1322	reference	arxiv	2412.00568	OK	2024	The Well: a Large-Scale Collection of Diverse Physics Simulations for Machine Learning	"reference": "The Well stats.yaml aggregate (Polymathic AI, arxiv:2412.00568)"
data/the_well_outcomes_verification_panel_benchmark.json	1338	reference	arxiv	2412.00568	OK	2024	The Well: a Large-Scale Collection of Diverse Physics Simulations for Machine Learning	"reference": "The Well stats.yaml aggregate (Polymathic AI, arxiv:2412.00568)",
data/the_well_outcomes_verification_panel_benchmark.json	1353	reference	arxiv	2412.00568	OK	2024	The Well: a Large-Scale Collection of Diverse Physics Simulations for Machine Learning	"reference": "The Well stats.yaml aggregate (Polymathic AI, arxiv:2412.00568)"
data/the_well_outcomes_verification_panel_benchmark.json	1369	reference	arxiv	2412.00568	OK	2024	The Well: a Large-Scale Collection of Diverse Physics Simulations for Machine Learning	"reference": "The Well stats.yaml aggregate (Polymathic AI, arxiv:2412.00568)",
data/the_well_outcomes_verification_panel_benchmark.json	1384	reference	arxiv	2412.00568	OK	2024	The Well: a Large-Scale Collection of Diverse Physics Simulations for Machine Learning	"reference": "The Well stats.yaml aggregate (Polymathic AI, arxiv:2412.00568)"
data/the_well_outcomes_verification_panel_benchmark.json	1400	reference	arxiv	2412.00568	OK	2024	The Well: a Large-Scale Collection of Diverse Physics Simulations for Machine Learning	"reference": "The Well stats.yaml aggregate (Polymathic AI, arxiv:2412.00568)",
data/the_well_outcomes_verification_panel_benchmark.json	1415	reference	arxiv	2412.00568	OK	2024	The Well: a Large-Scale Collection of Diverse Physics Simulations for Machine Learning	"reference": "The Well stats.yaml aggregate (Polymathic AI, arxiv:2412.00568)"
data/the_well_outcomes_verification_panel_benchmark.json	1431	reference	arxiv	2412.00568	OK	2024	The Well: a Large-Scale Collection of Diverse Physics Simulations for Machine Learning	"reference": "The Well stats.yaml aggregate (Polymathic AI, arxiv:2412.00568)",
data/the_well_outcomes_verification_panel_benchmark.json	1446	reference	arxiv	2412.00568	OK	2024	The Well: a Large-Scale Collection of Diverse Physics Simulations for Machine Learning	"reference": "The Well stats.yaml aggregate (Polymathic AI, arxiv:2412.00568)"
data/the_well_outcomes_verification_panel_benchmark.json	1462	reference	arxiv	2412.00568	OK	2024	The Well: a Large-Scale Collection of Diverse Physics Simulations for Machine Learning	"reference": "The Well stats.yaml aggregate (Polymathic AI, arxiv:2412.00568)",
data/the_well_outcomes_verification_panel_benchmark.json	1477	reference	arxiv	2412.00568	OK	2024	The Well: a Large-Scale Collection of Diverse Physics Simulations for Machine Learning	"reference": "The Well stats.yaml aggregate (Polymathic AI, arxiv:2412.00568)"
data/the_well_outcomes_verification_panel_benchmark.json	1493	reference	arxiv	2412.00568	OK	2024	The Well: a Large-Scale Collection of Diverse Physics Simulations for Machine Learning	"reference": "The Well stats.yaml aggregate (Polymathic AI, arxiv:2412.00568)",
data/the_well_outcomes_verification_panel_benchmark.json	1508	reference	arxiv	2412.00568	OK	2024	The Well: a Large-Scale Collection of Diverse Physics Simulations for Machine Learning	"reference": "The Well stats.yaml aggregate (Polymathic AI, arxiv:2412.00568)"
data/the_well_outcomes_verification_panel_benchmark.json	1524	reference	arxiv	2412.00568	OK	2024	The Well: a Large-Scale Collection of Diverse Physics Simulations for Machine Learning	"reference": "The Well stats.yaml aggregate (Polymathic AI, arxiv:2412.00568)",
data/the_well_outcomes_verification_panel_benchmark.json	1539	reference	arxiv	2412.00568	OK	2024	The Well: a Large-Scale Collection of Diverse Physics Simulations for Machine Learning	"reference": "The Well stats.yaml aggregate (Polymathic AI, arxiv:2412.00568)"
data/the_well_outcomes_verification_panel_benchmark.json	1555	reference	arxiv	2412.00568	OK	2024	The Well: a Large-Scale Collection of Diverse Physics Simulations for Machine Learning	"reference": "The Well stats.yaml aggregate (Polymathic AI, arxiv:2412.00568)",
data/the_well_outcomes_verification_panel_benchmark.json	1570	reference	arxiv	2412.00568	OK	2024	The Well: a Large-Scale Collection of Diverse Physics Simulations for Machine Learning	"reference": "The Well stats.yaml aggregate (Polymathic AI, arxiv:2412.00568)"
data/the_well_outcomes_verification_panel_benchmark.json	1586	reference	arxiv	2412.00568	OK	2024	The Well: a Large-Scale Collection of Diverse Physics Simulations for Machine Learning	"reference": "The Well stats.yaml aggregate (Polymathic AI, arxiv:2412.00568)",
data/the_well_outcomes_verification_panel_benchmark.json	1601	reference	arxiv	2412.00568	OK	2024	The Well: a Large-Scale Collection of Diverse Physics Simulations for Machine Learning	"reference": "The Well stats.yaml aggregate (Polymathic AI, arxiv:2412.00568)"
data/the_well_outcomes_verification_panel_benchmark.json	1617	reference	arxiv	2412.00568	OK	2024	The Well: a Large-Scale Collection of Diverse Physics Simulations for Machine Learning	"reference": "The Well stats.yaml aggregate (Polymathic AI, arxiv:2412.00568)",
data/the_well_outcomes_verification_panel_benchmark.json	1632	reference	arxiv	2412.00568	OK	2024	The Well: a Large-Scale Collection of Diverse Physics Simulations for Machine Learning	"reference": "The Well stats.yaml aggregate (Polymathic AI, arxiv:2412.00568)"
data/the_well_outcomes_verification_panel_benchmark.json	1648	reference	arxiv	2412.00568	OK	2024	The Well: a Large-Scale Collection of Diverse Physics Simulations for Machine Learning	"reference": "The Well stats.yaml aggregate (Polymathic AI, arxiv:2412.00568)",
data/the_well_outcomes_verification_panel_benchmark.json	1663	reference	arxiv	2412.00568	OK	2024	The Well: a Large-Scale Collection of Diverse Physics Simulations for Machine Learning	"reference": "The Well stats.yaml aggregate (Polymathic AI, arxiv:2412.00568)"
data/the_well_outcomes_verification_panel_benchmark.json	1679	reference	arxiv	2412.00568	OK	2024	The Well: a Large-Scale Collection of Diverse Physics Simulations for Machine Learning	"reference": "The Well stats.yaml aggregate (Polymathic AI, arxiv:2412.00568)",
data/the_well_outcomes_verification_panel_benchmark.json	1694	reference	arxiv	2412.00568	OK	2024	The Well: a Large-Scale Collection of Diverse Physics Simulations for Machine Learning	"reference": "The Well stats.yaml aggregate (Polymathic AI, arxiv:2412.00568)"
data/the_well_outcomes_verification_panel_benchmark.json	1710	reference	arxiv	2412.00568	OK	2024	The Well: a Large-Scale Collection of Diverse Physics Simulations for Machine Learning	"reference": "The Well stats.yaml aggregate (Polymathic AI, arxiv:2412.00568)",
data/the_well_outcomes_verification_panel_benchmark.json	1725	reference	arxiv	2412.00568	OK	2024	The Well: a Large-Scale Collection of Diverse Physics Simulations for Machine Learning	"reference": "The Well stats.yaml aggregate (Polymathic AI, arxiv:2412.00568)"
data/the_well_outcomes_verification_panel_benchmark.json	1741	reference	arxiv	2412.00568	OK	2024	The Well: a Large-Scale Collection of Diverse Physics Simulations for Machine Learning	"reference": "The Well stats.yaml aggregate (Polymathic AI, arxiv:2412.00568)",
data/the_well_outcomes_verification_panel_benchmark.json	1756	reference	arxiv	2412.00568	OK	2024	The Well: a Large-Scale Collection of Diverse Physics Simulations for Machine Learning	"reference": "The Well stats.yaml aggregate (Polymathic AI, arxiv:2412.00568)"
data/the_well_outcomes_verification_panel_benchmark.json	1772	reference	arxiv	2412.00568	OK	2024	The Well: a Large-Scale Collection of Diverse Physics Simulations for Machine Learning	"reference": "The Well stats.yaml aggregate (Polymathic AI, arxiv:2412.00568)",
data/the_well_outcomes_verification_panel_benchmark.json	1787	reference	arxiv	2412.00568	OK	2024	The Well: a Large-Scale Collection of Diverse Physics Simulations for Machine Learning	"reference": "The Well stats.yaml aggregate (Polymathic AI, arxiv:2412.00568)"
data/the_well_outcomes_verification_panel_benchmark.json	1803	reference	arxiv	2412.00568	OK	2024	The Well: a Large-Scale Collection of Diverse Physics Simulations for Machine Learning	"reference": "The Well stats.yaml aggregate (Polymathic AI, arxiv:2412.00568)",
data/the_well_outcomes_verification_panel_benchmark.json	1818	reference	arxiv	2412.00568	OK	2024	The Well: a Large-Scale Collection of Diverse Physics Simulations for Machine Learning	"reference": "The Well stats.yaml aggregate (Polymathic AI, arxiv:2412.00568)"
data/the_well_outcomes_verification_panel_benchmark.json	1834	reference	arxiv	2412.00568	OK	2024	The Well: a Large-Scale Collection of Diverse Physics Simulations for Machine Learning	"reference": "The Well stats.yaml aggregate (Polymathic AI, arxiv:2412.00568)",
data/the_well_outcomes_verification_panel_benchmark.json	1849	reference	arxiv	2412.00568	OK	2024	The Well: a Large-Scale Collection of Diverse Physics Simulations for Machine Learning	"reference": "The Well stats.yaml aggregate (Polymathic AI, arxiv:2412.00568)"
data/the_well_outcomes_verification_panel_benchmark.json	1865	reference	arxiv	2412.00568	OK	2024	The Well: a Large-Scale Collection of Diverse Physics Simulations for Machine Learning	"reference": "The Well stats.yaml aggregate (Polymathic AI, arxiv:2412.00568)",
data/the_well_outcomes_verification_panel_benchmark.json	1880	reference	arxiv	2412.00568	OK	2024	The Well: a Large-Scale Collection of Diverse Physics Simulations for Machine Learning	"reference": "The Well stats.yaml aggregate (Polymathic AI, arxiv:2412.00568)"
data/the_well_outcomes_verification_panel_benchmark.json	1896	reference	arxiv	2412.00568	OK	2024	The Well: a Large-Scale Collection of Diverse Physics Simulations for Machine Learning	"reference": "The Well stats.yaml aggregate (Polymathic AI, arxiv:2412.00568)",
data/the_well_outcomes_verification_panel_benchmark.json	1911	reference	arxiv	2412.00568	OK	2024	The Well: a Large-Scale Collection of Diverse Physics Simulations for Machine Learning	"reference": "The Well stats.yaml aggregate (Polymathic AI, arxiv:2412.00568)"
data/the_well_outcomes_verification_panel_benchmark.json	1927	reference	arxiv	2412.00568	OK	2024	The Well: a Large-Scale Collection of Diverse Physics Simulations for Machine Learning	"reference": "The Well stats.yaml aggregate (Polymathic AI, arxiv:2412.00568)",
data/the_well_outcomes_verification_panel_benchmark.json	1942	reference	arxiv	2412.00568	OK	2024	The Well: a Large-Scale Collection of Diverse Physics Simulations for Machine Learning	"reference": "The Well stats.yaml aggregate (Polymathic AI, arxiv:2412.00568)"
data/the_well_outcomes_verification_panel_benchmark.json	1958	reference	arxiv	2412.00568	OK	2024	The Well: a Large-Scale Collection of Diverse Physics Simulations for Machine Learning	"reference": "The Well stats.yaml aggregate (Polymathic AI, arxiv:2412.00568)",
data/the_well_outcomes_verification_panel_benchmark.json	1973	reference	arxiv	2412.00568	OK	2024	The Well: a Large-Scale Collection of Diverse Physics Simulations for Machine Learning	"reference": "The Well stats.yaml aggregate (Polymathic AI, arxiv:2412.00568)"
data/the_well_outcomes_verification_panel_benchmark.json	1989	reference	arxiv	2412.00568	OK	2024	The Well: a Large-Scale Collection of Diverse Physics Simulations for Machine Learning	"reference": "The Well stats.yaml aggregate (Polymathic AI, arxiv:2412.00568)",
data/the_well_outcomes_verification_panel_benchmark.json	2004	reference	arxiv	2412.00568	OK	2024	The Well: a Large-Scale Collection of Diverse Physics Simulations for Machine Learning	"reference": "The Well stats.yaml aggregate (Polymathic AI, arxiv:2412.00568)"
data/the_well_outcomes_verification_panel_benchmark.json	2020	reference	arxiv	2412.00568	OK	2024	The Well: a Large-Scale Collection of Diverse Physics Simulations for Machine Learning	"reference": "The Well stats.yaml aggregate (Polymathic AI, arxiv:2412.00568)",
data/the_well_outcomes_verification_panel_benchmark.json	2035	reference	arxiv	2412.00568	OK	2024	The Well: a Large-Scale Collection of Diverse Physics Simulations for Machine Learning	"reference": "The Well stats.yaml aggregate (Polymathic AI, arxiv:2412.00568)"
data/the_well_outcomes_verification_panel_benchmark.json	2051	reference	arxiv	2412.00568	OK	2024	The Well: a Large-Scale Collection of Diverse Physics Simulations for Machine Learning	"reference": "The Well stats.yaml aggregate (Polymathic AI, arxiv:2412.00568)",
data/the_well_outcomes_verification_panel_benchmark.json	2066	reference	arxiv	2412.00568	OK	2024	The Well: a Large-Scale Collection of Diverse Physics Simulations for Machine Learning	"reference": "The Well stats.yaml aggregate (Polymathic AI, arxiv:2412.00568)"
data/the_well_outcomes_verification_panel_benchmark.json	2082	reference	arxiv	2412.00568	OK	2024	The Well: a Large-Scale Collection of Diverse Physics Simulations for Machine Learning	"reference": "The Well stats.yaml aggregate (Polymathic AI, arxiv:2412.00568)",
data/the_well_outcomes_verification_panel_benchmark.json	2097	reference	arxiv	2412.00568	OK	2024	The Well: a Large-Scale Collection of Diverse Physics Simulations for Machine Learning	"reference": "The Well stats.yaml aggregate (Polymathic AI, arxiv:2412.00568)"
data/the_well_outcomes_verification_panel_benchmark.json	2113	reference	arxiv	2412.00568	OK	2024	The Well: a Large-Scale Collection of Diverse Physics Simulations for Machine Learning	"reference": "The Well stats.yaml aggregate (Polymathic AI, arxiv:2412.00568)",
data/the_well_outcomes_verification_panel_benchmark.json	2128	reference	arxiv	2412.00568	OK	2024	The Well: a Large-Scale Collection of Diverse Physics Simulations for Machine Learning	"reference": "The Well stats.yaml aggregate (Polymathic AI, arxiv:2412.00568)"
data/the_well_outcomes_verification_panel_benchmark.json	2144	reference	arxiv	2412.00568	OK	2024	The Well: a Large-Scale Collection of Diverse Physics Simulations for Machine Learning	"reference": "The Well stats.yaml aggregate (Polymathic AI, arxiv:2412.00568)",
data/the_well_outcomes_verification_panel_benchmark.json	2159	reference	arxiv	2412.00568	OK	2024	The Well: a Large-Scale Collection of Diverse Physics Simulations for Machine Learning	"reference": "The Well stats.yaml aggregate (Polymathic AI, arxiv:2412.00568)"
data/the_well_outcomes_verification_panel_benchmark.json	2175	reference	arxiv	2412.00568	OK	2024	The Well: a Large-Scale Collection of Diverse Physics Simulations for Machine Learning	"reference": "The Well stats.yaml aggregate (Polymathic AI, arxiv:2412.00568)",
data/the_well_outcomes_verification_panel_benchmark.json	2190	reference	arxiv	2412.00568	OK	2024	The Well: a Large-Scale Collection of Diverse Physics Simulations for Machine Learning	"reference": "The Well stats.yaml aggregate (Polymathic AI, arxiv:2412.00568)"
data/the_well_outcomes_verification_panel_benchmark.json	2206	reference	arxiv	2412.00568	OK	2024	The Well: a Large-Scale Collection of Diverse Physics Simulations for Machine Learning	"reference": "The Well stats.yaml aggregate (Polymathic AI, arxiv:2412.00568)",
data/the_well_outcomes_verification_panel_benchmark.json	2221	reference	arxiv	2412.00568	OK	2024	The Well: a Large-Scale Collection of Diverse Physics Simulations for Machine Learning	"reference": "The Well stats.yaml aggregate (Polymathic AI, arxiv:2412.00568)"
data/the_well_outcomes_verification_panel_benchmark.json	2237	reference	arxiv	2412.00568	OK	2024	The Well: a Large-Scale Collection of Diverse Physics Simulations for Machine Learning	"reference": "The Well stats.yaml aggregate (Polymathic AI, arxiv:2412.00568)",
data/the_well_outcomes_verification_panel_benchmark.json	2252	reference	arxiv	2412.00568	OK	2024	The Well: a Large-Scale Collection of Diverse Physics Simulations for Machine Learning	"reference": "The Well stats.yaml aggregate (Polymathic AI, arxiv:2412.00568)"
data/the_well_outcomes_verification_panel_benchmark.json	2268	reference	arxiv	2412.00568	OK	2024	The Well: a Large-Scale Collection of Diverse Physics Simulations for Machine Learning	"reference": "The Well stats.yaml aggregate (Polymathic AI, arxiv:2412.00568)",
data/the_well_outcomes_verification_panel_benchmark.json	2283	reference	arxiv	2412.00568	OK	2024	The Well: a Large-Scale Collection of Diverse Physics Simulations for Machine Learning	"reference": "The Well stats.yaml aggregate (Polymathic AI, arxiv:2412.00568)"
data/the_well_outcomes_verification_panel_benchmark.json	2299	reference	arxiv	2412.00568	OK	2024	The Well: a Large-Scale Collection of Diverse Physics Simulations for Machine Learning	"reference": "The Well stats.yaml aggregate (Polymathic AI, arxiv:2412.00568)",
data/the_well_outcomes_verification_panel_benchmark.json	2314	reference	arxiv	2412.00568	OK	2024	The Well: a Large-Scale Collection of Diverse Physics Simulations for Machine Learning	"reference": "The Well stats.yaml aggregate (Polymathic AI, arxiv:2412.00568)"
data/the_well_outcomes_verification_panel_benchmark.json	2330	reference	arxiv	2412.00568	OK	2024	The Well: a Large-Scale Collection of Diverse Physics Simulations for Machine Learning	"reference": "The Well stats.yaml aggregate (Polymathic AI, arxiv:2412.00568)",
data/the_well_outcomes_verification_panel_benchmark.json	2345	reference	arxiv	2412.00568	OK	2024	The Well: a Large-Scale Collection of Diverse Physics Simulations for Machine Learning	"reference": "The Well stats.yaml aggregate (Polymathic AI, arxiv:2412.00568)"
data/the_well_outcomes_verification_panel_benchmark.json	2361	reference	arxiv	2412.00568	OK	2024	The Well: a Large-Scale Collection of Diverse Physics Simulations for Machine Learning	"reference": "The Well stats.yaml aggregate (Polymathic AI, arxiv:2412.00568)",
data/the_well_outcomes_verification_panel_benchmark.json	2376	reference	arxiv	2412.00568	OK	2024	The Well: a Large-Scale Collection of Diverse Physics Simulations for Machine Learning	"reference": "The Well stats.yaml aggregate (Polymathic AI, arxiv:2412.00568)"
data/the_well_outcomes_verification_panel_benchmark.json	2392	reference	arxiv	2412.00568	OK	2024	The Well: a Large-Scale Collection of Diverse Physics Simulations for Machine Learning	"reference": "The Well stats.yaml aggregate (Polymathic AI, arxiv:2412.00568)",
data/the_well_outcomes_verification_panel_benchmark.json	2407	reference	arxiv	2412.00568	OK	2024	The Well: a Large-Scale Collection of Diverse Physics Simulations for Machine Learning	"reference": "The Well stats.yaml aggregate (Polymathic AI, arxiv:2412.00568)"
data/the_well_outcomes_verification_panel_benchmark.json	2423	reference	arxiv	2412.00568	OK	2024	The Well: a Large-Scale Collection of Diverse Physics Simulations for Machine Learning	"reference": "The Well stats.yaml aggregate (Polymathic AI, arxiv:2412.00568)",
data/the_well_outcomes_verification_panel_benchmark.json	2438	reference	arxiv	2412.00568	OK	2024	The Well: a Large-Scale Collection of Diverse Physics Simulations for Machine Learning	"reference": "The Well stats.yaml aggregate (Polymathic AI, arxiv:2412.00568)"
data/the_well_outcomes_verification_panel_benchmark.json	2454	reference	arxiv	2412.00568	OK	2024	The Well: a Large-Scale Collection of Diverse Physics Simulations for Machine Learning	"reference": "The Well stats.yaml aggregate (Polymathic AI, arxiv:2412.00568)",
data/the_well_outcomes_verification_panel_benchmark.json	2469	reference	arxiv	2412.00568	OK	2024	The Well: a Large-Scale Collection of Diverse Physics Simulations for Machine Learning	"reference": "The Well stats.yaml aggregate (Polymathic AI, arxiv:2412.00568)"
data/the_well_outcomes_verification_panel_benchmark.json	2485	reference	arxiv	2412.00568	OK	2024	The Well: a Large-Scale Collection of Diverse Physics Simulations for Machine Learning	"reference": "The Well stats.yaml aggregate (Polymathic AI, arxiv:2412.00568)",
data/the_well_outcomes_verification_panel_benchmark.json	2500	reference	arxiv	2412.00568	OK	2024	The Well: a Large-Scale Collection of Diverse Physics Simulations for Machine Learning	"reference": "The Well stats.yaml aggregate (Polymathic AI, arxiv:2412.00568)"
data/the_well_outcomes_verification_panel_benchmark.json	2516	reference	arxiv	2412.00568	OK	2024	The Well: a Large-Scale Collection of Diverse Physics Simulations for Machine Learning	"reference": "The Well stats.yaml aggregate (Polymathic AI, arxiv:2412.00568)",
data/the_well_outcomes_verification_panel_benchmark.json	2531	reference	arxiv	2412.00568	OK	2024	The Well: a Large-Scale Collection of Diverse Physics Simulations for Machine Learning	"reference": "The Well stats.yaml aggregate (Polymathic AI, arxiv:2412.00568)"
data/the_well_outcomes_verification_panel_benchmark.json	2547	reference	arxiv	2412.00568	OK	2024	The Well: a Large-Scale Collection of Diverse Physics Simulations for Machine Learning	"reference": "The Well stats.yaml aggregate (Polymathic AI, arxiv:2412.00568)",
data/the_well_outcomes_verification_panel_benchmark.json	2562	reference	arxiv	2412.00568	OK	2024	The Well: a Large-Scale Collection of Diverse Physics Simulations for Machine Learning	"reference": "The Well stats.yaml aggregate (Polymathic AI, arxiv:2412.00568)"
data/the_well_outcomes_verification_panel_benchmark.json	2578	reference	arxiv	2412.00568	OK	2024	The Well: a Large-Scale Collection of Diverse Physics Simulations for Machine Learning	"reference": "The Well stats.yaml aggregate (Polymathic AI, arxiv:2412.00568)",
data/the_well_outcomes_verification_panel_benchmark.json	2593	reference	arxiv	2412.00568	OK	2024	The Well: a Large-Scale Collection of Diverse Physics Simulations for Machine Learning	"reference": "The Well stats.yaml aggregate (Polymathic AI, arxiv:2412.00568)"
data/the_well_outcomes_verification_panel_benchmark.json	2609	reference	arxiv	2412.00568	OK	2024	The Well: a Large-Scale Collection of Diverse Physics Simulations for Machine Learning	"reference": "The Well stats.yaml aggregate (Polymathic AI, arxiv:2412.00568)",
data/the_well_outcomes_verification_panel_benchmark.json	2624	reference	arxiv	2412.00568	OK	2024	The Well: a Large-Scale Collection of Diverse Physics Simulations for Machine Learning	"reference": "The Well stats.yaml aggregate (Polymathic AI, arxiv:2412.00568)"
data/the_well_outcomes_verification_panel_benchmark.json	2640	reference	arxiv	2412.00568	OK	2024	The Well: a Large-Scale Collection of Diverse Physics Simulations for Machine Learning	"reference": "The Well stats.yaml aggregate (Polymathic AI, arxiv:2412.00568)",
data/the_well_outcomes_verification_panel_benchmark.json	2655	reference	arxiv	2412.00568	OK	2024	The Well: a Large-Scale Collection of Diverse Physics Simulations for Machine Learning	"reference": "The Well stats.yaml aggregate (Polymathic AI, arxiv:2412.00568)"
data/the_well_outcomes_verification_panel_benchmark.json	2671	reference	arxiv	2412.00568	OK	2024	The Well: a Large-Scale Collection of Diverse Physics Simulations for Machine Learning	"reference": "The Well stats.yaml aggregate (Polymathic AI, arxiv:2412.00568)",
data/the_well_outcomes_verification_panel_benchmark.json	2686	reference	arxiv	2412.00568	OK	2024	The Well: a Large-Scale Collection of Diverse Physics Simulations for Machine Learning	"reference": "The Well stats.yaml aggregate (Polymathic AI, arxiv:2412.00568)"
data/the_well_outcomes_verification_panel_benchmark.json	2702	reference	arxiv	2412.00568	OK	2024	The Well: a Large-Scale Collection of Diverse Physics Simulations for Machine Learning	"reference": "The Well stats.yaml aggregate (Polymathic AI, arxiv:2412.00568)",
data/the_well_outcomes_verification_panel_benchmark.json	2717	reference	arxiv	2412.00568	OK	2024	The Well: a Large-Scale Collection of Diverse Physics Simulations for Machine Learning	"reference": "The Well stats.yaml aggregate (Polymathic AI, arxiv:2412.00568)"
data/the_well_outcomes_verification_panel_benchmark.json	2733	reference	arxiv	2412.00568	OK	2024	The Well: a Large-Scale Collection of Diverse Physics Simulations for Machine Learning	"reference": "The Well stats.yaml aggregate (Polymathic AI, arxiv:2412.00568)",
data/the_well_outcomes_verification_panel_benchmark.json	2748	reference	arxiv	2412.00568	OK	2024	The Well: a Large-Scale Collection of Diverse Physics Simulations for Machine Learning	"reference": "The Well stats.yaml aggregate (Polymathic AI, arxiv:2412.00568)"
data/the_well_outcomes_verification_panel_benchmark.json	2764	reference	arxiv	2412.00568	OK	2024	The Well: a Large-Scale Collection of Diverse Physics Simulations for Machine Learning	"reference": "The Well stats.yaml aggregate (Polymathic AI, arxiv:2412.00568)",
data/the_well_outcomes_verification_panel_benchmark.json	2779	reference	arxiv	2412.00568	OK	2024	The Well: a Large-Scale Collection of Diverse Physics Simulations for Machine Learning	"reference": "The Well stats.yaml aggregate (Polymathic AI, arxiv:2412.00568)"
data/the_well_outcomes_verification_panel_benchmark.json	2795	reference	arxiv	2412.00568	OK	2024	The Well: a Large-Scale Collection of Diverse Physics Simulations for Machine Learning	"reference": "The Well stats.yaml aggregate (Polymathic AI, arxiv:2412.00568)",
data/the_well_outcomes_verification_panel_benchmark.json	2810	reference	arxiv	2412.00568	OK	2024	The Well: a Large-Scale Collection of Diverse Physics Simulations for Machine Learning	"reference": "The Well stats.yaml aggregate (Polymathic AI, arxiv:2412.00568)"
data/the_well_outcomes_verification_panel_benchmark.json	2826	reference	arxiv	2412.00568	OK	2024	The Well: a Large-Scale Collection of Diverse Physics Simulations for Machine Learning	"reference": "The Well stats.yaml aggregate (Polymathic AI, arxiv:2412.00568)",
data/the_well_outcomes_verification_panel_benchmark.json	2841	reference	arxiv	2412.00568	OK	2024	The Well: a Large-Scale Collection of Diverse Physics Simulations for Machine Learning	"reference": "The Well stats.yaml aggregate (Polymathic AI, arxiv:2412.00568)"
data/the_well_outcomes_verification_panel_benchmark.json	2857	reference	arxiv	2412.00568	OK	2024	The Well: a Large-Scale Collection of Diverse Physics Simulations for Machine Learning	"reference": "The Well stats.yaml aggregate (Polymathic AI, arxiv:2412.00568)",
data/the_well_outcomes_verification_panel_benchmark.json	2872	reference	arxiv	2412.00568	OK	2024	The Well: a Large-Scale Collection of Diverse Physics Simulations for Machine Learning	"reference": "The Well stats.yaml aggregate (Polymathic AI, arxiv:2412.00568)"
data/the_well_outcomes_verification_panel_benchmark.json	2888	reference	arxiv	2412.00568	OK	2024	The Well: a Large-Scale Collection of Diverse Physics Simulations for Machine Learning	"reference": "The Well stats.yaml aggregate (Polymathic AI, arxiv:2412.00568)",
data/the_well_outcomes_verification_panel_benchmark.json	2903	reference	arxiv	2412.00568	OK	2024	The Well: a Large-Scale Collection of Diverse Physics Simulations for Machine Learning	"reference": "The Well stats.yaml aggregate (Polymathic AI, arxiv:2412.00568)"
data/the_well_outcomes_verification_panel_benchmark.json	2919	reference	arxiv	2412.00568	OK	2024	The Well: a Large-Scale Collection of Diverse Physics Simulations for Machine Learning	"reference": "The Well stats.yaml aggregate (Polymathic AI, arxiv:2412.00568)",
data/the_well_outcomes_verification_panel_benchmark.json	2934	reference	arxiv	2412.00568	OK	2024	The Well: a Large-Scale Collection of Diverse Physics Simulations for Machine Learning	"reference": "The Well stats.yaml aggregate (Polymathic AI, arxiv:2412.00568)"
data/the_well_outcomes_verification_panel_benchmark.json	2950	reference	arxiv	2412.00568	OK	2024	The Well: a Large-Scale Collection of Diverse Physics Simulations for Machine Learning	"reference": "The Well stats.yaml aggregate (Polymathic AI, arxiv:2412.00568)",
data/the_well_outcomes_verification_panel_benchmark.json	2965	reference	arxiv	2412.00568	OK	2024	The Well: a Large-Scale Collection of Diverse Physics Simulations for Machine Learning	"reference": "The Well stats.yaml aggregate (Polymathic AI, arxiv:2412.00568)"
data/the_well_outcomes_verification_panel_benchmark.json	2981	reference	arxiv	2412.00568	OK	2024	The Well: a Large-Scale Collection of Diverse Physics Simulations for Machine Learning	"reference": "The Well stats.yaml aggregate (Polymathic AI, arxiv:2412.00568)",
data/the_well_outcomes_verification_panel_benchmark.json	2996	reference	arxiv	2412.00568	OK	2024	The Well: a Large-Scale Collection of Diverse Physics Simulations for Machine Learning	"reference": "The Well stats.yaml aggregate (Polymathic AI, arxiv:2412.00568)"
data/the_well_outcomes_verification_panel_benchmark.json	3012	reference	arxiv	2412.00568	OK	2024	The Well: a Large-Scale Collection of Diverse Physics Simulations for Machine Learning	"reference": "The Well stats.yaml aggregate (Polymathic AI, arxiv:2412.00568)",
data/the_well_outcomes_verification_panel_benchmark.json	3027	reference	arxiv	2412.00568	OK	2024	The Well: a Large-Scale Collection of Diverse Physics Simulations for Machine Learning	"reference": "The Well stats.yaml aggregate (Polymathic AI, arxiv:2412.00568)"
data/the_well_outcomes_verification_panel_benchmark.json	3043	reference	arxiv	2412.00568	OK	2024	The Well: a Large-Scale Collection of Diverse Physics Simulations for Machine Learning	"reference": "The Well stats.yaml aggregate (Polymathic AI, arxiv:2412.00568)",
data/the_well_outcomes_verification_panel_benchmark.json	3058	reference	arxiv	2412.00568	OK	2024	The Well: a Large-Scale Collection of Diverse Physics Simulations for Machine Learning	"reference": "The Well stats.yaml aggregate (Polymathic AI, arxiv:2412.00568)"
data/the_well_outcomes_verification_panel_benchmark.json	3074	reference	arxiv	2412.00568	OK	2024	The Well: a Large-Scale Collection of Diverse Physics Simulations for Machine Learning	"reference": "The Well stats.yaml aggregate (Polymathic AI, arxiv:2412.00568)",
data/the_well_outcomes_verification_panel_benchmark.json	3089	reference	arxiv	2412.00568	OK	2024	The Well: a Large-Scale Collection of Diverse Physics Simulations for Machine Learning	"reference": "The Well stats.yaml aggregate (Polymathic AI, arxiv:2412.00568)"
data/the_well_outcomes_verification_panel_benchmark.json	3105	reference	arxiv	2412.00568	OK	2024	The Well: a Large-Scale Collection of Diverse Physics Simulations for Machine Learning	"reference": "The Well stats.yaml aggregate (Polymathic AI, arxiv:2412.00568)",
data/the_well_outcomes_verification_panel_benchmark.json	3120	reference	arxiv	2412.00568	OK	2024	The Well: a Large-Scale Collection of Diverse Physics Simulations for Machine Learning	"reference": "The Well stats.yaml aggregate (Polymathic AI, arxiv:2412.00568)"
data/the_well_outcomes_verification_panel_benchmark.json	3136	reference	arxiv	2412.00568	OK	2024	The Well: a Large-Scale Collection of Diverse Physics Simulations for Machine Learning	"reference": "The Well stats.yaml aggregate (Polymathic AI, arxiv:2412.00568)",
data/the_well_outcomes_verification_panel_benchmark.json	3151	reference	arxiv	2412.00568	OK	2024	The Well: a Large-Scale Collection of Diverse Physics Simulations for Machine Learning	"reference": "The Well stats.yaml aggregate (Polymathic AI, arxiv:2412.00568)"
data/the_well_outcomes_verification_panel_benchmark.json	3167	reference	arxiv	2412.00568	OK	2024	The Well: a Large-Scale Collection of Diverse Physics Simulations for Machine Learning	"reference": "The Well stats.yaml aggregate (Polymathic AI, arxiv:2412.00568)",
data/the_well_outcomes_verification_panel_benchmark.json	3182	reference	arxiv	2412.00568	OK	2024	The Well: a Large-Scale Collection of Diverse Physics Simulations for Machine Learning	"reference": "The Well stats.yaml aggregate (Polymathic AI, arxiv:2412.00568)"
data/the_well_outcomes_verification_panel_benchmark.json	3198	reference	arxiv	2412.00568	OK	2024	The Well: a Large-Scale Collection of Diverse Physics Simulations for Machine Learning	"reference": "The Well stats.yaml aggregate (Polymathic AI, arxiv:2412.00568)",
data/the_well_outcomes_verification_panel_benchmark.json	3213	reference	arxiv	2412.00568	OK	2024	The Well: a Large-Scale Collection of Diverse Physics Simulations for Machine Learning	"reference": "The Well stats.yaml aggregate (Polymathic AI, arxiv:2412.00568)"
data/the_well_outcomes_verification_panel_benchmark.json	3229	reference	arxiv	2412.00568	OK	2024	The Well: a Large-Scale Collection of Diverse Physics Simulations for Machine Learning	"reference": "The Well stats.yaml aggregate (Polymathic AI, arxiv:2412.00568)",
data/the_well_outcomes_verification_panel_benchmark.json	3244	reference	arxiv	2412.00568	OK	2024	The Well: a Large-Scale Collection of Diverse Physics Simulations for Machine Learning	"reference": "The Well stats.yaml aggregate (Polymathic AI, arxiv:2412.00568)"
data/the_well_outcomes_verification_panel_benchmark.json	3260	reference	arxiv	2412.00568	OK	2024	The Well: a Large-Scale Collection of Diverse Physics Simulations for Machine Learning	"reference": "The Well stats.yaml aggregate (Polymathic AI, arxiv:2412.00568)",
data/the_well_outcomes_verification_panel_benchmark.json	3275	reference	arxiv	2412.00568	OK	2024	The Well: a Large-Scale Collection of Diverse Physics Simulations for Machine Learning	"reference": "The Well stats.yaml aggregate (Polymathic AI, arxiv:2412.00568)"
data/the_well_outcomes_verification_panel_benchmark.json	3291	reference	arxiv	2412.00568	OK	2024	The Well: a Large-Scale Collection of Diverse Physics Simulations for Machine Learning	"reference": "The Well stats.yaml aggregate (Polymathic AI, arxiv:2412.00568)",
data/the_well_outcomes_verification_panel_benchmark.json	3306	reference	arxiv	2412.00568	OK	2024	The Well: a Large-Scale Collection of Diverse Physics Simulations for Machine Learning	"reference": "The Well stats.yaml aggregate (Polymathic AI, arxiv:2412.00568)"
data/the_well_outcomes_verification_panel_benchmark.json	3322	reference	arxiv	2412.00568	OK	2024	The Well: a Large-Scale Collection of Diverse Physics Simulations for Machine Learning	"reference": "The Well stats.yaml aggregate (Polymathic AI, arxiv:2412.00568)",
data/the_well_outcomes_verification_panel_benchmark.json	3337	reference	arxiv	2412.00568	OK	2024	The Well: a Large-Scale Collection of Diverse Physics Simulations for Machine Learning	"reference": "The Well stats.yaml aggregate (Polymathic AI, arxiv:2412.00568)"
data/the_well_outcomes_verification_panel_benchmark.json	3353	reference	arxiv	2412.00568	OK	2024	The Well: a Large-Scale Collection of Diverse Physics Simulations for Machine Learning	"reference": "The Well stats.yaml aggregate (Polymathic AI, arxiv:2412.00568)",
data/the_well_outcomes_verification_panel_benchmark.json	3368	reference	arxiv	2412.00568	OK	2024	The Well: a Large-Scale Collection of Diverse Physics Simulations for Machine Learning	"reference": "The Well stats.yaml aggregate (Polymathic AI, arxiv:2412.00568)"
data/the_well_outcomes_verification_panel_benchmark.json	3384	reference	arxiv	2412.00568	OK	2024	The Well: a Large-Scale Collection of Diverse Physics Simulations for Machine Learning	"reference": "The Well stats.yaml aggregate (Polymathic AI, arxiv:2412.00568)",
data/the_well_outcomes_verification_panel_benchmark.json	3399	reference	arxiv	2412.00568	OK	2024	The Well: a Large-Scale Collection of Diverse Physics Simulations for Machine Learning	"reference": "The Well stats.yaml aggregate (Polymathic AI, arxiv:2412.00568)"
data/the_well_outcomes_verification_panel_benchmark.json	3415	reference	arxiv	2412.00568	OK	2024	The Well: a Large-Scale Collection of Diverse Physics Simulations for Machine Learning	"reference": "The Well stats.yaml aggregate (Polymathic AI, arxiv:2412.00568)",
data/the_well_outcomes_verification_panel_benchmark.json	3430	reference	arxiv	2412.00568	OK	2024	The Well: a Large-Scale Collection of Diverse Physics Simulations for Machine Learning	"reference": "The Well stats.yaml aggregate (Polymathic AI, arxiv:2412.00568)"
data/the_well_outcomes_verification_panel_benchmark.json	3446	reference	arxiv	2412.00568	OK	2024	The Well: a Large-Scale Collection of Diverse Physics Simulations for Machine Learning	"reference": "The Well stats.yaml aggregate (Polymathic AI, arxiv:2412.00568)",
data/the_well_outcomes_verification_panel_benchmark.json	3461	reference	arxiv	2412.00568	OK	2024	The Well: a Large-Scale Collection of Diverse Physics Simulations for Machine Learning	"reference": "The Well stats.yaml aggregate (Polymathic AI, arxiv:2412.00568)"
data/the_well_outcomes_verification_panel_benchmark.json	3477	reference	arxiv	2412.00568	OK	2024	The Well: a Large-Scale Collection of Diverse Physics Simulations for Machine Learning	"reference": "The Well stats.yaml aggregate (Polymathic AI, arxiv:2412.00568)",
data/the_well_outcomes_verification_panel_benchmark.json	3492	reference	arxiv	2412.00568	OK	2024	The Well: a Large-Scale Collection of Diverse Physics Simulations for Machine Learning	"reference": "The Well stats.yaml aggregate (Polymathic AI, arxiv:2412.00568)"
data/the_well_outcomes_verification_panel_benchmark.json	3508	reference	arxiv	2412.00568	OK	2024	The Well: a Large-Scale Collection of Diverse Physics Simulations for Machine Learning	"reference": "The Well stats.yaml aggregate (Polymathic AI, arxiv:2412.00568)",
data/the_well_outcomes_verification_panel_benchmark.json	3523	reference	arxiv	2412.00568	OK	2024	The Well: a Large-Scale Collection of Diverse Physics Simulations for Machine Learning	"reference": "The Well stats.yaml aggregate (Polymathic AI, arxiv:2412.00568)"
data/the_well_outcomes_verification_panel_benchmark.json	3539	reference	arxiv	2412.00568	OK	2024	The Well: a Large-Scale Collection of Diverse Physics Simulations for Machine Learning	"reference": "The Well stats.yaml aggregate (Polymathic AI, arxiv:2412.00568)",
data/the_well_outcomes_verification_panel_benchmark.json	3554	reference	arxiv	2412.00568	OK	2024	The Well: a Large-Scale Collection of Diverse Physics Simulations for Machine Learning	"reference": "The Well stats.yaml aggregate (Polymathic AI, arxiv:2412.00568)"
data/the_well_outcomes_verification_panel_benchmark.json	3570	reference	arxiv	2412.00568	OK	2024	The Well: a Large-Scale Collection of Diverse Physics Simulations for Machine Learning	"reference": "The Well stats.yaml aggregate (Polymathic AI, arxiv:2412.00568)",
data/the_well_outcomes_verification_panel_benchmark.json	3585	reference	arxiv	2412.00568	OK	2024	The Well: a Large-Scale Collection of Diverse Physics Simulations for Machine Learning	"reference": "The Well stats.yaml aggregate (Polymathic AI, arxiv:2412.00568)"
data/the_well_outcomes_verification_panel_benchmark.json	3601	reference	arxiv	2412.00568	OK	2024	The Well: a Large-Scale Collection of Diverse Physics Simulations for Machine Learning	"reference": "The Well stats.yaml aggregate (Polymathic AI, arxiv:2412.00568)",
data/the_well_outcomes_verification_panel_benchmark.json	3616	reference	arxiv	2412.00568	OK	2024	The Well: a Large-Scale Collection of Diverse Physics Simulations for Machine Learning	"reference": "The Well stats.yaml aggregate (Polymathic AI, arxiv:2412.00568)"
data/the_well_outcomes_verification_panel_benchmark.json	3632	reference	arxiv	2412.00568	OK	2024	The Well: a Large-Scale Collection of Diverse Physics Simulations for Machine Learning	"reference": "The Well stats.yaml aggregate (Polymathic AI, arxiv:2412.00568)",
data/the_well_outcomes_verification_panel_benchmark.json	3647	reference	arxiv	2412.00568	OK	2024	The Well: a Large-Scale Collection of Diverse Physics Simulations for Machine Learning	"reference": "The Well stats.yaml aggregate (Polymathic AI, arxiv:2412.00568)"
data/the_well_outcomes_verification_panel_benchmark.json	3663	reference	arxiv	2412.00568	OK	2024	The Well: a Large-Scale Collection of Diverse Physics Simulations for Machine Learning	"reference": "The Well stats.yaml aggregate (Polymathic AI, arxiv:2412.00568)",
data/the_well_outcomes_verification_panel_benchmark.json	3678	reference	arxiv	2412.00568	OK	2024	The Well: a Large-Scale Collection of Diverse Physics Simulations for Machine Learning	"reference": "The Well stats.yaml aggregate (Polymathic AI, arxiv:2412.00568)"
data/the_well_outcomes_verification_panel_benchmark.json	3694	reference	arxiv	2412.00568	OK	2024	The Well: a Large-Scale Collection of Diverse Physics Simulations for Machine Learning	"reference": "The Well stats.yaml aggregate (Polymathic AI, arxiv:2412.00568)",
data/the_well_outcomes_verification_panel_benchmark.json	3709	reference	arxiv	2412.00568	OK	2024	The Well: a Large-Scale Collection of Diverse Physics Simulations for Machine Learning	"reference": "The Well stats.yaml aggregate (Polymathic AI, arxiv:2412.00568)"
data/the_well_outcomes_verification_panel_benchmark.json	3725	reference	arxiv	2412.00568	OK	2024	The Well: a Large-Scale Collection of Diverse Physics Simulations for Machine Learning	"reference": "The Well stats.yaml aggregate (Polymathic AI, arxiv:2412.00568)",
data/the_well_outcomes_verification_panel_benchmark.json	3740	reference	arxiv	2412.00568	OK	2024	The Well: a Large-Scale Collection of Diverse Physics Simulations for Machine Learning	"reference": "The Well stats.yaml aggregate (Polymathic AI, arxiv:2412.00568)"
data/the_well_outcomes_verification_panel_benchmark.json	3756	reference	arxiv	2412.00568	OK	2024	The Well: a Large-Scale Collection of Diverse Physics Simulations for Machine Learning	"reference": "The Well stats.yaml aggregate (Polymathic AI, arxiv:2412.00568)",
data/the_well_outcomes_verification_panel_benchmark.json	3771	reference	arxiv	2412.00568	OK	2024	The Well: a Large-Scale Collection of Diverse Physics Simulations for Machine Learning	"reference": "The Well stats.yaml aggregate (Polymathic AI, arxiv:2412.00568)"
data/the_well_outcomes_verification_panel_benchmark.json	3787	reference	arxiv	2412.00568	OK	2024	The Well: a Large-Scale Collection of Diverse Physics Simulations for Machine Learning	"reference": "The Well stats.yaml aggregate (Polymathic AI, arxiv:2412.00568)",
data/the_well_outcomes_verification_panel_benchmark.json	3802	reference	arxiv	2412.00568	OK	2024	The Well: a Large-Scale Collection of Diverse Physics Simulations for Machine Learning	"reference": "The Well stats.yaml aggregate (Polymathic AI, arxiv:2412.00568)"
data/the_well_outcomes_verification_panel_benchmark.json	3818	reference	arxiv	2412.00568	OK	2024	The Well: a Large-Scale Collection of Diverse Physics Simulations for Machine Learning	"reference": "The Well stats.yaml aggregate (Polymathic AI, arxiv:2412.00568)",
data/the_well_outcomes_verification_panel_benchmark.json	3833	reference	arxiv	2412.00568	OK	2024	The Well: a Large-Scale Collection of Diverse Physics Simulations for Machine Learning	"reference": "The Well stats.yaml aggregate (Polymathic AI, arxiv:2412.00568)"
data/the_well_outcomes_verification_panel_benchmark.json	3849	reference	arxiv	2412.00568	OK	2024	The Well: a Large-Scale Collection of Diverse Physics Simulations for Machine Learning	"reference": "The Well stats.yaml aggregate (Polymathic AI, arxiv:2412.00568)",
data/the_well_outcomes_verification_panel_benchmark.json	3864	reference	arxiv	2412.00568	OK	2024	The Well: a Large-Scale Collection of Diverse Physics Simulations for Machine Learning	"reference": "The Well stats.yaml aggregate (Polymathic AI, arxiv:2412.00568)"
data/the_well_outcomes_verification_panel_benchmark.json	3880	reference	arxiv	2412.00568	OK	2024	The Well: a Large-Scale Collection of Diverse Physics Simulations for Machine Learning	"reference": "The Well stats.yaml aggregate (Polymathic AI, arxiv:2412.00568)",
data/the_well_outcomes_verification_panel_benchmark.json	3895	reference	arxiv	2412.00568	OK	2024	The Well: a Large-Scale Collection of Diverse Physics Simulations for Machine Learning	"reference": "The Well stats.yaml aggregate (Polymathic AI, arxiv:2412.00568)"
data/the_well_outcomes_verification_panel_benchmark.json	3911	reference	arxiv	2412.00568	OK	2024	The Well: a Large-Scale Collection of Diverse Physics Simulations for Machine Learning	"reference": "The Well stats.yaml aggregate (Polymathic AI, arxiv:2412.00568)",
data/the_well_outcomes_verification_panel_benchmark.json	3926	reference	arxiv	2412.00568	OK	2024	The Well: a Large-Scale Collection of Diverse Physics Simulations for Machine Learning	"reference": "The Well stats.yaml aggregate (Polymathic AI, arxiv:2412.00568)"
data/the_well_outcomes_verification_panel_benchmark.json	3942	reference	arxiv	2412.00568	OK	2024	The Well: a Large-Scale Collection of Diverse Physics Simulations for Machine Learning	"reference": "The Well stats.yaml aggregate (Polymathic AI, arxiv:2412.00568)",
data/the_well_outcomes_verification_panel_benchmark.json	3957	reference	arxiv	2412.00568	OK	2024	The Well: a Large-Scale Collection of Diverse Physics Simulations for Machine Learning	"reference": "The Well stats.yaml aggregate (Polymathic AI, arxiv:2412.00568)"
data/the_well_outcomes_verification_panel_benchmark.json	3973	reference	arxiv	2412.00568	OK	2024	The Well: a Large-Scale Collection of Diverse Physics Simulations for Machine Learning	"reference": "The Well stats.yaml aggregate (Polymathic AI, arxiv:2412.00568)",
data/the_well_outcomes_verification_panel_benchmark.json	3988	reference	arxiv	2412.00568	OK	2024	The Well: a Large-Scale Collection of Diverse Physics Simulations for Machine Learning	"reference": "The Well stats.yaml aggregate (Polymathic AI, arxiv:2412.00568)"
data/the_well_outcomes_verification_panel_benchmark.json	4004	reference	arxiv	2412.00568	OK	2024	The Well: a Large-Scale Collection of Diverse Physics Simulations for Machine Learning	"reference": "The Well stats.yaml aggregate (Polymathic AI, arxiv:2412.00568)",
data/the_well_outcomes_verification_panel_benchmark.json	4019	reference	arxiv	2412.00568	OK	2024	The Well: a Large-Scale Collection of Diverse Physics Simulations for Machine Learning	"reference": "The Well stats.yaml aggregate (Polymathic AI, arxiv:2412.00568)"
data/the_well_outcomes_verification_panel_benchmark.json	4035	reference	arxiv	2412.00568	OK	2024	The Well: a Large-Scale Collection of Diverse Physics Simulations for Machine Learning	"reference": "The Well stats.yaml aggregate (Polymathic AI, arxiv:2412.00568)",
data/the_well_outcomes_verification_panel_benchmark.json	4050	reference	arxiv	2412.00568	OK	2024	The Well: a Large-Scale Collection of Diverse Physics Simulations for Machine Learning	"reference": "The Well stats.yaml aggregate (Polymathic AI, arxiv:2412.00568)"
data/the_well_outcomes_verification_panel_benchmark.json	4066	reference	arxiv	2412.00568	OK	2024	The Well: a Large-Scale Collection of Diverse Physics Simulations for Machine Learning	"reference": "The Well stats.yaml aggregate (Polymathic AI, arxiv:2412.00568)",
data/the_well_outcomes_verification_panel_benchmark.json	4081	reference	arxiv	2412.00568	OK	2024	The Well: a Large-Scale Collection of Diverse Physics Simulations for Machine Learning	"reference": "The Well stats.yaml aggregate (Polymathic AI, arxiv:2412.00568)"
data/the_well_outcomes_verification_panel_benchmark.json	4097	reference	arxiv	2412.00568	OK	2024	The Well: a Large-Scale Collection of Diverse Physics Simulations for Machine Learning	"reference": "The Well stats.yaml aggregate (Polymathic AI, arxiv:2412.00568)",
data/the_well_outcomes_verification_panel_benchmark.json	4112	reference	arxiv	2412.00568	OK	2024	The Well: a Large-Scale Collection of Diverse Physics Simulations for Machine Learning	"reference": "The Well stats.yaml aggregate (Polymathic AI, arxiv:2412.00568)"
data/the_well_outcomes_verification_panel_benchmark.json	4128	reference	arxiv	2412.00568	OK	2024	The Well: a Large-Scale Collection of Diverse Physics Simulations for Machine Learning	"reference": "The Well stats.yaml aggregate (Polymathic AI, arxiv:2412.00568)",
data/the_well_outcomes_verification_panel_benchmark.json	4143	reference	arxiv	2412.00568	OK	2024	The Well: a Large-Scale Collection of Diverse Physics Simulations for Machine Learning	"reference": "The Well stats.yaml aggregate (Polymathic AI, arxiv:2412.00568)"
data/the_well_outcomes_verification_panel_benchmark.json	4159	reference	arxiv	2412.00568	OK	2024	The Well: a Large-Scale Collection of Diverse Physics Simulations for Machine Learning	"reference": "The Well stats.yaml aggregate (Polymathic AI, arxiv:2412.00568)",
data/the_well_outcomes_verification_panel_benchmark.json	4174	reference	arxiv	2412.00568	OK	2024	The Well: a Large-Scale Collection of Diverse Physics Simulations for Machine Learning	"reference": "The Well stats.yaml aggregate (Polymathic AI, arxiv:2412.00568)"
data/the_well_outcomes_verification_panel_benchmark.json	4190	reference	arxiv	2412.00568	OK	2024	The Well: a Large-Scale Collection of Diverse Physics Simulations for Machine Learning	"reference": "The Well stats.yaml aggregate (Polymathic AI, arxiv:2412.00568)",
data/the_well_outcomes_verification_panel_benchmark.json	4205	reference	arxiv	2412.00568	OK	2024	The Well: a Large-Scale Collection of Diverse Physics Simulations for Machine Learning	"reference": "The Well stats.yaml aggregate (Polymathic AI, arxiv:2412.00568)"
data/the_well_outcomes_verification_panel_benchmark.json	4221	reference	arxiv	2412.00568	OK	2024	The Well: a Large-Scale Collection of Diverse Physics Simulations for Machine Learning	"reference": "The Well stats.yaml aggregate (Polymathic AI, arxiv:2412.00568)",
data/the_well_outcomes_verification_panel_benchmark.json	4236	reference	arxiv	2412.00568	OK	2024	The Well: a Large-Scale Collection of Diverse Physics Simulations for Machine Learning	"reference": "The Well stats.yaml aggregate (Polymathic AI, arxiv:2412.00568)"
data/the_well_outcomes_verification_panel_benchmark.json	4252	reference	arxiv	2412.00568	OK	2024	The Well: a Large-Scale Collection of Diverse Physics Simulations for Machine Learning	"reference": "The Well stats.yaml aggregate (Polymathic AI, arxiv:2412.00568)",
data/the_well_outcomes_verification_panel_benchmark.json	4267	reference	arxiv	2412.00568	OK	2024	The Well: a Large-Scale Collection of Diverse Physics Simulations for Machine Learning	"reference": "The Well stats.yaml aggregate (Polymathic AI, arxiv:2412.00568)"
data/the_well_outcomes_verification_panel_benchmark.json	4283	reference	arxiv	2412.00568	OK	2024	The Well: a Large-Scale Collection of Diverse Physics Simulations for Machine Learning	"reference": "The Well stats.yaml aggregate (Polymathic AI, arxiv:2412.00568)",
data/the_well_outcomes_verification_panel_benchmark.json	4298	reference	arxiv	2412.00568	OK	2024	The Well: a Large-Scale Collection of Diverse Physics Simulations for Machine Learning	"reference": "The Well stats.yaml aggregate (Polymathic AI, arxiv:2412.00568)"
data/the_well_outcomes_verification_panel_benchmark.json	4314	reference	arxiv	2412.00568	OK	2024	The Well: a Large-Scale Collection of Diverse Physics Simulations for Machine Learning	"reference": "The Well stats.yaml aggregate (Polymathic AI, arxiv:2412.00568)",
data/the_well_outcomes_verification_panel_benchmark.json	4329	reference	arxiv	2412.00568	OK	2024	The Well: a Large-Scale Collection of Diverse Physics Simulations for Machine Learning	"reference": "The Well stats.yaml aggregate (Polymathic AI, arxiv:2412.00568)"
data/the_well_outcomes_verification_panel_benchmark.json	4345	reference	arxiv	2412.00568	OK	2024	The Well: a Large-Scale Collection of Diverse Physics Simulations for Machine Learning	"reference": "The Well stats.yaml aggregate (Polymathic AI, arxiv:2412.00568)",
data/the_well_outcomes_verification_panel_benchmark.json	4360	reference	arxiv	2412.00568	OK	2024	The Well: a Large-Scale Collection of Diverse Physics Simulations for Machine Learning	"reference": "The Well stats.yaml aggregate (Polymathic AI, arxiv:2412.00568)"
data/the_well_outcomes_verification_panel_benchmark.json	4376	reference	arxiv	2412.00568	OK	2024	The Well: a Large-Scale Collection of Diverse Physics Simulations for Machine Learning	"reference": "The Well stats.yaml aggregate (Polymathic AI, arxiv:2412.00568)",
data/the_well_outcomes_verification_panel_benchmark.json	4391	reference	arxiv	2412.00568	OK	2024	The Well: a Large-Scale Collection of Diverse Physics Simulations for Machine Learning	"reference": "The Well stats.yaml aggregate (Polymathic AI, arxiv:2412.00568)"
data/the_well_outcomes_verification_panel_benchmark.json	4407	reference	arxiv	2412.00568	OK	2024	The Well: a Large-Scale Collection of Diverse Physics Simulations for Machine Learning	"reference": "The Well stats.yaml aggregate (Polymathic AI, arxiv:2412.00568)",
data/the_well_outcomes_verification_panel_benchmark.json	4422	reference	arxiv	2412.00568	OK	2024	The Well: a Large-Scale Collection of Diverse Physics Simulations for Machine Learning	"reference": "The Well stats.yaml aggregate (Polymathic AI, arxiv:2412.00568)"
data/the_well_outcomes_verification_panel_benchmark.json	4438	reference	arxiv	2412.00568	OK	2024	The Well: a Large-Scale Collection of Diverse Physics Simulations for Machine Learning	"reference": "The Well stats.yaml aggregate (Polymathic AI, arxiv:2412.00568)",
data/the_well_outcomes_verification_panel_benchmark.json	4453	reference	arxiv	2412.00568	OK	2024	The Well: a Large-Scale Collection of Diverse Physics Simulations for Machine Learning	"reference": "The Well stats.yaml aggregate (Polymathic AI, arxiv:2412.00568)"
data/the_well_outcomes_verification_panel_benchmark.json	4469	reference	arxiv	2412.00568	OK	2024	The Well: a Large-Scale Collection of Diverse Physics Simulations for Machine Learning	"reference": "The Well stats.yaml aggregate (Polymathic AI, arxiv:2412.00568)",
data/the_well_outcomes_verification_panel_benchmark.json	4484	reference	arxiv	2412.00568	OK	2024	The Well: a Large-Scale Collection of Diverse Physics Simulations for Machine Learning	"reference": "The Well stats.yaml aggregate (Polymathic AI, arxiv:2412.00568)"
data/the_well_outcomes_verification_panel_benchmark.json	4500	reference	arxiv	2412.00568	OK	2024	The Well: a Large-Scale Collection of Diverse Physics Simulations for Machine Learning	"reference": "The Well stats.yaml aggregate (Polymathic AI, arxiv:2412.00568)",
data/the_well_outcomes_verification_panel_benchmark.json	4515	reference	arxiv	2412.00568	OK	2024	The Well: a Large-Scale Collection of Diverse Physics Simulations for Machine Learning	"reference": "The Well stats.yaml aggregate (Polymathic AI, arxiv:2412.00568)"
data/the_well_outcomes_verification_panel_benchmark.json	4531	reference	arxiv	2412.00568	OK	2024	The Well: a Large-Scale Collection of Diverse Physics Simulations for Machine Learning	"reference": "The Well stats.yaml aggregate (Polymathic AI, arxiv:2412.00568)",
data/the_well_outcomes_verification_panel_benchmark.json	4546	reference	arxiv	2412.00568	OK	2024	The Well: a Large-Scale Collection of Diverse Physics Simulations for Machine Learning	"reference": "The Well stats.yaml aggregate (Polymathic AI, arxiv:2412.00568)"
data/the_well_outcomes_verification_panel_benchmark.json	4562	reference	arxiv	2412.00568	OK	2024	The Well: a Large-Scale Collection of Diverse Physics Simulations for Machine Learning	"reference": "The Well stats.yaml aggregate (Polymathic AI, arxiv:2412.00568)",
data/the_well_outcomes_verification_panel_benchmark.json	4577	reference	arxiv	2412.00568	OK	2024	The Well: a Large-Scale Collection of Diverse Physics Simulations for Machine Learning	"reference": "The Well stats.yaml aggregate (Polymathic AI, arxiv:2412.00568)"
data/the_well_outcomes_verification_panel_benchmark.json	4593	reference	arxiv	2412.00568	OK	2024	The Well: a Large-Scale Collection of Diverse Physics Simulations for Machine Learning	"reference": "The Well stats.yaml aggregate (Polymathic AI, arxiv:2412.00568)",
data/the_well_outcomes_verification_panel_benchmark.json	4608	reference	arxiv	2412.00568	OK	2024	The Well: a Large-Scale Collection of Diverse Physics Simulations for Machine Learning	"reference": "The Well stats.yaml aggregate (Polymathic AI, arxiv:2412.00568)"
data/the_well_outcomes_verification_panel_benchmark.json	4624	reference	arxiv	2412.00568	OK	2024	The Well: a Large-Scale Collection of Diverse Physics Simulations for Machine Learning	"reference": "The Well stats.yaml aggregate (Polymathic AI, arxiv:2412.00568)",
data/the_well_outcomes_verification_panel_benchmark.json	4639	reference	arxiv	2412.00568	OK	2024	The Well: a Large-Scale Collection of Diverse Physics Simulations for Machine Learning	"reference": "The Well stats.yaml aggregate (Polymathic AI, arxiv:2412.00568)"
data/the_well_outcomes_verification_panel_benchmark.json	4655	reference	arxiv	2412.00568	OK	2024	The Well: a Large-Scale Collection of Diverse Physics Simulations for Machine Learning	"reference": "The Well stats.yaml aggregate (Polymathic AI, arxiv:2412.00568)",
data/the_well_outcomes_verification_panel_benchmark.json	4670	reference	arxiv	2412.00568	OK	2024	The Well: a Large-Scale Collection of Diverse Physics Simulations for Machine Learning	"reference": "The Well stats.yaml aggregate (Polymathic AI, arxiv:2412.00568)"
data/the_well_outcomes_verification_panel_benchmark.json	4686	reference	arxiv	2412.00568	OK	2024	The Well: a Large-Scale Collection of Diverse Physics Simulations for Machine Learning	"reference": "The Well stats.yaml aggregate (Polymathic AI, arxiv:2412.00568)",
data/the_well_outcomes_verification_panel_benchmark.json	4701	reference	arxiv	2412.00568	OK	2024	The Well: a Large-Scale Collection of Diverse Physics Simulations for Machine Learning	"reference": "The Well stats.yaml aggregate (Polymathic AI, arxiv:2412.00568)"
data/the_well_outcomes_verification_panel_benchmark.json	4717	reference	arxiv	2412.00568	OK	2024	The Well: a Large-Scale Collection of Diverse Physics Simulations for Machine Learning	"reference": "The Well stats.yaml aggregate (Polymathic AI, arxiv:2412.00568)",
data/the_well_outcomes_verification_panel_benchmark.json	4732	reference	arxiv	2412.00568	OK	2024	The Well: a Large-Scale Collection of Diverse Physics Simulations for Machine Learning	"reference": "The Well stats.yaml aggregate (Polymathic AI, arxiv:2412.00568)"
data/the_well_outcomes_verification_panel_benchmark.json	4748	reference	arxiv	2412.00568	OK	2024	The Well: a Large-Scale Collection of Diverse Physics Simulations for Machine Learning	"reference": "The Well stats.yaml aggregate (Polymathic AI, arxiv:2412.00568)",
data/the_well_outcomes_verification_panel_benchmark.json	4763	reference	arxiv	2412.00568	OK	2024	The Well: a Large-Scale Collection of Diverse Physics Simulations for Machine Learning	"reference": "The Well stats.yaml aggregate (Polymathic AI, arxiv:2412.00568)"
data/the_well_outcomes_verification_panel_benchmark.json	4779	reference	arxiv	2412.00568	OK	2024	The Well: a Large-Scale Collection of Diverse Physics Simulations for Machine Learning	"reference": "The Well stats.yaml aggregate (Polymathic AI, arxiv:2412.00568)",
data/the_well_outcomes_verification_panel_benchmark.json	4794	reference	arxiv	2412.00568	OK	2024	The Well: a Large-Scale Collection of Diverse Physics Simulations for Machine Learning	"reference": "The Well stats.yaml aggregate (Polymathic AI, arxiv:2412.00568)"
data/the_well_outcomes_verification_panel_benchmark.json	4810	reference	arxiv	2412.00568	OK	2024	The Well: a Large-Scale Collection of Diverse Physics Simulations for Machine Learning	"reference": "The Well stats.yaml aggregate (Polymathic AI, arxiv:2412.00568)",
data/the_well_outcomes_verification_panel_benchmark.json	4825	reference	arxiv	2412.00568	OK	2024	The Well: a Large-Scale Collection of Diverse Physics Simulations for Machine Learning	"reference": "The Well stats.yaml aggregate (Polymathic AI, arxiv:2412.00568)"
data/the_well_outcomes_verification_panel_benchmark.json	4841	reference	arxiv	2412.00568	OK	2024	The Well: a Large-Scale Collection of Diverse Physics Simulations for Machine Learning	"reference": "The Well stats.yaml aggregate (Polymathic AI, arxiv:2412.00568)",
data/the_well_outcomes_verification_panel_benchmark.json	4856	reference	arxiv	2412.00568	OK	2024	The Well: a Large-Scale Collection of Diverse Physics Simulations for Machine Learning	"reference": "The Well stats.yaml aggregate (Polymathic AI, arxiv:2412.00568)"
data/the_well_outcomes_verification_panel_benchmark.json	4872	reference	arxiv	2412.00568	OK	2024	The Well: a Large-Scale Collection of Diverse Physics Simulations for Machine Learning	"reference": "The Well stats.yaml aggregate (Polymathic AI, arxiv:2412.00568)",
data/the_well_outcomes_verification_panel_benchmark.json	4887	reference	arxiv	2412.00568	OK	2024	The Well: a Large-Scale Collection of Diverse Physics Simulations for Machine Learning	"reference": "The Well stats.yaml aggregate (Polymathic AI, arxiv:2412.00568)"
data/the_well_outcomes_verification_panel_benchmark.json	4903	reference	arxiv	2412.00568	OK	2024	The Well: a Large-Scale Collection of Diverse Physics Simulations for Machine Learning	"reference": "The Well stats.yaml aggregate (Polymathic AI, arxiv:2412.00568)",
data/the_well_outcomes_verification_panel_benchmark.json	4918	reference	arxiv	2412.00568	OK	2024	The Well: a Large-Scale Collection of Diverse Physics Simulations for Machine Learning	"reference": "The Well stats.yaml aggregate (Polymathic AI, arxiv:2412.00568)"
data/the_well_outcomes_verification_panel_benchmark.json	4934	reference	arxiv	2412.00568	OK	2024	The Well: a Large-Scale Collection of Diverse Physics Simulations for Machine Learning	"reference": "The Well stats.yaml aggregate (Polymathic AI, arxiv:2412.00568)",
data/the_well_outcomes_verification_panel_benchmark.json	4949	reference	arxiv	2412.00568	OK	2024	The Well: a Large-Scale Collection of Diverse Physics Simulations for Machine Learning	"reference": "The Well stats.yaml aggregate (Polymathic AI, arxiv:2412.00568)"
data/the_well_outcomes_verification_panel_benchmark.json	4965	reference	arxiv	2412.00568	OK	2024	The Well: a Large-Scale Collection of Diverse Physics Simulations for Machine Learning	"reference": "The Well stats.yaml aggregate (Polymathic AI, arxiv:2412.00568)",
data/the_well_outcomes_verification_panel_benchmark.json	4980	reference	arxiv	2412.00568	OK	2024	The Well: a Large-Scale Collection of Diverse Physics Simulations for Machine Learning	"reference": "The Well stats.yaml aggregate (Polymathic AI, arxiv:2412.00568)"
data/the_well_outcomes_verification_panel_benchmark.json	4996	reference	arxiv	2412.00568	OK	2024	The Well: a Large-Scale Collection of Diverse Physics Simulations for Machine Learning	"reference": "The Well stats.yaml aggregate (Polymathic AI, arxiv:2412.00568)",
data/the_well_outcomes_verification_panel_benchmark.json	5011	reference	arxiv	2412.00568	OK	2024	The Well: a Large-Scale Collection of Diverse Physics Simulations for Machine Learning	"reference": "The Well stats.yaml aggregate (Polymathic AI, arxiv:2412.00568)"
data/the_well_outcomes_verification_panel_benchmark.json	5027	reference	arxiv	2412.00568	OK	2024	The Well: a Large-Scale Collection of Diverse Physics Simulations for Machine Learning	"reference": "The Well stats.yaml aggregate (Polymathic AI, arxiv:2412.00568)",
data/the_well_outcomes_verification_panel_benchmark.json	5042	reference	arxiv	2412.00568	OK	2024	The Well: a Large-Scale Collection of Diverse Physics Simulations for Machine Learning	"reference": "The Well stats.yaml aggregate (Polymathic AI, arxiv:2412.00568)"
data/the_well_outcomes_verification_panel_benchmark.json	5058	reference	arxiv	2412.00568	OK	2024	The Well: a Large-Scale Collection of Diverse Physics Simulations for Machine Learning	"reference": "The Well stats.yaml aggregate (Polymathic AI, arxiv:2412.00568)",
data/the_well_outcomes_verification_panel_benchmark.json	5073	reference	arxiv	2412.00568	OK	2024	The Well: a Large-Scale Collection of Diverse Physics Simulations for Machine Learning	"reference": "The Well stats.yaml aggregate (Polymathic AI, arxiv:2412.00568)"
data/the_well_outcomes_verification_panel_benchmark.json	5089	reference	arxiv	2412.00568	OK	2024	The Well: a Large-Scale Collection of Diverse Physics Simulations for Machine Learning	"reference": "The Well stats.yaml aggregate (Polymathic AI, arxiv:2412.00568)",
data/the_well_outcomes_verification_panel_benchmark.json	5104	reference	arxiv	2412.00568	OK	2024	The Well: a Large-Scale Collection of Diverse Physics Simulations for Machine Learning	"reference": "The Well stats.yaml aggregate (Polymathic AI, arxiv:2412.00568)"
data/the_well_outcomes_verification_panel_benchmark.json	5120	reference	arxiv	2412.00568	OK	2024	The Well: a Large-Scale Collection of Diverse Physics Simulations for Machine Learning	"reference": "The Well stats.yaml aggregate (Polymathic AI, arxiv:2412.00568)",
data/the_well_outcomes_verification_panel_benchmark.json	5135	reference	arxiv	2412.00568	OK	2024	The Well: a Large-Scale Collection of Diverse Physics Simulations for Machine Learning	"reference": "The Well stats.yaml aggregate (Polymathic AI, arxiv:2412.00568)"
data/the_well_outcomes_verification_panel_benchmark.json	5151	reference	arxiv	2412.00568	OK	2024	The Well: a Large-Scale Collection of Diverse Physics Simulations for Machine Learning	"reference": "The Well stats.yaml aggregate (Polymathic AI, arxiv:2412.00568)",
data/the_well_outcomes_verification_panel_benchmark.json	5166	reference	arxiv	2412.00568	OK	2024	The Well: a Large-Scale Collection of Diverse Physics Simulations for Machine Learning	"reference": "The Well stats.yaml aggregate (Polymathic AI, arxiv:2412.00568)"
data/the_well_outcomes_verification_panel_benchmark.json	5182	reference	arxiv	2412.00568	OK	2024	The Well: a Large-Scale Collection of Diverse Physics Simulations for Machine Learning	"reference": "The Well stats.yaml aggregate (Polymathic AI, arxiv:2412.00568)",
data/the_well_outcomes_verification_panel_benchmark.json	5197	reference	arxiv	2412.00568	OK	2024	The Well: a Large-Scale Collection of Diverse Physics Simulations for Machine Learning	"reference": "The Well stats.yaml aggregate (Polymathic AI, arxiv:2412.00568)"
data/the_well_outcomes_verification_panel_benchmark.json	5213	reference	arxiv	2412.00568	OK	2024	The Well: a Large-Scale Collection of Diverse Physics Simulations for Machine Learning	"reference": "The Well stats.yaml aggregate (Polymathic AI, arxiv:2412.00568)",
data/the_well_outcomes_verification_panel_benchmark.json	5228	reference	arxiv	2412.00568	OK	2024	The Well: a Large-Scale Collection of Diverse Physics Simulations for Machine Learning	"reference": "The Well stats.yaml aggregate (Polymathic AI, arxiv:2412.00568)"
data/the_well_outcomes_verification_panel_benchmark.json	5244	reference	arxiv	2412.00568	OK	2024	The Well: a Large-Scale Collection of Diverse Physics Simulations for Machine Learning	"reference": "The Well stats.yaml aggregate (Polymathic AI, arxiv:2412.00568)",
data/the_well_outcomes_verification_panel_benchmark.json	5259	reference	arxiv	2412.00568	OK	2024	The Well: a Large-Scale Collection of Diverse Physics Simulations for Machine Learning	"reference": "The Well stats.yaml aggregate (Polymathic AI, arxiv:2412.00568)"
data/the_well_outcomes_verification_panel_benchmark.json	5275	reference	arxiv	2412.00568	OK	2024	The Well: a Large-Scale Collection of Diverse Physics Simulations for Machine Learning	"reference": "The Well stats.yaml aggregate (Polymathic AI, arxiv:2412.00568)",
data/the_well_outcomes_verification_panel_benchmark.json	5290	reference	arxiv	2412.00568	OK	2024	The Well: a Large-Scale Collection of Diverse Physics Simulations for Machine Learning	"reference": "The Well stats.yaml aggregate (Polymathic AI, arxiv:2412.00568)"
data/the_well_outcomes_verification_panel_benchmark.json	5306	reference	arxiv	2412.00568	OK	2024	The Well: a Large-Scale Collection of Diverse Physics Simulations for Machine Learning	"reference": "The Well stats.yaml aggregate (Polymathic AI, arxiv:2412.00568)",
data/the_well_outcomes_verification_panel_benchmark.json	5321	reference	arxiv	2412.00568	OK	2024	The Well: a Large-Scale Collection of Diverse Physics Simulations for Machine Learning	"reference": "The Well stats.yaml aggregate (Polymathic AI, arxiv:2412.00568)"
data/the_well_outcomes_verification_panel_benchmark.json	5337	reference	arxiv	2412.00568	OK	2024	The Well: a Large-Scale Collection of Diverse Physics Simulations for Machine Learning	"reference": "The Well stats.yaml aggregate (Polymathic AI, arxiv:2412.00568)",
data/the_well_outcomes_verification_panel_benchmark.json	5352	reference	arxiv	2412.00568	OK	2024	The Well: a Large-Scale Collection of Diverse Physics Simulations for Machine Learning	"reference": "The Well stats.yaml aggregate (Polymathic AI, arxiv:2412.00568)"
data/the_well_outcomes_verification_panel_benchmark.json	5368	reference	arxiv	2412.00568	OK	2024	The Well: a Large-Scale Collection of Diverse Physics Simulations for Machine Learning	"reference": "The Well stats.yaml aggregate (Polymathic AI, arxiv:2412.00568)",
data/the_well_outcomes_verification_panel_benchmark.json	5383	reference	arxiv	2412.00568	OK	2024	The Well: a Large-Scale Collection of Diverse Physics Simulations for Machine Learning	"reference": "The Well stats.yaml aggregate (Polymathic AI, arxiv:2412.00568)"
data/the_well_outcomes_verification_panel_benchmark.json	5399	reference	arxiv	2412.00568	OK	2024	The Well: a Large-Scale Collection of Diverse Physics Simulations for Machine Learning	"reference": "The Well stats.yaml aggregate (Polymathic AI, arxiv:2412.00568)",
data/the_well_outcomes_verification_panel_benchmark.json	5414	reference	arxiv	2412.00568	OK	2024	The Well: a Large-Scale Collection of Diverse Physics Simulations for Machine Learning	"reference": "The Well stats.yaml aggregate (Polymathic AI, arxiv:2412.00568)"
data/the_well_outcomes_verification_panel_benchmark.json	5430	reference	arxiv	2412.00568	OK	2024	The Well: a Large-Scale Collection of Diverse Physics Simulations for Machine Learning	"reference": "The Well stats.yaml aggregate (Polymathic AI, arxiv:2412.00568)",
data/the_well_outcomes_verification_panel_benchmark.json	5445	reference	arxiv	2412.00568	OK	2024	The Well: a Large-Scale Collection of Diverse Physics Simulations for Machine Learning	"reference": "The Well stats.yaml aggregate (Polymathic AI, arxiv:2412.00568)"
data/the_well_outcomes_verification_panel_benchmark.json	5461	reference	arxiv	2412.00568	OK	2024	The Well: a Large-Scale Collection of Diverse Physics Simulations for Machine Learning	"reference": "The Well stats.yaml aggregate (Polymathic AI, arxiv:2412.00568)",
data/the_well_outcomes_verification_panel_benchmark.json	5476	reference	arxiv	2412.00568	OK	2024	The Well: a Large-Scale Collection of Diverse Physics Simulations for Machine Learning	"reference": "The Well stats.yaml aggregate (Polymathic AI, arxiv:2412.00568)"
data/the_well_outcomes_verification_panel_benchmark.json	5492	reference	arxiv	2412.00568	OK	2024	The Well: a Large-Scale Collection of Diverse Physics Simulations for Machine Learning	"reference": "The Well stats.yaml aggregate (Polymathic AI, arxiv:2412.00568)",
data/the_well_outcomes_verification_panel_benchmark.json	5507	reference	arxiv	2412.00568	OK	2024	The Well: a Large-Scale Collection of Diverse Physics Simulations for Machine Learning	"reference": "The Well stats.yaml aggregate (Polymathic AI, arxiv:2412.00568)"
data/the_well_outcomes_verification_panel_benchmark.json	5523	reference	arxiv	2412.00568	OK	2024	The Well: a Large-Scale Collection of Diverse Physics Simulations for Machine Learning	"reference": "The Well stats.yaml aggregate (Polymathic AI, arxiv:2412.00568)",
data/the_well_outcomes_verification_panel_benchmark.json	5538	reference	arxiv	2412.00568	OK	2024	The Well: a Large-Scale Collection of Diverse Physics Simulations for Machine Learning	"reference": "The Well stats.yaml aggregate (Polymathic AI, arxiv:2412.00568)"
data/the_well_outcomes_verification_panel_benchmark.json	5554	reference	arxiv	2412.00568	OK	2024	The Well: a Large-Scale Collection of Diverse Physics Simulations for Machine Learning	"reference": "The Well stats.yaml aggregate (Polymathic AI, arxiv:2412.00568)",
data/the_well_outcomes_verification_panel_benchmark.json	5569	reference	arxiv	2412.00568	OK	2024	The Well: a Large-Scale Collection of Diverse Physics Simulations for Machine Learning	"reference": "The Well stats.yaml aggregate (Polymathic AI, arxiv:2412.00568)"
data/the_well_outcomes_verification_panel_benchmark.json	5585	reference	arxiv	2412.00568	OK	2024	The Well: a Large-Scale Collection of Diverse Physics Simulations for Machine Learning	"reference": "The Well stats.yaml aggregate (Polymathic AI, arxiv:2412.00568)",
data/the_well_outcomes_verification_panel_benchmark.json	5600	reference	arxiv	2412.00568	OK	2024	The Well: a Large-Scale Collection of Diverse Physics Simulations for Machine Learning	"reference": "The Well stats.yaml aggregate (Polymathic AI, arxiv:2412.00568)"
data/the_well_outcomes_verification_panel_benchmark.json	5616	reference	arxiv	2412.00568	OK	2024	The Well: a Large-Scale Collection of Diverse Physics Simulations for Machine Learning	"reference": "The Well stats.yaml aggregate (Polymathic AI, arxiv:2412.00568)",
data/the_well_outcomes_verification_panel_benchmark.json	5631	reference	arxiv	2412.00568	OK	2024	The Well: a Large-Scale Collection of Diverse Physics Simulations for Machine Learning	"reference": "The Well stats.yaml aggregate (Polymathic AI, arxiv:2412.00568)"
data/the_well_outcomes_verification_panel_benchmark.json	5647	reference	arxiv	2412.00568	OK	2024	The Well: a Large-Scale Collection of Diverse Physics Simulations for Machine Learning	"reference": "The Well stats.yaml aggregate (Polymathic AI, arxiv:2412.00568)",
data/the_well_outcomes_verification_panel_benchmark.json	5662	reference	arxiv	2412.00568	OK	2024	The Well: a Large-Scale Collection of Diverse Physics Simulations for Machine Learning	"reference": "The Well stats.yaml aggregate (Polymathic AI, arxiv:2412.00568)"
data/the_well_outcomes_verification_panel_benchmark.json	5678	reference	arxiv	2412.00568	OK	2024	The Well: a Large-Scale Collection of Diverse Physics Simulations for Machine Learning	"reference": "The Well stats.yaml aggregate (Polymathic AI, arxiv:2412.00568)",
data/the_well_outcomes_verification_panel_benchmark.json	5693	reference	arxiv	2412.00568	OK	2024	The Well: a Large-Scale Collection of Diverse Physics Simulations for Machine Learning	"reference": "The Well stats.yaml aggregate (Polymathic AI, arxiv:2412.00568)"
data/the_well_outcomes_verification_panel_benchmark.json	5709	reference	arxiv	2412.00568	OK	2024	The Well: a Large-Scale Collection of Diverse Physics Simulations for Machine Learning	"reference": "The Well stats.yaml aggregate (Polymathic AI, arxiv:2412.00568)",
data/the_well_outcomes_verification_panel_benchmark.json	5724	reference	arxiv	2412.00568	OK	2024	The Well: a Large-Scale Collection of Diverse Physics Simulations for Machine Learning	"reference": "The Well stats.yaml aggregate (Polymathic AI, arxiv:2412.00568)"
data/the_well_outcomes_verification_panel_benchmark.json	5740	reference	arxiv	2412.00568	OK	2024	The Well: a Large-Scale Collection of Diverse Physics Simulations for Machine Learning	"reference": "The Well stats.yaml aggregate (Polymathic AI, arxiv:2412.00568)",
data/the_well_outcomes_verification_panel_benchmark.json	5755	reference	arxiv	2412.00568	OK	2024	The Well: a Large-Scale Collection of Diverse Physics Simulations for Machine Learning	"reference": "The Well stats.yaml aggregate (Polymathic AI, arxiv:2412.00568)"
data/the_well_outcomes_verification_panel_benchmark.json	5771	reference	arxiv	2412.00568	OK	2024	The Well: a Large-Scale Collection of Diverse Physics Simulations for Machine Learning	"reference": "The Well stats.yaml aggregate (Polymathic AI, arxiv:2412.00568)",
data/the_well_outcomes_verification_panel_benchmark.json	5786	reference	arxiv	2412.00568	OK	2024	The Well: a Large-Scale Collection of Diverse Physics Simulations for Machine Learning	"reference": "The Well stats.yaml aggregate (Polymathic AI, arxiv:2412.00568)"
data/the_well_outcomes_verification_panel_benchmark.json	5802	reference	arxiv	2412.00568	OK	2024	The Well: a Large-Scale Collection of Diverse Physics Simulations for Machine Learning	"reference": "The Well stats.yaml aggregate (Polymathic AI, arxiv:2412.00568)",
data/the_well_outcomes_verification_panel_benchmark.json	5817	reference	arxiv	2412.00568	OK	2024	The Well: a Large-Scale Collection of Diverse Physics Simulations for Machine Learning	"reference": "The Well stats.yaml aggregate (Polymathic AI, arxiv:2412.00568)"
data/the_well_outcomes_verification_panel_benchmark.json	5833	reference	arxiv	2412.00568	OK	2024	The Well: a Large-Scale Collection of Diverse Physics Simulations for Machine Learning	"reference": "The Well stats.yaml aggregate (Polymathic AI, arxiv:2412.00568)",
data/the_well_outcomes_verification_panel_benchmark.json	5848	reference	arxiv	2412.00568	OK	2024	The Well: a Large-Scale Collection of Diverse Physics Simulations for Machine Learning	"reference": "The Well stats.yaml aggregate (Polymathic AI, arxiv:2412.00568)"
data/the_well_outcomes_verification_panel_benchmark.json	5864	reference	arxiv	2412.00568	OK	2024	The Well: a Large-Scale Collection of Diverse Physics Simulations for Machine Learning	"reference": "The Well stats.yaml aggregate (Polymathic AI, arxiv:2412.00568)",
data/the_well_outcomes_verification_panel_benchmark.json	5879	reference	arxiv	2412.00568	OK	2024	The Well: a Large-Scale Collection of Diverse Physics Simulations for Machine Learning	"reference": "The Well stats.yaml aggregate (Polymathic AI, arxiv:2412.00568)"
data/the_well_outcomes_verification_panel_benchmark.json	5895	reference	arxiv	2412.00568	OK	2024	The Well: a Large-Scale Collection of Diverse Physics Simulations for Machine Learning	"reference": "The Well stats.yaml aggregate (Polymathic AI, arxiv:2412.00568)",
data/the_well_outcomes_verification_panel_benchmark.json	5910	reference	arxiv	2412.00568	OK	2024	The Well: a Large-Scale Collection of Diverse Physics Simulations for Machine Learning	"reference": "The Well stats.yaml aggregate (Polymathic AI, arxiv:2412.00568)"
data/the_well_outcomes_verification_panel_benchmark.json	5926	reference	arxiv	2412.00568	OK	2024	The Well: a Large-Scale Collection of Diverse Physics Simulations for Machine Learning	"reference": "The Well stats.yaml aggregate (Polymathic AI, arxiv:2412.00568)",
data/the_well_outcomes_verification_panel_benchmark.json	5941	reference	arxiv	2412.00568	OK	2024	The Well: a Large-Scale Collection of Diverse Physics Simulations for Machine Learning	"reference": "The Well stats.yaml aggregate (Polymathic AI, arxiv:2412.00568)"
data/the_well_outcomes_verification_panel_benchmark.json	5957	reference	arxiv	2412.00568	OK	2024	The Well: a Large-Scale Collection of Diverse Physics Simulations for Machine Learning	"reference": "The Well stats.yaml aggregate (Polymathic AI, arxiv:2412.00568)",
data/the_well_outcomes_verification_panel_benchmark.json	5972	reference	arxiv	2412.00568	OK	2024	The Well: a Large-Scale Collection of Diverse Physics Simulations for Machine Learning	"reference": "The Well stats.yaml aggregate (Polymathic AI, arxiv:2412.00568)"
data/the_well_outcomes_verification_panel_benchmark.json	5988	reference	arxiv	2412.00568	OK	2024	The Well: a Large-Scale Collection of Diverse Physics Simulations for Machine Learning	"reference": "The Well stats.yaml aggregate (Polymathic AI, arxiv:2412.00568)",
data/the_well_outcomes_verification_panel_benchmark.json	6003	reference	arxiv	2412.00568	OK	2024	The Well: a Large-Scale Collection of Diverse Physics Simulations for Machine Learning	"reference": "The Well stats.yaml aggregate (Polymathic AI, arxiv:2412.00568)"
data/the_well_outcomes_verification_panel_benchmark.json	6019	reference	arxiv	2412.00568	OK	2024	The Well: a Large-Scale Collection of Diverse Physics Simulations for Machine Learning	"reference": "The Well stats.yaml aggregate (Polymathic AI, arxiv:2412.00568)",
data/the_well_outcomes_verification_panel_benchmark.json	6034	reference	arxiv	2412.00568	OK	2024	The Well: a Large-Scale Collection of Diverse Physics Simulations for Machine Learning	"reference": "The Well stats.yaml aggregate (Polymathic AI, arxiv:2412.00568)"
data/the_well_outcomes_verification_panel_benchmark.json	6050	reference	arxiv	2412.00568	OK	2024	The Well: a Large-Scale Collection of Diverse Physics Simulations for Machine Learning	"reference": "The Well stats.yaml aggregate (Polymathic AI, arxiv:2412.00568)",
data/the_well_outcomes_verification_panel_benchmark.json	6065	reference	arxiv	2412.00568	OK	2024	The Well: a Large-Scale Collection of Diverse Physics Simulations for Machine Learning	"reference": "The Well stats.yaml aggregate (Polymathic AI, arxiv:2412.00568)"
data/the_well_outcomes_verification_panel_benchmark.json	6081	reference	arxiv	2412.00568	OK	2024	The Well: a Large-Scale Collection of Diverse Physics Simulations for Machine Learning	"reference": "The Well stats.yaml aggregate (Polymathic AI, arxiv:2412.00568)",
data/the_well_outcomes_verification_panel_benchmark.json	6096	reference	arxiv	2412.00568	OK	2024	The Well: a Large-Scale Collection of Diverse Physics Simulations for Machine Learning	"reference": "The Well stats.yaml aggregate (Polymathic AI, arxiv:2412.00568)"
data/the_well_outcomes_verification_panel_benchmark.json	6112	reference	arxiv	2412.00568	OK	2024	The Well: a Large-Scale Collection of Diverse Physics Simulations for Machine Learning	"reference": "The Well stats.yaml aggregate (Polymathic AI, arxiv:2412.00568)",
data/the_well_outcomes_verification_panel_benchmark.json	6127	reference	arxiv	2412.00568	OK	2024	The Well: a Large-Scale Collection of Diverse Physics Simulations for Machine Learning	"reference": "The Well stats.yaml aggregate (Polymathic AI, arxiv:2412.00568)"
data/the_well_outcomes_verification_panel_benchmark.json	6143	reference	arxiv	2412.00568	OK	2024	The Well: a Large-Scale Collection of Diverse Physics Simulations for Machine Learning	"reference": "The Well stats.yaml aggregate (Polymathic AI, arxiv:2412.00568)",
data/the_well_outcomes_verification_panel_benchmark.json	6158	reference	arxiv	2412.00568	OK	2024	The Well: a Large-Scale Collection of Diverse Physics Simulations for Machine Learning	"reference": "The Well stats.yaml aggregate (Polymathic AI, arxiv:2412.00568)"
data/the_well_outcomes_verification_panel_benchmark.json	6174	reference	arxiv	2412.00568	OK	2024	The Well: a Large-Scale Collection of Diverse Physics Simulations for Machine Learning	"reference": "The Well stats.yaml aggregate (Polymathic AI, arxiv:2412.00568)",
data/the_well_outcomes_verification_panel_benchmark.json	6189	reference	arxiv	2412.00568	OK	2024	The Well: a Large-Scale Collection of Diverse Physics Simulations for Machine Learning	"reference": "The Well stats.yaml aggregate (Polymathic AI, arxiv:2412.00568)"
data/the_well_outcomes_verification_panel_benchmark.json	6205	reference	arxiv	2412.00568	OK	2024	The Well: a Large-Scale Collection of Diverse Physics Simulations for Machine Learning	"reference": "The Well stats.yaml aggregate (Polymathic AI, arxiv:2412.00568)",
data/the_well_outcomes_verification_panel_benchmark.json	6220	reference	arxiv	2412.00568	OK	2024	The Well: a Large-Scale Collection of Diverse Physics Simulations for Machine Learning	"reference": "The Well stats.yaml aggregate (Polymathic AI, arxiv:2412.00568)"
data/the_well_outcomes_verification_panel_benchmark.json	6236	reference	arxiv	2412.00568	OK	2024	The Well: a Large-Scale Collection of Diverse Physics Simulations for Machine Learning	"reference": "The Well stats.yaml aggregate (Polymathic AI, arxiv:2412.00568)",
data/the_well_outcomes_verification_panel_benchmark.json	6251	reference	arxiv	2412.00568	OK	2024	The Well: a Large-Scale Collection of Diverse Physics Simulations for Machine Learning	"reference": "The Well stats.yaml aggregate (Polymathic AI, arxiv:2412.00568)"
data/the_well_outcomes_verification_panel_benchmark.json	6267	reference	arxiv	2412.00568	OK	2024	The Well: a Large-Scale Collection of Diverse Physics Simulations for Machine Learning	"reference": "The Well stats.yaml aggregate (Polymathic AI, arxiv:2412.00568)",
data/the_well_outcomes_verification_panel_benchmark.json	6282	reference	arxiv	2412.00568	OK	2024	The Well: a Large-Scale Collection of Diverse Physics Simulations for Machine Learning	"reference": "The Well stats.yaml aggregate (Polymathic AI, arxiv:2412.00568)"
data/the_well_outcomes_verification_panel_benchmark.json	6298	reference	arxiv	2412.00568	OK	2024	The Well: a Large-Scale Collection of Diverse Physics Simulations for Machine Learning	"reference": "The Well stats.yaml aggregate (Polymathic AI, arxiv:2412.00568)",
data/the_well_outcomes_verification_panel_benchmark.json	6313	reference	arxiv	2412.00568	OK	2024	The Well: a Large-Scale Collection of Diverse Physics Simulations for Machine Learning	"reference": "The Well stats.yaml aggregate (Polymathic AI, arxiv:2412.00568)"
data/the_well_outcomes_verification_panel_benchmark.json	6329	reference	arxiv	2412.00568	OK	2024	The Well: a Large-Scale Collection of Diverse Physics Simulations for Machine Learning	"reference": "The Well stats.yaml aggregate (Polymathic AI, arxiv:2412.00568)",
data/the_well_outcomes_verification_panel_benchmark.json	6344	reference	arxiv	2412.00568	OK	2024	The Well: a Large-Scale Collection of Diverse Physics Simulations for Machine Learning	"reference": "The Well stats.yaml aggregate (Polymathic AI, arxiv:2412.00568)"
data/the_well_outcomes_verification_panel_benchmark.json	6360	reference	arxiv	2412.00568	OK	2024	The Well: a Large-Scale Collection of Diverse Physics Simulations for Machine Learning	"reference": "The Well stats.yaml aggregate (Polymathic AI, arxiv:2412.00568)",
data/the_well_outcomes_verification_panel_benchmark.json	6375	reference	arxiv	2412.00568	OK	2024	The Well: a Large-Scale Collection of Diverse Physics Simulations for Machine Learning	"reference": "The Well stats.yaml aggregate (Polymathic AI, arxiv:2412.00568)"
data/the_well_outcomes_verification_panel_benchmark.json	6391	reference	arxiv	2412.00568	OK	2024	The Well: a Large-Scale Collection of Diverse Physics Simulations for Machine Learning	"reference": "The Well stats.yaml aggregate (Polymathic AI, arxiv:2412.00568)",
data/the_well_outcomes_verification_panel_benchmark.json	6406	reference	arxiv	2412.00568	OK	2024	The Well: a Large-Scale Collection of Diverse Physics Simulations for Machine Learning	"reference": "The Well stats.yaml aggregate (Polymathic AI, arxiv:2412.00568)"
data/the_well_outcomes_verification_panel_benchmark.json	6422	reference	arxiv	2412.00568	OK	2024	The Well: a Large-Scale Collection of Diverse Physics Simulations for Machine Learning	"reference": "The Well stats.yaml aggregate (Polymathic AI, arxiv:2412.00568)",
data/the_well_outcomes_verification_panel_benchmark.json	6437	reference	arxiv	2412.00568	OK	2024	The Well: a Large-Scale Collection of Diverse Physics Simulations for Machine Learning	"reference": "The Well stats.yaml aggregate (Polymathic AI, arxiv:2412.00568)"
data/the_well_outcomes_verification_panel_benchmark.json	6453	reference	arxiv	2412.00568	OK	2024	The Well: a Large-Scale Collection of Diverse Physics Simulations for Machine Learning	"reference": "The Well stats.yaml aggregate (Polymathic AI, arxiv:2412.00568)",
data/the_well_outcomes_verification_panel_benchmark.json	6468	reference	arxiv	2412.00568	OK	2024	The Well: a Large-Scale Collection of Diverse Physics Simulations for Machine Learning	"reference": "The Well stats.yaml aggregate (Polymathic AI, arxiv:2412.00568)"
data/the_well_outcomes_verification_panel_benchmark.json	6484	reference	arxiv	2412.00568	OK	2024	The Well: a Large-Scale Collection of Diverse Physics Simulations for Machine Learning	"reference": "The Well stats.yaml aggregate (Polymathic AI, arxiv:2412.00568)",
data/the_well_outcomes_verification_panel_benchmark.json	6499	reference	arxiv	2412.00568	OK	2024	The Well: a Large-Scale Collection of Diverse Physics Simulations for Machine Learning	"reference": "The Well stats.yaml aggregate (Polymathic AI, arxiv:2412.00568)"
data/the_well_outcomes_verification_panel_benchmark.json	6515	reference	arxiv	2412.00568	OK	2024	The Well: a Large-Scale Collection of Diverse Physics Simulations for Machine Learning	"reference": "The Well stats.yaml aggregate (Polymathic AI, arxiv:2412.00568)",
data/the_well_outcomes_verification_panel_benchmark.json	6530	reference	arxiv	2412.00568	OK	2024	The Well: a Large-Scale Collection of Diverse Physics Simulations for Machine Learning	"reference": "The Well stats.yaml aggregate (Polymathic AI, arxiv:2412.00568)"
data/the_well_outcomes_verification_panel_benchmark.json	6546	reference	arxiv	2412.00568	OK	2024	The Well: a Large-Scale Collection of Diverse Physics Simulations for Machine Learning	"reference": "The Well stats.yaml aggregate (Polymathic AI, arxiv:2412.00568)",
data/the_well_outcomes_verification_panel_benchmark.json	6561	reference	arxiv	2412.00568	OK	2024	The Well: a Large-Scale Collection of Diverse Physics Simulations for Machine Learning	"reference": "The Well stats.yaml aggregate (Polymathic AI, arxiv:2412.00568)"
data/the_well_outcomes_verification_panel_benchmark.json	6577	reference	arxiv	2412.00568	OK	2024	The Well: a Large-Scale Collection of Diverse Physics Simulations for Machine Learning	"reference": "The Well stats.yaml aggregate (Polymathic AI, arxiv:2412.00568)",
data/the_well_outcomes_verification_panel_benchmark.json	6592	reference	arxiv	2412.00568	OK	2024	The Well: a Large-Scale Collection of Diverse Physics Simulations for Machine Learning	"reference": "The Well stats.yaml aggregate (Polymathic AI, arxiv:2412.00568)"
data/the_well_outcomes_verification_panel_benchmark.json	6608	reference	arxiv	2412.00568	OK	2024	The Well: a Large-Scale Collection of Diverse Physics Simulations for Machine Learning	"reference": "The Well stats.yaml aggregate (Polymathic AI, arxiv:2412.00568)",
data/the_well_outcomes_verification_panel_benchmark.json	6623	reference	arxiv	2412.00568	OK	2024	The Well: a Large-Scale Collection of Diverse Physics Simulations for Machine Learning	"reference": "The Well stats.yaml aggregate (Polymathic AI, arxiv:2412.00568)"
data/the_well_outcomes_verification_panel_benchmark.json	6639	reference	arxiv	2412.00568	OK	2024	The Well: a Large-Scale Collection of Diverse Physics Simulations for Machine Learning	"reference": "The Well stats.yaml aggregate (Polymathic AI, arxiv:2412.00568)",
data/the_well_outcomes_verification_panel_benchmark.json	6654	reference	arxiv	2412.00568	OK	2024	The Well: a Large-Scale Collection of Diverse Physics Simulations for Machine Learning	"reference": "The Well stats.yaml aggregate (Polymathic AI, arxiv:2412.00568)"
data/the_well_outcomes_verification_panel_benchmark.json	6670	reference	arxiv	2412.00568	OK	2024	The Well: a Large-Scale Collection of Diverse Physics Simulations for Machine Learning	"reference": "The Well stats.yaml aggregate (Polymathic AI, arxiv:2412.00568)",
data/the_well_outcomes_verification_panel_benchmark.json	6685	reference	arxiv	2412.00568	OK	2024	The Well: a Large-Scale Collection of Diverse Physics Simulations for Machine Learning	"reference": "The Well stats.yaml aggregate (Polymathic AI, arxiv:2412.00568)"
data/the_well_outcomes_verification_panel_benchmark.json	6701	reference	arxiv	2412.00568	OK	2024	The Well: a Large-Scale Collection of Diverse Physics Simulations for Machine Learning	"reference": "The Well stats.yaml aggregate (Polymathic AI, arxiv:2412.00568)",
data/the_well_outcomes_verification_panel_benchmark.json	6716	reference	arxiv	2412.00568	OK	2024	The Well: a Large-Scale Collection of Diverse Physics Simulations for Machine Learning	"reference": "The Well stats.yaml aggregate (Polymathic AI, arxiv:2412.00568)"
data/the_well_outcomes_verification_panel_benchmark.json	6732	reference	arxiv	2412.00568	OK	2024	The Well: a Large-Scale Collection of Diverse Physics Simulations for Machine Learning	"reference": "The Well stats.yaml aggregate (Polymathic AI, arxiv:2412.00568)",
data/the_well_outcomes_verification_panel_benchmark.json	6747	reference	arxiv	2412.00568	OK	2024	The Well: a Large-Scale Collection of Diverse Physics Simulations for Machine Learning	"reference": "The Well stats.yaml aggregate (Polymathic AI, arxiv:2412.00568)"
data/the_well_outcomes_verification_panel_benchmark.json	6763	reference	arxiv	2412.00568	OK	2024	The Well: a Large-Scale Collection of Diverse Physics Simulations for Machine Learning	"reference": "The Well stats.yaml aggregate (Polymathic AI, arxiv:2412.00568)",
data/the_well_outcomes_verification_panel_benchmark.json	6778	reference	arxiv	2412.00568	OK	2024	The Well: a Large-Scale Collection of Diverse Physics Simulations for Machine Learning	"reference": "The Well stats.yaml aggregate (Polymathic AI, arxiv:2412.00568)"
data/the_well_outcomes_verification_panel_benchmark.json	6794	reference	arxiv	2412.00568	OK	2024	The Well: a Large-Scale Collection of Diverse Physics Simulations for Machine Learning	"reference": "The Well stats.yaml aggregate (Polymathic AI, arxiv:2412.00568)",
data/the_well_outcomes_verification_panel_benchmark.json	6809	reference	arxiv	2412.00568	OK	2024	The Well: a Large-Scale Collection of Diverse Physics Simulations for Machine Learning	"reference": "The Well stats.yaml aggregate (Polymathic AI, arxiv:2412.00568)"
data/the_well_outcomes_verification_panel_benchmark.json	6825	reference	arxiv	2412.00568	OK	2024	The Well: a Large-Scale Collection of Diverse Physics Simulations for Machine Learning	"reference": "The Well stats.yaml aggregate (Polymathic AI, arxiv:2412.00568)",
data/the_well_outcomes_verification_panel_benchmark.json	6840	reference	arxiv	2412.00568	OK	2024	The Well: a Large-Scale Collection of Diverse Physics Simulations for Machine Learning	"reference": "The Well stats.yaml aggregate (Polymathic AI, arxiv:2412.00568)"
data/the_well_outcomes_verification_panel_benchmark.json	6856	reference	arxiv	2412.00568	OK	2024	The Well: a Large-Scale Collection of Diverse Physics Simulations for Machine Learning	"reference": "The Well stats.yaml aggregate (Polymathic AI, arxiv:2412.00568)",
data/the_well_outcomes_verification_panel_benchmark.json	6871	reference	arxiv	2412.00568	OK	2024	The Well: a Large-Scale Collection of Diverse Physics Simulations for Machine Learning	"reference": "The Well stats.yaml aggregate (Polymathic AI, arxiv:2412.00568)"
data/the_well_outcomes_verification_panel_benchmark.json	6887	reference	arxiv	2412.00568	OK	2024	The Well: a Large-Scale Collection of Diverse Physics Simulations for Machine Learning	"reference": "The Well stats.yaml aggregate (Polymathic AI, arxiv:2412.00568)",
data/the_well_outcomes_verification_panel_benchmark.json	6902	reference	arxiv	2412.00568	OK	2024	The Well: a Large-Scale Collection of Diverse Physics Simulations for Machine Learning	"reference": "The Well stats.yaml aggregate (Polymathic AI, arxiv:2412.00568)"
data/the_well_outcomes_verification_panel_benchmark.json	6918	reference	arxiv	2412.00568	OK	2024	The Well: a Large-Scale Collection of Diverse Physics Simulations for Machine Learning	"reference": "The Well stats.yaml aggregate (Polymathic AI, arxiv:2412.00568)",
data/the_well_outcomes_verification_panel_benchmark.json	6933	reference	arxiv	2412.00568	OK	2024	The Well: a Large-Scale Collection of Diverse Physics Simulations for Machine Learning	"reference": "The Well stats.yaml aggregate (Polymathic AI, arxiv:2412.00568)"
data/the_well_outcomes_verification_panel_benchmark.json	6949	reference	arxiv	2412.00568	OK	2024	The Well: a Large-Scale Collection of Diverse Physics Simulations for Machine Learning	"reference": "The Well stats.yaml aggregate (Polymathic AI, arxiv:2412.00568)",
data/the_well_outcomes_verification_panel_benchmark.json	6964	reference	arxiv	2412.00568	OK	2024	The Well: a Large-Scale Collection of Diverse Physics Simulations for Machine Learning	"reference": "The Well stats.yaml aggregate (Polymathic AI, arxiv:2412.00568)"
data/the_well_outcomes_verification_panel_benchmark.json	6980	reference	arxiv	2412.00568	OK	2024	The Well: a Large-Scale Collection of Diverse Physics Simulations for Machine Learning	"reference": "The Well stats.yaml aggregate (Polymathic AI, arxiv:2412.00568)",
data/the_well_outcomes_verification_panel_benchmark.json	6995	reference	arxiv	2412.00568	OK	2024	The Well: a Large-Scale Collection of Diverse Physics Simulations for Machine Learning	"reference": "The Well stats.yaml aggregate (Polymathic AI, arxiv:2412.00568)"
data/the_well_outcomes_verification_panel_benchmark.json	7011	reference	arxiv	2412.00568	OK	2024	The Well: a Large-Scale Collection of Diverse Physics Simulations for Machine Learning	"reference": "The Well stats.yaml aggregate (Polymathic AI, arxiv:2412.00568)",
data/the_well_outcomes_verification_panel_benchmark.json	7026	reference	arxiv	2412.00568	OK	2024	The Well: a Large-Scale Collection of Diverse Physics Simulations for Machine Learning	"reference": "The Well stats.yaml aggregate (Polymathic AI, arxiv:2412.00568)"
data/the_well_outcomes_verification_panel_benchmark.json	7042	reference	arxiv	2412.00568	OK	2024	The Well: a Large-Scale Collection of Diverse Physics Simulations for Machine Learning	"reference": "The Well stats.yaml aggregate (Polymathic AI, arxiv:2412.00568)",
data/the_well_outcomes_verification_panel_benchmark.json	7057	reference	arxiv	2412.00568	OK	2024	The Well: a Large-Scale Collection of Diverse Physics Simulations for Machine Learning	"reference": "The Well stats.yaml aggregate (Polymathic AI, arxiv:2412.00568)"
data/the_well_outcomes_verification_panel_benchmark.json	7073	reference	arxiv	2412.00568	OK	2024	The Well: a Large-Scale Collection of Diverse Physics Simulations for Machine Learning	"reference": "The Well stats.yaml aggregate (Polymathic AI, arxiv:2412.00568)",
data/the_well_outcomes_verification_panel_benchmark.json	7088	reference	arxiv	2412.00568	OK	2024	The Well: a Large-Scale Collection of Diverse Physics Simulations for Machine Learning	"reference": "The Well stats.yaml aggregate (Polymathic AI, arxiv:2412.00568)"
data/the_well_outcomes_verification_panel_benchmark.json	7104	reference	arxiv	2412.00568	OK	2024	The Well: a Large-Scale Collection of Diverse Physics Simulations for Machine Learning	"reference": "The Well stats.yaml aggregate (Polymathic AI, arxiv:2412.00568)",
data/the_well_outcomes_verification_panel_benchmark.json	7119	reference	arxiv	2412.00568	OK	2024	The Well: a Large-Scale Collection of Diverse Physics Simulations for Machine Learning	"reference": "The Well stats.yaml aggregate (Polymathic AI, arxiv:2412.00568)"
data/the_well_outcomes_verification_panel_benchmark.json	7135	reference	arxiv	2412.00568	OK	2024	The Well: a Large-Scale Collection of Diverse Physics Simulations for Machine Learning	"reference": "The Well stats.yaml aggregate (Polymathic AI, arxiv:2412.00568)",
data/the_well_outcomes_verification_panel_benchmark.json	7150	reference	arxiv	2412.00568	OK	2024	The Well: a Large-Scale Collection of Diverse Physics Simulations for Machine Learning	"reference": "The Well stats.yaml aggregate (Polymathic AI, arxiv:2412.00568)"
data/the_well_outcomes_verification_panel_benchmark.json	7166	reference	arxiv	2412.00568	OK	2024	The Well: a Large-Scale Collection of Diverse Physics Simulations for Machine Learning	"reference": "The Well stats.yaml aggregate (Polymathic AI, arxiv:2412.00568)",
data/the_well_outcomes_verification_panel_benchmark.json	7181	reference	arxiv	2412.00568	OK	2024	The Well: a Large-Scale Collection of Diverse Physics Simulations for Machine Learning	"reference": "The Well stats.yaml aggregate (Polymathic AI, arxiv:2412.00568)"
data/the_well_outcomes_verification_panel_benchmark.json	7197	reference	arxiv	2412.00568	OK	2024	The Well: a Large-Scale Collection of Diverse Physics Simulations for Machine Learning	"reference": "The Well stats.yaml aggregate (Polymathic AI, arxiv:2412.00568)",
data/the_well_outcomes_verification_panel_benchmark.json	7212	reference	arxiv	2412.00568	OK	2024	The Well: a Large-Scale Collection of Diverse Physics Simulations for Machine Learning	"reference": "The Well stats.yaml aggregate (Polymathic AI, arxiv:2412.00568)"
data/the_well_outcomes_verification_panel_benchmark.json	7228	reference	arxiv	2412.00568	OK	2024	The Well: a Large-Scale Collection of Diverse Physics Simulations for Machine Learning	"reference": "The Well stats.yaml aggregate (Polymathic AI, arxiv:2412.00568)",
data/the_well_outcomes_verification_panel_benchmark.json	7243	reference	arxiv	2412.00568	OK	2024	The Well: a Large-Scale Collection of Diverse Physics Simulations for Machine Learning	"reference": "The Well stats.yaml aggregate (Polymathic AI, arxiv:2412.00568)"
data/the_well_outcomes_verification_panel_benchmark.json	7259	reference	arxiv	2412.00568	OK	2024	The Well: a Large-Scale Collection of Diverse Physics Simulations for Machine Learning	"reference": "The Well stats.yaml aggregate (Polymathic AI, arxiv:2412.00568)",
data/the_well_outcomes_verification_panel_benchmark.json	7274	reference	arxiv	2412.00568	OK	2024	The Well: a Large-Scale Collection of Diverse Physics Simulations for Machine Learning	"reference": "The Well stats.yaml aggregate (Polymathic AI, arxiv:2412.00568)"
data/the_well_outcomes_verification_panel_benchmark.json	7290	reference	arxiv	2412.00568	OK	2024	The Well: a Large-Scale Collection of Diverse Physics Simulations for Machine Learning	"reference": "The Well stats.yaml aggregate (Polymathic AI, arxiv:2412.00568)",
data/the_well_outcomes_verification_panel_benchmark.json	7305	reference	arxiv	2412.00568	OK	2024	The Well: a Large-Scale Collection of Diverse Physics Simulations for Machine Learning	"reference": "The Well stats.yaml aggregate (Polymathic AI, arxiv:2412.00568)"
data/the_well_outcomes_verification_panel_benchmark.json	7321	reference	arxiv	2412.00568	OK	2024	The Well: a Large-Scale Collection of Diverse Physics Simulations for Machine Learning	"reference": "The Well stats.yaml aggregate (Polymathic AI, arxiv:2412.00568)",
data/the_well_outcomes_verification_panel_benchmark.json	7336	reference	arxiv	2412.00568	OK	2024	The Well: a Large-Scale Collection of Diverse Physics Simulations for Machine Learning	"reference": "The Well stats.yaml aggregate (Polymathic AI, arxiv:2412.00568)"
data/the_well_outcomes_verification_panel_benchmark.json	7352	reference	arxiv	2412.00568	OK	2024	The Well: a Large-Scale Collection of Diverse Physics Simulations for Machine Learning	"reference": "The Well stats.yaml aggregate (Polymathic AI, arxiv:2412.00568)",
data/the_well_outcomes_verification_panel_benchmark.json	7367	reference	arxiv	2412.00568	OK	2024	The Well: a Large-Scale Collection of Diverse Physics Simulations for Machine Learning	"reference": "The Well stats.yaml aggregate (Polymathic AI, arxiv:2412.00568)"
data/the_well_outcomes_verification_panel_benchmark.json	7383	reference	arxiv	2412.00568	OK	2024	The Well: a Large-Scale Collection of Diverse Physics Simulations for Machine Learning	"reference": "The Well stats.yaml aggregate (Polymathic AI, arxiv:2412.00568)",
data/the_well_outcomes_verification_panel_benchmark.json	7398	reference	arxiv	2412.00568	OK	2024	The Well: a Large-Scale Collection of Diverse Physics Simulations for Machine Learning	"reference": "The Well stats.yaml aggregate (Polymathic AI, arxiv:2412.00568)"
data/the_well_outcomes_verification_panel_benchmark.json	7414	reference	arxiv	2412.00568	OK	2024	The Well: a Large-Scale Collection of Diverse Physics Simulations for Machine Learning	"reference": "The Well stats.yaml aggregate (Polymathic AI, arxiv:2412.00568)",
data/the_well_outcomes_verification_panel_benchmark.json	7429	reference	arxiv	2412.00568	OK	2024	The Well: a Large-Scale Collection of Diverse Physics Simulations for Machine Learning	"reference": "The Well stats.yaml aggregate (Polymathic AI, arxiv:2412.00568)"
data/the_well_outcomes_verification_panel_benchmark.json	7445	reference	arxiv	2412.00568	OK	2024	The Well: a Large-Scale Collection of Diverse Physics Simulations for Machine Learning	"reference": "The Well stats.yaml aggregate (Polymathic AI, arxiv:2412.00568)",
data/the_well_outcomes_verification_panel_benchmark.json	7460	reference	arxiv	2412.00568	OK	2024	The Well: a Large-Scale Collection of Diverse Physics Simulations for Machine Learning	"reference": "The Well stats.yaml aggregate (Polymathic AI, arxiv:2412.00568)"
data/the_well_outcomes_verification_panel_benchmark.json	7476	reference	arxiv	2412.00568	OK	2024	The Well: a Large-Scale Collection of Diverse Physics Simulations for Machine Learning	"reference": "The Well stats.yaml aggregate (Polymathic AI, arxiv:2412.00568)",
data/the_well_outcomes_verification_panel_benchmark.json	7491	reference	arxiv	2412.00568	OK	2024	The Well: a Large-Scale Collection of Diverse Physics Simulations for Machine Learning	"reference": "The Well stats.yaml aggregate (Polymathic AI, arxiv:2412.00568)"
data/the_well_outcomes_verification_panel_benchmark.json	7507	reference	arxiv	2412.00568	OK	2024	The Well: a Large-Scale Collection of Diverse Physics Simulations for Machine Learning	"reference": "The Well stats.yaml aggregate (Polymathic AI, arxiv:2412.00568)",
data/the_well_outcomes_verification_panel_benchmark.json	7522	reference	arxiv	2412.00568	OK	2024	The Well: a Large-Scale Collection of Diverse Physics Simulations for Machine Learning	"reference": "The Well stats.yaml aggregate (Polymathic AI, arxiv:2412.00568)"
data/the_well_outcomes_verification_panel_benchmark.json	7538	reference	arxiv	2412.00568	OK	2024	The Well: a Large-Scale Collection of Diverse Physics Simulations for Machine Learning	"reference": "The Well stats.yaml aggregate (Polymathic AI, arxiv:2412.00568)",
data/the_well_outcomes_verification_panel_benchmark.json	7553	reference	arxiv	2412.00568	OK	2024	The Well: a Large-Scale Collection of Diverse Physics Simulations for Machine Learning	"reference": "The Well stats.yaml aggregate (Polymathic AI, arxiv:2412.00568)"
data/the_well_outcomes_verification_panel_benchmark.json	7569	reference	arxiv	2412.00568	OK	2024	The Well: a Large-Scale Collection of Diverse Physics Simulations for Machine Learning	"reference": "The Well stats.yaml aggregate (Polymathic AI, arxiv:2412.00568)",
data/the_well_outcomes_verification_panel_benchmark.json	7584	reference	arxiv	2412.00568	OK	2024	The Well: a Large-Scale Collection of Diverse Physics Simulations for Machine Learning	"reference": "The Well stats.yaml aggregate (Polymathic AI, arxiv:2412.00568)"
data/the_well_outcomes_verification_panel_benchmark.json	7600	reference	arxiv	2412.00568	OK	2024	The Well: a Large-Scale Collection of Diverse Physics Simulations for Machine Learning	"reference": "The Well stats.yaml aggregate (Polymathic AI, arxiv:2412.00568)",
data/the_well_outcomes_verification_panel_benchmark.json	7615	reference	arxiv	2412.00568	OK	2024	The Well: a Large-Scale Collection of Diverse Physics Simulations for Machine Learning	"reference": "The Well stats.yaml aggregate (Polymathic AI, arxiv:2412.00568)"
data/the_well_outcomes_verification_panel_benchmark.json	7631	reference	arxiv	2412.00568	OK	2024	The Well: a Large-Scale Collection of Diverse Physics Simulations for Machine Learning	"reference": "The Well stats.yaml aggregate (Polymathic AI, arxiv:2412.00568)",
data/the_well_outcomes_verification_panel_benchmark.json	7646	reference	arxiv	2412.00568	OK	2024	The Well: a Large-Scale Collection of Diverse Physics Simulations for Machine Learning	"reference": "The Well stats.yaml aggregate (Polymathic AI, arxiv:2412.00568)"
data/the_well_outcomes_verification_panel_benchmark.json	7662	reference	arxiv	2412.00568	OK	2024	The Well: a Large-Scale Collection of Diverse Physics Simulations for Machine Learning	"reference": "The Well stats.yaml aggregate (Polymathic AI, arxiv:2412.00568)",
data/the_well_outcomes_verification_panel_benchmark.json	7677	reference	arxiv	2412.00568	OK	2024	The Well: a Large-Scale Collection of Diverse Physics Simulations for Machine Learning	"reference": "The Well stats.yaml aggregate (Polymathic AI, arxiv:2412.00568)"
data/the_well_outcomes_verification_panel_benchmark.json	7693	reference	arxiv	2412.00568	OK	2024	The Well: a Large-Scale Collection of Diverse Physics Simulations for Machine Learning	"reference": "The Well stats.yaml aggregate (Polymathic AI, arxiv:2412.00568)",
data/the_well_outcomes_verification_panel_benchmark.json	7708	reference	arxiv	2412.00568	OK	2024	The Well: a Large-Scale Collection of Diverse Physics Simulations for Machine Learning	"reference": "The Well stats.yaml aggregate (Polymathic AI, arxiv:2412.00568)"
docs/H0_DUAL_OBJECT.md	8	text	arxiv	2503.14452	OK	2025	The Atacama Cosmology Telescope: DR6 Power Spectra, Likelihoods and $Λ$CDM Parameters	| **Live CMB+BAO class** | same formula | P-ACT-LB2 \(68.43\pm0.27\) (Louis et al. arXiv:2503.14452 eq. 41) | **0.022%**. Planck 2018 67.4 is a dated posterior. |
results/MISSES.md	9	text	arxiv	2503.14452	OK	2025	The Atacama Cosmology Telescope: DR6 Power Spectra, Likelihoods and $Λ$CDM Parameters	| H0-PLANCK-CLASS | A | wave-1 global \(100(1+S_{\mathrm{cosm}}A_{\mathrm{bleed}}/A_{\mathrm{in}})=68.445\) vs Planck 2018 67.4 | **Superseded object:** freeze scored the **global** CMB background on Planck-2018-only. Live CMB+BAO class is P-ACT-LB2 \(68.43\pm0.27\) (Louis et al. arXiv:2503.14452 eq
docs/OBJECT_SCORING.md	43	text	arxiv	2503.14738	OK	2025	DESI DR2 Results II: Measurements of Baryon Acoustic Oscillations and Cosmological Constraints	DESI DR2 prefers wₐ<0 / evolving DE (~3.1σ DESI+CMB over ΛCDM in some combinations); SN sample **moves** the significance (doi:10.1103/PhysRevD.112.083515 · arXiv:2503.14738).
data/falsification_registry_closure.json	91	source	arxiv	2505.21476	OK	2025	The anomalous magnetic moment of the muon in the Standard Model: an update	"source": "https://arxiv.org/abs/2505.21476"
docs/OBJECT_COMPARE.md	17	text	arxiv	2509.01667	OK	2025	The Perfect Host: JWST Cepheid Observations in a Background-Free SN Ia Host Confirm No Bias in Hubble-Constant Measurements	| JWST Perfect Host 73.49±0.93 (arXiv:2509.01667) | 73.49 km/s/Mpc | PRED-024 / hosts-only local ladder (73.8019) | `local_ladder` | **hold** | Hosts-only 73.802 vs 73.49 (0.424%). Same Cepheid-ladder sector. | PRED-001 bridge 70.75 |
docs/OBJECT_SCORING.md	12	text	arxiv	2509.01667	OK	2025	The Perfect Host: JWST Cepheid Observations in a Background-Free SN Ia Host Confirm No Bias in Hubble-Constant Measurements	JWST Perfect Host **73.49 ± 0.93** (doi:10.3847/2041-8213/ae0ad6 · arXiv:2509.01667)
data/laws_of_reality.json	162	live	arxiv	2601.14559	OK	2026	Dark Energy Survey Year 6 Results: Cosmological Constraints from Galaxy Clustering and Weak Lensing	"live": "DES Y6 alone 0.789; joint DES+CMB+low-z 0.806 (arXiv:2601.14559). Euclid DR1 awaiting.",
docs/LAWS_OF_REALITY.md	41	text	arxiv	2601.14559	OK	2026	Dark Energy Survey Year 6 Results: Cosmological Constraints from Galaxy Clustering and Weak Lensing	| `D7` | **s8_joint_not_alone** | S8 lock 0.805 sits between Planck and DES. DES-alone is a tension row; the joint is the fair compare. | DES Y6 alone 0.789; joint DES+CMB+low-z 0.806 (arXiv:2601.14559). Euclid DR1 awaiting. |
docs/OBJECT_COMPARE.md	24	text	arxiv	2601.14559	OK	2026	Dark Energy Survey Year 6 Results: Cosmological Constraints from Galaxy Clustering and Weak Lensing	| Joint DES+CMB+low-z S8 = 0.806 (arXiv:2601.14559) | 0.806 S8 | PRED-002 / PRED-042 0.805 (0.805) | `fair_compare` | **hold** | Joint 0.806 vs lock 0.805 (0.124%). Discriminant is between Planck and DES. | Euclid CLOE FoM as measured S8 |
docs/OBJECT_SCORING.md	34	text	arxiv	2601.14559	OK	2026	Dark Energy Survey Year 6 Results: Cosmological Constraints from Galaxy Clustering and Weak Lensing	| Joint DES+CMB+low-z | **0.806** | **Fair compare** to 0.805 (arXiv:2601.14559 primary; review arXiv:2602.12238) |
predictions/reports/SCIENTIST_OPEN_QUESTIONS.md	31	text	arxiv	2601.14559	OK	2026	Dark Energy Survey Year 6 Results: Cosmological Constraints from Galaxy Clustering and Weak Lensing	| `Q-S8-01` | cosmology | S8 tension (Planck vs weak lensing)? | Open. Euclid DR1 is the next independent drop. | PRED-002 / PRED-042 lock 0.805. DES Y6 alone 0.789 is a tension row; joint DES+CMB+low-z 0.806 is the fair compare (arXiv:2601.14559). Euclid DR1 Nov 2026 still awaiting. CLOE is synthet
results/INDEX.md	25	text	arxiv	2601.14559	OK	2026	Dark Energy Survey Year 6 Results: Cosmological Constraints from Galaxy Clustering and Weak Lensing	| PRED-002 / 042 | S8 = 0.805 | DES Y6 **alone** 0.789 = tension row; joint DES+CMB+low-z **0.806** = fair compare (arXiv:2601.14559). Euclid DR1 **awaiting** (CLOE is synthetic) | **awaiting** (Euclid) / joint **adjacent** |
docs/OBJECT_SCORING.md	34	text	arxiv	2602.12238	OK	2026	Status of the $S_8$ Tension: A 2026 Review of Probe Discrepancies	| Joint DES+CMB+low-z | **0.806** | **Fair compare** to 0.805 (arXiv:2601.14559 primary; review arXiv:2602.12238) |
data/crossref_scholarly_panel_benchmark.json	4010	name	doi	10.1001/archinte.1962.03620190072011	OK	1962	Skin Vascular Alterations in Diabetes Mellitus	"name": "10.1001/archinte.1962.03620190072011",
data/crossref_scholarly_panel_benchmark.json	4019	display_name	doi	10.1001/archinte.1962.03620190072011	OK	1962	Skin Vascular Alterations in Diabetes Mellitus	"display_name": "10.1001/archinte.1962.03620190072011",
data/crossref_scholarly_panel_benchmark.json	4035	name	doi	10.1001/archinte.1962.03620190072011	OK	1962	Skin Vascular Alterations in Diabetes Mellitus	"name": "10.1001/archinte.1962.03620190072011",
data/crossref_scholarly_panel_benchmark.json	4044	display_name	doi	10.1001/archinte.1962.03620190072011	OK	1962	Skin Vascular Alterations in Diabetes Mellitus	"display_name": "10.1001/archinte.1962.03620190072011",
data/crossref_scholarly_panel_benchmark.json	835	name	doi	10.1001/jama.1959.03000260008002	OK	1959	DIABETES IN A NEW ENGLAND TOWN	"name": "10.1001/jama.1959.03000260008002",
data/crossref_scholarly_panel_benchmark.json	844	display_name	doi	10.1001/jama.1959.03000260008002	OK	1959	DIABETES IN A NEW ENGLAND TOWN	"display_name": "10.1001/jama.1959.03000260008002",
data/crossref_scholarly_panel_benchmark.json	860	name	doi	10.1001/jama.1959.03000260008002	OK	1959	DIABETES IN A NEW ENGLAND TOWN	"name": "10.1001/jama.1959.03000260008002",
data/crossref_scholarly_panel_benchmark.json	869	display_name	doi	10.1001/jama.1959.03000260008002	OK	1959	DIABETES IN A NEW ENGLAND TOWN	"display_name": "10.1001/jama.1959.03000260008002",
data/crossref_scholarly_panel_benchmark.json	85	name	doi	10.1002/9781119584414.ch4	OK	2021	Complete Dental Cleaning	"name": "10.1002/9781119584414.ch4",
data/crossref_scholarly_panel_benchmark.json	94	display_name	doi	10.1002/9781119584414.ch4	OK	2021	Complete Dental Cleaning	"display_name": "10.1002/9781119584414.ch4",
data/crossref_scholarly_panel_benchmark.json	110	name	doi	10.1002/9781119584414.ch4	OK	2021	Complete Dental Cleaning	"name": "10.1002/9781119584414.ch4",
data/crossref_scholarly_panel_benchmark.json	119	display_name	doi	10.1002/9781119584414.ch4	OK	2021	Complete Dental Cleaning	"display_name": "10.1002/9781119584414.ch4",
data/ppm_granularity.json	1854	name	doi	10.1002/9781119584414.ch4	OK	2021	Complete Dental Cleaning	"name": "10.1002/9781119584414.ch4",
docs/THESIS_APPENDIX_XII.md	9219	text	doi	10.1007/978-0-387-30160-0_1141	OK	2007	Becke test	| citation_count · 10.1007/978-0-387-30160-0_1141 | 0 | 0 | 0 |
docs/THESIS_APPENDIX_XII.md	9222	text	doi	10.1007/978-0-387-30160-0_1141	OK	2007	Becke test	| publication_year · 10.1007/978-0-387-30160-0_1141 | 2007 | 2007.28 | 0.01382 |
docs/THESIS_APPENDIX_XII.md	9223	text	doi	10.1007/978-0-387-74759-0_163	OK	2008	Equilibrium Networks	| citation_count · 10.1007/978-0-387-74759-0_163 | 0 | 0 | 0 |
data/public_verifiable_spine_benchmark.json	228	display_name	doi	10.1007/978-3-031-23161-2	OK	2024	Encyclopedia of Computer Graphics and Games	"display_name": "10.1007/978-3-031-23161-2 300726",
data/public_verifiable_spine_benchmark.json	221	name	doi	10.1007/978-3-031-23161-2_300726	OK	2024	Loot Crates	"name": "10.1007/978-3-031-23161-2_300726",
data/scientific_metrics_github_report.json	6379	name	doi	10.1007/978-3-031-23161-2_300726	OK	2024	Loot Crates	"name": "10.1007/978-3-031-23161-2_300726",
docs/THESIS_APPENDIX_XII.md	11964	text	doi	10.1007/978-3-031-23161-2_300726	OK	2024	Loot Crates	| citation_count · 10.1007/978-3-031-23161-2_300726 | 0 | 0 | 0 |
data/scientific_metrics_github_report.json	6413	name	doi	10.1007/978-3-031-28170-9_6	OK	2023	The Fiscal Treatment of Family Size: A Further Look	"name": "10.1007/978-3-031-28170-9_6",
data/public_verifiable_spine_benchmark.json	182	display_name	doi	10.1007/978-3-658-17671-6	OK	2020	Handbuch Innovationsforschung	"display_name": "10.1007/978-3-658-17671-6 18-1",
data/public_verifiable_spine_benchmark.json	205	display_name	doi	10.1007/978-3-658-17671-6	OK	2020	Handbuch Innovationsforschung	"display_name": "10.1007/978-3-658-17671-6 18-1",
data/public_verifiable_spine_benchmark.json	175	name	doi	10.1007/978-3-658-17671-6_18-1	OK	2018	Soziale Innovation	"name": "10.1007/978-3-658-17671-6_18-1",
data/public_verifiable_spine_benchmark.json	198	name	doi	10.1007/978-3-658-17671-6_18-1	OK	2018	Soziale Innovation	"name": "10.1007/978-3-658-17671-6_18-1",
data/scientific_metrics_github_report.json	6362	name	doi	10.1007/978-3-658-17671-6_18-1	OK	2018	Soziale Innovation	"name": "10.1007/978-3-658-17671-6_18-1",
data/scientific_metrics_github_report.json	6430	name	doi	10.1007/978-981-16-8679-5_306	OK	2022	Teaching Comparative Education in Cuba and the United States	"name": "10.1007/978-981-16-8679-5_306",
data/crossref_scholarly_panel_benchmark.json	4460	name	doi	10.1007/bf02021500	OK	1969	The relationship between diet and composition of bladder bile in mice	"name": "10.1007/bf02021500",
data/crossref_scholarly_panel_benchmark.json	4469	display_name	doi	10.1007/bf02021500	OK	1969	The relationship between diet and composition of bladder bile in mice	"display_name": "10.1007/bf02021500",
data/crossref_scholarly_panel_benchmark.json	4485	name	doi	10.1007/bf02021500	OK	1969	The relationship between diet and composition of bladder bile in mice	"name": "10.1007/bf02021500",
data/crossref_scholarly_panel_benchmark.json	4494	display_name	doi	10.1007/bf02021500	OK	1969	The relationship between diet and composition of bladder bile in mice	"display_name": "10.1007/bf02021500",
data/crossref_scholarly_panel_benchmark.json	135	name	doi	10.1007/bfb0086411	OK	1989	Spherical finite type submanifolds.Applications	"name": "10.1007/bfb0086411",
data/crossref_scholarly_panel_benchmark.json	144	display_name	doi	10.1007/bfb0086411	OK	1989	Spherical finite type submanifolds.Applications	"display_name": "10.1007/bfb0086411",
data/crossref_scholarly_panel_benchmark.json	160	name	doi	10.1007/bfb0086411	OK	1989	Spherical finite type submanifolds.Applications	"name": "10.1007/bfb0086411",
data/crossref_scholarly_panel_benchmark.json	169	display_name	doi	10.1007/bfb0086411	OK	1989	Spherical finite type submanifolds.Applications	"display_name": "10.1007/bfb0086411",
data/crossref_scholarly_panel_benchmark.json	1535	name	doi	10.1007/s10586-023-04231-3	OK	2024	A performance evaluation model for users’ satisfaction in federated clouds	"name": "10.1007/s10586-023-04231-3",
data/crossref_scholarly_panel_benchmark.json	1544	display_name	doi	10.1007/s10586-023-04231-3	OK	2024	A performance evaluation model for users’ satisfaction in federated clouds	"display_name": "10.1007/s10586-023-04231-3",
data/crossref_scholarly_panel_benchmark.json	1560	name	doi	10.1007/s10586-023-04231-3	OK	2024	A performance evaluation model for users’ satisfaction in federated clouds	"name": "10.1007/s10586-023-04231-3",
data/crossref_scholarly_panel_benchmark.json	1569	display_name	doi	10.1007/s10586-023-04231-3	OK	2024	A performance evaluation model for users’ satisfaction in federated clouds	"display_name": "10.1007/s10586-023-04231-3",
data/crossref_scholarly_panel_benchmark.json	1035	name	doi	10.1007/s11259-005-3081-7	OK	2005	Extrinsic Cardiac Nerve Distribution in Goitred Gazelle (Gazella subgutturosa)	"name": "10.1007/s11259-005-3081-7",
data/crossref_scholarly_panel_benchmark.json	1044	display_name	doi	10.1007/s11259-005-3081-7	OK	2005	Extrinsic Cardiac Nerve Distribution in Goitred Gazelle (Gazella subgutturosa)	"display_name": "10.1007/s11259-005-3081-7",
data/crossref_scholarly_panel_benchmark.json	1060	name	doi	10.1007/s11259-005-3081-7	OK	2005	Extrinsic Cardiac Nerve Distribution in Goitred Gazelle (Gazella subgutturosa)	"name": "10.1007/s11259-005-3081-7",
data/crossref_scholarly_panel_benchmark.json	1069	display_name	doi	10.1007/s11259-005-3081-7	OK	2005	Extrinsic Cardiac Nerve Distribution in Goitred Gazelle (Gazella subgutturosa)	"display_name": "10.1007/s11259-005-3081-7",
data/crossref_scholarly_panel_benchmark.json	885	name	doi	10.1016/0048-721x(78)90038-6	OK	1978	The cultural heritage of Ladakh: Volume I David L. Snellgrove, Tadeusz Skorupski, Warminster, Aris and Phillips, 1977. xvi + 144 pp. Illus: 20 colour plates and	"name": "10.1016/0048-721x(78)90038-6",
data/crossref_scholarly_panel_benchmark.json	894	display_name	doi	10.1016/0048-721x(78)90038-6	OK	1978	The cultural heritage of Ladakh: Volume I David L. Snellgrove, Tadeusz Skorupski, Warminster, Aris and Phillips, 1977. xvi + 144 pp. Illus: 20 colour plates and	"display_name": "10.1016/0048-721x(78)90038-6",
data/crossref_scholarly_panel_benchmark.json	910	name	doi	10.1016/0048-721x(78)90038-6	OK	1978	The cultural heritage of Ladakh: Volume I David L. Snellgrove, Tadeusz Skorupski, Warminster, Aris and Phillips, 1977. xvi + 144 pp. Illus: 20 colour plates and	"name": "10.1016/0048-721x(78)90038-6",
data/crossref_scholarly_panel_benchmark.json	919	display_name	doi	10.1016/0048-721x(78)90038-6	OK	1978	The cultural heritage of Ladakh: Volume I David L. Snellgrove, Tadeusz Skorupski, Warminster, Aris and Phillips, 1977. xvi + 144 pp. Illus: 20 colour plates and	"display_name": "10.1016/0048-721x(78)90038-6",
data/crossref_scholarly_panel_benchmark.json	2735	name	doi	10.1016/0140-6736(91)90874-o	OK	1991	Stress proteins and myocardial protection	"name": "10.1016/0140-6736(91)90874-o",
data/crossref_scholarly_panel_benchmark.json	2744	display_name	doi	10.1016/0140-6736(91)90874-o	OK	1991	Stress proteins and myocardial protection	"display_name": "10.1016/0140-6736(91)90874-o",
data/crossref_scholarly_panel_benchmark.json	2760	name	doi	10.1016/0140-6736(91)90874-o	OK	1991	Stress proteins and myocardial protection	"name": "10.1016/0140-6736(91)90874-o",
data/crossref_scholarly_panel_benchmark.json	2769	display_name	doi	10.1016/0140-6736(91)90874-o	OK	1991	Stress proteins and myocardial protection	"display_name": "10.1016/0140-6736(91)90874-o",
data/scientific_metrics_github_report.json	6396	name	doi	10.1016/b978-0-08-102696-0.00020-8	OK	2022	Sensor data analysis, reduction, and fusion for assessing and monitoring civil infrastructures	"name": "10.1016/b978-0-08-102696-0.00020-8",
data/crossref_scholarly_panel_benchmark.json	635	name	doi	10.1016/j.denabs.2017.11.037	OK	2018	Pulp exposure during carious tissue removal in adults	"name": "10.1016/j.denabs.2017.11.037",
data/crossref_scholarly_panel_benchmark.json	644	display_name	doi	10.1016/j.denabs.2017.11.037	OK	2018	Pulp exposure during carious tissue removal in adults	"display_name": "10.1016/j.denabs.2017.11.037",
data/crossref_scholarly_panel_benchmark.json	660	name	doi	10.1016/j.denabs.2017.11.037	OK	2018	Pulp exposure during carious tissue removal in adults	"name": "10.1016/j.denabs.2017.11.037",
data/crossref_scholarly_panel_benchmark.json	669	display_name	doi	10.1016/j.denabs.2017.11.037	OK	2018	Pulp exposure during carious tissue removal in adults	"display_name": "10.1016/j.denabs.2017.11.037",
data/crossref_scholarly_panel_benchmark.json	3960	name	doi	10.1016/j.ijlcj.2013.08.003	OK	2013	What do students really know about criminal justice?	"name": "10.1016/j.ijlcj.2013.08.003",
data/crossref_scholarly_panel_benchmark.json	3969	display_name	doi	10.1016/j.ijlcj.2013.08.003	OK	2013	What do students really know about criminal justice?	"display_name": "10.1016/j.ijlcj.2013.08.003",
data/crossref_scholarly_panel_benchmark.json	3985	name	doi	10.1016/j.ijlcj.2013.08.003	OK	2013	What do students really know about criminal justice?	"name": "10.1016/j.ijlcj.2013.08.003",
data/crossref_scholarly_panel_benchmark.json	3994	display_name	doi	10.1016/j.ijlcj.2013.08.003	OK	2013	What do students really know about criminal justice?	"display_name": "10.1016/j.ijlcj.2013.08.003",
data/crossref_scholarly_panel_benchmark.json	2960	name	doi	10.1016/j.partic.2014.05.004	OK	2015	Simulation of dynamic fluid–solid interactions with an improved direct-forcing immersed boundary method	"name": "10.1016/j.partic.2014.05.004",
data/crossref_scholarly_panel_benchmark.json	2969	display_name	doi	10.1016/j.partic.2014.05.004	OK	2015	Simulation of dynamic fluid–solid interactions with an improved direct-forcing immersed boundary method	"display_name": "10.1016/j.partic.2014.05.004",
data/crossref_scholarly_panel_benchmark.json	2985	name	doi	10.1016/j.partic.2014.05.004	OK	2015	Simulation of dynamic fluid–solid interactions with an improved direct-forcing immersed boundary method	"name": "10.1016/j.partic.2014.05.004",
data/crossref_scholarly_panel_benchmark.json	2994	display_name	doi	10.1016/j.partic.2014.05.004	OK	2015	Simulation of dynamic fluid–solid interactions with an improved direct-forcing immersed boundary method	"display_name": "10.1016/j.partic.2014.05.004",
data/crossref_scholarly_panel_benchmark.json	435	name	doi	10.1016/s0026-0576(03)80495-6	OK	2003	Powder transfer apparatus	"name": "10.1016/s0026-0576(03)80495-6",
data/crossref_scholarly_panel_benchmark.json	444	display_name	doi	10.1016/s0026-0576(03)80495-6	OK	2003	Powder transfer apparatus	"display_name": "10.1016/s0026-0576(03)80495-6",
data/crossref_scholarly_panel_benchmark.json	460	name	doi	10.1016/s0026-0576(03)80495-6	OK	2003	Powder transfer apparatus	"name": "10.1016/s0026-0576(03)80495-6",
data/crossref_scholarly_panel_benchmark.json	469	display_name	doi	10.1016/s0026-0576(03)80495-6	OK	2003	Powder transfer apparatus	"display_name": "10.1016/s0026-0576(03)80495-6",
data/crossref_scholarly_panel_benchmark.json	4835	name	doi	10.1016/s0926-6593(65)80241-7	OK	1965	Immunodiffusion studies on human liver and erythrocyte arginases	"name": "10.1016/s0926-6593(65)80241-7",
data/crossref_scholarly_panel_benchmark.json	4844	display_name	doi	10.1016/s0926-6593(65)80241-7	OK	1965	Immunodiffusion studies on human liver and erythrocyte arginases	"display_name": "10.1016/s0926-6593(65)80241-7",
data/crossref_scholarly_panel_benchmark.json	4860	name	doi	10.1016/s0926-6593(65)80241-7	OK	1965	Immunodiffusion studies on human liver and erythrocyte arginases	"name": "10.1016/s0926-6593(65)80241-7",
data/crossref_scholarly_panel_benchmark.json	4869	display_name	doi	10.1016/s0926-6593(65)80241-7	OK	1965	Immunodiffusion studies on human liver and erythrocyte arginases	"display_name": "10.1016/s0926-6593(65)80241-7",
data/crossref_scholarly_panel_benchmark.json	1135	name	doi	10.1017/cbo9780511761942.026	OK	2010	Bibliography	"name": "10.1017/cbo9780511761942.026",
data/crossref_scholarly_panel_benchmark.json	1144	display_name	doi	10.1017/cbo9780511761942.026	OK	2010	Bibliography	"display_name": "10.1017/cbo9780511761942.026",
data/crossref_scholarly_panel_benchmark.json	1160	name	doi	10.1017/cbo9780511761942.026	OK	2010	Bibliography	"name": "10.1017/cbo9780511761942.026",
data/crossref_scholarly_panel_benchmark.json	1169	display_name	doi	10.1017/cbo9780511761942.026	OK	2010	Bibliography	"display_name": "10.1017/cbo9780511761942.026",
data/benchmark_anchor_citation_ledger.json	2717	url	doi	10.1038/nmat2090	OK	2008	Complex thermoelectric materials	"url": "https://doi.org/10.1038/nmat2090",
data/benchmark_anchor_citation_ledger.json	12122	url	doi	10.1038/nmat2090	OK	2008	Complex thermoelectric materials	"url": "https://doi.org/10.1038/nmat2090",
data/benchmark_anchor_citation_ledger.json	12446	url	doi	10.1038/nmat2090	OK	2008	Complex thermoelectric materials	"url": "https://doi.org/10.1038/nmat2090",
data/benchmark_anchor_citation_ledger.json	12807	url	doi	10.1038/nmat2090	OK	2008	Complex thermoelectric materials	"url": "https://doi.org/10.1038/nmat2090",
data/benchmark_anchor_citation_ledger.json	12951	url	doi	10.1038/nmat2090	OK	2008	Complex thermoelectric materials	"url": "https://doi.org/10.1038/nmat2090",
data/benchmark_anchor_citation_ledger.json	13069	url	doi	10.1038/nmat2090	OK	2008	Complex thermoelectric materials	"url": "https://doi.org/10.1038/nmat2090",
data/benchmark_anchor_citation_ledger.json	13200	url	doi	10.1038/nmat2090	OK	2008	Complex thermoelectric materials	"url": "https://doi.org/10.1038/nmat2090",
data/benchmark_anchor_citation_ledger.json	13303	url	doi	10.1038/nmat2090	OK	2008	Complex thermoelectric materials	"url": "https://doi.org/10.1038/nmat2090",
data/benchmark_anchor_citation_ledger.json	13500	url	doi	10.1038/nmat2090	OK	2008	Complex thermoelectric materials	"url": "https://doi.org/10.1038/nmat2090",
data/benchmark_anchor_citation_ledger.json	13893	url	doi	10.1038/nmat2090	OK	2008	Complex thermoelectric materials	"url": "https://doi.org/10.1038/nmat2090",
data/benchmark_anchor_citation_ledger.json	14251	url	doi	10.1038/nmat2090	OK	2008	Complex thermoelectric materials	"url": "https://doi.org/10.1038/nmat2090",
data/benchmark_anchor_citation_ledger.json	15267	url	doi	10.1038/nmat2090	OK	2008	Complex thermoelectric materials	"url": "https://doi.org/10.1038/nmat2090",
data/benchmark_anchor_citation_ledger.json	15836	url	doi	10.1038/nmat2090	OK	2008	Complex thermoelectric materials	"url": "https://doi.org/10.1038/nmat2090",
data/benchmark_anchor_citation_ledger.json	15924	url	doi	10.1038/nmat2090	OK	2008	Complex thermoelectric materials	"url": "https://doi.org/10.1038/nmat2090",
data/benchmark_anchor_citation_ledger.json	16343	url	doi	10.1038/nmat2090	OK	2008	Complex thermoelectric materials	"url": "https://doi.org/10.1038/nmat2090",
data/benchmark_anchor_citation_ledger.json	16576	url	doi	10.1038/nmat2090	OK	2008	Complex thermoelectric materials	"url": "https://doi.org/10.1038/nmat2090",
data/benchmark_anchor_citation_ledger.json	16899	url	doi	10.1038/nmat2090	OK	2008	Complex thermoelectric materials	"url": "https://doi.org/10.1038/nmat2090",
data/benchmark_anchor_citation_ledger.json	16993	url	doi	10.1038/nmat2090	OK	2008	Complex thermoelectric materials	"url": "https://doi.org/10.1038/nmat2090",
data/benchmark_anchor_citation_ledger.json	17208	url	doi	10.1038/nmat2090	OK	2008	Complex thermoelectric materials	"url": "https://doi.org/10.1038/nmat2090",
data/benchmark_anchor_citation_ledger.json	17522	url	doi	10.1038/nmat2090	OK	2008	Complex thermoelectric materials	"url": "https://doi.org/10.1038/nmat2090",
data/benchmark_anchor_citation_ledger.json	18116	url	doi	10.1038/nmat2090	OK	2008	Complex thermoelectric materials	"url": "https://doi.org/10.1038/nmat2090",
data/benchmark_anchor_citation_ledger.json	18385	url	doi	10.1038/nmat2090	OK	2008	Complex thermoelectric materials	"url": "https://doi.org/10.1038/nmat2090",
data/benchmark_anchor_citation_ledger.json	18898	url	doi	10.1038/nmat2090	OK	2008	Complex thermoelectric materials	"url": "https://doi.org/10.1038/nmat2090",
data/benchmark_anchor_citation_ledger.json	19004	url	doi	10.1038/nmat2090	OK	2008	Complex thermoelectric materials	"url": "https://doi.org/10.1038/nmat2090",
data/benchmark_anchor_citation_ledger.json	19131	url	doi	10.1038/nmat2090	OK	2008	Complex thermoelectric materials	"url": "https://doi.org/10.1038/nmat2090",
data/benchmark_anchor_citation_ledger.json	19251	url	doi	10.1038/nmat2090	OK	2008	Complex thermoelectric materials	"url": "https://doi.org/10.1038/nmat2090",
data/benchmark_anchor_citation_ledger.json	20251	url	doi	10.1038/nmat2090	OK	2008	Complex thermoelectric materials	"url": "https://doi.org/10.1038/nmat2090",
data/benchmark_anchor_citation_ledger.json	20715	url	doi	10.1038/nmat2090	OK	2008	Complex thermoelectric materials	"url": "https://doi.org/10.1038/nmat2090",
data/benchmark_anchor_citation_ledger.json	21589	url	doi	10.1038/nmat2090	OK	2008	Complex thermoelectric materials	"url": "https://doi.org/10.1038/nmat2090",
data/benchmark_anchor_citation_ledger.json	22405	url	doi	10.1038/nmat2090	OK	2008	Complex thermoelectric materials	"url": "https://doi.org/10.1038/nmat2090",
data/benchmark_anchor_citation_ledger.json	22699	url	doi	10.1038/nmat2090	OK	2008	Complex thermoelectric materials	"url": "https://doi.org/10.1038/nmat2090",
data/benchmark_anchor_citation_ledger.json	23088	url	doi	10.1038/nmat2090	OK	2008	Complex thermoelectric materials	"url": "https://doi.org/10.1038/nmat2090",
data/benchmark_anchor_citation_ledger.json	23190	url	doi	10.1038/nmat2090	OK	2008	Complex thermoelectric materials	"url": "https://doi.org/10.1038/nmat2090",
data/benchmark_anchor_citation_ledger.json	23294	url	doi	10.1038/nmat2090	OK	2008	Complex thermoelectric materials	"url": "https://doi.org/10.1038/nmat2090",
data/benchmark_anchor_citation_ledger.json	23447	url	doi	10.1038/nmat2090	OK	2008	Complex thermoelectric materials	"url": "https://doi.org/10.1038/nmat2090",
data/benchmark_anchor_citation_ledger.json	23555	url	doi	10.1038/nmat2090	OK	2008	Complex thermoelectric materials	"url": "https://doi.org/10.1038/nmat2090",
data/benchmark_anchor_citation_ledger.json	23829	url	doi	10.1038/nmat2090	OK	2008	Complex thermoelectric materials	"url": "https://doi.org/10.1038/nmat2090",
data/benchmark_anchor_citation_ledger.json	24119	url	doi	10.1038/nmat2090	OK	2008	Complex thermoelectric materials	"url": "https://doi.org/10.1038/nmat2090",
data/benchmark_anchor_citation_ledger.json	24778	url	doi	10.1038/nmat2090	OK	2008	Complex thermoelectric materials	"url": "https://doi.org/10.1038/nmat2090",
data/benchmark_anchor_citation_ledger.json	25379	url	doi	10.1038/nmat2090	OK	2008	Complex thermoelectric materials	"url": "https://doi.org/10.1038/nmat2090",
data/benchmark_anchor_citation_ledger.json	25528	url	doi	10.1038/nmat2090	OK	2008	Complex thermoelectric materials	"url": "https://doi.org/10.1038/nmat2090",
data/benchmark_anchor_citation_ledger.json	26529	url	doi	10.1038/nmat2090	OK	2008	Complex thermoelectric materials	"url": "https://doi.org/10.1038/nmat2090",
data/benchmark_anchor_citation_ledger.json	27031	url	doi	10.1038/nmat2090	OK	2008	Complex thermoelectric materials	"url": "https://doi.org/10.1038/nmat2090",
data/benchmark_anchor_citation_ledger.json	27141	url	doi	10.1038/nmat2090	OK	2008	Complex thermoelectric materials	"url": "https://doi.org/10.1038/nmat2090",
data/benchmark_anchor_citation_ledger.json	28684	url	doi	10.1038/nmat2090	OK	2008	Complex thermoelectric materials	"url": "https://doi.org/10.1038/nmat2090",
data/benchmark_anchor_citation_ledger.json	29120	url	doi	10.1038/nmat2090	OK	2008	Complex thermoelectric materials	"url": "https://doi.org/10.1038/nmat2090",
data/benchmark_anchor_citation_ledger.json	29584	url	doi	10.1038/nmat2090	OK	2008	Complex thermoelectric materials	"url": "https://doi.org/10.1038/nmat2090",
data/benchmark_anchor_citation_ledger.json	30323	url	doi	10.1038/nmat2090	OK	2008	Complex thermoelectric materials	"url": "https://doi.org/10.1038/nmat2090",
data/benchmark_anchor_citation_ledger.json	30507	url	doi	10.1038/nmat2090	OK	2008	Complex thermoelectric materials	"url": "https://doi.org/10.1038/nmat2090",
data/benchmark_anchor_citation_ledger.json	30694	url	doi	10.1038/nmat2090	OK	2008	Complex thermoelectric materials	"url": "https://doi.org/10.1038/nmat2090",
data/benchmark_anchor_citation_ledger.json	30998	url	doi	10.1038/nmat2090	OK	2008	Complex thermoelectric materials	"url": "https://doi.org/10.1038/nmat2090",
data/benchmark_anchor_citation_ledger.json	31255	url	doi	10.1038/nmat2090	OK	2008	Complex thermoelectric materials	"url": "https://doi.org/10.1038/nmat2090",
data/benchmark_anchor_citation_ledger.json	31587	url	doi	10.1038/nmat2090	OK	2008	Complex thermoelectric materials	"url": "https://doi.org/10.1038/nmat2090",
data/benchmark_anchor_citation_ledger.json	31827	url	doi	10.1038/nmat2090	OK	2008	Complex thermoelectric materials	"url": "https://doi.org/10.1038/nmat2090",
data/benchmark_anchor_citation_ledger.json	32186	url	doi	10.1038/nmat2090	OK	2008	Complex thermoelectric materials	"url": "https://doi.org/10.1038/nmat2090",
data/benchmark_anchor_citation_ledger.json	32409	url	doi	10.1038/nmat2090	OK	2008	Complex thermoelectric materials	"url": "https://doi.org/10.1038/nmat2090",
data/benchmark_anchor_citation_ledger.json	32730	url	doi	10.1038/nmat2090	OK	2008	Complex thermoelectric materials	"url": "https://doi.org/10.1038/nmat2090",
data/benchmark_anchor_citation_ledger.json	33330	url	doi	10.1038/nmat2090	OK	2008	Complex thermoelectric materials	"url": "https://doi.org/10.1038/nmat2090",
data/benchmark_anchor_citation_ledger.json	33451	url	doi	10.1038/nmat2090	OK	2008	Complex thermoelectric materials	"url": "https://doi.org/10.1038/nmat2090",
data/benchmark_anchor_citation_ledger.json	34293	url	doi	10.1038/nmat2090	OK	2008	Complex thermoelectric materials	"url": "https://doi.org/10.1038/nmat2090",
data/benchmark_anchor_citation_ledger.json	34512	url	doi	10.1038/nmat2090	OK	2008	Complex thermoelectric materials	"url": "https://doi.org/10.1038/nmat2090",
data/benchmark_anchor_citation_ledger.json	34661	url	doi	10.1038/nmat2090	OK	2008	Complex thermoelectric materials	"url": "https://doi.org/10.1038/nmat2090",
data/benchmark_anchor_citation_ledger.json	35075	url	doi	10.1038/nmat2090	OK	2008	Complex thermoelectric materials	"url": "https://doi.org/10.1038/nmat2090",
data/benchmark_anchor_citation_ledger.json	35207	url	doi	10.1038/nmat2090	OK	2008	Complex thermoelectric materials	"url": "https://doi.org/10.1038/nmat2090",
data/benchmark_anchor_citation_ledger.json	35386	url	doi	10.1038/nmat2090	OK	2008	Complex thermoelectric materials	"url": "https://doi.org/10.1038/nmat2090",
data/benchmark_anchor_citation_ledger.json	35637	url	doi	10.1038/nmat2090	OK	2008	Complex thermoelectric materials	"url": "https://doi.org/10.1038/nmat2090",
data/benchmark_anchor_citation_ledger.json	35857	url	doi	10.1038/nmat2090	OK	2008	Complex thermoelectric materials	"url": "https://doi.org/10.1038/nmat2090",
data/benchmark_anchor_citation_ledger.json	36061	url	doi	10.1038/nmat2090	OK	2008	Complex thermoelectric materials	"url": "https://doi.org/10.1038/nmat2090",
data/benchmark_anchor_citation_ledger.json	36202	url	doi	10.1038/nmat2090	OK	2008	Complex thermoelectric materials	"url": "https://doi.org/10.1038/nmat2090",
docs/BENCHMARK_DATA_CITATIONS.md	185	text	doi	10.1038/nmat2090	OK	2008	Complex thermoelectric materials	| literature | Snyder & Toberer, Nature Materials 7, 105 (2008) | https://doi.org/10.1038/nmat2090 | 68 |
docs/BENCHMARK_DATA_CITATIONS.md	996	text	doi	10.1038/nmat2090	OK	2008	Complex thermoelectric materials	- **literature**: Snyder & Toberer, Nature Materials 7, 105 (2008) — https://doi.org/10.1038/nmat2090
docs/BENCHMARK_DATA_CITATIONS.md	1062	text	doi	10.1038/nmat2090	OK	2008	Complex thermoelectric materials	- **literature**: Snyder & Toberer, Nature Materials 7, 105 (2008) — https://doi.org/10.1038/nmat2090
docs/BENCHMARK_DATA_CITATIONS.md	1123	text	doi	10.1038/nmat2090	OK	2008	Complex thermoelectric materials	- **literature**: Snyder & Toberer, Nature Materials 7, 105 (2008) — https://doi.org/10.1038/nmat2090
docs/BENCHMARK_DATA_CITATIONS.md	1144	text	doi	10.1038/nmat2090	OK	2008	Complex thermoelectric materials	- **literature**: Snyder & Toberer, Nature Materials 7, 105 (2008) — https://doi.org/10.1038/nmat2090
docs/BENCHMARK_DATA_CITATIONS.md	1160	text	doi	10.1038/nmat2090	OK	2008	Complex thermoelectric materials	- **literature**: Snyder & Toberer, Nature Materials 7, 105 (2008) — https://doi.org/10.1038/nmat2090
docs/BENCHMARK_DATA_CITATIONS.md	1180	text	doi	10.1038/nmat2090	OK	2008	Complex thermoelectric materials	- **literature**: Snyder & Toberer, Nature Materials 7, 105 (2008) — https://doi.org/10.1038/nmat2090
docs/BENCHMARK_DATA_CITATIONS.md	1195	text	doi	10.1038/nmat2090	OK	2008	Complex thermoelectric materials	- **literature**: Snyder & Toberer, Nature Materials 7, 105 (2008) — https://doi.org/10.1038/nmat2090
docs/BENCHMARK_DATA_CITATIONS.md	1230	text	doi	10.1038/nmat2090	OK	2008	Complex thermoelectric materials	- **literature**: Snyder & Toberer, Nature Materials 7, 105 (2008) — https://doi.org/10.1038/nmat2090
docs/BENCHMARK_DATA_CITATIONS.md	1307	text	doi	10.1038/nmat2090	OK	2008	Complex thermoelectric materials	- **literature**: Snyder & Toberer, Nature Materials 7, 105 (2008) — https://doi.org/10.1038/nmat2090
docs/BENCHMARK_DATA_CITATIONS.md	1372	text	doi	10.1038/nmat2090	OK	2008	Complex thermoelectric materials	- **literature**: Snyder & Toberer, Nature Materials 7, 105 (2008) — https://doi.org/10.1038/nmat2090
docs/BENCHMARK_DATA_CITATIONS.md	1567	text	doi	10.1038/nmat2090	OK	2008	Complex thermoelectric materials	- **literature**: Snyder & Toberer, Nature Materials 7, 105 (2008) — https://doi.org/10.1038/nmat2090
docs/BENCHMARK_DATA_CITATIONS.md	1671	text	doi	10.1038/nmat2090	OK	2008	Complex thermoelectric materials	- **literature**: Snyder & Toberer, Nature Materials 7, 105 (2008) — https://doi.org/10.1038/nmat2090
docs/BENCHMARK_DATA_CITATIONS.md	1683	text	doi	10.1038/nmat2090	OK	2008	Complex thermoelectric materials	- **literature**: Snyder & Toberer, Nature Materials 7, 105 (2008) — https://doi.org/10.1038/nmat2090
docs/BENCHMARK_DATA_CITATIONS.md	1764	text	doi	10.1038/nmat2090	OK	2008	Complex thermoelectric materials	- **literature**: Snyder & Toberer, Nature Materials 7, 105 (2008) — https://doi.org/10.1038/nmat2090
docs/BENCHMARK_DATA_CITATIONS.md	1805	text	doi	10.1038/nmat2090	OK	2008	Complex thermoelectric materials	- **literature**: Snyder & Toberer, Nature Materials 7, 105 (2008) — https://doi.org/10.1038/nmat2090
docs/BENCHMARK_DATA_CITATIONS.md	1865	text	doi	10.1038/nmat2090	OK	2008	Complex thermoelectric materials	- **literature**: Snyder & Toberer, Nature Materials 7, 105 (2008) — https://doi.org/10.1038/nmat2090
docs/BENCHMARK_DATA_CITATIONS.md	1879	text	doi	10.1038/nmat2090	OK	2008	Complex thermoelectric materials	- **literature**: Snyder & Toberer, Nature Materials 7, 105 (2008) — https://doi.org/10.1038/nmat2090
docs/BENCHMARK_DATA_CITATIONS.md	1920	text	doi	10.1038/nmat2090	OK	2008	Complex thermoelectric materials	- **literature**: Snyder & Toberer, Nature Materials 7, 105 (2008) — https://doi.org/10.1038/nmat2090
docs/BENCHMARK_DATA_CITATIONS.md	2062	text	doi	10.1038/nmat2090	OK	2008	Complex thermoelectric materials	- **literature**: Snyder & Toberer, Nature Materials 7, 105 (2008) — https://doi.org/10.1038/nmat2090
docs/BENCHMARK_DATA_CITATIONS.md	2103	text	doi	10.1038/nmat2090	OK	2008	Complex thermoelectric materials	- **literature**: Snyder & Toberer, Nature Materials 7, 105 (2008) — https://doi.org/10.1038/nmat2090
docs/BENCHMARK_DATA_CITATIONS.md	2197	text	doi	10.1038/nmat2090	OK	2008	Complex thermoelectric materials	- **literature**: Snyder & Toberer, Nature Materials 7, 105 (2008) — https://doi.org/10.1038/nmat2090
docs/BENCHMARK_DATA_CITATIONS.md	2212	text	doi	10.1038/nmat2090	OK	2008	Complex thermoelectric materials	- **literature**: Snyder & Toberer, Nature Materials 7, 105 (2008) — https://doi.org/10.1038/nmat2090
docs/BENCHMARK_DATA_CITATIONS.md	2230	text	doi	10.1038/nmat2090	OK	2008	Complex thermoelectric materials	- **literature**: Snyder & Toberer, Nature Materials 7, 105 (2008) — https://doi.org/10.1038/nmat2090
docs/BENCHMARK_DATA_CITATIONS.md	2246	text	doi	10.1038/nmat2090	OK	2008	Complex thermoelectric materials	- **literature**: Snyder & Toberer, Nature Materials 7, 105 (2008) — https://doi.org/10.1038/nmat2090
docs/BENCHMARK_DATA_CITATIONS.md	2418	text	doi	10.1038/nmat2090	OK	2008	Complex thermoelectric materials	- **literature**: Snyder & Toberer, Nature Materials 7, 105 (2008) — https://doi.org/10.1038/nmat2090
docs/BENCHMARK_DATA_CITATIONS.md	2497	text	doi	10.1038/nmat2090	OK	2008	Complex thermoelectric materials	- **literature**: Snyder & Toberer, Nature Materials 7, 105 (2008) — https://doi.org/10.1038/nmat2090
docs/BENCHMARK_DATA_CITATIONS.md	2651	text	doi	10.1038/nmat2090	OK	2008	Complex thermoelectric materials	- **literature**: Snyder & Toberer, Nature Materials 7, 105 (2008) — https://doi.org/10.1038/nmat2090
docs/BENCHMARK_DATA_CITATIONS.md	2797	text	doi	10.1038/nmat2090	OK	2008	Complex thermoelectric materials	- **literature**: Snyder & Toberer, Nature Materials 7, 105 (2008) — https://doi.org/10.1038/nmat2090
docs/BENCHMARK_DATA_CITATIONS.md	2847	text	doi	10.1038/nmat2090	OK	2008	Complex thermoelectric materials	- **literature**: Snyder & Toberer, Nature Materials 7, 105 (2008) — https://doi.org/10.1038/nmat2090
docs/BENCHMARK_DATA_CITATIONS.md	2916	text	doi	10.1038/nmat2090	OK	2008	Complex thermoelectric materials	- **literature**: Snyder & Toberer, Nature Materials 7, 105 (2008) — https://doi.org/10.1038/nmat2090
docs/BENCHMARK_DATA_CITATIONS.md	2930	text	doi	10.1038/nmat2090	OK	2008	Complex thermoelectric materials	- **literature**: Snyder & Toberer, Nature Materials 7, 105 (2008) — https://doi.org/10.1038/nmat2090
docs/BENCHMARK_DATA_CITATIONS.md	2944	text	doi	10.1038/nmat2090	OK	2008	Complex thermoelectric materials	- **literature**: Snyder & Toberer, Nature Materials 7, 105 (2008) — https://doi.org/10.1038/nmat2090
docs/BENCHMARK_DATA_CITATIONS.md	2969	text	doi	10.1038/nmat2090	OK	2008	Complex thermoelectric materials	- **literature**: Snyder & Toberer, Nature Materials 7, 105 (2008) — https://doi.org/10.1038/nmat2090
docs/BENCHMARK_DATA_CITATIONS.md	2983	text	doi	10.1038/nmat2090	OK	2008	Complex thermoelectric materials	- **literature**: Snyder & Toberer, Nature Materials 7, 105 (2008) — https://doi.org/10.1038/nmat2090
docs/BENCHMARK_DATA_CITATIONS.md	3032	text	doi	10.1038/nmat2090	OK	2008	Complex thermoelectric materials	- **literature**: Snyder & Toberer, Nature Materials 7, 105 (2008) — https://doi.org/10.1038/nmat2090
docs/BENCHMARK_DATA_CITATIONS.md	3087	text	doi	10.1038/nmat2090	OK	2008	Complex thermoelectric materials	- **literature**: Snyder & Toberer, Nature Materials 7, 105 (2008) — https://doi.org/10.1038/nmat2090
docs/BENCHMARK_DATA_CITATIONS.md	3227	text	doi	10.1038/nmat2090	OK	2008	Complex thermoelectric materials	- **literature**: Snyder & Toberer, Nature Materials 7, 105 (2008) — https://doi.org/10.1038/nmat2090
docs/BENCHMARK_DATA_CITATIONS.md	3348	text	doi	10.1038/nmat2090	OK	2008	Complex thermoelectric materials	- **literature**: Snyder & Toberer, Nature Materials 7, 105 (2008) — https://doi.org/10.1038/nmat2090
docs/BENCHMARK_DATA_CITATIONS.md	3368	text	doi	10.1038/nmat2090	OK	2008	Complex thermoelectric materials	- **literature**: Snyder & Toberer, Nature Materials 7, 105 (2008) — https://doi.org/10.1038/nmat2090
docs/BENCHMARK_DATA_CITATIONS.md	3585	text	doi	10.1038/nmat2090	OK	2008	Complex thermoelectric materials	- **literature**: Snyder & Toberer, Nature Materials 7, 105 (2008) — https://doi.org/10.1038/nmat2090
docs/BENCHMARK_DATA_CITATIONS.md	3688	text	doi	10.1038/nmat2090	OK	2008	Complex thermoelectric materials	- **literature**: Snyder & Toberer, Nature Materials 7, 105 (2008) — https://doi.org/10.1038/nmat2090
docs/BENCHMARK_DATA_CITATIONS.md	3703	text	doi	10.1038/nmat2090	OK	2008	Complex thermoelectric materials	- **literature**: Snyder & Toberer, Nature Materials 7, 105 (2008) — https://doi.org/10.1038/nmat2090
docs/BENCHMARK_DATA_CITATIONS.md	4017	text	doi	10.1038/nmat2090	OK	2008	Complex thermoelectric materials	- **literature**: Snyder & Toberer, Nature Materials 7, 105 (2008) — https://doi.org/10.1038/nmat2090
docs/BENCHMARK_DATA_CITATIONS.md	4066	text	doi	10.1038/nmat2090	OK	2008	Complex thermoelectric materials	- **literature**: Snyder & Toberer, Nature Materials 7, 105 (2008) — https://doi.org/10.1038/nmat2090
docs/BENCHMARK_DATA_CITATIONS.md	4158	text	doi	10.1038/nmat2090	OK	2008	Complex thermoelectric materials	- **literature**: Snyder & Toberer, Nature Materials 7, 105 (2008) — https://doi.org/10.1038/nmat2090
docs/BENCHMARK_DATA_CITATIONS.md	4300	text	doi	10.1038/nmat2090	OK	2008	Complex thermoelectric materials	- **literature**: Snyder & Toberer, Nature Materials 7, 105 (2008) — https://doi.org/10.1038/nmat2090
docs/BENCHMARK_DATA_CITATIONS.md	4333	text	doi	10.1038/nmat2090	OK	2008	Complex thermoelectric materials	- **literature**: Snyder & Toberer, Nature Materials 7, 105 (2008) — https://doi.org/10.1038/nmat2090
docs/BENCHMARK_DATA_CITATIONS.md	4365	text	doi	10.1038/nmat2090	OK	2008	Complex thermoelectric materials	- **literature**: Snyder & Toberer, Nature Materials 7, 105 (2008) — https://doi.org/10.1038/nmat2090
docs/BENCHMARK_DATA_CITATIONS.md	4417	text	doi	10.1038/nmat2090	OK	2008	Complex thermoelectric materials	- **literature**: Snyder & Toberer, Nature Materials 7, 105 (2008) — https://doi.org/10.1038/nmat2090
docs/BENCHMARK_DATA_CITATIONS.md	4468	text	doi	10.1038/nmat2090	OK	2008	Complex thermoelectric materials	- **literature**: Snyder & Toberer, Nature Materials 7, 105 (2008) — https://doi.org/10.1038/nmat2090
docs/BENCHMARK_DATA_CITATIONS.md	4535	text	doi	10.1038/nmat2090	OK	2008	Complex thermoelectric materials	- **literature**: Snyder & Toberer, Nature Materials 7, 105 (2008) — https://doi.org/10.1038/nmat2090
docs/BENCHMARK_DATA_CITATIONS.md	4566	text	doi	10.1038/nmat2090	OK	2008	Complex thermoelectric materials	- **literature**: Snyder & Toberer, Nature Materials 7, 105 (2008) — https://doi.org/10.1038/nmat2090
docs/BENCHMARK_DATA_CITATIONS.md	4634	text	doi	10.1038/nmat2090	OK	2008	Complex thermoelectric materials	- **literature**: Snyder & Toberer, Nature Materials 7, 105 (2008) — https://doi.org/10.1038/nmat2090
docs/BENCHMARK_DATA_CITATIONS.md	4674	text	doi	10.1038/nmat2090	OK	2008	Complex thermoelectric materials	- **literature**: Snyder & Toberer, Nature Materials 7, 105 (2008) — https://doi.org/10.1038/nmat2090
docs/BENCHMARK_DATA_CITATIONS.md	4729	text	doi	10.1038/nmat2090	OK	2008	Complex thermoelectric materials	- **literature**: Snyder & Toberer, Nature Materials 7, 105 (2008) — https://doi.org/10.1038/nmat2090
docs/BENCHMARK_DATA_CITATIONS.md	4832	text	doi	10.1038/nmat2090	OK	2008	Complex thermoelectric materials	- **literature**: Snyder & Toberer, Nature Materials 7, 105 (2008) — https://doi.org/10.1038/nmat2090
docs/BENCHMARK_DATA_CITATIONS.md	4849	text	doi	10.1038/nmat2090	OK	2008	Complex thermoelectric materials	- **literature**: Snyder & Toberer, Nature Materials 7, 105 (2008) — https://doi.org/10.1038/nmat2090
docs/BENCHMARK_DATA_CITATIONS.md	5000	text	doi	10.1038/nmat2090	OK	2008	Complex thermoelectric materials	- **literature**: Snyder & Toberer, Nature Materials 7, 105 (2008) — https://doi.org/10.1038/nmat2090
docs/BENCHMARK_DATA_CITATIONS.md	5039	text	doi	10.1038/nmat2090	OK	2008	Complex thermoelectric materials	- **literature**: Snyder & Toberer, Nature Materials 7, 105 (2008) — https://doi.org/10.1038/nmat2090
docs/BENCHMARK_DATA_CITATIONS.md	5059	text	doi	10.1038/nmat2090	OK	2008	Complex thermoelectric materials	- **literature**: Snyder & Toberer, Nature Materials 7, 105 (2008) — https://doi.org/10.1038/nmat2090
docs/BENCHMARK_DATA_CITATIONS.md	5142	text	doi	10.1038/nmat2090	OK	2008	Complex thermoelectric materials	- **literature**: Snyder & Toberer, Nature Materials 7, 105 (2008) — https://doi.org/10.1038/nmat2090
docs/BENCHMARK_DATA_CITATIONS.md	5160	text	doi	10.1038/nmat2090	OK	2008	Complex thermoelectric materials	- **literature**: Snyder & Toberer, Nature Materials 7, 105 (2008) — https://doi.org/10.1038/nmat2090
docs/BENCHMARK_DATA_CITATIONS.md	5190	text	doi	10.1038/nmat2090	OK	2008	Complex thermoelectric materials	- **literature**: Snyder & Toberer, Nature Materials 7, 105 (2008) — https://doi.org/10.1038/nmat2090
docs/BENCHMARK_DATA_CITATIONS.md	5239	text	doi	10.1038/nmat2090	OK	2008	Complex thermoelectric materials	- **literature**: Snyder & Toberer, Nature Materials 7, 105 (2008) — https://doi.org/10.1038/nmat2090
docs/BENCHMARK_DATA_CITATIONS.md	5281	text	doi	10.1038/nmat2090	OK	2008	Complex thermoelectric materials	- **literature**: Snyder & Toberer, Nature Materials 7, 105 (2008) — https://doi.org/10.1038/nmat2090
docs/BENCHMARK_DATA_CITATIONS.md	5321	text	doi	10.1038/nmat2090	OK	2008	Complex thermoelectric materials	- **literature**: Snyder & Toberer, Nature Materials 7, 105 (2008) — https://doi.org/10.1038/nmat2090
docs/BENCHMARK_DATA_CITATIONS.md	5345	text	doi	10.1038/nmat2090	OK	2008	Complex thermoelectric materials	- **literature**: Snyder & Toberer, Nature Materials 7, 105 (2008) — https://doi.org/10.1038/nmat2090
docs/CASP_CAMEO_BLIND_PROTOCOL.md	22	text	doi	10.1038/s41587-026-03166-5	OK	2026	Experiment-guided AlphaFold3 resolves measurement-consistent protein ensembles	Sources to cite as *context*, not as the product: CASP16 prot.70076 / prot.70031; Nat Biotech AF3 ensembles doi:10.1038/s41587-026-03166-5; IUCrJ 1.24 Å doi:10.1107/S2052252526004100.
data/crossref_scholarly_panel_benchmark.json	2085	name	doi	10.1042/bst0051540	OK	1977	The Nature of the Random Experimental Error Encountered when the Kinetics of Acetylcholine Hydrolase are Determined	"name": "10.1042/bst0051540",
data/crossref_scholarly_panel_benchmark.json	2094	display_name	doi	10.1042/bst0051540	OK	1977	The Nature of the Random Experimental Error Encountered when the Kinetics of Acetylcholine Hydrolase are Determined	"display_name": "10.1042/bst0051540",
data/crossref_scholarly_panel_benchmark.json	2110	name	doi	10.1042/bst0051540	OK	1977	The Nature of the Random Experimental Error Encountered when the Kinetics of Acetylcholine Hydrolase are Determined	"name": "10.1042/bst0051540",
data/crossref_scholarly_panel_benchmark.json	2119	display_name	doi	10.1042/bst0051540	OK	1977	The Nature of the Random Experimental Error Encountered when the Kinetics of Acetylcholine Hydrolase are Determined	"display_name": "10.1042/bst0051540",
docs/OBJECT_SCORING.md	50	text	doi	10.1051/0004-6361/202556861	OK	2026	<i>Euclid</i>
                    preparation	CLOE.3 is a synthetic figure of merit (doi:10.1051/0004-6361/202556861). Zero survey-level S₈ / H₀ / wₐ for Tier A.
data/brother_conversation_fsot_verify.json	258		doi	10.1073/pnas.2511397123	OK	2026	Diets, dominance hierarchies, and kleptoparasitism drive asymmetrical interactions between wolves and cougars	"https://www.pnas.org/doi/10.1073/pnas.2511397123"
data/crossref_scholarly_panel_benchmark.json	985	name	doi	10.1080/00221344408987009	OK	1944	Interest-Stimulating Device	"name": "10.1080/00221344408987009",
data/crossref_scholarly_panel_benchmark.json	994	display_name	doi	10.1080/00221344408987009	OK	1944	Interest-Stimulating Device	"display_name": "10.1080/00221344408987009",
data/crossref_scholarly_panel_benchmark.json	1010	name	doi	10.1080/00221344408987009	OK	1944	Interest-Stimulating Device	"name": "10.1080/00221344408987009",
data/crossref_scholarly_panel_benchmark.json	1019	display_name	doi	10.1080/00221344408987009	OK	1944	Interest-Stimulating Device	"display_name": "10.1080/00221344408987009",
data/crossref_scholarly_panel_benchmark.json	1885	name	doi	10.1080/01496398408068585	OK	1984	Characterization of Steric Field-Flow Fractionation Using Particles to 100 μm Diameter	"name": "10.1080/01496398408068585",
data/crossref_scholarly_panel_benchmark.json	1894	display_name	doi	10.1080/01496398408068585	OK	1984	Characterization of Steric Field-Flow Fractionation Using Particles to 100 μm Diameter	"display_name": "10.1080/01496398408068585",
data/crossref_scholarly_panel_benchmark.json	1910	name	doi	10.1080/01496398408068585	OK	1984	Characterization of Steric Field-Flow Fractionation Using Particles to 100 μm Diameter	"name": "10.1080/01496398408068585",
data/crossref_scholarly_panel_benchmark.json	1919	display_name	doi	10.1080/01496398408068585	OK	1984	Characterization of Steric Field-Flow Fractionation Using Particles to 100 μm Diameter	"display_name": "10.1080/01496398408068585",
data/crossref_scholarly_panel_benchmark.json	785	name	doi	10.1088/1742-6596/1382/1/012030	OK	2019	Flow around the wing models with straight and swept leading edge in case of contact with turbulent wake	"name": "10.1088/1742-6596/1382/1/012030",
data/crossref_scholarly_panel_benchmark.json	794	display_name	doi	10.1088/1742-6596/1382/1/012030	OK	2019	Flow around the wing models with straight and swept leading edge in case of contact with turbulent wake	"display_name": "10.1088/1742-6596/1382/1/012030",
data/crossref_scholarly_panel_benchmark.json	810	name	doi	10.1088/1742-6596/1382/1/012030	OK	2019	Flow around the wing models with straight and swept leading edge in case of contact with turbulent wake	"name": "10.1088/1742-6596/1382/1/012030",
data/crossref_scholarly_panel_benchmark.json	819	display_name	doi	10.1088/1742-6596/1382/1/012030	OK	2019	Flow around the wing models with straight and swept leading edge in case of contact with turbulent wake	"display_name": "10.1088/1742-6596/1382/1/012030",
data/crossref_scholarly_panel_benchmark.json	4310	name	doi	10.1088/1742-6596/1524/1/012118	OK	2020	The role of information systems towards the success of the family planning program: a literature review	"name": "10.1088/1742-6596/1524/1/012118",
data/crossref_scholarly_panel_benchmark.json	4319	display_name	doi	10.1088/1742-6596/1524/1/012118	OK	2020	The role of information systems towards the success of the family planning program: a literature review	"display_name": "10.1088/1742-6596/1524/1/012118",
data/crossref_scholarly_panel_benchmark.json	4335	name	doi	10.1088/1742-6596/1524/1/012118	OK	2020	The role of information systems towards the success of the family planning program: a literature review	"name": "10.1088/1742-6596/1524/1/012118",
data/crossref_scholarly_panel_benchmark.json	4344	display_name	doi	10.1088/1742-6596/1524/1/012118	OK	2020	The role of information systems towards the success of the family planning program: a literature review	"display_name": "10.1088/1742-6596/1524/1/012118",
data/crossref_scholarly_panel_benchmark.json	4610	name	doi	10.1093/jn/57.4.469	OK	1955	Vitamin D and Gastric Secretion	"name": "10.1093/jn/57.4.469",
data/crossref_scholarly_panel_benchmark.json	4619	display_name	doi	10.1093/jn/57.4.469	OK	1955	Vitamin D and Gastric Secretion	"display_name": "10.1093/jn/57.4.469",
data/crossref_scholarly_panel_benchmark.json	4635	name	doi	10.1093/jn/57.4.469	OK	1955	Vitamin D and Gastric Secretion	"name": "10.1093/jn/57.4.469",
data/crossref_scholarly_panel_benchmark.json	4644	display_name	doi	10.1093/jn/57.4.469	OK	1955	Vitamin D and Gastric Secretion	"display_name": "10.1093/jn/57.4.469",
data/crossref_scholarly_panel_benchmark.json	1435	name	doi	10.1093/nq/cxcvi.mar31.151a	OK	1951	Leveson of Whornes place in Halling, Kent	"name": "10.1093/nq/cxcvi.mar31.151a",
data/crossref_scholarly_panel_benchmark.json	1444	display_name	doi	10.1093/nq/cxcvi.mar31.151a	OK	1951	Leveson of Whornes place in Halling, Kent	"display_name": "10.1093/nq/cxcvi.mar31.151a",
data/crossref_scholarly_panel_benchmark.json	1460	name	doi	10.1093/nq/cxcvi.mar31.151a	OK	1951	Leveson of Whornes place in Halling, Kent	"name": "10.1093/nq/cxcvi.mar31.151a",
data/crossref_scholarly_panel_benchmark.json	1469	display_name	doi	10.1093/nq/cxcvi.mar31.151a	OK	1951	Leveson of Whornes place in Halling, Kent	"display_name": "10.1093/nq/cxcvi.mar31.151a",
data/crossref_scholarly_panel_benchmark.json	735	name	doi	10.1093/nq/s6-ii.28.26b	OK	1880	The changes in grain	"name": "10.1093/nq/s6-ii.28.26b",
data/crossref_scholarly_panel_benchmark.json	744	display_name	doi	10.1093/nq/s6-ii.28.26b	OK	1880	The changes in grain	"display_name": "10.1093/nq/s6-ii.28.26b",
data/crossref_scholarly_panel_benchmark.json	760	name	doi	10.1093/nq/s6-ii.28.26b	OK	1880	The changes in grain	"name": "10.1093/nq/s6-ii.28.26b",
data/crossref_scholarly_panel_benchmark.json	769	display_name	doi	10.1093/nq/s6-ii.28.26b	OK	1880	The changes in grain	"display_name": "10.1093/nq/s6-ii.28.26b",
data/crossref_scholarly_panel_benchmark.json	3910	name	doi	10.1097/00000441-192504000-00002	OK	1925	THE BLOOD PLATELETS IN THE LEUKEMIAS	"name": "10.1097/00000441-192504000-00002",
data/crossref_scholarly_panel_benchmark.json	3919	display_name	doi	10.1097/00000441-192504000-00002	OK	1925	THE BLOOD PLATELETS IN THE LEUKEMIAS	"display_name": "10.1097/00000441-192504000-00002",
data/crossref_scholarly_panel_benchmark.json	3935	name	doi	10.1097/00000441-192504000-00002	OK	1925	THE BLOOD PLATELETS IN THE LEUKEMIAS	"name": "10.1097/00000441-192504000-00002",
data/crossref_scholarly_panel_benchmark.json	3944	display_name	doi	10.1097/00000441-192504000-00002	OK	1925	THE BLOOD PLATELETS IN THE LEUKEMIAS	"display_name": "10.1097/00000441-192504000-00002",
data/crossref_scholarly_panel_benchmark.json	385	name	doi	10.1097/00007611-194708000-00018	OK	1947	MASSIVE DOSES OF PURE ANTIRACHITIC VITAMIN	"name": "10.1097/00007611-194708000-00018",
data/crossref_scholarly_panel_benchmark.json	394	display_name	doi	10.1097/00007611-194708000-00018	OK	1947	MASSIVE DOSES OF PURE ANTIRACHITIC VITAMIN	"display_name": "10.1097/00007611-194708000-00018",
data/crossref_scholarly_panel_benchmark.json	410	name	doi	10.1097/00007611-194708000-00018	OK	1947	MASSIVE DOSES OF PURE ANTIRACHITIC VITAMIN	"name": "10.1097/00007611-194708000-00018",
data/crossref_scholarly_panel_benchmark.json	419	display_name	doi	10.1097/00007611-194708000-00018	OK	1947	MASSIVE DOSES OF PURE ANTIRACHITIC VITAMIN	"display_name": "10.1097/00007611-194708000-00018",
docs/OBJECT_SCORING.md	43	text	doi	10.1103/PhysRevD.112.083515	NOT_FOUND			DESI DR2 prefers wₐ<0 / evolving DE (~3.1σ DESI+CMB over ΛCDM in some combinations); SN sample **moves** the significance (doi:10.1103/PhysRevD.112.083515 · arXiv:2503.14738).
docs/CASP_CAMEO_BLIND_PROTOCOL.md	22	text	doi	10.1107/S2052252526004100	OK	2026	Atomic resolution cryo-EM at 200 keV	Sources to cite as *context*, not as the product: CASP16 prot.70076 / prot.70031; Nat Biotech AF3 ensembles doi:10.1038/s41587-026-03166-5; IUCrJ 1.24 Å doi:10.1107/S2052252526004100.
data/crossref_scholarly_panel_benchmark.json	1235	name	doi	10.1109/ccdc.2010.5498169	OK	2010	Asymptotic stability of time delay systems with unknown uncertainty bounds using adaptive robust control	"name": "10.1109/ccdc.2010.5498169",
data/crossref_scholarly_panel_benchmark.json	1244	display_name	doi	10.1109/ccdc.2010.5498169	OK	2010	Asymptotic stability of time delay systems with unknown uncertainty bounds using adaptive robust control	"display_name": "10.1109/ccdc.2010.5498169",
data/crossref_scholarly_panel_benchmark.json	1260	name	doi	10.1109/ccdc.2010.5498169	OK	2010	Asymptotic stability of time delay systems with unknown uncertainty bounds using adaptive robust control	"name": "10.1109/ccdc.2010.5498169",
data/crossref_scholarly_panel_benchmark.json	1269	display_name	doi	10.1109/ccdc.2010.5498169	OK	2010	Asymptotic stability of time delay systems with unknown uncertainty bounds using adaptive robust control	"display_name": "10.1109/ccdc.2010.5498169",
data/crossref_scholarly_panel_benchmark.json	4160	name	doi	10.1109/ccdc.2011.5968776	OK	2011	A fuzzy neural network algorithm based on GA	"name": "10.1109/ccdc.2011.5968776",
data/crossref_scholarly_panel_benchmark.json	4169	display_name	doi	10.1109/ccdc.2011.5968776	OK	2011	A fuzzy neural network algorithm based on GA	"display_name": "10.1109/ccdc.2011.5968776",
data/crossref_scholarly_panel_benchmark.json	4185	name	doi	10.1109/ccdc.2011.5968776	OK	2011	A fuzzy neural network algorithm based on GA	"name": "10.1109/ccdc.2011.5968776",
data/crossref_scholarly_panel_benchmark.json	4194	display_name	doi	10.1109/ccdc.2011.5968776	OK	2011	A fuzzy neural network algorithm based on GA	"display_name": "10.1109/ccdc.2011.5968776",
data/crossref_scholarly_panel_benchmark.json	3260	name	doi	10.1109/contel.2015.7231229	OK	2015	Session level network usage patterns of mobile handsets	"name": "10.1109/contel.2015.7231229",
data/crossref_scholarly_panel_benchmark.json	3269	display_name	doi	10.1109/contel.2015.7231229	OK	2015	Session level network usage patterns of mobile handsets	"display_name": "10.1109/contel.2015.7231229",
data/crossref_scholarly_panel_benchmark.json	3285	name	doi	10.1109/contel.2015.7231229	OK	2015	Session level network usage patterns of mobile handsets	"name": "10.1109/contel.2015.7231229",
data/crossref_scholarly_panel_benchmark.json	3294	display_name	doi	10.1109/contel.2015.7231229	OK	2015	Session level network usage patterns of mobile handsets	"display_name": "10.1109/contel.2015.7231229",
data/crossref_scholarly_panel_benchmark.json	1685	name	doi	10.1109/energytech.2013.6645333	OK	2013	Operation of energy harvesting devices in different vibration modes	"name": "10.1109/energytech.2013.6645333",
data/crossref_scholarly_panel_benchmark.json	1694	display_name	doi	10.1109/energytech.2013.6645333	OK	2013	Operation of energy harvesting devices in different vibration modes	"display_name": "10.1109/energytech.2013.6645333",
data/crossref_scholarly_panel_benchmark.json	1710	name	doi	10.1109/energytech.2013.6645333	OK	2013	Operation of energy harvesting devices in different vibration modes	"name": "10.1109/energytech.2013.6645333",
data/crossref_scholarly_panel_benchmark.json	1719	display_name	doi	10.1109/energytech.2013.6645333	OK	2013	Operation of energy harvesting devices in different vibration modes	"display_name": "10.1109/energytech.2013.6645333",
data/crossref_scholarly_panel_benchmark.json	3160	name	doi	10.1109/iccad.2010.5653805	OK	2010	Design of analog circuits using organic field-effect transistors	"name": "10.1109/iccad.2010.5653805",
data/crossref_scholarly_panel_benchmark.json	3169	display_name	doi	10.1109/iccad.2010.5653805	OK	2010	Design of analog circuits using organic field-effect transistors	"display_name": "10.1109/iccad.2010.5653805",
data/crossref_scholarly_panel_benchmark.json	3185	name	doi	10.1109/iccad.2010.5653805	OK	2010	Design of analog circuits using organic field-effect transistors	"name": "10.1109/iccad.2010.5653805",
data/crossref_scholarly_panel_benchmark.json	3194	display_name	doi	10.1109/iccad.2010.5653805	OK	2010	Design of analog circuits using organic field-effect transistors	"display_name": "10.1109/iccad.2010.5653805",
data/crossref_scholarly_panel_benchmark.json	485	name	doi	10.1109/iceeccot.2016.7955241	OK	2016	Cantilever and circular disc structure based capacitive shunt RF MEMS switches	"name": "10.1109/iceeccot.2016.7955241",
data/crossref_scholarly_panel_benchmark.json	494	display_name	doi	10.1109/iceeccot.2016.7955241	OK	2016	Cantilever and circular disc structure based capacitive shunt RF MEMS switches	"display_name": "10.1109/iceeccot.2016.7955241",
data/crossref_scholarly_panel_benchmark.json	510	name	doi	10.1109/iceeccot.2016.7955241	OK	2016	Cantilever and circular disc structure based capacitive shunt RF MEMS switches	"name": "10.1109/iceeccot.2016.7955241",
data/crossref_scholarly_panel_benchmark.json	519	display_name	doi	10.1109/iceeccot.2016.7955241	OK	2016	Cantilever and circular disc structure based capacitive shunt RF MEMS switches	"display_name": "10.1109/iceeccot.2016.7955241",
data/crossref_scholarly_panel_benchmark.json	4560	name	doi	10.1109/iceee.2010.5660408	OK	2010	Hole-Filling by Rank Sparsity Tensor Decomposition for Medical Imaging	"name": "10.1109/iceee.2010.5660408",
data/crossref_scholarly_panel_benchmark.json	4569	display_name	doi	10.1109/iceee.2010.5660408	OK	2010	Hole-Filling by Rank Sparsity Tensor Decomposition for Medical Imaging	"display_name": "10.1109/iceee.2010.5660408",
data/crossref_scholarly_panel_benchmark.json	4585	name	doi	10.1109/iceee.2010.5660408	OK	2010	Hole-Filling by Rank Sparsity Tensor Decomposition for Medical Imaging	"name": "10.1109/iceee.2010.5660408",
data/crossref_scholarly_panel_benchmark.json	4594	display_name	doi	10.1109/iceee.2010.5660408	OK	2010	Hole-Filling by Rank Sparsity Tensor Decomposition for Medical Imaging	"display_name": "10.1109/iceee.2010.5660408",
data/crossref_scholarly_panel_benchmark.json	2385	name	doi	10.1109/iciecs.2010.5678199	OK	2010	Underwater Robot Path Planning Methods Based on Immunization Genetic Algorithms	"name": "10.1109/iciecs.2010.5678199",
data/crossref_scholarly_panel_benchmark.json	2394	display_name	doi	10.1109/iciecs.2010.5678199	OK	2010	Underwater Robot Path Planning Methods Based on Immunization Genetic Algorithms	"display_name": "10.1109/iciecs.2010.5678199",
data/crossref_scholarly_panel_benchmark.json	2410	name	doi	10.1109/iciecs.2010.5678199	OK	2010	Underwater Robot Path Planning Methods Based on Immunization Genetic Algorithms	"name": "10.1109/iciecs.2010.5678199",
data/crossref_scholarly_panel_benchmark.json	2419	display_name	doi	10.1109/iciecs.2010.5678199	OK	2010	Underwater Robot Path Planning Methods Based on Immunization Genetic Algorithms	"display_name": "10.1109/iciecs.2010.5678199",
data/crossref_scholarly_panel_benchmark.json	2785	name	doi	10.1109/icimw.2002.1076202	OK	None	Effects of successive generations of backscattered electrons on the performance of depressed collectors in megawatt class gyrotrons	"name": "10.1109/icimw.2002.1076202",
data/crossref_scholarly_panel_benchmark.json	2794	display_name	doi	10.1109/icimw.2002.1076202	OK	None	Effects of successive generations of backscattered electrons on the performance of depressed collectors in megawatt class gyrotrons	"display_name": "10.1109/icimw.2002.1076202",
data/crossref_scholarly_panel_benchmark.json	4810	name	doi	10.1109/icniconsmcl.2006.166	OK	None	OSPF-TE Scalability Study based on Internal Performance Measurement	"name": "10.1109/icniconsmcl.2006.166",
data/crossref_scholarly_panel_benchmark.json	4819	display_name	doi	10.1109/icniconsmcl.2006.166	OK	None	OSPF-TE Scalability Study based on Internal Performance Measurement	"display_name": "10.1109/icniconsmcl.2006.166",
data/crossref_scholarly_panel_benchmark.json	2135	name	doi	10.1109/icuwb.2010.5614210	OK	2010	UWB cross-polarization discrimination with differentially fed, mirrored antenna elements	"name": "10.1109/icuwb.2010.5614210",
data/crossref_scholarly_panel_benchmark.json	2144	display_name	doi	10.1109/icuwb.2010.5614210	OK	2010	UWB cross-polarization discrimination with differentially fed, mirrored antenna elements	"display_name": "10.1109/icuwb.2010.5614210",
data/crossref_scholarly_panel_benchmark.json	2160	name	doi	10.1109/icuwb.2010.5614210	OK	2010	UWB cross-polarization discrimination with differentially fed, mirrored antenna elements	"name": "10.1109/icuwb.2010.5614210",
data/crossref_scholarly_panel_benchmark.json	2169	display_name	doi	10.1109/icuwb.2010.5614210	OK	2010	UWB cross-polarization discrimination with differentially fed, mirrored antenna elements	"display_name": "10.1109/icuwb.2010.5614210",
data/crossref_scholarly_panel_benchmark.json	2685	name	doi	10.1109/ipsn.2006.244131	OK	2006	On the interdependence of sensing and estimation complexity in sensor networks	"name": "10.1109/ipsn.2006.244131",
data/crossref_scholarly_panel_benchmark.json	2694	display_name	doi	10.1109/ipsn.2006.244131	OK	2006	On the interdependence of sensing and estimation complexity in sensor networks	"display_name": "10.1109/ipsn.2006.244131",
data/crossref_scholarly_panel_benchmark.json	2710	name	doi	10.1109/ipsn.2006.244131	OK	2006	On the interdependence of sensing and estimation complexity in sensor networks	"name": "10.1109/ipsn.2006.244131",
data/crossref_scholarly_panel_benchmark.json	2719	display_name	doi	10.1109/ipsn.2006.244131	OK	2006	On the interdependence of sensing and estimation complexity in sensor networks	"display_name": "10.1109/ipsn.2006.244131",
data/crossref_scholarly_panel_benchmark.json	1085	name	doi	10.1109/meta.2012.6464961	OK	2012	A novel helical metamaterial absorber: Simulation study with the FDTD method	"name": "10.1109/meta.2012.6464961",
data/crossref_scholarly_panel_benchmark.json	1094	display_name	doi	10.1109/meta.2012.6464961	OK	2012	A novel helical metamaterial absorber: Simulation study with the FDTD method	"display_name": "10.1109/meta.2012.6464961",
data/crossref_scholarly_panel_benchmark.json	1110	name	doi	10.1109/meta.2012.6464961	OK	2012	A novel helical metamaterial absorber: Simulation study with the FDTD method	"name": "10.1109/meta.2012.6464961",
data/crossref_scholarly_panel_benchmark.json	1119	display_name	doi	10.1109/meta.2012.6464961	OK	2012	A novel helical metamaterial absorber: Simulation study with the FDTD method	"display_name": "10.1109/meta.2012.6464961",
data/crossref_scholarly_panel_benchmark.json	1985	name	doi	10.1109/mwscas.2015.7282039	OK	2015	STG-based detection of power virus inputs in FSM	"name": "10.1109/mwscas.2015.7282039",
data/crossref_scholarly_panel_benchmark.json	1994	display_name	doi	10.1109/mwscas.2015.7282039	OK	2015	STG-based detection of power virus inputs in FSM	"display_name": "10.1109/mwscas.2015.7282039",
data/crossref_scholarly_panel_benchmark.json	2010	name	doi	10.1109/mwscas.2015.7282039	OK	2015	STG-based detection of power virus inputs in FSM	"name": "10.1109/mwscas.2015.7282039",
data/crossref_scholarly_panel_benchmark.json	2019	display_name	doi	10.1109/mwscas.2015.7282039	OK	2015	STG-based detection of power virus inputs in FSM	"display_name": "10.1109/mwscas.2015.7282039",
data/crossref_scholarly_panel_benchmark.json	2910	name	doi	10.1109/nds.2017.8070629	OK	2017	Order reduction for roesser state-space model based on a certain system of equations	"name": "10.1109/nds.2017.8070629",
data/crossref_scholarly_panel_benchmark.json	2919	display_name	doi	10.1109/nds.2017.8070629	OK	2017	Order reduction for roesser state-space model based on a certain system of equations	"display_name": "10.1109/nds.2017.8070629",
data/crossref_scholarly_panel_benchmark.json	2935	name	doi	10.1109/nds.2017.8070629	OK	2017	Order reduction for roesser state-space model based on a certain system of equations	"name": "10.1109/nds.2017.8070629",
data/crossref_scholarly_panel_benchmark.json	2944	display_name	doi	10.1109/nds.2017.8070629	OK	2017	Order reduction for roesser state-space model based on a certain system of equations	"display_name": "10.1109/nds.2017.8070629",
data/crossref_scholarly_panel_benchmark.json	4060	name	doi	10.1109/nssmic.2007.4436951	OK	2007	Optimization of a rotating modulation collimator for neutron stimulated emission computed tomography (NSECT) imaging	"name": "10.1109/nssmic.2007.4436951",
data/crossref_scholarly_panel_benchmark.json	4069	display_name	doi	10.1109/nssmic.2007.4436951	OK	2007	Optimization of a rotating modulation collimator for neutron stimulated emission computed tomography (NSECT) imaging	"display_name": "10.1109/nssmic.2007.4436951",
data/crossref_scholarly_panel_benchmark.json	4085	name	doi	10.1109/nssmic.2007.4436951	OK	2007	Optimization of a rotating modulation collimator for neutron stimulated emission computed tomography (NSECT) imaging	"name": "10.1109/nssmic.2007.4436951",
data/crossref_scholarly_panel_benchmark.json	4094	display_name	doi	10.1109/nssmic.2007.4436951	OK	2007	Optimization of a rotating modulation collimator for neutron stimulated emission computed tomography (NSECT) imaging	"display_name": "10.1109/nssmic.2007.4436951",
data/crossref_scholarly_panel_benchmark.json	1335	name	doi	10.1109/srii.2012.46	OK	2012	Innovation Contests as Support Systems for New Service Value	"name": "10.1109/srii.2012.46",
data/crossref_scholarly_panel_benchmark.json	1344	display_name	doi	10.1109/srii.2012.46	OK	2012	Innovation Contests as Support Systems for New Service Value	"display_name": "10.1109/srii.2012.46",
data/crossref_scholarly_panel_benchmark.json	1360	name	doi	10.1109/srii.2012.46	OK	2012	Innovation Contests as Support Systems for New Service Value	"name": "10.1109/srii.2012.46",
data/crossref_scholarly_panel_benchmark.json	1369	display_name	doi	10.1109/srii.2012.46	OK	2012	Innovation Contests as Support Systems for New Service Value	"display_name": "10.1109/srii.2012.46",
data/crossref_scholarly_panel_benchmark.json	1485	name	doi	10.1111/j.1440-1681.1996.tb02797.x	OK	1996	LOW AFFINITY NERVE GROWTH FACTOR RECEPTOR GENE CO‐SEGREGATES WITH DECREASED BODYWEIGHT AND INCREASED LEFT VENTRICULAR WEIGHT IN SPONTANEOUSLY HYPERTENSIVE RATS	"name": "10.1111/j.1440-1681.1996.tb02797.x",
data/crossref_scholarly_panel_benchmark.json	1494	display_name	doi	10.1111/j.1440-1681.1996.tb02797.x	OK	1996	LOW AFFINITY NERVE GROWTH FACTOR RECEPTOR GENE CO‐SEGREGATES WITH DECREASED BODYWEIGHT AND INCREASED LEFT VENTRICULAR WEIGHT IN SPONTANEOUSLY HYPERTENSIVE RATS	"display_name": "10.1111/j.1440-1681.1996.tb02797.x",
data/crossref_scholarly_panel_benchmark.json	1510	name	doi	10.1111/j.1440-1681.1996.tb02797.x	OK	1996	LOW AFFINITY NERVE GROWTH FACTOR RECEPTOR GENE CO‐SEGREGATES WITH DECREASED BODYWEIGHT AND INCREASED LEFT VENTRICULAR WEIGHT IN SPONTANEOUSLY HYPERTENSIVE RATS	"name": "10.1111/j.1440-1681.1996.tb02797.x",
data/crossref_scholarly_panel_benchmark.json	1519	display_name	doi	10.1111/j.1440-1681.1996.tb02797.x	OK	1996	LOW AFFINITY NERVE GROWTH FACTOR RECEPTOR GENE CO‐SEGREGATES WITH DECREASED BODYWEIGHT AND INCREASED LEFT VENTRICULAR WEIGHT IN SPONTANEOUSLY HYPERTENSIVE RATS	"display_name": "10.1111/j.1440-1681.1996.tb02797.x",
data/crossref_scholarly_panel_benchmark.json	4210	name	doi	10.1111/j.1474-919x.1928.tb08740.x	OK	1928	XXXVI.—<i>The Birds of the Region South of Lake Nyasa</i>.—Part I. <i>Non‐Passerine Birds</i>	"name": "10.1111/j.1474-919x.1928.tb08740.x",
data/crossref_scholarly_panel_benchmark.json	4219	display_name	doi	10.1111/j.1474-919x.1928.tb08740.x	OK	1928	XXXVI.—<i>The Birds of the Region South of Lake Nyasa</i>.—Part I. <i>Non‐Passerine Birds</i>	"display_name": "10.1111/j.1474-919x.1928.tb08740.x",
data/crossref_scholarly_panel_benchmark.json	4235	name	doi	10.1111/j.1474-919x.1928.tb08740.x	OK	1928	XXXVI.—<i>The Birds of the Region South of Lake Nyasa</i>.—Part I. <i>Non‐Passerine Birds</i>	"name": "10.1111/j.1474-919x.1928.tb08740.x",
data/crossref_scholarly_panel_benchmark.json	4244	display_name	doi	10.1111/j.1474-919x.1928.tb08740.x	OK	1928	XXXVI.—<i>The Birds of the Region South of Lake Nyasa</i>.—Part I. <i>Non‐Passerine Birds</i>	"display_name": "10.1111/j.1474-919x.1928.tb08740.x",
data/crossref_scholarly_panel_benchmark.json	685	name	doi	10.1111/joim.1898.31.issue-18	OK	1898		"name": "10.1111/joim.1898.31.issue-18",
data/crossref_scholarly_panel_benchmark.json	694	display_name	doi	10.1111/joim.1898.31.issue-18	OK	1898		"display_name": "10.1111/joim.1898.31.issue-18",
data/crossref_scholarly_panel_benchmark.json	710	name	doi	10.1111/joim.1898.31.issue-18	OK	1898		"name": "10.1111/joim.1898.31.issue-18",
data/crossref_scholarly_panel_benchmark.json	719	display_name	doi	10.1111/joim.1898.31.issue-18	OK	1898		"display_name": "10.1111/joim.1898.31.issue-18",
data/crossref_scholarly_panel_benchmark.json	335	name	doi	10.1128/jcm.12.1.60-62.1980	OK	1980	Immunoglobulin G and immunoglobulin M antibody responses of patients with malignancies to the O antigens of bacteria causing bacteremia	"name": "10.1128/jcm.12.1.60-62.1980",
data/crossref_scholarly_panel_benchmark.json	344	display_name	doi	10.1128/jcm.12.1.60-62.1980	OK	1980	Immunoglobulin G and immunoglobulin M antibody responses of patients with malignancies to the O antigens of bacteria causing bacteremia	"display_name": "10.1128/jcm.12.1.60-62.1980",
data/crossref_scholarly_panel_benchmark.json	360	name	doi	10.1128/jcm.12.1.60-62.1980	OK	1980	Immunoglobulin G and immunoglobulin M antibody responses of patients with malignancies to the O antigens of bacteria causing bacteremia	"name": "10.1128/jcm.12.1.60-62.1980",
data/crossref_scholarly_panel_benchmark.json	369	display_name	doi	10.1128/jcm.12.1.60-62.1980	OK	1980	Immunoglobulin G and immunoglobulin M antibody responses of patients with malignancies to the O antigens of bacteria causing bacteremia	"display_name": "10.1128/jcm.12.1.60-62.1980",
data/crossref_scholarly_panel_benchmark.json	2035	name	doi	10.1136/bmj.2.2646.593	OK	1911	Remarks ON EXTERNAL POLYPOID TUMOURS OF THE STOMACH	"name": "10.1136/bmj.2.2646.593",
data/crossref_scholarly_panel_benchmark.json	2044	display_name	doi	10.1136/bmj.2.2646.593	OK	1911	Remarks ON EXTERNAL POLYPOID TUMOURS OF THE STOMACH	"display_name": "10.1136/bmj.2.2646.593",
data/crossref_scholarly_panel_benchmark.json	2060	name	doi	10.1136/bmj.2.2646.593	OK	1911	Remarks ON EXTERNAL POLYPOID TUMOURS OF THE STOMACH	"name": "10.1136/bmj.2.2646.593",
data/crossref_scholarly_panel_benchmark.json	2069	display_name	doi	10.1136/bmj.2.2646.593	OK	1911	Remarks ON EXTERNAL POLYPOID TUMOURS OF THE STOMACH	"display_name": "10.1136/bmj.2.2646.593",
data/toe_contested_sector_refresh.json	335	url	doi	10.1152/physrev.00019.2014	NOT_FOUND			"url": "https://doi.org/10.1152/physrev.00019.2014",
data/toe_contested_sector_refresh.json	592	url	doi	10.1152/physrev.00019.2014	NOT_FOUND			"url": "https://doi.org/10.1152/physrev.00019.2014",
data/crossref_scholarly_panel_benchmark.json	585	name	doi	10.1161/01.res.12.2.145	OK	1963	Effects of Hemodialysis and of Glucose-Insulin Administration on Plasma Potassium and on the Electrocardiogram	"name": "10.1161/01.res.12.2.145",
data/crossref_scholarly_panel_benchmark.json	594	display_name	doi	10.1161/01.res.12.2.145	OK	1963	Effects of Hemodialysis and of Glucose-Insulin Administration on Plasma Potassium and on the Electrocardiogram	"display_name": "10.1161/01.res.12.2.145",
data/crossref_scholarly_panel_benchmark.json	610	name	doi	10.1161/01.res.12.2.145	OK	1963	Effects of Hemodialysis and of Glucose-Insulin Administration on Plasma Potassium and on the Electrocardiogram	"name": "10.1161/01.res.12.2.145",
data/crossref_scholarly_panel_benchmark.json	619	display_name	doi	10.1161/01.res.12.2.145	OK	1963	Effects of Hemodialysis and of Glucose-Insulin Administration on Plasma Potassium and on the Electrocardiogram	"display_name": "10.1161/01.res.12.2.145",
data/crossref_scholarly_panel_benchmark.json	1635	name	doi	10.1175/2007jcli1900.1	OK	2008	Initial Tendencies of Cloud Regimes in the Met Office Unified Model	"name": "10.1175/2007jcli1900.1",
data/crossref_scholarly_panel_benchmark.json	1644	display_name	doi	10.1175/2007jcli1900.1	OK	2008	Initial Tendencies of Cloud Regimes in the Met Office Unified Model	"display_name": "10.1175/2007jcli1900.1",
data/crossref_scholarly_panel_benchmark.json	1660	name	doi	10.1175/2007jcli1900.1	OK	2008	Initial Tendencies of Cloud Regimes in the Met Office Unified Model	"name": "10.1175/2007jcli1900.1",
data/crossref_scholarly_panel_benchmark.json	1669	display_name	doi	10.1175/2007jcli1900.1	OK	2008	Initial Tendencies of Cloud Regimes in the Met Office Unified Model	"display_name": "10.1175/2007jcli1900.1",
data/crossref_scholarly_panel_benchmark.json	2535	name	doi	10.1177/014459879801600522	OK	1998	Book Review: The Petrobras Monopoly and the Regulation of Oil Prices in Brazil	"name": "10.1177/014459879801600522",
data/crossref_scholarly_panel_benchmark.json	2544	display_name	doi	10.1177/014459879801600522	OK	1998	Book Review: The Petrobras Monopoly and the Regulation of Oil Prices in Brazil	"display_name": "10.1177/014459879801600522",
data/crossref_scholarly_panel_benchmark.json	2560	name	doi	10.1177/014459879801600522	OK	1998	Book Review: The Petrobras Monopoly and the Regulation of Oil Prices in Brazil	"name": "10.1177/014459879801600522",
data/crossref_scholarly_panel_benchmark.json	2569	display_name	doi	10.1177/014459879801600522	OK	1998	Book Review: The Petrobras Monopoly and the Regulation of Oil Prices in Brazil	"display_name": "10.1177/014459879801600522",
data/crossref_scholarly_panel_benchmark.json	3860	name	doi	10.1177/0888325488002001005	OK	1987	Industrial Development of Hungary Since World War II	"name": "10.1177/0888325488002001005",
data/crossref_scholarly_panel_benchmark.json	3869	display_name	doi	10.1177/0888325488002001005	OK	1987	Industrial Development of Hungary Since World War II	"display_name": "10.1177/0888325488002001005",
data/crossref_scholarly_panel_benchmark.json	3885	name	doi	10.1177/0888325488002001005	OK	1987	Industrial Development of Hungary Since World War II	"name": "10.1177/0888325488002001005",
data/crossref_scholarly_panel_benchmark.json	3894	display_name	doi	10.1177/0888325488002001005	OK	1987	Industrial Development of Hungary Since World War II	"display_name": "10.1177/0888325488002001005",
data/crossref_scholarly_panel_benchmark.json	2635	name	doi	10.1183/13993003.congress-2020.1632	OK	2020	Comparison of perioperative and early postoperative results of VATS and thoracotomy in patients underwent pneumonectomy	"name": "10.1183/13993003.congress-2020.1632",
data/crossref_scholarly_panel_benchmark.json	2644	display_name	doi	10.1183/13993003.congress-2020.1632	OK	2020	Comparison of perioperative and early postoperative results of VATS and thoracotomy in patients underwent pneumonectomy	"display_name": "10.1183/13993003.congress-2020.1632",
data/crossref_scholarly_panel_benchmark.json	2660	name	doi	10.1183/13993003.congress-2020.1632	OK	2020	Comparison of perioperative and early postoperative results of VATS and thoracotomy in patients underwent pneumonectomy	"name": "10.1183/13993003.congress-2020.1632",
data/crossref_scholarly_panel_benchmark.json	2669	display_name	doi	10.1183/13993003.congress-2020.1632	OK	2020	Comparison of perioperative and early postoperative results of VATS and thoracotomy in patients underwent pneumonectomy	"display_name": "10.1183/13993003.congress-2020.1632",
data/crossref_scholarly_panel_benchmark.json	3010	name	doi	10.1192/bja.2023.10	OK	2023	BJA volume 29 issue 2 Cover and Back matter	"name": "10.1192/bja.2023.10",
data/crossref_scholarly_panel_benchmark.json	3019	display_name	doi	10.1192/bja.2023.10	OK	2023	BJA volume 29 issue 2 Cover and Back matter	"display_name": "10.1192/bja.2023.10",
data/crossref_scholarly_panel_benchmark.json	3035	name	doi	10.1192/bja.2023.10	OK	2023	BJA volume 29 issue 2 Cover and Back matter	"name": "10.1192/bja.2023.10",
data/crossref_scholarly_panel_benchmark.json	3044	display_name	doi	10.1192/bja.2023.10	OK	2023	BJA volume 29 issue 2 Cover and Back matter	"display_name": "10.1192/bja.2023.10",
data/crossref_scholarly_panel_benchmark.json	2585	name	doi	10.1201/9781439863725-18	OK	2005	Unified Theory of Identities	"name": "10.1201/9781439863725-18",
data/crossref_scholarly_panel_benchmark.json	2594	display_name	doi	10.1201/9781439863725-18	OK	2005	Unified Theory of Identities	"display_name": "10.1201/9781439863725-18",
data/crossref_scholarly_panel_benchmark.json	2610	name	doi	10.1201/9781439863725-18	OK	2005	Unified Theory of Identities	"name": "10.1201/9781439863725-18",
data/crossref_scholarly_panel_benchmark.json	2619	display_name	doi	10.1201/9781439863725-18	OK	2005	Unified Theory of Identities	"display_name": "10.1201/9781439863725-18",
data/crossref_scholarly_panel_benchmark.json	1735	name	doi	10.13058/raep.2016.v17n3.344	OK	2016	Competências Gerenciais (esperadas &lt;i&gt;versus&lt;/i&gt; percebidas) de Professores-gestores de Instituições Federais de Ensino Superior: percepções dos pro	"name": "10.13058/raep.2016.v17n3.344",
data/crossref_scholarly_panel_benchmark.json	1744	display_name	doi	10.13058/raep.2016.v17n3.344	OK	2016	Competências Gerenciais (esperadas &lt;i&gt;versus&lt;/i&gt; percebidas) de Professores-gestores de Instituições Federais de Ensino Superior: percepções dos pro	"display_name": "10.13058/raep.2016.v17n3.344",
data/crossref_scholarly_panel_benchmark.json	1760	name	doi	10.13058/raep.2016.v17n3.344	OK	2016	Competências Gerenciais (esperadas &lt;i&gt;versus&lt;/i&gt; percebidas) de Professores-gestores de Instituições Federais de Ensino Superior: percepções dos pro	"name": "10.13058/raep.2016.v17n3.344",
data/crossref_scholarly_panel_benchmark.json	1769	display_name	doi	10.13058/raep.2016.v17n3.344	OK	2016	Competências Gerenciais (esperadas &lt;i&gt;versus&lt;/i&gt; percebidas) de Professores-gestores de Instituições Federais de Ensino Superior: percepções dos pro	"display_name": "10.13058/raep.2016.v17n3.344",
data/crossref_scholarly_panel_benchmark.json	3760	name	doi	10.1353/ajh.2017.0007	OK	2017	Ekphrasis at the Historical Society	"name": "10.1353/ajh.2017.0007",
data/crossref_scholarly_panel_benchmark.json	3769	display_name	doi	10.1353/ajh.2017.0007	OK	2017	Ekphrasis at the Historical Society	"display_name": "10.1353/ajh.2017.0007",
data/crossref_scholarly_panel_benchmark.json	3785	name	doi	10.1353/ajh.2017.0007	OK	2017	Ekphrasis at the Historical Society	"name": "10.1353/ajh.2017.0007",
data/crossref_scholarly_panel_benchmark.json	3794	display_name	doi	10.1353/ajh.2017.0007	OK	2017	Ekphrasis at the Historical Society	"display_name": "10.1353/ajh.2017.0007",
data/crossref_scholarly_panel_benchmark.json	3310	name	doi	10.1353/lut.2017.0045	OK	2017	The Routledge Companion to Christianity in Africa ed. by Elias Kifon Bongmba	"name": "10.1353/lut.2017.0045",
data/crossref_scholarly_panel_benchmark.json	3319	display_name	doi	10.1353/lut.2017.0045	OK	2017	The Routledge Companion to Christianity in Africa ed. by Elias Kifon Bongmba	"display_name": "10.1353/lut.2017.0045",
data/crossref_scholarly_panel_benchmark.json	3335	name	doi	10.1353/lut.2017.0045	OK	2017	The Routledge Companion to Christianity in Africa ed. by Elias Kifon Bongmba	"name": "10.1353/lut.2017.0045",
data/crossref_scholarly_panel_benchmark.json	3344	display_name	doi	10.1353/lut.2017.0045	OK	2017	The Routledge Companion to Christianity in Africa ed. by Elias Kifon Bongmba	"display_name": "10.1353/lut.2017.0045",
data/crossref_scholarly_panel_benchmark.json	4710	name	doi	10.1353/mar.2018.0005	OK	2018	Have I Told You Enough How Much I Love You?	"name": "10.1353/mar.2018.0005",
data/crossref_scholarly_panel_benchmark.json	4719	display_name	doi	10.1353/mar.2018.0005	OK	2018	Have I Told You Enough How Much I Love You?	"display_name": "10.1353/mar.2018.0005",
data/crossref_scholarly_panel_benchmark.json	4735	name	doi	10.1353/mar.2018.0005	OK	2018	Have I Told You Enough How Much I Love You?	"name": "10.1353/mar.2018.0005",
data/crossref_scholarly_panel_benchmark.json	4744	display_name	doi	10.1353/mar.2018.0005	OK	2018	Have I Told You Enough How Much I Love You?	"display_name": "10.1353/mar.2018.0005",
data/crossref_scholarly_panel_benchmark.json	4410	name	doi	10.1353/plc.2017.0015	OK	2017	The Horror	"name": "10.1353/plc.2017.0015",
data/crossref_scholarly_panel_benchmark.json	4419	display_name	doi	10.1353/plc.2017.0015	OK	2017	The Horror	"display_name": "10.1353/plc.2017.0015",
data/crossref_scholarly_panel_benchmark.json	4435	name	doi	10.1353/plc.2017.0015	OK	2017	The Horror	"name": "10.1353/plc.2017.0015",
data/crossref_scholarly_panel_benchmark.json	4444	display_name	doi	10.1353/plc.2017.0015	OK	2017	The Horror	"display_name": "10.1353/plc.2017.0015",
data/crossref_scholarly_panel_benchmark.json	3560	name	doi	10.1353/plc.2017.0200	OK	2017	Fine, Fine, Fine, Fine, Fine by Diane Williams	"name": "10.1353/plc.2017.0200",
data/crossref_scholarly_panel_benchmark.json	3569	display_name	doi	10.1353/plc.2017.0200	OK	2017	Fine, Fine, Fine, Fine, Fine by Diane Williams	"display_name": "10.1353/plc.2017.0200",
data/crossref_scholarly_panel_benchmark.json	3585	name	doi	10.1353/plc.2017.0200	OK	2017	Fine, Fine, Fine, Fine, Fine by Diane Williams	"name": "10.1353/plc.2017.0200",
data/crossref_scholarly_panel_benchmark.json	3594	display_name	doi	10.1353/plc.2017.0200	OK	2017	Fine, Fine, Fine, Fine, Fine by Diane Williams	"display_name": "10.1353/plc.2017.0200",
data/crossref_scholarly_panel_benchmark.json	3360	name	doi	10.1353/rhe.1990.0016	OK	1990	Title and Author Index to Volume 13	"name": "10.1353/rhe.1990.0016",
data/crossref_scholarly_panel_benchmark.json	3369	display_name	doi	10.1353/rhe.1990.0016	OK	1990	Title and Author Index to Volume 13	"display_name": "10.1353/rhe.1990.0016",
data/crossref_scholarly_panel_benchmark.json	3385	name	doi	10.1353/rhe.1990.0016	OK	1990	Title and Author Index to Volume 13	"name": "10.1353/rhe.1990.0016",
data/crossref_scholarly_panel_benchmark.json	3394	display_name	doi	10.1353/rhe.1990.0016	OK	1990	Title and Author Index to Volume 13	"display_name": "10.1353/rhe.1990.0016",
data/crossref_scholarly_panel_benchmark.json	4760	name	doi	10.1353/tho.2001.0023	OK	2001	Feminist Reconstructions of Christian Doctrine: Narrative Analysis and Appraisal by Kathryn Greene-Mccreight	"name": "10.1353/tho.2001.0023",
data/crossref_scholarly_panel_benchmark.json	4769	display_name	doi	10.1353/tho.2001.0023	OK	2001	Feminist Reconstructions of Christian Doctrine: Narrative Analysis and Appraisal by Kathryn Greene-Mccreight	"display_name": "10.1353/tho.2001.0023",
data/crossref_scholarly_panel_benchmark.json	4785	name	doi	10.1353/tho.2001.0023	OK	2001	Feminist Reconstructions of Christian Doctrine: Narrative Analysis and Appraisal by Kathryn Greene-Mccreight	"name": "10.1353/tho.2001.0023",
data/crossref_scholarly_panel_benchmark.json	4794	display_name	doi	10.1353/tho.2001.0023	OK	2001	Feminist Reconstructions of Christian Doctrine: Narrative Analysis and Appraisal by Kathryn Greene-Mccreight	"display_name": "10.1353/tho.2001.0023",
data/crossref_scholarly_panel_benchmark.json	2860	name	doi	10.14423/smj.0000000000001387	OK	2022	Webinars and Continuing Medical Education: Pros, Cons, and Controversies	"name": "10.14423/smj.0000000000001387",
data/crossref_scholarly_panel_benchmark.json	2869	display_name	doi	10.14423/smj.0000000000001387	OK	2022	Webinars and Continuing Medical Education: Pros, Cons, and Controversies	"display_name": "10.14423/smj.0000000000001387",
data/crossref_scholarly_panel_benchmark.json	2885	name	doi	10.14423/smj.0000000000001387	OK	2022	Webinars and Continuing Medical Education: Pros, Cons, and Controversies	"name": "10.14423/smj.0000000000001387",
data/crossref_scholarly_panel_benchmark.json	2894	display_name	doi	10.14423/smj.0000000000001387	OK	2022	Webinars and Continuing Medical Education: Pros, Cons, and Controversies	"display_name": "10.14423/smj.0000000000001387",
data/crossref_scholarly_panel_benchmark.json	3210	name	doi	10.1515/9780889779198-fm	OK	2022	Frontmatter	"name": "10.1515/9780889779198-fm",
data/crossref_scholarly_panel_benchmark.json	3219	display_name	doi	10.1515/9780889779198-fm	OK	2022	Frontmatter	"display_name": "10.1515/9780889779198-fm",
data/crossref_scholarly_panel_benchmark.json	3235	name	doi	10.1515/9780889779198-fm	OK	2022	Frontmatter	"name": "10.1515/9780889779198-fm",
data/crossref_scholarly_panel_benchmark.json	3244	display_name	doi	10.1515/9780889779198-fm	OK	2022	Frontmatter	"display_name": "10.1515/9780889779198-fm",
data/crossref_scholarly_panel_benchmark.json	3110	name	doi	10.1515/9781894725415-019	OK	2017	5. Excerpts from the National Housing Acts, 1949 and 1954	"name": "10.1515/9781894725415-019",
data/crossref_scholarly_panel_benchmark.json	3119	display_name	doi	10.1515/9781894725415-019	OK	2017	5. Excerpts from the National Housing Acts, 1949 and 1954	"display_name": "10.1515/9781894725415-019",
data/crossref_scholarly_panel_benchmark.json	3135	name	doi	10.1515/9781894725415-019	OK	2017	5. Excerpts from the National Housing Acts, 1949 and 1954	"name": "10.1515/9781894725415-019",
data/crossref_scholarly_panel_benchmark.json	3144	display_name	doi	10.1515/9781894725415-019	OK	2017	5. Excerpts from the National Housing Acts, 1949 and 1954	"display_name": "10.1515/9781894725415-019",
data/crossref_scholarly_panel_benchmark.json	2335	name	doi	10.1515/9782766303809-003	OK	2024	1. Ce que reflètent nos écrans	"name": "10.1515/9782766303809-003",
data/crossref_scholarly_panel_benchmark.json	2344	display_name	doi	10.1515/9782766303809-003	OK	2024	1. Ce que reflètent nos écrans	"display_name": "10.1515/9782766303809-003",
data/crossref_scholarly_panel_benchmark.json	2360	name	doi	10.1515/9782766303809-003	OK	2024	1. Ce que reflètent nos écrans	"name": "10.1515/9782766303809-003",
data/crossref_scholarly_panel_benchmark.json	2369	display_name	doi	10.1515/9782766303809-003	OK	2024	1. Ce que reflètent nos écrans	"display_name": "10.1515/9782766303809-003",
data/crossref_scholarly_panel_benchmark.json	185	name	doi	10.15760/etd.6294	OK	2000	A study of the narrative skills in kindergarten children with normal, impaired, and late developing language development	"name": "10.15760/etd.6294",
data/crossref_scholarly_panel_benchmark.json	194	display_name	doi	10.15760/etd.6294	OK	2000	A study of the narrative skills in kindergarten children with normal, impaired, and late developing language development	"display_name": "10.15760/etd.6294",
data/crossref_scholarly_panel_benchmark.json	210	name	doi	10.15760/etd.6294	OK	2000	A study of the narrative skills in kindergarten children with normal, impaired, and late developing language development	"name": "10.15760/etd.6294",
data/crossref_scholarly_panel_benchmark.json	219	display_name	doi	10.15760/etd.6294	OK	2000	A study of the narrative skills in kindergarten children with normal, impaired, and late developing language development	"display_name": "10.15760/etd.6294",
data/crossref_scholarly_panel_benchmark.json	935	name	doi	10.17238/issn2072-909x.2019.3	OK	2019		"name": "10.17238/issn2072-909x.2019.3",
data/crossref_scholarly_panel_benchmark.json	944	display_name	doi	10.17238/issn2072-909x.2019.3	OK	2019		"display_name": "10.17238/issn2072-909x.2019.3",
data/crossref_scholarly_panel_benchmark.json	960	name	doi	10.17238/issn2072-909x.2019.3	OK	2019		"name": "10.17238/issn2072-909x.2019.3",
data/crossref_scholarly_panel_benchmark.json	969	display_name	doi	10.17238/issn2072-909x.2019.3	OK	2019		"display_name": "10.17238/issn2072-909x.2019.3",
data/crossref_scholarly_panel_benchmark.json	4985	name	doi	10.18203/2320-6012.ijrms20171277	OK	2017	An analysis of stromal expression of CD10 in invasive ductal carcinoma of breast and its correlation with histological grade	"name": "10.18203/2320-6012.ijrms20171277",
data/crossref_scholarly_panel_benchmark.json	4994	display_name	doi	10.18203/2320-6012.ijrms20171277	OK	2017	An analysis of stromal expression of CD10 in invasive ductal carcinoma of breast and its correlation with histological grade	"display_name": "10.18203/2320-6012.ijrms20171277",
data/crossref_scholarly_panel_benchmark.json	5010	name	doi	10.18203/2320-6012.ijrms20171277	OK	2017	An analysis of stromal expression of CD10 in invasive ductal carcinoma of breast and its correlation with histological grade	"name": "10.18203/2320-6012.ijrms20171277",
data/crossref_scholarly_panel_benchmark.json	5019	display_name	doi	10.18203/2320-6012.ijrms20171277	OK	2017	An analysis of stromal expression of CD10 in invasive ductal carcinoma of breast and its correlation with histological grade	"display_name": "10.18203/2320-6012.ijrms20171277",
data/crossref_scholarly_panel_benchmark.json	1185	name	doi	10.21015/vtcs.v9i1.1001	OK	2021	Specification of Operating Rules for Water Reservoir to Manage Flood Using Z-Notation	"name": "10.21015/vtcs.v9i1.1001",
data/crossref_scholarly_panel_benchmark.json	1194	display_name	doi	10.21015/vtcs.v9i1.1001	OK	2021	Specification of Operating Rules for Water Reservoir to Manage Flood Using Z-Notation	"display_name": "10.21015/vtcs.v9i1.1001",
data/crossref_scholarly_panel_benchmark.json	1210	name	doi	10.21015/vtcs.v9i1.1001	OK	2021	Specification of Operating Rules for Water Reservoir to Manage Flood Using Z-Notation	"name": "10.21015/vtcs.v9i1.1001",
data/crossref_scholarly_panel_benchmark.json	1219	display_name	doi	10.21015/vtcs.v9i1.1001	OK	2021	Specification of Operating Rules for Water Reservoir to Manage Flood Using Z-Notation	"display_name": "10.21015/vtcs.v9i1.1001",
data/crossref_scholarly_panel_benchmark.json	285	name	doi	10.21125/iceri.2016.0535	OK	2016	EDUCATION BY ACCESS TO VISUAL INFORMATION – METHODOLOGY OF MOULDING BEHAVIOUR BASED ON INTERNATIONAL RESEARCH PROJECT EXPERIENCES	"name": "10.21125/iceri.2016.0535",
data/crossref_scholarly_panel_benchmark.json	294	display_name	doi	10.21125/iceri.2016.0535	OK	2016	EDUCATION BY ACCESS TO VISUAL INFORMATION – METHODOLOGY OF MOULDING BEHAVIOUR BASED ON INTERNATIONAL RESEARCH PROJECT EXPERIENCES	"display_name": "10.21125/iceri.2016.0535",
data/crossref_scholarly_panel_benchmark.json	310	name	doi	10.21125/iceri.2016.0535	OK	2016	EDUCATION BY ACCESS TO VISUAL INFORMATION – METHODOLOGY OF MOULDING BEHAVIOUR BASED ON INTERNATIONAL RESEARCH PROJECT EXPERIENCES	"name": "10.21125/iceri.2016.0535",
data/crossref_scholarly_panel_benchmark.json	319	display_name	doi	10.21125/iceri.2016.0535	OK	2016	EDUCATION BY ACCESS TO VISUAL INFORMATION – METHODOLOGY OF MOULDING BEHAVIOUR BASED ON INTERNATIONAL RESEARCH PROJECT EXPERIENCES	"display_name": "10.21125/iceri.2016.0535",
data/crossref_scholarly_panel_benchmark.json	3460	name	doi	10.2118/0215-0079-jpt	OK	2015	Drilling of Multilateral Wells in Kuwait Aided With Geochemical Analysis	"name": "10.2118/0215-0079-jpt",
data/crossref_scholarly_panel_benchmark.json	3469	display_name	doi	10.2118/0215-0079-jpt	OK	2015	Drilling of Multilateral Wells in Kuwait Aided With Geochemical Analysis	"display_name": "10.2118/0215-0079-jpt",
data/crossref_scholarly_panel_benchmark.json	3485	name	doi	10.2118/0215-0079-jpt	OK	2015	Drilling of Multilateral Wells in Kuwait Aided With Geochemical Analysis	"name": "10.2118/0215-0079-jpt",
data/crossref_scholarly_panel_benchmark.json	3494	display_name	doi	10.2118/0215-0079-jpt	OK	2015	Drilling of Multilateral Wells in Kuwait Aided With Geochemical Analysis	"display_name": "10.2118/0215-0079-jpt",
data/crossref_scholarly_panel_benchmark.json	3610	name	doi	10.21203/rs.3.rs-4840802/v1	OK	2024	Construct validity and reliability of the Thai version of the Brief Illness Perception Questionnaire and its association with overall functioning and health in 	"name": "10.21203/rs.3.rs-4840802/v1",
data/crossref_scholarly_panel_benchmark.json	3619	display_name	doi	10.21203/rs.3.rs-4840802/v1	OK	2024	Construct validity and reliability of the Thai version of the Brief Illness Perception Questionnaire and its association with overall functioning and health in 	"display_name": "10.21203/rs.3.rs-4840802/v1",
data/crossref_scholarly_panel_benchmark.json	3635	name	doi	10.21203/rs.3.rs-4840802/v1	OK	2024	Construct validity and reliability of the Thai version of the Brief Illness Perception Questionnaire and its association with overall functioning and health in 	"name": "10.21203/rs.3.rs-4840802/v1",
data/crossref_scholarly_panel_benchmark.json	3644	display_name	doi	10.21203/rs.3.rs-4840802/v1	OK	2024	Construct validity and reliability of the Thai version of the Brief Illness Perception Questionnaire and its association with overall functioning and health in 	"display_name": "10.21203/rs.3.rs-4840802/v1",
data/crossref_scholarly_panel_benchmark.json	1585	name	doi	10.21236/ada461282	OK	2003	Early Experience with an Internet Broadcast System Based on Overlay Multicast	"name": "10.21236/ada461282",
data/crossref_scholarly_panel_benchmark.json	1594	display_name	doi	10.21236/ada461282	OK	2003	Early Experience with an Internet Broadcast System Based on Overlay Multicast	"display_name": "10.21236/ada461282",
data/crossref_scholarly_panel_benchmark.json	1610	name	doi	10.21236/ada461282	OK	2003	Early Experience with an Internet Broadcast System Based on Overlay Multicast	"name": "10.21236/ada461282",
data/crossref_scholarly_panel_benchmark.json	1619	display_name	doi	10.21236/ada461282	OK	2003	Early Experience with an Internet Broadcast System Based on Overlay Multicast	"display_name": "10.21236/ada461282",
data/crossref_scholarly_panel_benchmark.json	1285	name	doi	10.2165/00128413-200414590-00002	OK	2004	CBT better value than SSRIs in paediatric patients	"name": "10.2165/00128413-200414590-00002",
data/crossref_scholarly_panel_benchmark.json	1294	display_name	doi	10.2165/00128413-200414590-00002	OK	2004	CBT better value than SSRIs in paediatric patients	"display_name": "10.2165/00128413-200414590-00002",
data/crossref_scholarly_panel_benchmark.json	1310	name	doi	10.2165/00128413-200414590-00002	OK	2004	CBT better value than SSRIs in paediatric patients	"name": "10.2165/00128413-200414590-00002",
data/crossref_scholarly_panel_benchmark.json	1319	display_name	doi	10.2165/00128413-200414590-00002	OK	2004	CBT better value than SSRIs in paediatric patients	"display_name": "10.2165/00128413-200414590-00002",
data/crossref_scholarly_panel_benchmark.json	4110	name	doi	10.2172/5086730	OK	1980	Assessment of potential radionuclide transport in site-specific geologic formations	"name": "10.2172/5086730",
data/crossref_scholarly_panel_benchmark.json	4119	display_name	doi	10.2172/5086730	OK	1980	Assessment of potential radionuclide transport in site-specific geologic formations	"display_name": "10.2172/5086730",
data/crossref_scholarly_panel_benchmark.json	4135	name	doi	10.2172/5086730	OK	1980	Assessment of potential radionuclide transport in site-specific geologic formations	"name": "10.2172/5086730",
data/crossref_scholarly_panel_benchmark.json	4144	display_name	doi	10.2172/5086730	OK	1980	Assessment of potential radionuclide transport in site-specific geologic formations	"display_name": "10.2172/5086730",
data/crossref_scholarly_panel_benchmark.json	3510	name	doi	10.22478/ufpb.1807-8214.2023v36n1.68948	OK	2023	La interseccionalidad imaginaria en la escritura lésbica de Yolanda Arroyo Pizarro	"name": "10.22478/ufpb.1807-8214.2023v36n1.68948",
data/crossref_scholarly_panel_benchmark.json	3519	display_name	doi	10.22478/ufpb.1807-8214.2023v36n1.68948	OK	2023	La interseccionalidad imaginaria en la escritura lésbica de Yolanda Arroyo Pizarro	"display_name": "10.22478/ufpb.1807-8214.2023v36n1.68948",
data/crossref_scholarly_panel_benchmark.json	3535	name	doi	10.22478/ufpb.1807-8214.2023v36n1.68948	OK	2023	La interseccionalidad imaginaria en la escritura lésbica de Yolanda Arroyo Pizarro	"name": "10.22478/ufpb.1807-8214.2023v36n1.68948",
data/crossref_scholarly_panel_benchmark.json	3544	display_name	doi	10.22478/ufpb.1807-8214.2023v36n1.68948	OK	2023	La interseccionalidad imaginaria en la escritura lésbica de Yolanda Arroyo Pizarro	"display_name": "10.22478/ufpb.1807-8214.2023v36n1.68948",
data/crossref_scholarly_panel_benchmark.json	4935	name	doi	10.2307/529639	OK	1977	News and Short Contributions	"name": "10.2307/529639",
data/crossref_scholarly_panel_benchmark.json	4944	display_name	doi	10.2307/529639	OK	1977	News and Short Contributions	"display_name": "10.2307/529639",
data/crossref_scholarly_panel_benchmark.json	4960	name	doi	10.2307/529639	OK	1977	News and Short Contributions	"name": "10.2307/529639",
data/crossref_scholarly_panel_benchmark.json	4969	display_name	doi	10.2307/529639	OK	1977	News and Short Contributions	"display_name": "10.2307/529639",
data/crossref_scholarly_panel_benchmark.json	4260	name	doi	10.2307/jj.18530845.12	OK	2023	Debra	"name": "10.2307/jj.18530845.12",
data/crossref_scholarly_panel_benchmark.json	4269	display_name	doi	10.2307/jj.18530845.12	OK	2023	Debra	"display_name": "10.2307/jj.18530845.12",
data/crossref_scholarly_panel_benchmark.json	4285	name	doi	10.2307/jj.18530845.12	OK	2023	Debra	"name": "10.2307/jj.18530845.12",
data/crossref_scholarly_panel_benchmark.json	4294	display_name	doi	10.2307/jj.18530845.12	OK	2023	Debra	"display_name": "10.2307/jj.18530845.12",
data/crossref_scholarly_panel_benchmark.json	3660	name	doi	10.2307/jj.18530902.10	OK	2024	Chapter Seven	"name": "10.2307/jj.18530902.10",
data/crossref_scholarly_panel_benchmark.json	3669	display_name	doi	10.2307/jj.18530902.10	OK	2024	Chapter Seven	"display_name": "10.2307/jj.18530902.10",
data/crossref_scholarly_panel_benchmark.json	3685	name	doi	10.2307/jj.18530902.10	OK	2024	Chapter Seven	"name": "10.2307/jj.18530902.10",
data/crossref_scholarly_panel_benchmark.json	3694	display_name	doi	10.2307/jj.18530902.10	OK	2024	Chapter Seven	"display_name": "10.2307/jj.18530902.10",
data/crossref_scholarly_panel_benchmark.json	3810	name	doi	10.2307/jj.18530904.7	OK	2023	On-Site Performance of Latinidad from East Coast to West Coast	"name": "10.2307/jj.18530904.7",
data/crossref_scholarly_panel_benchmark.json	3819	display_name	doi	10.2307/jj.18530904.7	OK	2023	On-Site Performance of Latinidad from East Coast to West Coast	"display_name": "10.2307/jj.18530904.7",
data/crossref_scholarly_panel_benchmark.json	3835	name	doi	10.2307/jj.18530904.7	OK	2023	On-Site Performance of Latinidad from East Coast to West Coast	"name": "10.2307/jj.18530904.7",
data/crossref_scholarly_panel_benchmark.json	3844	display_name	doi	10.2307/jj.18530904.7	OK	2023	On-Site Performance of Latinidad from East Coast to West Coast	"display_name": "10.2307/jj.18530904.7",
data/crossref_scholarly_panel_benchmark.json	4510	name	doi	10.2307/jj.18530966.13	OK	2023	INDEX	"name": "10.2307/jj.18530966.13",
data/crossref_scholarly_panel_benchmark.json	4519	display_name	doi	10.2307/jj.18530966.13	OK	2023	INDEX	"display_name": "10.2307/jj.18530966.13",
data/crossref_scholarly_panel_benchmark.json	4535	name	doi	10.2307/jj.18530966.13	OK	2023	INDEX	"name": "10.2307/jj.18530966.13",
data/crossref_scholarly_panel_benchmark.json	4544	display_name	doi	10.2307/jj.18530966.13	OK	2023	INDEX	"display_name": "10.2307/jj.18530966.13",
data/crossref_scholarly_panel_benchmark.json	3410	name	doi	10.2307/jj.18530966.4	OK	2023	WHY FEMININE INTUITION?:	"name": "10.2307/jj.18530966.4",
data/crossref_scholarly_panel_benchmark.json	3419	display_name	doi	10.2307/jj.18530966.4	OK	2023	WHY FEMININE INTUITION?:	"display_name": "10.2307/jj.18530966.4",
data/crossref_scholarly_panel_benchmark.json	3435	name	doi	10.2307/jj.18530966.4	OK	2023	WHY FEMININE INTUITION?:	"name": "10.2307/jj.18530966.4",
data/crossref_scholarly_panel_benchmark.json	3444	display_name	doi	10.2307/jj.18530966.4	OK	2023	WHY FEMININE INTUITION?:	"display_name": "10.2307/jj.18530966.4",
data/crossref_scholarly_panel_benchmark.json	3060	name	doi	10.2307/jj.18531016.15	OK	2024	Selected Bibliography	"name": "10.2307/jj.18531016.15",
data/crossref_scholarly_panel_benchmark.json	3069	display_name	doi	10.2307/jj.18531016.15	OK	2024	Selected Bibliography	"display_name": "10.2307/jj.18531016.15",
data/crossref_scholarly_panel_benchmark.json	3085	name	doi	10.2307/jj.18531016.15	OK	2024	Selected Bibliography	"name": "10.2307/jj.18531016.15",
data/crossref_scholarly_panel_benchmark.json	3094	display_name	doi	10.2307/jj.18531016.15	OK	2024	Selected Bibliography	"display_name": "10.2307/jj.18531016.15",
data/crossref_scholarly_panel_benchmark.json	2435	name	doi	10.2307/jj.423450.7	OK	2021	GULDET I NORDEN – KONTEKST OG FORSKNINGSHISTORIE	"name": "10.2307/jj.423450.7",
data/crossref_scholarly_panel_benchmark.json	2444	display_name	doi	10.2307/jj.423450.7	OK	2021	GULDET I NORDEN – KONTEKST OG FORSKNINGSHISTORIE	"display_name": "10.2307/jj.423450.7",
data/crossref_scholarly_panel_benchmark.json	2460	name	doi	10.2307/jj.423450.7	OK	2021	GULDET I NORDEN – KONTEKST OG FORSKNINGSHISTORIE	"name": "10.2307/jj.423450.7",
data/crossref_scholarly_panel_benchmark.json	2469	display_name	doi	10.2307/jj.423450.7	OK	2021	GULDET I NORDEN – KONTEKST OG FORSKNINGSHISTORIE	"display_name": "10.2307/jj.423450.7",
data/crossref_scholarly_panel_benchmark.json	2235	name	doi	10.2307/jj.490870.5	OK	1981	From These Roots:	"name": "10.2307/jj.490870.5",
data/crossref_scholarly_panel_benchmark.json	2244	display_name	doi	10.2307/jj.490870.5	OK	1981	From These Roots:	"display_name": "10.2307/jj.490870.5",
data/crossref_scholarly_panel_benchmark.json	2260	name	doi	10.2307/jj.490870.5	OK	1981	From These Roots:	"name": "10.2307/jj.490870.5",
data/crossref_scholarly_panel_benchmark.json	2269	display_name	doi	10.2307/jj.490870.5	OK	1981	From These Roots:	"display_name": "10.2307/jj.490870.5",
data/crossref_scholarly_panel_benchmark.json	235	name	doi	10.2514/1.j055215	OK	2017	Modal Substructuring of Geometrically Nonlinear Finite Element Models with Interface Reduction	"name": "10.2514/1.j055215",
data/crossref_scholarly_panel_benchmark.json	244	display_name	doi	10.2514/1.j055215	OK	2017	Modal Substructuring of Geometrically Nonlinear Finite Element Models with Interface Reduction	"display_name": "10.2514/1.j055215",
data/crossref_scholarly_panel_benchmark.json	260	name	doi	10.2514/1.j055215	OK	2017	Modal Substructuring of Geometrically Nonlinear Finite Element Models with Interface Reduction	"name": "10.2514/1.j055215",
data/crossref_scholarly_panel_benchmark.json	269	display_name	doi	10.2514/1.j055215	OK	2017	Modal Substructuring of Geometrically Nonlinear Finite Element Models with Interface Reduction	"display_name": "10.2514/1.j055215",
data/crossref_scholarly_panel_benchmark.json	535	name	doi	10.31168/2305-6754.2023.1.05	OK	2023	Phrase Prosody of Two Eastern Middle-Russian Dialects	"name": "10.31168/2305-6754.2023.1.05",
data/crossref_scholarly_panel_benchmark.json	544	display_name	doi	10.31168/2305-6754.2023.1.05	OK	2023	Phrase Prosody of Two Eastern Middle-Russian Dialects	"display_name": "10.31168/2305-6754.2023.1.05",
data/crossref_scholarly_panel_benchmark.json	560	name	doi	10.31168/2305-6754.2023.1.05	OK	2023	Phrase Prosody of Two Eastern Middle-Russian Dialects	"name": "10.31168/2305-6754.2023.1.05",
data/crossref_scholarly_panel_benchmark.json	569	display_name	doi	10.31168/2305-6754.2023.1.05	OK	2023	Phrase Prosody of Two Eastern Middle-Russian Dialects	"display_name": "10.31168/2305-6754.2023.1.05",
data/crossref_scholarly_panel_benchmark.json	4885	name	doi	10.32609/0042-8736-2007-5-117-137	OK	2007	Revision of the Neo-Ricardian Theory of Value and Distribution: New Evidence and New Perspectives	"name": "10.32609/0042-8736-2007-5-117-137",
data/crossref_scholarly_panel_benchmark.json	4894	display_name	doi	10.32609/0042-8736-2007-5-117-137	OK	2007	Revision of the Neo-Ricardian Theory of Value and Distribution: New Evidence and New Perspectives	"display_name": "10.32609/0042-8736-2007-5-117-137",
data/crossref_scholarly_panel_benchmark.json	4910	name	doi	10.32609/0042-8736-2007-5-117-137	OK	2007	Revision of the Neo-Ricardian Theory of Value and Distribution: New Evidence and New Perspectives	"name": "10.32609/0042-8736-2007-5-117-137",
data/crossref_scholarly_panel_benchmark.json	4919	display_name	doi	10.32609/0042-8736-2007-5-117-137	OK	2007	Revision of the Neo-Ricardian Theory of Value and Distribution: New Evidence and New Perspectives	"display_name": "10.32609/0042-8736-2007-5-117-137",
data/crossref_scholarly_panel_benchmark.json	3710	name	doi	10.3323/jcorr1991.44.37	OK	1995	High Temperature Corrosion Resistance of Silicide Ceramics	"name": "10.3323/jcorr1991.44.37",
data/crossref_scholarly_panel_benchmark.json	3719	display_name	doi	10.3323/jcorr1991.44.37	OK	1995	High Temperature Corrosion Resistance of Silicide Ceramics	"display_name": "10.3323/jcorr1991.44.37",
data/crossref_scholarly_panel_benchmark.json	3735	name	doi	10.3323/jcorr1991.44.37	OK	1995	High Temperature Corrosion Resistance of Silicide Ceramics	"name": "10.3323/jcorr1991.44.37",
data/crossref_scholarly_panel_benchmark.json	3744	display_name	doi	10.3323/jcorr1991.44.37	OK	1995	High Temperature Corrosion Resistance of Silicide Ceramics	"display_name": "10.3323/jcorr1991.44.37",
data/crossref_scholarly_panel_benchmark.json	4660	name	doi	10.3406/bmsap.1965.1316	OK	1965	Étude hémotypologique des populations du Tidikelt ; les groupes sériques.	"name": "10.3406/bmsap.1965.1316",
data/crossref_scholarly_panel_benchmark.json	4669	display_name	doi	10.3406/bmsap.1965.1316	OK	1965	Étude hémotypologique des populations du Tidikelt ; les groupes sériques.	"display_name": "10.3406/bmsap.1965.1316",
data/crossref_scholarly_panel_benchmark.json	4685	name	doi	10.3406/bmsap.1965.1316	OK	1965	Étude hémotypologique des populations du Tidikelt ; les groupes sériques.	"name": "10.3406/bmsap.1965.1316",
data/crossref_scholarly_panel_benchmark.json	4694	display_name	doi	10.3406/bmsap.1965.1316	OK	1965	Étude hémotypologique des populations du Tidikelt ; les groupes sériques.	"display_name": "10.3406/bmsap.1965.1316",
data/crossref_scholarly_panel_benchmark.json	4360	name	doi	10.3412/jsb.14.211	OK	1959	Studies on Shigella flexneri type 6	"name": "10.3412/jsb.14.211",
data/crossref_scholarly_panel_benchmark.json	4369	display_name	doi	10.3412/jsb.14.211	OK	1959	Studies on Shigella flexneri type 6	"display_name": "10.3412/jsb.14.211",
data/crossref_scholarly_panel_benchmark.json	4385	name	doi	10.3412/jsb.14.211	OK	1959	Studies on Shigella flexneri type 6	"name": "10.3412/jsb.14.211",
data/crossref_scholarly_panel_benchmark.json	4394	display_name	doi	10.3412/jsb.14.211	OK	1959	Studies on Shigella flexneri type 6	"display_name": "10.3412/jsb.14.211",
data/crossref_scholarly_panel_benchmark.json	1835	name	doi	10.36269/jtr.v4i1.988	OK	2022	Pengaruh Penempatan Lightning Arrester Sebelum Dan Sesudah Fuse Cut Out Terhadap Tegangan Lebih Pada Transformator Distribusi 20 Kv Di PT. PLN (Persero) Rayon T	"name": "10.36269/jtr.v4i1.988",
data/crossref_scholarly_panel_benchmark.json	1844	display_name	doi	10.36269/jtr.v4i1.988	OK	2022	Pengaruh Penempatan Lightning Arrester Sebelum Dan Sesudah Fuse Cut Out Terhadap Tegangan Lebih Pada Transformator Distribusi 20 Kv Di PT. PLN (Persero) Rayon T	"display_name": "10.36269/jtr.v4i1.988",
data/crossref_scholarly_panel_benchmark.json	1860	name	doi	10.36269/jtr.v4i1.988	OK	2022	Pengaruh Penempatan Lightning Arrester Sebelum Dan Sesudah Fuse Cut Out Terhadap Tegangan Lebih Pada Transformator Distribusi 20 Kv Di PT. PLN (Persero) Rayon T	"name": "10.36269/jtr.v4i1.988",
data/crossref_scholarly_panel_benchmark.json	1869	display_name	doi	10.36269/jtr.v4i1.988	OK	2022	Pengaruh Penempatan Lightning Arrester Sebelum Dan Sesudah Fuse Cut Out Terhadap Tegangan Lebih Pada Transformator Distribusi 20 Kv Di PT. PLN (Persero) Rayon T	"display_name": "10.36269/jtr.v4i1.988",
docs/OBJECT_SCORING.md	12	text	doi	10.3847/2041-8213/ae0ad6	OK	2025	The Perfect Host: JWST Cepheid Observations in a Background-free Type Ia Supernova Host Confirm No Bias in Hubble-constant Measurements	JWST Perfect Host **73.49 ± 0.93** (doi:10.3847/2041-8213/ae0ad6 · arXiv:2509.01667)
data/crossref_scholarly_panel_benchmark.json	1785	name	doi	10.4324/9781003054429-nan-9	OK	2021	Conclusion: A hopeful future?	"name": "10.4324/9781003054429-nan-9",
data/crossref_scholarly_panel_benchmark.json	1794	display_name	doi	10.4324/9781003054429-nan-9	OK	2021	Conclusion: A hopeful future?	"display_name": "10.4324/9781003054429-nan-9",
data/crossref_scholarly_panel_benchmark.json	1810	name	doi	10.4324/9781003054429-nan-9	OK	2021	Conclusion: A hopeful future?	"name": "10.4324/9781003054429-nan-9",
data/crossref_scholarly_panel_benchmark.json	1819	display_name	doi	10.4324/9781003054429-nan-9	OK	2021	Conclusion: A hopeful future?	"display_name": "10.4324/9781003054429-nan-9",
data/crossref_scholarly_panel_benchmark.json	2185	name	doi	10.52340/splogos.2025.08	OK	2025	The New World Order and the Peculiarities of its Formation	"name": "10.52340/splogos.2025.08",
data/crossref_scholarly_panel_benchmark.json	2194	display_name	doi	10.52340/splogos.2025.08	OK	2025	The New World Order and the Peculiarities of its Formation	"display_name": "10.52340/splogos.2025.08",
data/crossref_scholarly_panel_benchmark.json	2210	name	doi	10.52340/splogos.2025.08	OK	2025	The New World Order and the Peculiarities of its Formation	"name": "10.52340/splogos.2025.08",
data/crossref_scholarly_panel_benchmark.json	2219	display_name	doi	10.52340/splogos.2025.08	OK	2025	The New World Order and the Peculiarities of its Formation	"display_name": "10.52340/splogos.2025.08",
data/crossref_scholarly_panel_benchmark.json	2285	name	doi	10.53738/revmed.2014.10.444.1835	OK	2014	Le risque chez les personnes âgées à domicile : un objet relationnel	"name": "10.53738/revmed.2014.10.444.1835",
data/crossref_scholarly_panel_benchmark.json	2294	display_name	doi	10.53738/revmed.2014.10.444.1835	OK	2014	Le risque chez les personnes âgées à domicile : un objet relationnel	"display_name": "10.53738/revmed.2014.10.444.1835",
data/crossref_scholarly_panel_benchmark.json	2310	name	doi	10.53738/revmed.2014.10.444.1835	OK	2014	Le risque chez les personnes âgées à domicile : un objet relationnel	"name": "10.53738/revmed.2014.10.444.1835",
data/crossref_scholarly_panel_benchmark.json	2319	display_name	doi	10.53738/revmed.2014.10.444.1835	OK	2014	Le risque chez les personnes âgées à domicile : un objet relationnel	"display_name": "10.53738/revmed.2014.10.444.1835",
data/crossref_scholarly_panel_benchmark.json	2485	name	doi	10.54751/revistafoco.v16n2-195	OK	2023	PODER JUDICIÁRIO E LEI MARIA DA PENHA: O ENFRENTAMENTO À VIOLÊNCIA DOMÉSTICA E FAMILIAR CONTRA A MULHER	"name": "10.54751/revistafoco.v16n2-195",
data/crossref_scholarly_panel_benchmark.json	2494	display_name	doi	10.54751/revistafoco.v16n2-195	OK	2023	PODER JUDICIÁRIO E LEI MARIA DA PENHA: O ENFRENTAMENTO À VIOLÊNCIA DOMÉSTICA E FAMILIAR CONTRA A MULHER	"display_name": "10.54751/revistafoco.v16n2-195",
data/crossref_scholarly_panel_benchmark.json	2510	name	doi	10.54751/revistafoco.v16n2-195	OK	2023	PODER JUDICIÁRIO E LEI MARIA DA PENHA: O ENFRENTAMENTO À VIOLÊNCIA DOMÉSTICA E FAMILIAR CONTRA A MULHER	"name": "10.54751/revistafoco.v16n2-195",
data/crossref_scholarly_panel_benchmark.json	2519	display_name	doi	10.54751/revistafoco.v16n2-195	OK	2023	PODER JUDICIÁRIO E LEI MARIA DA PENHA: O ENFRENTAMENTO À VIOLÊNCIA DOMÉSTICA E FAMILIAR CONTRA A MULHER	"display_name": "10.54751/revistafoco.v16n2-195",
data/crossref_scholarly_panel_benchmark.json	1935	name	doi	10.5575/geosoc.2022.0051	OK	2023	Supernovae and the Earth	"name": "10.5575/geosoc.2022.0051",
data/crossref_scholarly_panel_benchmark.json	1944	display_name	doi	10.5575/geosoc.2022.0051	OK	2023	Supernovae and the Earth	"display_name": "10.5575/geosoc.2022.0051",
data/crossref_scholarly_panel_benchmark.json	1960	name	doi	10.5575/geosoc.2022.0051	OK	2023	Supernovae and the Earth	"name": "10.5575/geosoc.2022.0051",
data/crossref_scholarly_panel_benchmark.json	1969	display_name	doi	10.5575/geosoc.2022.0051	OK	2023	Supernovae and the Earth	"display_name": "10.5575/geosoc.2022.0051",
data/crossref_scholarly_panel_benchmark.json	1385	name	doi	10.5962/bhl.title.55633	OK	1914	Special veterinary therapy	"name": "10.5962/bhl.title.55633",
data/crossref_scholarly_panel_benchmark.json	1394	display_name	doi	10.5962/bhl.title.55633	OK	1914	Special veterinary therapy	"display_name": "10.5962/bhl.title.55633",
data/crossref_scholarly_panel_benchmark.json	1410	name	doi	10.5962/bhl.title.55633	OK	1914	Special veterinary therapy	"name": "10.5962/bhl.title.55633",
data/crossref_scholarly_panel_benchmark.json	1419	display_name	doi	10.5962/bhl.title.55633	OK	1914	Special veterinary therapy	"display_name": "10.5962/bhl.title.55633",
data/crossref_scholarly_panel_benchmark.json	2810	name	doi	10.62919/mert2332	OK	2024	Industry 4.0 Revolution in Automobile Manufacturing: Innovations and Applications	"name": "10.62919/mert2332",
data/crossref_scholarly_panel_benchmark.json	2819	display_name	doi	10.62919/mert2332	OK	2024	Industry 4.0 Revolution in Automobile Manufacturing: Innovations and Applications	"display_name": "10.62919/mert2332",
data/crossref_scholarly_panel_benchmark.json	2835	name	doi	10.62919/mert2332	OK	2024	Industry 4.0 Revolution in Automobile Manufacturing: Innovations and Applications	"name": "10.62919/mert2332",
data/crossref_scholarly_panel_benchmark.json	2844	display_name	doi	10.62919/mert2332	OK	2024	Industry 4.0 Revolution in Automobile Manufacturing: Innovations and Applications	"display_name": "10.62919/mert2332",
docs/BENCHMARK_DATA_CITATIONS.md	5697	text	url	http://simbad.cds.unistra.fr/simbad/sim-tap/sync	HTTP_ERROR(400):api_endpoint_or_template			- `simbad_tap` (astrophysics_catalogs): http://simbad.cds.unistra.fr/simbad/sim-tap/sync [auth=none]
data/nufit_neutrino_open_benchmark.json	105	citation	url	http://www.nu-fit.org/	OK(200):web_reference			"citation": "Esteban et al., NuFit-6.0, arXiv:2410.05380; http://www.nu-fit.org/",
data/nufit_neutrino_open_benchmark.json	119	citation	url	http://www.nu-fit.org/	OK(200):web_reference			"citation": "Esteban et al., NuFit-6.0, arXiv:2410.05380; http://www.nu-fit.org/",
data/nufit_neutrino_open_benchmark.json	133	citation	url	http://www.nu-fit.org/	OK(200):web_reference			"citation": "Esteban et al., NuFit-6.0, arXiv:2410.05380; http://www.nu-fit.org/",
data/nufit_neutrino_open_benchmark.json	147	citation	url	http://www.nu-fit.org/	OK(200):web_reference			"citation": "Esteban et al., NuFit-6.0, arXiv:2410.05380; http://www.nu-fit.org/",
data/nufit_neutrino_open_benchmark.json	161	citation	url	http://www.nu-fit.org/	OK(200):web_reference			"citation": "Esteban et al., NuFit-6.0, arXiv:2410.05380; http://www.nu-fit.org/",
data/nufit_neutrino_open_benchmark.json	175	citation	url	http://www.nu-fit.org/	OK(200):web_reference			"citation": "Esteban et al., NuFit-6.0, arXiv:2410.05380; http://www.nu-fit.org/",
data/nufit_neutrino_open_benchmark.json	189	citation	url	http://www.nu-fit.org/	OK(200):web_reference			"citation": "Esteban et al., NuFit-6.0, arXiv:2410.05380; http://www.nu-fit.org/",
data/nufit_neutrino_open_benchmark.json	203	citation	url	http://www.nu-fit.org/	OK(200):web_reference			"citation": "Esteban et al., NuFit-6.0, arXiv:2410.05380; http://www.nu-fit.org/",
data/nufit_neutrino_open_benchmark.json	217	citation	url	http://www.nu-fit.org/	OK(200):web_reference			"citation": "Esteban et al., NuFit-6.0, arXiv:2410.05380; http://www.nu-fit.org/",
data/nufit_neutrino_open_benchmark.json	231	citation	url	http://www.nu-fit.org/	OK(200):web_reference			"citation": "Esteban et al., NuFit-6.0, arXiv:2410.05380; http://www.nu-fit.org/",
docs/BENCHMARK_DATA_CITATIONS.md	38	text	url	https://alphafold.ebi.ac.uk/api/prediction/P04637	OK(200):api_endpoint_or_template			| api | AlphaFold DB prediction metadata (P53) | https://alphafold.ebi.ac.uk/api/prediction/P04637 | 1 |
docs/BENCHMARK_DATA_CITATIONS.md	3822	text	url	https://alphafold.ebi.ac.uk/api/prediction/P04637	OK(200):api_endpoint_or_template			- **api**: AlphaFold DB prediction metadata (P53) — https://alphafold.ebi.ac.uk/api/prediction/P04637
docs/BENCHMARK_DATA_CITATIONS.md	5720	text	url	https://alphafold.ebi.ac.uk/api/prediction/P04637	OK(200):api_endpoint_or_template			- `alphafold_p53`: AlphaFold DB prediction metadata (P53) — https://alphafold.ebi.ac.uk/api/prediction/P04637
docs/BENCHMARK_DATA_CITATIONS.md	558	text	url	https://api.crossref.org/	OK(200):api_endpoint_or_template			| url | https://api.crossref.org/ | https://api.crossref.org/ | 1 |
docs/BENCHMARK_DATA_CITATIONS.md	558	text	url	https://api.crossref.org/	OK(200):api_endpoint_or_template			| url | https://api.crossref.org/ | https://api.crossref.org/ | 1 |
docs/BENCHMARK_DATA_CITATIONS.md	1707	text	url	https://api.crossref.org/	OK(200):api_endpoint_or_template			- **url**: https://api.crossref.org/ — https://api.crossref.org/
docs/BENCHMARK_DATA_CITATIONS.md	1707	text	url	https://api.crossref.org/	OK(200):api_endpoint_or_template			- **url**: https://api.crossref.org/ — https://api.crossref.org/
docs/BENCHMARK_DATA_CITATIONS.md	40	text	url	https://api.crossref.org/funders?query=national+science+foundation&rows=3	OK(200):api_endpoint_or_template			| api | Crossref funders (open) | https://api.crossref.org/funders?query=national+science+foundation&rows=3 | 1 |
docs/BENCHMARK_DATA_CITATIONS.md	3827	text	url	https://api.crossref.org/funders?query=national+science+foundation&rows=3	OK(200):api_endpoint_or_template			- **api**: Crossref funders (open) — https://api.crossref.org/funders?query=national+science+foundation&rows=3
docs/BENCHMARK_DATA_CITATIONS.md	5725	text	url	https://api.crossref.org/funders?query=national+science+foundation&rows=3	OK(200):api_endpoint_or_template			- `crossref_funders`: Crossref funders (open) — https://api.crossref.org/funders?query=national+science+foundation&rows=3
docs/BENCHMARK_DATA_CITATIONS.md	42	text	url	https://api.fda.gov/drug/label.json?limit=5	OK(200):api_endpoint_or_template			| api | FDA open drug labeling records | https://api.fda.gov/drug/label.json?limit=5 | 1 |
docs/BENCHMARK_DATA_CITATIONS.md	3814	text	url	https://api.fda.gov/drug/label.json?limit=5	OK(200):api_endpoint_or_template			- **api**: FDA open drug labeling records — https://api.fda.gov/drug/label.json?limit=5
docs/BENCHMARK_DATA_CITATIONS.md	5712	text	url	https://api.fda.gov/drug/label.json?limit=5	OK(200):api_endpoint_or_template			- `openfda_drug_label`: FDA open drug labeling records — https://api.fda.gov/drug/label.json?limit=5
docs/BENCHMARK_DATA_CITATIONS.md	43	text	url	https://api.gbif.org/v1/	OK(200):api_endpoint_or_template			| api | GBIF Occurrence API | https://api.gbif.org/v1/ | 13 |
docs/BENCHMARK_DATA_CITATIONS.md	970	text	url	https://api.gbif.org/v1/	OK(200):api_endpoint_or_template			- **api**: GBIF Occurrence API — https://api.gbif.org/v1/
docs/BENCHMARK_DATA_CITATIONS.md	972	text	url	https://api.gbif.org/v1/	OK(200):api_endpoint_or_template			- **api**: GBIF Occurrence API — https://api.gbif.org/v1/
docs/BENCHMARK_DATA_CITATIONS.md	1215	text	url	https://api.gbif.org/v1/	OK(200):api_endpoint_or_template			- **api**: GBIF Occurrence API — https://api.gbif.org/v1/
docs/BENCHMARK_DATA_CITATIONS.md	1216	text	url	https://api.gbif.org/v1/	OK(200):api_endpoint_or_template			- **api**: GBIF Occurrence API — https://api.gbif.org/v1/
docs/BENCHMARK_DATA_CITATIONS.md	1217	text	url	https://api.gbif.org/v1/	OK(200):api_endpoint_or_template			- **api**: GBIF Occurrence API — https://api.gbif.org/v1/
docs/BENCHMARK_DATA_CITATIONS.md	1888	text	url	https://api.gbif.org/v1/	OK(200):api_endpoint_or_template			- **api**: GBIF Occurrence API — https://api.gbif.org/v1/
docs/BENCHMARK_DATA_CITATIONS.md	1891	text	url	https://api.gbif.org/v1/	OK(200):api_endpoint_or_template			- **api**: GBIF Occurrence API — https://api.gbif.org/v1/
docs/BENCHMARK_DATA_CITATIONS.md	2015	text	url	https://api.gbif.org/v1/	OK(200):api_endpoint_or_template			- **api**: GBIF Occurrence API — https://api.gbif.org/v1/
docs/BENCHMARK_DATA_CITATIONS.md	2017	text	url	https://api.gbif.org/v1/	OK(200):api_endpoint_or_template			- **api**: GBIF Occurrence API — https://api.gbif.org/v1/
docs/BENCHMARK_DATA_CITATIONS.md	2028	text	url	https://api.gbif.org/v1/	OK(200):api_endpoint_or_template			- **api**: GBIF Occurrence API — https://api.gbif.org/v1/
docs/BENCHMARK_DATA_CITATIONS.md	2072	text	url	https://api.gbif.org/v1/	OK(200):api_endpoint_or_template			- **api**: GBIF Occurrence API — https://api.gbif.org/v1/
docs/BENCHMARK_DATA_CITATIONS.md	2695	text	url	https://api.gbif.org/v1/	OK(200):api_endpoint_or_template			- **api**: GBIF Occurrence API — https://api.gbif.org/v1/
docs/BENCHMARK_DATA_CITATIONS.md	2791	text	url	https://api.gbif.org/v1/	OK(200):api_endpoint_or_template			- **api**: GBIF Occurrence API — https://api.gbif.org/v1/
docs/BENCHMARK_DATA_CITATIONS.md	3463	text	url	https://api.gbif.org/v1/	OK(200):api_endpoint_or_template			- **api**: GBIF Occurrence API — https://api.gbif.org/v1/
docs/BENCHMARK_DATA_CITATIONS.md	3465	text	url	https://api.gbif.org/v1/	OK(200):api_endpoint_or_template			- **api**: GBIF Occurrence API — https://api.gbif.org/v1/
docs/BENCHMARK_DATA_CITATIONS.md	3477	text	url	https://api.gbif.org/v1/	OK(200):api_endpoint_or_template			- **api**: GBIF Occurrence API — https://api.gbif.org/v1/
docs/BENCHMARK_DATA_CITATIONS.md	3830	text	url	https://api.gbif.org/v1/	OK(200):api_endpoint_or_template			- **api**: GBIF Occurrence API — https://api.gbif.org/v1/
docs/BENCHMARK_DATA_CITATIONS.md	4774	text	url	https://api.gbif.org/v1/	OK(200):api_endpoint_or_template			- **api**: GBIF Occurrence API — https://api.gbif.org/v1/
docs/BENCHMARK_DATA_CITATIONS.md	5372	text	url	https://api.gbif.org/v1/	OK(200):api_endpoint_or_template			- **api**: GBIF Occurrence API — https://api.gbif.org/v1/
docs/BENCHMARK_DATA_CITATIONS.md	5373	text	url	https://api.gbif.org/v1/	OK(200):api_endpoint_or_template			- **api**: GBIF Occurrence API — https://api.gbif.org/v1/
docs/BENCHMARK_DATA_CITATIONS.md	5374	text	url	https://api.gbif.org/v1/	OK(200):api_endpoint_or_template			- **api**: GBIF Occurrence API — https://api.gbif.org/v1/
docs/BENCHMARK_DATA_CITATIONS.md	5375	text	url	https://api.gbif.org/v1/	OK(200):api_endpoint_or_template			- **api**: GBIF Occurrence API — https://api.gbif.org/v1/
docs/BENCHMARK_DATA_CITATIONS.md	5672	text	url	https://api.gbif.org/v1/occurrence/search	OK(200):api_endpoint_or_template			- `gbif` (tier38_public_apis): https://api.gbif.org/v1/occurrence/search [auth=none]
docs/BENCHMARK_DATA_CITATIONS.md	5694	text	url	https://api.gbif.org/v1/occurrence/search	OK(200):api_endpoint_or_template			- `gbif_tier_f` (tier_f_gaps): https://api.gbif.org/v1/occurrence/search [auth=none]
docs/THESIS_APPENDIX_XI.md	99	text	url	https://api.gbif.org/v1/occurrence/search	OK(200):api_endpoint_or_template			- `gbif`: https://api.gbif.org/v1/occurrence/search
docs/THESIS_APPENDIX_XI.md	122	text	url	https://api.gbif.org/v1/occurrence/search	OK(200):api_endpoint_or_template			- `gbif_tier_f`: https://api.gbif.org/v1/occurrence/search
docs/BENCHMARK_DATA_CITATIONS.md	5728	text	url	https://api.gbif.org/v1/occurrence/search?limit=5&hasCoordinate=true	OK(200):api_endpoint_or_template			- `gbif_occurrence_sample`: GBIF occurrence search sample — https://api.gbif.org/v1/occurrence/search?limit=5&hasCoordinate=true
docs/BENCHMARK_DATA_CITATIONS.md	559	text	url	https://api.inaturalist.org/	OK(200):api_endpoint_or_template			| url | https://api.inaturalist.org/ | https://api.inaturalist.org/ | 1 |
docs/BENCHMARK_DATA_CITATIONS.md	559	text	url	https://api.inaturalist.org/	OK(200):api_endpoint_or_template			| url | https://api.inaturalist.org/ | https://api.inaturalist.org/ | 1 |
docs/BENCHMARK_DATA_CITATIONS.md	5489	text	url	https://api.inaturalist.org/	OK(200):api_endpoint_or_template			- **url**: https://api.inaturalist.org/ — https://api.inaturalist.org/
docs/BENCHMARK_DATA_CITATIONS.md	5489	text	url	https://api.inaturalist.org/	OK(200):api_endpoint_or_template			- **url**: https://api.inaturalist.org/ — https://api.inaturalist.org/
docs/BENCHMARK_DATA_CITATIONS.md	48	text	url	https://api.nasa.gov/	OK(200):api_endpoint_or_template			| api | NASA open data portals (SSD/JPL, DONKI, Exoplanet Archive as cited per panel) | https://api.nasa.gov/ | 8 |
docs/BENCHMARK_DATA_CITATIONS.md	1242	text	url	https://api.nasa.gov/	OK(200):api_endpoint_or_template			- **api**: NASA open data portals (SSD/JPL, DONKI, Exoplanet Archive as cited per panel) — https://api.nasa.gov/
docs/BENCHMARK_DATA_CITATIONS.md	2123	text	url	https://api.nasa.gov/	OK(200):api_endpoint_or_template			- **api**: NASA open data portals (SSD/JPL, DONKI, Exoplanet Archive as cited per panel) — https://api.nasa.gov/
docs/BENCHMARK_DATA_CITATIONS.md	2125	text	url	https://api.nasa.gov/	OK(200):api_endpoint_or_template			- **api**: NASA open data portals (SSD/JPL, DONKI, Exoplanet Archive as cited per panel) — https://api.nasa.gov/
docs/BENCHMARK_DATA_CITATIONS.md	2134	text	url	https://api.nasa.gov/	OK(200):api_endpoint_or_template			- **api**: NASA open data portals (SSD/JPL, DONKI, Exoplanet Archive as cited per panel) — https://api.nasa.gov/
docs/BENCHMARK_DATA_CITATIONS.md	2732	text	url	https://api.nasa.gov/	OK(200):api_endpoint_or_template			- **api**: NASA open data portals (SSD/JPL, DONKI, Exoplanet Archive as cited per panel) — https://api.nasa.gov/
docs/BENCHMARK_DATA_CITATIONS.md	3506	text	url	https://api.nasa.gov/	OK(200):api_endpoint_or_template			- **api**: NASA open data portals (SSD/JPL, DONKI, Exoplanet Archive as cited per panel) — https://api.nasa.gov/
docs/BENCHMARK_DATA_CITATIONS.md	3824	text	url	https://api.nasa.gov/	OK(200):api_endpoint_or_template			- **api**: NASA open data portals (SSD/JPL, DONKI, Exoplanet Archive as cited per panel) — https://api.nasa.gov/
docs/BENCHMARK_DATA_CITATIONS.md	4607	text	url	https://api.nasa.gov/	OK(200):api_endpoint_or_template			- **api**: NASA open data portals (SSD/JPL, DONKI, Exoplanet Archive as cited per panel) — https://api.nasa.gov/
docs/BENCHMARK_DATA_CITATIONS.md	5596	text	url	https://api.nasa.gov/	OK(200):api_endpoint_or_template			- **api**: NASA open data portals (SSD/JPL, DONKI, Exoplanet Archive as cited per panel) — https://api.nasa.gov/
docs/BENCHMARK_DATA_CITATIONS.md	5598	text	url	https://api.nasa.gov/	OK(200):api_endpoint_or_template			- **api**: NASA open data portals (SSD/JPL, DONKI, Exoplanet Archive as cited per panel) — https://api.nasa.gov/
docs/BENCHMARK_DATA_CITATIONS.md	66	text	url	https://api.obis.org/v3/occurrence	OK(200):api_endpoint_or_template			| api | obis | https://api.obis.org/v3/occurrence | 2 |
docs/BENCHMARK_DATA_CITATIONS.md	3265	text	url	https://api.obis.org/v3/occurrence	OK(200):api_endpoint_or_template			- **api**: obis — https://api.obis.org/v3/occurrence
docs/BENCHMARK_DATA_CITATIONS.md	3267	text	url	https://api.obis.org/v3/occurrence	OK(200):api_endpoint_or_template			- **api**: obis — https://api.obis.org/v3/occurrence
docs/BENCHMARK_DATA_CITATIONS.md	3268	text	url	https://api.obis.org/v3/occurrence	OK(200):api_endpoint_or_template			- **api**: obis — https://api.obis.org/v3/occurrence
docs/BENCHMARK_DATA_CITATIONS.md	3278	text	url	https://api.obis.org/v3/occurrence	OK(200):api_endpoint_or_template			- **api**: obis — https://api.obis.org/v3/occurrence
docs/BENCHMARK_DATA_CITATIONS.md	5693	text	url	https://api.obis.org/v3/occurrence	OK(200):api_endpoint_or_template			- `obis` (tier_f_gaps): https://api.obis.org/v3/occurrence [auth=none]
docs/THESIS_APPENDIX_XI.md	121	text	url	https://api.obis.org/v3/occurrence	OK(200):api_endpoint_or_template			- `obis`: https://api.obis.org/v3/occurrence
docs/BENCHMARK_DATA_CITATIONS.md	53	text	url	https://api.openalex.org/	BLOCKED_OR_AUTH(429):api_endpoint_or_template			| api | OpenAlex scholarly graph API | https://api.openalex.org/ | 8 |
docs/BENCHMARK_DATA_CITATIONS.md	1005	text	url	https://api.openalex.org/	BLOCKED_OR_AUTH(429):api_endpoint_or_template			- **api**: OpenAlex scholarly graph API — https://api.openalex.org/
docs/BENCHMARK_DATA_CITATIONS.md	1007	text	url	https://api.openalex.org/	BLOCKED_OR_AUTH(429):api_endpoint_or_template			- **api**: OpenAlex scholarly graph API — https://api.openalex.org/
docs/BENCHMARK_DATA_CITATIONS.md	2821	text	url	https://api.openalex.org/	BLOCKED_OR_AUTH(429):api_endpoint_or_template			- **api**: OpenAlex scholarly graph API — https://api.openalex.org/
docs/BENCHMARK_DATA_CITATIONS.md	2823	text	url	https://api.openalex.org/	BLOCKED_OR_AUTH(429):api_endpoint_or_template			- **api**: OpenAlex scholarly graph API — https://api.openalex.org/
docs/BENCHMARK_DATA_CITATIONS.md	3215	text	url	https://api.openalex.org/	BLOCKED_OR_AUTH(429):api_endpoint_or_template			- **api**: OpenAlex scholarly graph API — https://api.openalex.org/
docs/BENCHMARK_DATA_CITATIONS.md	3608	text	url	https://api.openalex.org/	BLOCKED_OR_AUTH(429):api_endpoint_or_template			- **api**: OpenAlex scholarly graph API — https://api.openalex.org/
docs/BENCHMARK_DATA_CITATIONS.md	3787	text	url	https://api.openalex.org/	BLOCKED_OR_AUTH(429):api_endpoint_or_template			- **api**: OpenAlex scholarly graph API — https://api.openalex.org/
docs/BENCHMARK_DATA_CITATIONS.md	3825	text	url	https://api.openalex.org/	BLOCKED_OR_AUTH(429):api_endpoint_or_template			- **api**: OpenAlex scholarly graph API — https://api.openalex.org/
docs/BENCHMARK_DATA_CITATIONS.md	4140	text	url	https://api.openalex.org/	BLOCKED_OR_AUTH(429):api_endpoint_or_template			- **api**: OpenAlex scholarly graph API — https://api.openalex.org/
docs/BENCHMARK_DATA_CITATIONS.md	4142	text	url	https://api.openalex.org/	BLOCKED_OR_AUTH(429):api_endpoint_or_template			- **api**: OpenAlex scholarly graph API — https://api.openalex.org/
docs/BENCHMARK_DATA_CITATIONS.md	4576	text	url	https://api.openalex.org/	BLOCKED_OR_AUTH(429):api_endpoint_or_template			- **api**: OpenAlex scholarly graph API — https://api.openalex.org/
docs/BENCHMARK_DATA_CITATIONS.md	4578	text	url	https://api.openalex.org/	BLOCKED_OR_AUTH(429):api_endpoint_or_template			- **api**: OpenAlex scholarly graph API — https://api.openalex.org/
docs/BENCHMARK_DATA_CITATIONS.md	5677	text	url	https://api.openalex.org/works	BLOCKED_OR_AUTH(429):api_endpoint_or_template			- `openalex` (tier38_public_apis): https://api.openalex.org/works [auth=none]
docs/BENCHMARK_DATA_CITATIONS.md	5723	text	url	https://api.openalex.org/works?search=cosmology&per_page=3	BLOCKED_OR_AUTH(429):api_endpoint_or_template			- `openalex_works_cosmology`: OpenAlex scholarly works (no key) — https://api.openalex.org/works?search=cosmology&per_page=3
docs/BENCHMARK_DATA_CITATIONS.md	5673	text	url	https://api.tidesandcurrents.noaa.gov/api/prod/datagetter	HTTP_ERROR(400):api_endpoint_or_template			- `noaa_tides` (tier38_public_apis): https://api.tidesandcurrents.noaa.gov/api/prod/datagetter [auth=none]
docs/THESIS_APPENDIX_XI.md	100	text	url	https://api.tidesandcurrents.noaa.gov/api/prod/datagetter	HTTP_ERROR(400):api_endpoint_or_template			- `noaa_tides`: https://api.tidesandcurrents.noaa.gov/api/prod/datagetter
docs/BENCHMARK_DATA_CITATIONS.md	61	text	url	https://api.worldbank.org/v2/	HTTP_ERROR(404):api_endpoint_or_template			| api | World Bank Open Data Indicators API | https://api.worldbank.org/v2/ | 17 |
docs/BENCHMARK_DATA_CITATIONS.md	971	text	url	https://api.worldbank.org/v2/	HTTP_ERROR(404):api_endpoint_or_template			- **api**: World Bank Open Data Indicators API — https://api.worldbank.org/v2/
docs/BENCHMARK_DATA_CITATIONS.md	1898	text	url	https://api.worldbank.org/v2/	HTTP_ERROR(404):api_endpoint_or_template			- **api**: World Bank Open Data Indicators API — https://api.worldbank.org/v2/
docs/BENCHMARK_DATA_CITATIONS.md	1906	text	url	https://api.worldbank.org/v2/	HTTP_ERROR(404):api_endpoint_or_template			- **api**: World Bank Open Data Indicators API — https://api.worldbank.org/v2/
docs/BENCHMARK_DATA_CITATIONS.md	1907	text	url	https://api.worldbank.org/v2/	HTTP_ERROR(404):api_endpoint_or_template			- **api**: World Bank Open Data Indicators API — https://api.worldbank.org/v2/
docs/BENCHMARK_DATA_CITATIONS.md	2038	text	url	https://api.worldbank.org/v2/	HTTP_ERROR(404):api_endpoint_or_template			- **api**: World Bank Open Data Indicators API — https://api.worldbank.org/v2/
docs/BENCHMARK_DATA_CITATIONS.md	2046	text	url	https://api.worldbank.org/v2/	HTTP_ERROR(404):api_endpoint_or_template			- **api**: World Bank Open Data Indicators API — https://api.worldbank.org/v2/
docs/BENCHMARK_DATA_CITATIONS.md	2056	text	url	https://api.worldbank.org/v2/	HTTP_ERROR(404):api_endpoint_or_template			- **api**: World Bank Open Data Indicators API — https://api.worldbank.org/v2/
docs/BENCHMARK_DATA_CITATIONS.md	2375	text	url	https://api.worldbank.org/v2/	HTTP_ERROR(404):api_endpoint_or_template			- **api**: World Bank Open Data Indicators API — https://api.worldbank.org/v2/
docs/BENCHMARK_DATA_CITATIONS.md	2378	text	url	https://api.worldbank.org/v2/	HTTP_ERROR(404):api_endpoint_or_template			- **api**: World Bank Open Data Indicators API — https://api.worldbank.org/v2/
docs/BENCHMARK_DATA_CITATIONS.md	2379	text	url	https://api.worldbank.org/v2/	HTTP_ERROR(404):api_endpoint_or_template			- **api**: World Bank Open Data Indicators API — https://api.worldbank.org/v2/
docs/BENCHMARK_DATA_CITATIONS.md	2389	text	url	https://api.worldbank.org/v2/	HTTP_ERROR(404):api_endpoint_or_template			- **api**: World Bank Open Data Indicators API — https://api.worldbank.org/v2/
docs/BENCHMARK_DATA_CITATIONS.md	3051	text	url	https://api.worldbank.org/v2/	HTTP_ERROR(404):api_endpoint_or_template			- **api**: World Bank Open Data Indicators API — https://api.worldbank.org/v2/
docs/BENCHMARK_DATA_CITATIONS.md	3053	text	url	https://api.worldbank.org/v2/	HTTP_ERROR(404):api_endpoint_or_template			- **api**: World Bank Open Data Indicators API — https://api.worldbank.org/v2/
docs/BENCHMARK_DATA_CITATIONS.md	3062	text	url	https://api.worldbank.org/v2/	HTTP_ERROR(404):api_endpoint_or_template			- **api**: World Bank Open Data Indicators API — https://api.worldbank.org/v2/
docs/BENCHMARK_DATA_CITATIONS.md	3218	text	url	https://api.worldbank.org/v2/	HTTP_ERROR(404):api_endpoint_or_template			- **api**: World Bank Open Data Indicators API — https://api.worldbank.org/v2/
docs/BENCHMARK_DATA_CITATIONS.md	3609	text	url	https://api.worldbank.org/v2/	HTTP_ERROR(404):api_endpoint_or_template			- **api**: World Bank Open Data Indicators API — https://api.worldbank.org/v2/
docs/BENCHMARK_DATA_CITATIONS.md	4577	text	url	https://api.worldbank.org/v2/	HTTP_ERROR(404):api_endpoint_or_template			- **api**: World Bank Open Data Indicators API — https://api.worldbank.org/v2/
docs/BENCHMARK_DATA_CITATIONS.md	4579	text	url	https://api.worldbank.org/v2/	HTTP_ERROR(404):api_endpoint_or_template			- **api**: World Bank Open Data Indicators API — https://api.worldbank.org/v2/
docs/BENCHMARK_DATA_CITATIONS.md	4771	text	url	https://api.worldbank.org/v2/	HTTP_ERROR(404):api_endpoint_or_template			- **api**: World Bank Open Data Indicators API — https://api.worldbank.org/v2/
docs/BENCHMARK_DATA_CITATIONS.md	4783	text	url	https://api.worldbank.org/v2/	HTTP_ERROR(404):api_endpoint_or_template			- **api**: World Bank Open Data Indicators API — https://api.worldbank.org/v2/
docs/BENCHMARK_DATA_CITATIONS.md	5250	text	url	https://api.worldbank.org/v2/	HTTP_ERROR(404):api_endpoint_or_template			- **api**: World Bank Open Data Indicators API — https://api.worldbank.org/v2/
docs/BENCHMARK_DATA_CITATIONS.md	5473	text	url	https://api.worldbank.org/v2/	HTTP_ERROR(404):api_endpoint_or_template			- **api**: World Bank Open Data Indicators API — https://api.worldbank.org/v2/
docs/BENCHMARK_DATA_CITATIONS.md	62	text	url	https://api.worldbank.org/v2/country/USA/indicator/SP.POP.TOTL?format=json&per_page=5	OK(200):api_endpoint_or_template			| api | World Bank population indicator | https://api.worldbank.org/v2/country/USA/indicator/SP.POP.TOTL?format=json&per_page=5 | 1 |
docs/BENCHMARK_DATA_CITATIONS.md	3828	text	url	https://api.worldbank.org/v2/country/USA/indicator/SP.POP.TOTL?format=json&per_page=5	OK(200):api_endpoint_or_template			- **api**: World Bank population indicator — https://api.worldbank.org/v2/country/USA/indicator/SP.POP.TOTL?format=json&per_page=5
docs/BENCHMARK_DATA_CITATIONS.md	5726	text	url	https://api.worldbank.org/v2/country/USA/indicator/SP.POP.TOTL?format=json&per_page=5	OK(200):api_endpoint_or_template			- `worldbank_population`: World Bank population indicator — https://api.worldbank.org/v2/country/USA/indicator/SP.POP.TOTL?format=json&per_page=5
docs/BENCHMARK_DATA_CITATIONS.md	5674	text	url	https://api.worldbank.org/v2/country/{iso	OK(200):api_endpoint_or_template			- `world_bank` (tier38_public_apis): https://api.worldbank.org/v2/country/{iso}/indicator/{id} [auth=none]
docs/THESIS_APPENDIX_XI.md	101	text	url	https://api.worldbank.org/v2/country/{iso	OK(200):api_endpoint_or_template			- `world_bank`: https://api.worldbank.org/v2/country/{iso}/indicator/{id}
docs/BENCHMARK_DATA_CITATIONS.md	5703	text	url	https://archive-api.open-meteo.com/v1/archive	OK(200):web_reference			- `open_meteo` (misc): https://archive-api.open-meteo.com/v1/archive [auth=none]
docs/BENCHMARK_DATA_CITATIONS.md	560	text	url	https://archive.stsci.edu/	OK(200):web_reference			| url | https://archive.stsci.edu/ | https://archive.stsci.edu/ | 1 |
docs/BENCHMARK_DATA_CITATIONS.md	560	text	url	https://archive.stsci.edu/	OK(200):web_reference			| url | https://archive.stsci.edu/ | https://archive.stsci.edu/ | 1 |
docs/BENCHMARK_DATA_CITATIONS.md	4451	text	url	https://archive.stsci.edu/	OK(200):web_reference			- **url**: https://archive.stsci.edu/ — https://archive.stsci.edu/
docs/BENCHMARK_DATA_CITATIONS.md	4451	text	url	https://archive.stsci.edu/	OK(200):web_reference			- **url**: https://archive.stsci.edu/ — https://archive.stsci.edu/
docs/CLEAR_PATH_FOR_INDEPENDENTS.md	105	text	url	https://astroquery.readthedocs.io/en/latest/mast/mast.html	OK(200):web_reference			**Docs:** https://astroquery.readthedocs.io/en/latest/mast/mast.html
docs/BENCHMARK_DATA_CITATIONS.md	5695	text	url	https://bazaar.abuse.ch/export/csv/recent/	OK(200):web_reference			- `malwarebazaar` (cybersecurity): https://bazaar.abuse.ch/export/csv/recent/ [auth=none]
docs/THESIS_APPENDIX_XI.md	125	text	url	https://bazaar.abuse.ch/export/csv/recent/	OK(200):web_reference			- `malwarebazaar`: https://bazaar.abuse.ch/export/csv/recent/
docs/BENCHMARK_DATA_CITATIONS.md	5698	text	url	https://cdsarc.cds.unistra.fr/viz-bin/votable	BLOCKED_OR_AUTH(401):web_reference			- `vizier_wds` (astrophysics_catalogs): https://cdsarc.cds.unistra.fr/viz-bin/votable [auth=none]
docs/BENCHMARK_DATA_CITATIONS.md	561	text	url	https://clinicaltrials.gov/api/v2/	HTTP_ERROR(404):api_endpoint_or_template			| url | https://clinicaltrials.gov/api/v2/ | https://clinicaltrials.gov/api/v2/ | 1 |
docs/BENCHMARK_DATA_CITATIONS.md	561	text	url	https://clinicaltrials.gov/api/v2/	HTTP_ERROR(404):api_endpoint_or_template			| url | https://clinicaltrials.gov/api/v2/ | https://clinicaltrials.gov/api/v2/ | 1 |
docs/BENCHMARK_DATA_CITATIONS.md	1442	text	url	https://clinicaltrials.gov/api/v2/	HTTP_ERROR(404):api_endpoint_or_template			- **url**: https://clinicaltrials.gov/api/v2/ — https://clinicaltrials.gov/api/v2/
docs/BENCHMARK_DATA_CITATIONS.md	1442	text	url	https://clinicaltrials.gov/api/v2/	HTTP_ERROR(404):api_endpoint_or_template			- **url**: https://clinicaltrials.gov/api/v2/ — https://clinicaltrials.gov/api/v2/
docs/BENCHMARK_DATA_CITATIONS.md	56	text	url	https://data.rcsb.org/	OK(200):web_reference			| api | RCSB PDB REST API | https://data.rcsb.org/ | 2 |
docs/BENCHMARK_DATA_CITATIONS.md	3823	text	url	https://data.rcsb.org/	OK(200):web_reference			- **api**: RCSB PDB REST API — https://data.rcsb.org/
docs/BENCHMARK_DATA_CITATIONS.md	4317	text	url	https://data.rcsb.org/	OK(200):web_reference			- **api**: RCSB PDB REST API — https://data.rcsb.org/
docs/BENCHMARK_DATA_CITATIONS.md	5721	text	url	https://data.rcsb.org/rest/v1/core/entry/1CRN	OK(200):api_endpoint_or_template			- `rcsb_1crn`: RCSB PDB entry 1CRN — https://data.rcsb.org/rest/v1/core/entry/1CRN
docs/BENCHMARK_DATA_CITATIONS.md	5676	text	url	https://data.rcsb.org/rest/v1/core/entry/{pdb_id	HTTP_ERROR(400):api_endpoint_or_template			- `rcsb_pdb` (tier38_public_apis): https://data.rcsb.org/rest/v1/core/entry/{pdb_id} [auth=none]
docs/THESIS_APPENDIX_XI.md	103	text	url	https://data.rcsb.org/rest/v1/core/entry/{pdb_id	HTTP_ERROR(400):api_endpoint_or_template			- `rcsb_pdb`: https://data.rcsb.org/rest/v1/core/entry/{pdb_id}
docs/BENCHMARK_DATA_CITATIONS.md	58	text	url	https://earthquake.usgs.gov/fdsnws/event/1/	OK(200):web_reference			| api | USGS earthquake / water / hazards open APIs | https://earthquake.usgs.gov/fdsnws/event/1/ | 10 |
docs/BENCHMARK_DATA_CITATIONS.md	2037	text	url	https://earthquake.usgs.gov/fdsnws/event/1/	OK(200):web_reference			- **api**: USGS earthquake / water / hazards open APIs — https://earthquake.usgs.gov/fdsnws/event/1/
docs/BENCHMARK_DATA_CITATIONS.md	2749	text	url	https://earthquake.usgs.gov/fdsnws/event/1/	OK(200):web_reference			- **api**: USGS earthquake / water / hazards open APIs — https://earthquake.usgs.gov/fdsnws/event/1/
docs/BENCHMARK_DATA_CITATIONS.md	2751	text	url	https://earthquake.usgs.gov/fdsnws/event/1/	OK(200):web_reference			- **api**: USGS earthquake / water / hazards open APIs — https://earthquake.usgs.gov/fdsnws/event/1/
docs/BENCHMARK_DATA_CITATIONS.md	3072	text	url	https://earthquake.usgs.gov/fdsnws/event/1/	OK(200):web_reference			- **api**: USGS earthquake / water / hazards open APIs — https://earthquake.usgs.gov/fdsnws/event/1/
docs/BENCHMARK_DATA_CITATIONS.md	3818	text	url	https://earthquake.usgs.gov/fdsnws/event/1/	OK(200):web_reference			- **api**: USGS earthquake / water / hazards open APIs — https://earthquake.usgs.gov/fdsnws/event/1/
docs/BENCHMARK_DATA_CITATIONS.md	3896	text	url	https://earthquake.usgs.gov/fdsnws/event/1/	OK(200):web_reference			- **api**: USGS earthquake / water / hazards open APIs — https://earthquake.usgs.gov/fdsnws/event/1/
docs/BENCHMARK_DATA_CITATIONS.md	4616	text	url	https://earthquake.usgs.gov/fdsnws/event/1/	OK(200):web_reference			- **api**: USGS earthquake / water / hazards open APIs — https://earthquake.usgs.gov/fdsnws/event/1/
docs/BENCHMARK_DATA_CITATIONS.md	4628	text	url	https://earthquake.usgs.gov/fdsnws/event/1/	OK(200):web_reference			- **api**: USGS earthquake / water / hazards open APIs — https://earthquake.usgs.gov/fdsnws/event/1/
docs/BENCHMARK_DATA_CITATIONS.md	5622	text	url	https://earthquake.usgs.gov/fdsnws/event/1/	OK(200):web_reference			- **api**: USGS earthquake / water / hazards open APIs — https://earthquake.usgs.gov/fdsnws/event/1/
docs/BENCHMARK_DATA_CITATIONS.md	5628	text	url	https://earthquake.usgs.gov/fdsnws/event/1/	OK(200):web_reference			- **api**: USGS earthquake / water / hazards open APIs — https://earthquake.usgs.gov/fdsnws/event/1/
docs/BENCHMARK_DATA_CITATIONS.md	5645	text	url	https://earthquake.usgs.gov/fdsnws/event/1/	OK(200):web_reference			- **api**: USGS earthquake / water / hazards open APIs — https://earthquake.usgs.gov/fdsnws/event/1/
docs/BENCHMARK_DATA_CITATIONS.md	5685	text	url	https://earthquake.usgs.gov/fdsnws/event/1/query	OK(200):web_reference			- `usgs_earthquakes` (geophysics_space_weather): https://earthquake.usgs.gov/fdsnws/event/1/query [auth=none]
docs/THESIS_APPENDIX_XI.md	110	text	url	https://earthquake.usgs.gov/fdsnws/event/1/query	OK(200):web_reference			- `usgs_earthquakes`: https://earthquake.usgs.gov/fdsnws/event/1/query
docs/BENCHMARK_DATA_CITATIONS.md	5716	text	url	https://earthquake.usgs.gov/fdsnws/event/1/query?format=geojson&limit=20&orderby=time&minmagnitude=4.5	OK(200):api_endpoint_or_template			- `usgs_earthquakes_recent`: USGS FDSN recent M≥4.5 events — https://earthquake.usgs.gov/fdsnws/event/1/query?format=geojson&limit=20&orderby=time&minmagnitude=4.5
docs/BENCHMARK_DATA_CITATIONS.md	50	text	url	https://eutils.ncbi.nlm.nih.gov/entrez/eutils/esearch.fcgi?db=pubmed&term=Hubble+tension&retmode=json&retmax=5	OK(200):api_endpoint_or_template			| api | NCBI PubMed eSearch (open eutils) | https://eutils.ncbi.nlm.nih.gov/entrez/eutils/esearch.fcgi?db=pubmed&term=Hubble+tension&retmode=json&retmax=5 | 1 |
docs/BENCHMARK_DATA_CITATIONS.md	3826	text	url	https://eutils.ncbi.nlm.nih.gov/entrez/eutils/esearch.fcgi?db=pubmed&term=Hubble+tension&retmode=json&retmax=5	OK(200):api_endpoint_or_template			- **api**: NCBI PubMed eSearch (open eutils) — https://eutils.ncbi.nlm.nih.gov/entrez/eutils/esearch.fcgi?db=pubmed&term=Hubble+tension&retmode=json&retmax=5
docs/BENCHMARK_DATA_CITATIONS.md	5724	text	url	https://eutils.ncbi.nlm.nih.gov/entrez/eutils/esearch.fcgi?db=pubmed&term=Hubble+tension&retmode=json&retmax=5	OK(200):api_endpoint_or_template			- `pubmed_esearch_hubble`: NCBI PubMed eSearch (open eutils) — https://eutils.ncbi.nlm.nih.gov/entrez/eutils/esearch.fcgi?db=pubmed&term=Hubble+tension&retmode=json&retmax=5
docs/BENCHMARK_DATA_CITATIONS.md	174	text	url	https://exoplanetarchive.ipac.caltech.edu/	OK(200):web_reference			| dataset | NASA Kepler / exoplanet archives (as cited per panel) | https://exoplanetarchive.ipac.caltech.edu/ | 1 |
docs/BENCHMARK_DATA_CITATIONS.md	4935	text	url	https://exoplanetarchive.ipac.caltech.edu/	OK(200):web_reference			- **dataset**: NASA Kepler / exoplanet archives (as cited per panel) — https://exoplanetarchive.ipac.caltech.edu/
docs/BENCHMARK_DATA_CITATIONS.md	47	text	url	https://exoplanetarchive.ipac.caltech.edu/docs/TAP/usingTAP.html	OK(200):api_endpoint_or_template			| api | NASA Exoplanet Archive TAP | https://exoplanetarchive.ipac.caltech.edu/docs/TAP/usingTAP.html | 1 |
docs/BENCHMARK_DATA_CITATIONS.md	3496	text	url	https://exoplanetarchive.ipac.caltech.edu/docs/TAP/usingTAP.html	OK(200):api_endpoint_or_template			- **api**: NASA Exoplanet Archive TAP — https://exoplanetarchive.ipac.caltech.edu/docs/TAP/usingTAP.html
docs/BENCHMARK_DATA_CITATIONS.md	5675	text	url	https://exoplanetarchive.ipac.caltech.edu/TAP/sync	HTTP_ERROR(400):api_endpoint_or_template			- `nasa_exoplanet` (tier38_public_apis): https://exoplanetarchive.ipac.caltech.edu/TAP/sync [auth=none]
docs/BENCHMARK_DATA_CITATIONS.md	5701	text	url	https://exoplanetarchive.ipac.caltech.edu/TAP/sync	HTTP_ERROR(400):api_endpoint_or_template			- `nasa_exoplanet_tap` (astrophysics_catalogs): https://exoplanetarchive.ipac.caltech.edu/TAP/sync [auth=none]
docs/THESIS_APPENDIX_XI.md	102	text	url	https://exoplanetarchive.ipac.caltech.edu/TAP/sync	HTTP_ERROR(400):api_endpoint_or_template			- `nasa_exoplanet`: https://exoplanetarchive.ipac.caltech.edu/TAP/sync
docs/BENCHMARK_DATA_CITATIONS.md	5699	text	url	https://gea.esac.esa.int/tap-server/tap/sync	OK(200):api_endpoint_or_template			- `gaia_dr3_tap` (astrophysics_catalogs): https://gea.esac.esa.int/tap-server/tap/sync [auth=none]
docs/BENCHMARK_DATA_CITATIONS.md	64	text	url	https://genomics.senescence.info/species/dataset.zip	OK(200):web_reference			| api | anage | https://genomics.senescence.info/species/dataset.zip | 4 |
docs/BENCHMARK_DATA_CITATIONS.md	1578	text	url	https://genomics.senescence.info/species/dataset.zip	OK(200):web_reference			- **api**: anage — https://genomics.senescence.info/species/dataset.zip
docs/BENCHMARK_DATA_CITATIONS.md	1588	text	url	https://genomics.senescence.info/species/dataset.zip	OK(200):web_reference			- **api**: anage — https://genomics.senescence.info/species/dataset.zip
docs/BENCHMARK_DATA_CITATIONS.md	1654	text	url	https://genomics.senescence.info/species/dataset.zip	OK(200):web_reference			- **url**: https://genomics.senescence.info/species/dataset.zip — https://genomics.senescence.info/species/dataset.zip
docs/BENCHMARK_DATA_CITATIONS.md	1654	text	url	https://genomics.senescence.info/species/dataset.zip	OK(200):web_reference			- **url**: https://genomics.senescence.info/species/dataset.zip — https://genomics.senescence.info/species/dataset.zip
docs/BENCHMARK_DATA_CITATIONS.md	3124	text	url	https://genomics.senescence.info/species/dataset.zip	OK(200):web_reference			- **api**: anage — https://genomics.senescence.info/species/dataset.zip
docs/BENCHMARK_DATA_CITATIONS.md	5691	text	url	https://genomics.senescence.info/species/dataset.zip	OK(200):web_reference			- `anage` (biology_genomics): https://genomics.senescence.info/species/dataset.zip [auth=none]
docs/THESIS_APPENDIX_XI.md	117	text	url	https://genomics.senescence.info/species/dataset.zip	OK(200):web_reference			- `anage`: https://genomics.senescence.info/species/dataset.zip
docs/BENCHMARK_DATA_CITATIONS.md	73	text	url	https://github.com/apple/swift	OK(200):web_reference			| dataset | GitHub OSS corpus apple/swift | https://github.com/apple/swift | 1 |
docs/BENCHMARK_DATA_CITATIONS.md	2178	text	url	https://github.com/apple/swift	OK(200):web_reference			- **dataset**: GitHub OSS corpus apple/swift — https://github.com/apple/swift
CONTRIBUTING.md	3	text	url	https://github.com/dappalumbo91/FSOT-2.1-Lean	OK(200):self_link			This repository is designed to be **clone-and-verify** without the author's Desktop folder layout. External projects can reference [github.com/dappalumbo91/FSOT-2.1-Lean](https://github.com/dappalumbo91/FSOT-2.1-Lean) as a standalone verification artifact.
DESKTOP_WORKSPACE_STATUS.md	5	text	url	https://github.com/dappalumbo91/FSOT-2.1-Lean	OK(200):self_link			**Remote:** `https://github.com/dappalumbo91/FSOT-2.1-Lean`
README.md	6	text	url	https://github.com/dappalumbo91/FSOT-2.1-Lean	OK(200):self_link			**Repository:** [github.com/dappalumbo91/FSOT-2.1-Lean](https://github.com/dappalumbo91/FSOT-2.1-Lean)
README.md	1109	text	url	https://github.com/dappalumbo91/FSOT-2.1-Lean	OK(200):self_link			https://github.com/dappalumbo91/FSOT-2.1-Lean
RELATED_EMBODIMENTS.md	8	text	url	https://github.com/dappalumbo91/FSOT-2.1-Lean	OK(200):self_link			| **This repo (law + multi-domain verification)** | https://github.com/dappalumbo91/FSOT-2.1-Lean | Scalar engine, Lean, multi-prover, domain green gates |
docs/CLEAR_PATH_FOR_INDEPENDENTS.md	142	text	url	https://github.com/dappalumbo91/FSOT-2.1-Lean	OK(200):self_link			FSOT 2.1 Lean repository, https://github.com/dappalumbo91/FSOT-2.1-Lean
docs/FSOT_MATH_KEY_ONEPAGER.md	5	text	url	https://github.com/dappalumbo91/FSOT-2.1-Lean	OK(200):self_link			Repo: https://github.com/dappalumbo91/FSOT-2.1-Lean
docs/REPRODUCIBILITY.md	4	text	url	https://github.com/dappalumbo91/FSOT-2.1-Lean	OK(200):self_link			**Repo:** https://github.com/dappalumbo91/FSOT-2.1-Lean
docs/THESIS_APPENDIX_XI.md	153	text	url	https://github.com/dappalumbo91/FSOT-2.1-Lean	OK(200):self_link			% Repository: https://github.com/dappalumbo91/FSOT-2.1-Lean
docs/THESIS_APPENDIX_XI.md	158	text	url	https://github.com/dappalumbo91/FSOT-2.1-Lean	OK(200):self_link			howpublished = {\url{https://github.com/dappalumbo91/FSOT-2.1-Lean}},
docs/THESIS_APPENDIX_XI.md	166	text	url	https://github.com/dappalumbo91/FSOT-2.1-Lean	OK(200):self_link			howpublished = {\url{https://github.com/dappalumbo91/FSOT-2.1-Lean}},
docs/THESIS_APPENDIX_XI.md	174	text	url	https://github.com/dappalumbo91/FSOT-2.1-Lean	OK(200):self_link			howpublished = {\url{https://github.com/dappalumbo91/FSOT-2.1-Lean}},
papers/03-fsot-theory-of-everything-claim/comments.txt	1	text	url	https://github.com/dappalumbo91/FSOT-2.1-Lean	OK(200):self_link			GitHub preprint (not an arXiv submission). Seed-locked ToE checklist (Label A + Label B T1–T6). Freeze 477/477 green residual files, pin D1D38A. Worked examples + unclaimed ledger + coverage list: https://github.com/dappalumbo91/FSOT-2.1-Lean
predictions/EXPLAINED.md	4	text	url	https://github.com/dappalumbo91/FSOT-2.1-Lean	OK(200):self_link			**Repo:** [FSOT-2.1-Lean](https://github.com/dappalumbo91/FSOT-2.1-Lean) · folder `predictions/`
predictions/public/ONE_PAGER.md	3	text	url	https://github.com/dappalumbo91/FSOT-2.1-Lean	OK(200):self_link			**Damian Arthur Palumbo** · [github.com/dappalumbo91/FSOT-2.1-Lean](https://github.com/dappalumbo91/FSOT-2.1-Lean) · folder `predictions/`
predictions/public/X_READY.md	5	text	url	https://github.com/dappalumbo91/FSOT-2.1-Lean	OK(200):self_link			**Repo:** https://github.com/dappalumbo91/FSOT-2.1-Lean
CONTRIBUTING.md	8	text	url	https://github.com/dappalumbo91/FSOT-2.1-Lean.git	OK(200):self_link			git clone https://github.com/dappalumbo91/FSOT-2.1-Lean.git
README.md	28	text	url	https://github.com/dappalumbo91/FSOT-2.1-Lean.git	OK(200):self_link			git clone https://github.com/dappalumbo91/FSOT-2.1-Lean.git
docs/CLEAR_PATH_FOR_INDEPENDENTS.md	23	text	url	https://github.com/dappalumbo91/FSOT-2.1-Lean.git	OK(200):self_link			git clone https://github.com/dappalumbo91/FSOT-2.1-Lean.git
docs/EMPIRICAL_CLAIM_EVIDENCE.md	57	text	url	https://github.com/dappalumbo91/FSOT-2.1-Lean.git	OK(200):self_link			git clone https://github.com/dappalumbo91/FSOT-2.1-Lean.git
docs/FSOT_EXPLAINED_LAYMAN.md	171	text	url	https://github.com/dappalumbo91/FSOT-2.1-Lean.git	OK(200):self_link			git clone https://github.com/dappalumbo91/FSOT-2.1-Lean.git
docs/FSOT_NARRATIVE_CORE.md	184	text	url	https://github.com/dappalumbo91/FSOT-2.1-Lean.git	OK(200):self_link			git clone https://github.com/dappalumbo91/FSOT-2.1-Lean.git
docs/INDEPENDENT_REPRODUCTION.md	27	text	url	https://github.com/dappalumbo91/FSOT-2.1-Lean.git	OK(200):self_link			git clone https://github.com/dappalumbo91/FSOT-2.1-Lean.git
docs/REPRODUCIBILITY.md	48	text	url	https://github.com/dappalumbo91/FSOT-2.1-Lean.git	OK(200):self_link			git clone https://github.com/dappalumbo91/FSOT-2.1-Lean.git
docs/SCIENTIFIC_INSTRUMENT.md	30	text	url	https://github.com/dappalumbo91/FSOT-2.1-Lean.git	OK(200):self_link			git clone https://github.com/dappalumbo91/FSOT-2.1-Lean.git
docs/SIBLING_APPLICATION_GAPS.md	104	text	url	https://github.com/dappalumbo91/FSOT-2.1-Lean.git	OK(200):self_link			git clone https://github.com/dappalumbo91/FSOT-2.1-Lean.git
docs/SKEPTIC_REPLICATION_KIT.md	32	text	url	https://github.com/dappalumbo91/FSOT-2.1-Lean.git	OK(200):self_link			git clone https://github.com/dappalumbo91/FSOT-2.1-Lean.git
papers/03-fsot-theory-of-everything-claim/SCIENTIST_REPRODUCE.md	13	text	url	https://github.com/dappalumbo91/FSOT-2.1-Lean.git	OK(200):self_link			git clone https://github.com/dappalumbo91/FSOT-2.1-Lean.git
papers/04-fsot-mpcorb-minor-planet-catalog/SCIENTIST_REPRODUCE.md	10	text	url	https://github.com/dappalumbo91/FSOT-2.1-Lean.git	OK(200):self_link			git clone https://github.com/dappalumbo91/FSOT-2.1-Lean.git
docs/BENCHMARK_DATA_CITATIONS.md	2019	text	url	https://github.com/dappalumbo91/FSOT-2.1-Lean/blob/main/scripts/build_tier_f_extension_benchmarks.py	OK(200):self_link			- **ingest_script**: scripts/build_tier_f_extension_benchmarks.py — https://github.com/dappalumbo91/FSOT-2.1-Lean/blob/main/scripts/build_tier_f_extension_benchmarks.py
docs/BENCHMARK_DATA_CITATIONS.md	3269	text	url	https://github.com/dappalumbo91/FSOT-2.1-Lean/blob/main/scripts/build_tier_f_extension_benchmarks.py	OK(200):self_link			- **ingest_script**: scripts/build_tier_f_extension_benchmarks.py — https://github.com/dappalumbo91/FSOT-2.1-Lean/blob/main/scripts/build_tier_f_extension_benchmarks.py
docs/BENCHMARK_DATA_CITATIONS.md	3468	text	url	https://github.com/dappalumbo91/FSOT-2.1-Lean/blob/main/scripts/build_tier_f_extension_benchmarks.py	OK(200):self_link			- **ingest_script**: scripts/build_tier_f_extension_benchmarks.py — https://github.com/dappalumbo91/FSOT-2.1-Lean/blob/main/scripts/build_tier_f_extension_benchmarks.py
docs/BENCHMARK_DATA_CITATIONS.md	3899	text	url	https://github.com/dappalumbo91/FSOT-2.1-Lean/blob/main/scripts/build_tier_f_extension_benchmarks.py	OK(200):self_link			- **ingest_script**: scripts/build_tier_f_extension_benchmarks.py — https://github.com/dappalumbo91/FSOT-2.1-Lean/blob/main/scripts/build_tier_f_extension_benchmarks.py
docs/BENCHMARK_DATA_CITATIONS.md	1580	text	url	https://github.com/dappalumbo91/FSOT-2.1-Lean/blob/main/scripts/ingest_anomaly_public_data.py	OK(200):self_link			- **ingest_script**: scripts/ingest_anomaly_public_data.py — https://github.com/dappalumbo91/FSOT-2.1-Lean/blob/main/scripts/ingest_anomaly_public_data.py
docs/BENCHMARK_DATA_CITATIONS.md	1749	text	url	https://github.com/dappalumbo91/FSOT-2.1-Lean/blob/main/scripts/ingest_anomaly_public_data.py	OK(200):self_link			- **ingest_script**: scripts/ingest_anomaly_public_data.py — https://github.com/dappalumbo91/FSOT-2.1-Lean/blob/main/scripts/ingest_anomaly_public_data.py
docs/BENCHMARK_DATA_CITATIONS.md	4431	text	url	https://github.com/dappalumbo91/FSOT-2.1-Lean/blob/main/scripts/ingest_anomaly_public_data.py	OK(200):self_link			- **ingest_script**: scripts/ingest_anomaly_public_data.py — https://github.com/dappalumbo91/FSOT-2.1-Lean/blob/main/scripts/ingest_anomaly_public_data.py
docs/BENCHMARK_DATA_CITATIONS.md	1646	text	url	https://github.com/dappalumbo91/FSOT-2.1-Lean/blob/main/scripts/ingest_fringe_desktop_data.py	OK(200):self_link			- **ingest_script**: scripts/ingest_fringe_desktop_data.py — https://github.com/dappalumbo91/FSOT-2.1-Lean/blob/main/scripts/ingest_fringe_desktop_data.py
docs/BENCHMARK_DATA_CITATIONS.md	4796	text	url	https://github.com/dappalumbo91/FSOT-2.1-Lean/blob/main/scripts/ingest_fringe_desktop_data.py	OK(200):self_link			- **ingest_script**: scripts/ingest_fringe_desktop_data.py — https://github.com/dappalumbo91/FSOT-2.1-Lean/blob/main/scripts/ingest_fringe_desktop_data.py
docs/BENCHMARK_DATA_CITATIONS.md	3233	text	url	https://github.com/dappalumbo91/FSOT-2.1-Lean/blob/main/scripts/ingest_kyoto_dst_historical.py	OK(200):self_link			- **ingest_script**: scripts/ingest_kyoto_dst_historical.py — https://github.com/dappalumbo91/FSOT-2.1-Lean/blob/main/scripts/ingest_kyoto_dst_historical.py
docs/BENCHMARK_DATA_CITATIONS.md	3183	text	url	https://github.com/dappalumbo91/FSOT-2.1-Lean/blob/main/scripts/ingest_mpcorb_catalog.py	OK(200):self_link			- **ingest_script**: scripts/ingest_mpcorb_catalog.py — https://github.com/dappalumbo91/FSOT-2.1-Lean/blob/main/scripts/ingest_mpcorb_catalog.py
docs/BENCHMARK_DATA_CITATIONS.md	4599	text	url	https://github.com/dappalumbo91/FSOT-2.1-Lean/blob/main/scripts/ingest_planetary_jpl.py	OK(200):self_link			- **ingest_script**: scripts/ingest_planetary_jpl.py — https://github.com/dappalumbo91/FSOT-2.1-Lean/blob/main/scripts/ingest_planetary_jpl.py
docs/BENCHMARK_DATA_CITATIONS.md	4452	text	url	https://github.com/dappalumbo91/FSOT-2.1-Lean/blob/main/scripts/ingest_stsci_mast.py	OK(200):self_link			- **ingest_script**: scripts/ingest_stsci_mast.py — https://github.com/dappalumbo91/FSOT-2.1-Lean/blob/main/scripts/ingest_stsci_mast.py
docs/BENCHMARK_DATA_CITATIONS.md	1263	text	url	https://github.com/dappalumbo91/FSOT-2.1-Lean/blob/main/scripts/ingest_tier38_public_data.py	OK(200):self_link			- **ingest_script**: scripts/ingest_tier38_public_data.py — https://github.com/dappalumbo91/FSOT-2.1-Lean/blob/main/scripts/ingest_tier38_public_data.py
docs/BENCHMARK_DATA_CITATIONS.md	2696	text	url	https://github.com/dappalumbo91/FSOT-2.1-Lean/blob/main/scripts/ingest_tier38_public_data.py	OK(200):self_link			- **ingest_script**: scripts/ingest_tier38_public_data.py — https://github.com/dappalumbo91/FSOT-2.1-Lean/blob/main/scripts/ingest_tier38_public_data.py
docs/BENCHMARK_DATA_CITATIONS.md	3497	text	url	https://github.com/dappalumbo91/FSOT-2.1-Lean/blob/main/scripts/ingest_tier38_public_data.py	OK(200):self_link			- **ingest_script**: scripts/ingest_tier38_public_data.py — https://github.com/dappalumbo91/FSOT-2.1-Lean/blob/main/scripts/ingest_tier38_public_data.py
docs/BENCHMARK_DATA_CITATIONS.md	3526	text	url	https://github.com/dappalumbo91/FSOT-2.1-Lean/blob/main/scripts/ingest_tier38_public_data.py	OK(200):self_link			- **ingest_script**: scripts/ingest_tier38_public_data.py — https://github.com/dappalumbo91/FSOT-2.1-Lean/blob/main/scripts/ingest_tier38_public_data.py
docs/BENCHMARK_DATA_CITATIONS.md	3542	text	url	https://github.com/dappalumbo91/FSOT-2.1-Lean/blob/main/scripts/ingest_tier38_public_data.py	OK(200):self_link			- **ingest_script**: scripts/ingest_tier38_public_data.py — https://github.com/dappalumbo91/FSOT-2.1-Lean/blob/main/scripts/ingest_tier38_public_data.py
docs/BENCHMARK_DATA_CITATIONS.md	3788	text	url	https://github.com/dappalumbo91/FSOT-2.1-Lean/blob/main/scripts/ingest_tier38_public_data.py	OK(200):self_link			- **ingest_script**: scripts/ingest_tier38_public_data.py — https://github.com/dappalumbo91/FSOT-2.1-Lean/blob/main/scripts/ingest_tier38_public_data.py
docs/BENCHMARK_DATA_CITATIONS.md	4170	text	url	https://github.com/dappalumbo91/FSOT-2.1-Lean/blob/main/scripts/ingest_tier38_public_data.py	OK(200):self_link			- **ingest_script**: scripts/ingest_tier38_public_data.py — https://github.com/dappalumbo91/FSOT-2.1-Lean/blob/main/scripts/ingest_tier38_public_data.py
docs/BENCHMARK_DATA_CITATIONS.md	4318	text	url	https://github.com/dappalumbo91/FSOT-2.1-Lean/blob/main/scripts/ingest_tier38_public_data.py	OK(200):self_link			- **ingest_script**: scripts/ingest_tier38_public_data.py — https://github.com/dappalumbo91/FSOT-2.1-Lean/blob/main/scripts/ingest_tier38_public_data.py
docs/BENCHMARK_DATA_CITATIONS.md	5102	text	url	https://github.com/dappalumbo91/FSOT-2.1-Lean/blob/main/scripts/ingest_tier38_public_data.py	OK(200):self_link			- **ingest_script**: scripts/ingest_tier38_public_data.py — https://github.com/dappalumbo91/FSOT-2.1-Lean/blob/main/scripts/ingest_tier38_public_data.py
docs/BENCHMARK_DATA_CITATIONS.md	5251	text	url	https://github.com/dappalumbo91/FSOT-2.1-Lean/blob/main/scripts/ingest_tier38_public_data.py	OK(200):self_link			- **ingest_script**: scripts/ingest_tier38_public_data.py — https://github.com/dappalumbo91/FSOT-2.1-Lean/blob/main/scripts/ingest_tier38_public_data.py
docs/BENCHMARK_DATA_CITATIONS.md	1243	text	url	https://github.com/dappalumbo91/FSOT-2.1-Lean/blob/main/scripts/ingest_tier39_propulsion_electrical.py	OK(200):self_link			- **ingest_script**: scripts/ingest_tier39_propulsion_electrical.py — https://github.com/dappalumbo91/FSOT-2.1-Lean/blob/main/scripts/ingest_tier39_propulsion_electrical.py
docs/BENCHMARK_DATA_CITATIONS.md	4608	text	url	https://github.com/dappalumbo91/FSOT-2.1-Lean/blob/main/scripts/ingest_tier39_propulsion_electrical.py	OK(200):self_link			- **ingest_script**: scripts/ingest_tier39_propulsion_electrical.py — https://github.com/dappalumbo91/FSOT-2.1-Lean/blob/main/scripts/ingest_tier39_propulsion_electrical.py
docs/BENCHMARK_DATA_CITATIONS.md	2706	text	url	https://github.com/dappalumbo91/FSOT-2.1-Lean/blob/main/scripts/ingest_tier58_live_catalogs.py	OK(200):self_link			- **ingest_script**: scripts/ingest_tier58_live_catalogs.py — https://github.com/dappalumbo91/FSOT-2.1-Lean/blob/main/scripts/ingest_tier58_live_catalogs.py
docs/BENCHMARK_DATA_CITATIONS.md	4695	text	url	https://github.com/dappalumbo91/FSOT-2.1-Lean/blob/main/scripts/ingest_tier58_live_catalogs.py	OK(200):self_link			- **ingest_script**: scripts/ingest_tier58_live_catalogs.py — https://github.com/dappalumbo91/FSOT-2.1-Lean/blob/main/scripts/ingest_tier58_live_catalogs.py
docs/BENCHMARK_DATA_CITATIONS.md	4441	text	url	https://github.com/dappalumbo91/FSOT-2.1-Lean/blob/main/scripts/ingest_tier60_live_astrometry.py	OK(200):self_link			- **ingest_script**: scripts/ingest_tier60_live_astrometry.py — https://github.com/dappalumbo91/FSOT-2.1-Lean/blob/main/scripts/ingest_tier60_live_astrometry.py
docs/BENCHMARK_DATA_CITATIONS.md	2724	text	url	https://github.com/dappalumbo91/FSOT-2.1-Lean/blob/main/scripts/ingest_tier62_live_astrometry.py	OK(200):self_link			- **ingest_script**: scripts/ingest_tier62_live_astrometry.py — https://github.com/dappalumbo91/FSOT-2.1-Lean/blob/main/scripts/ingest_tier62_live_astrometry.py
docs/BENCHMARK_DATA_CITATIONS.md	5225	text	url	https://github.com/dappalumbo91/FSOT-2.1-Lean/blob/main/scripts/ingest_tier62_live_astrometry.py	OK(200):self_link			- **ingest_script**: scripts/ingest_tier62_live_astrometry.py — https://github.com/dappalumbo91/FSOT-2.1-Lean/blob/main/scripts/ingest_tier62_live_astrometry.py
docs/BENCHMARK_DATA_CITATIONS.md	3323	text	url	https://github.com/dappalumbo91/FSOT-2.1-Lean/blob/main/scripts/ingest_tier68_live_ingest.py	OK(200):self_link			- **ingest_script**: scripts/ingest_tier68_live_ingest.py — https://github.com/dappalumbo91/FSOT-2.1-Lean/blob/main/scripts/ingest_tier68_live_ingest.py
docs/BENCHMARK_DATA_CITATIONS.md	3798	text	url	https://github.com/dappalumbo91/FSOT-2.1-Lean/blob/main/scripts/ingest_tier68_live_ingest.py	OK(200):self_link			- **ingest_script**: scripts/ingest_tier68_live_ingest.py — https://github.com/dappalumbo91/FSOT-2.1-Lean/blob/main/scripts/ingest_tier68_live_ingest.py
docs/BENCHMARK_DATA_CITATIONS.md	4188	text	url	https://github.com/dappalumbo91/FSOT-2.1-Lean/blob/main/scripts/ingest_tier68_live_ingest.py	OK(200):self_link			- **ingest_script**: scripts/ingest_tier68_live_ingest.py — https://github.com/dappalumbo91/FSOT-2.1-Lean/blob/main/scripts/ingest_tier68_live_ingest.py
docs/BENCHMARK_DATA_CITATIONS.md	5205	text	url	https://github.com/dappalumbo91/FSOT-2.1-Lean/blob/main/scripts/ingest_tier68_live_ingest.py	OK(200):self_link			- **ingest_script**: scripts/ingest_tier68_live_ingest.py — https://github.com/dappalumbo91/FSOT-2.1-Lean/blob/main/scripts/ingest_tier68_live_ingest.py
docs/BENCHMARK_DATA_CITATIONS.md	1443	text	url	https://github.com/dappalumbo91/FSOT-2.1-Lean/blob/main/scripts/ingest_tier80_government_open_data.py	OK(200):self_link			- **ingest_script**: scripts/ingest_tier80_government_open_data.py — https://github.com/dappalumbo91/FSOT-2.1-Lean/blob/main/scripts/ingest_tier80_government_open_data.py
docs/BENCHMARK_DATA_CITATIONS.md	2367	text	url	https://github.com/dappalumbo91/FSOT-2.1-Lean/blob/main/scripts/ingest_tier80_government_open_data.py	OK(200):self_link			- **ingest_script**: scripts/ingest_tier80_government_open_data.py — https://github.com/dappalumbo91/FSOT-2.1-Lean/blob/main/scripts/ingest_tier80_government_open_data.py
docs/BENCHMARK_DATA_CITATIONS.md	3488	text	url	https://github.com/dappalumbo91/FSOT-2.1-Lean/blob/main/scripts/ingest_tier80_government_open_data.py	OK(200):self_link			- **ingest_script**: scripts/ingest_tier80_government_open_data.py — https://github.com/dappalumbo91/FSOT-2.1-Lean/blob/main/scripts/ingest_tier80_government_open_data.py
docs/BENCHMARK_DATA_CITATIONS.md	3507	text	url	https://github.com/dappalumbo91/FSOT-2.1-Lean/blob/main/scripts/ingest_tier80_government_open_data.py	OK(200):self_link			- **ingest_script**: scripts/ingest_tier80_government_open_data.py — https://github.com/dappalumbo91/FSOT-2.1-Lean/blob/main/scripts/ingest_tier80_government_open_data.py
docs/BENCHMARK_DATA_CITATIONS.md	3735	text	url	https://github.com/dappalumbo91/FSOT-2.1-Lean/blob/main/scripts/ingest_tier80_government_open_data.py	OK(200):self_link			- **ingest_script**: scripts/ingest_tier80_government_open_data.py — https://github.com/dappalumbo91/FSOT-2.1-Lean/blob/main/scripts/ingest_tier80_government_open_data.py
docs/BENCHMARK_DATA_CITATIONS.md	5086	text	url	https://github.com/dappalumbo91/FSOT-2.1-Lean/blob/main/scripts/ingest_tier80_government_open_data.py	OK(200):self_link			- **ingest_script**: scripts/ingest_tier80_government_open_data.py — https://github.com/dappalumbo91/FSOT-2.1-Lean/blob/main/scripts/ingest_tier80_government_open_data.py
docs/BENCHMARK_DATA_CITATIONS.md	1708	text	url	https://github.com/dappalumbo91/FSOT-2.1-Lean/blob/main/scripts/ingest_tier81_public_verifiable.py	OK(200):self_link			- **ingest_script**: scripts/ingest_tier81_public_verifiable.py — https://github.com/dappalumbo91/FSOT-2.1-Lean/blob/main/scripts/ingest_tier81_public_verifiable.py
docs/BENCHMARK_DATA_CITATIONS.md	3517	text	url	https://github.com/dappalumbo91/FSOT-2.1-Lean/blob/main/scripts/ingest_tier81_public_verifiable.py	OK(200):self_link			- **ingest_script**: scripts/ingest_tier81_public_verifiable.py — https://github.com/dappalumbo91/FSOT-2.1-Lean/blob/main/scripts/ingest_tier81_public_verifiable.py
docs/BENCHMARK_DATA_CITATIONS.md	3552	text	url	https://github.com/dappalumbo91/FSOT-2.1-Lean/blob/main/scripts/ingest_tier81_public_verifiable.py	OK(200):self_link			- **ingest_script**: scripts/ingest_tier81_public_verifiable.py — https://github.com/dappalumbo91/FSOT-2.1-Lean/blob/main/scripts/ingest_tier81_public_verifiable.py
docs/BENCHMARK_DATA_CITATIONS.md	3808	text	url	https://github.com/dappalumbo91/FSOT-2.1-Lean/blob/main/scripts/ingest_tier81_public_verifiable.py	OK(200):self_link			- **ingest_script**: scripts/ingest_tier81_public_verifiable.py — https://github.com/dappalumbo91/FSOT-2.1-Lean/blob/main/scripts/ingest_tier81_public_verifiable.py
docs/BENCHMARK_DATA_CITATIONS.md	5490	text	url	https://github.com/dappalumbo91/FSOT-2.1-Lean/blob/main/scripts/ingest_tier81_public_verifiable.py	OK(200):self_link			- **ingest_script**: scripts/ingest_tier81_public_verifiable.py — https://github.com/dappalumbo91/FSOT-2.1-Lean/blob/main/scripts/ingest_tier81_public_verifiable.py
docs/BENCHMARK_DATA_CITATIONS.md	941	text	url	https://github.com/dappalumbo91/FSOT-2.1-Lean/blob/main/scripts/ingest_tier82_scientific_expansion.py	OK(200):self_link			- **ingest_script**: scripts/ingest_tier82_scientific_expansion.py — https://github.com/dappalumbo91/FSOT-2.1-Lean/blob/main/scripts/ingest_tier82_scientific_expansion.py
docs/BENCHMARK_DATA_CITATIONS.md	1342	text	url	https://github.com/dappalumbo91/FSOT-2.1-Lean/blob/main/scripts/ingest_tier82_scientific_expansion.py	OK(200):self_link			- **ingest_script**: scripts/ingest_tier82_scientific_expansion.py — https://github.com/dappalumbo91/FSOT-2.1-Lean/blob/main/scripts/ingest_tier82_scientific_expansion.py
docs/BENCHMARK_DATA_CITATIONS.md	2073	text	url	https://github.com/dappalumbo91/FSOT-2.1-Lean/blob/main/scripts/ingest_tier82_scientific_expansion.py	OK(200):self_link			- **ingest_script**: scripts/ingest_tier82_scientific_expansion.py — https://github.com/dappalumbo91/FSOT-2.1-Lean/blob/main/scripts/ingest_tier82_scientific_expansion.py
docs/BENCHMARK_DATA_CITATIONS.md	3073	text	url	https://github.com/dappalumbo91/FSOT-2.1-Lean/blob/main/scripts/ingest_tier82_scientific_expansion.py	OK(200):self_link			- **ingest_script**: scripts/ingest_tier82_scientific_expansion.py — https://github.com/dappalumbo91/FSOT-2.1-Lean/blob/main/scripts/ingest_tier82_scientific_expansion.py
docs/BENCHMARK_DATA_CITATIONS.md	3672	text	url	https://github.com/dappalumbo91/FSOT-2.1-Lean/blob/main/scripts/ingest_tier82_scientific_expansion.py	OK(200):self_link			- **ingest_script**: scripts/ingest_tier82_scientific_expansion.py — https://github.com/dappalumbo91/FSOT-2.1-Lean/blob/main/scripts/ingest_tier82_scientific_expansion.py
docs/BENCHMARK_DATA_CITATIONS.md	3986	text	url	https://github.com/dappalumbo91/FSOT-2.1-Lean/blob/main/scripts/ingest_tier82_scientific_expansion.py	OK(200):self_link			- **ingest_script**: scripts/ingest_tier82_scientific_expansion.py — https://github.com/dappalumbo91/FSOT-2.1-Lean/blob/main/scripts/ingest_tier82_scientific_expansion.py
docs/BENCHMARK_DATA_CITATIONS.md	4345	text	url	https://github.com/dappalumbo91/FSOT-2.1-Lean/blob/main/scripts/ingest_tier82_scientific_expansion.py	OK(200):self_link			- **ingest_script**: scripts/ingest_tier82_scientific_expansion.py — https://github.com/dappalumbo91/FSOT-2.1-Lean/blob/main/scripts/ingest_tier82_scientific_expansion.py
docs/BENCHMARK_DATA_CITATIONS.md	4589	text	url	https://github.com/dappalumbo91/FSOT-2.1-Lean/blob/main/scripts/ingest_tier82_scientific_expansion.py	OK(200):self_link			- **ingest_script**: scripts/ingest_tier82_scientific_expansion.py — https://github.com/dappalumbo91/FSOT-2.1-Lean/blob/main/scripts/ingest_tier82_scientific_expansion.py
docs/BENCHMARK_DATA_CITATIONS.md	5015	text	url	https://github.com/dappalumbo91/FSOT-2.1-Lean/blob/main/scripts/ingest_tier82_scientific_expansion.py	OK(200):self_link			- **ingest_script**: scripts/ingest_tier82_scientific_expansion.py — https://github.com/dappalumbo91/FSOT-2.1-Lean/blob/main/scripts/ingest_tier82_scientific_expansion.py
docs/BENCHMARK_DATA_CITATIONS.md	5215	text	url	https://github.com/dappalumbo91/FSOT-2.1-Lean/blob/main/scripts/ingest_tier82_scientific_expansion.py	OK(200):self_link			- **ingest_script**: scripts/ingest_tier82_scientific_expansion.py — https://github.com/dappalumbo91/FSOT-2.1-Lean/blob/main/scripts/ingest_tier82_scientific_expansion.py
docs/BENCHMARK_DATA_CITATIONS.md	1038	text	url	https://github.com/dappalumbo91/FSOT-2.1-Lean/blob/main/scripts/ingest_tier84_scientific_expansion.py	OK(200):self_link			- **ingest_script**: scripts/ingest_tier84_scientific_expansion.py — https://github.com/dappalumbo91/FSOT-2.1-Lean/blob/main/scripts/ingest_tier84_scientific_expansion.py
docs/BENCHMARK_DATA_CITATIONS.md	1332	text	url	https://github.com/dappalumbo91/FSOT-2.1-Lean/blob/main/scripts/ingest_tier84_scientific_expansion.py	OK(200):self_link			- **ingest_script**: scripts/ingest_tier84_scientific_expansion.py — https://github.com/dappalumbo91/FSOT-2.1-Lean/blob/main/scripts/ingest_tier84_scientific_expansion.py
docs/BENCHMARK_DATA_CITATIONS.md	2029	text	url	https://github.com/dappalumbo91/FSOT-2.1-Lean/blob/main/scripts/ingest_tier84_scientific_expansion.py	OK(200):self_link			- **ingest_script**: scripts/ingest_tier84_scientific_expansion.py — https://github.com/dappalumbo91/FSOT-2.1-Lean/blob/main/scripts/ingest_tier84_scientific_expansion.py
docs/BENCHMARK_DATA_CITATIONS.md	2063	text	url	https://github.com/dappalumbo91/FSOT-2.1-Lean/blob/main/scripts/ingest_tier84_scientific_expansion.py	OK(200):self_link			- **ingest_script**: scripts/ingest_tier84_scientific_expansion.py — https://github.com/dappalumbo91/FSOT-2.1-Lean/blob/main/scripts/ingest_tier84_scientific_expansion.py
docs/BENCHMARK_DATA_CITATIONS.md	2902	text	url	https://github.com/dappalumbo91/FSOT-2.1-Lean/blob/main/scripts/ingest_tier84_scientific_expansion.py	OK(200):self_link			- **ingest_script**: scripts/ingest_tier84_scientific_expansion.py — https://github.com/dappalumbo91/FSOT-2.1-Lean/blob/main/scripts/ingest_tier84_scientific_expansion.py
docs/BENCHMARK_DATA_CITATIONS.md	3279	text	url	https://github.com/dappalumbo91/FSOT-2.1-Lean/blob/main/scripts/ingest_tier84_scientific_expansion.py	OK(200):self_link			- **ingest_script**: scripts/ingest_tier84_scientific_expansion.py — https://github.com/dappalumbo91/FSOT-2.1-Lean/blob/main/scripts/ingest_tier84_scientific_expansion.py
docs/BENCHMARK_DATA_CITATIONS.md	3478	text	url	https://github.com/dappalumbo91/FSOT-2.1-Lean/blob/main/scripts/ingest_tier84_scientific_expansion.py	OK(200):self_link			- **ingest_script**: scripts/ingest_tier84_scientific_expansion.py — https://github.com/dappalumbo91/FSOT-2.1-Lean/blob/main/scripts/ingest_tier84_scientific_expansion.py
docs/BENCHMARK_DATA_CITATIONS.md	3909	text	url	https://github.com/dappalumbo91/FSOT-2.1-Lean/blob/main/scripts/ingest_tier84_scientific_expansion.py	OK(200):self_link			- **ingest_script**: scripts/ingest_tier84_scientific_expansion.py — https://github.com/dappalumbo91/FSOT-2.1-Lean/blob/main/scripts/ingest_tier84_scientific_expansion.py
docs/BENCHMARK_DATA_CITATIONS.md	4401	text	url	https://github.com/dappalumbo91/FSOT-2.1-Lean/blob/main/scripts/ingest_tier84_scientific_expansion.py	OK(200):self_link			- **ingest_script**: scripts/ingest_tier84_scientific_expansion.py — https://github.com/dappalumbo91/FSOT-2.1-Lean/blob/main/scripts/ingest_tier84_scientific_expansion.py
docs/BENCHMARK_DATA_CITATIONS.md	5195	text	url	https://github.com/dappalumbo91/FSOT-2.1-Lean/blob/main/scripts/ingest_tier84_scientific_expansion.py	OK(200):self_link			- **ingest_script**: scripts/ingest_tier84_scientific_expansion.py — https://github.com/dappalumbo91/FSOT-2.1-Lean/blob/main/scripts/ingest_tier84_scientific_expansion.py
docs/BENCHMARK_DATA_CITATIONS.md	1433	text	url	https://github.com/dappalumbo91/FSOT-2.1-Lean/blob/main/scripts/ingest_tier85_scientific_expansion.py	OK(200):self_link			- **ingest_script**: scripts/ingest_tier85_scientific_expansion.py — https://github.com/dappalumbo91/FSOT-2.1-Lean/blob/main/scripts/ingest_tier85_scientific_expansion.py
docs/BENCHMARK_DATA_CITATIONS.md	2135	text	url	https://github.com/dappalumbo91/FSOT-2.1-Lean/blob/main/scripts/ingest_tier85_scientific_expansion.py	OK(200):self_link			- **ingest_script**: scripts/ingest_tier85_scientific_expansion.py — https://github.com/dappalumbo91/FSOT-2.1-Lean/blob/main/scripts/ingest_tier85_scientific_expansion.py
docs/BENCHMARK_DATA_CITATIONS.md	2390	text	url	https://github.com/dappalumbo91/FSOT-2.1-Lean/blob/main/scripts/ingest_tier85_scientific_expansion.py	OK(200):self_link			- **ingest_script**: scripts/ingest_tier85_scientific_expansion.py — https://github.com/dappalumbo91/FSOT-2.1-Lean/blob/main/scripts/ingest_tier85_scientific_expansion.py
docs/BENCHMARK_DATA_CITATIONS.md	2833	text	url	https://github.com/dappalumbo91/FSOT-2.1-Lean/blob/main/scripts/ingest_tier85_scientific_expansion.py	OK(200):self_link			- **ingest_script**: scripts/ingest_tier85_scientific_expansion.py — https://github.com/dappalumbo91/FSOT-2.1-Lean/blob/main/scripts/ingest_tier85_scientific_expansion.py
docs/BENCHMARK_DATA_CITATIONS.md	3063	text	url	https://github.com/dappalumbo91/FSOT-2.1-Lean/blob/main/scripts/ingest_tier85_scientific_expansion.py	OK(200):self_link			- **ingest_script**: scripts/ingest_tier85_scientific_expansion.py — https://github.com/dappalumbo91/FSOT-2.1-Lean/blob/main/scripts/ingest_tier85_scientific_expansion.py
docs/BENCHMARK_DATA_CITATIONS.md	3395	text	url	https://github.com/dappalumbo91/FSOT-2.1-Lean/blob/main/scripts/ingest_tier85_scientific_expansion.py	OK(200):self_link			- **ingest_script**: scripts/ingest_tier85_scientific_expansion.py — https://github.com/dappalumbo91/FSOT-2.1-Lean/blob/main/scripts/ingest_tier85_scientific_expansion.py
docs/BENCHMARK_DATA_CITATIONS.md	3620	text	url	https://github.com/dappalumbo91/FSOT-2.1-Lean/blob/main/scripts/ingest_tier85_scientific_expansion.py	OK(200):self_link			- **ingest_script**: scripts/ingest_tier85_scientific_expansion.py — https://github.com/dappalumbo91/FSOT-2.1-Lean/blob/main/scripts/ingest_tier85_scientific_expansion.py
docs/BENCHMARK_DATA_CITATIONS.md	3887	text	url	https://github.com/dappalumbo91/FSOT-2.1-Lean/blob/main/scripts/ingest_tier85_scientific_expansion.py	OK(200):self_link			- **ingest_script**: scripts/ingest_tier85_scientific_expansion.py — https://github.com/dappalumbo91/FSOT-2.1-Lean/blob/main/scripts/ingest_tier85_scientific_expansion.py
docs/BENCHMARK_DATA_CITATIONS.md	4638	text	url	https://github.com/dappalumbo91/FSOT-2.1-Lean/blob/main/scripts/ingest_tier85_scientific_expansion.py	OK(200):self_link			- **ingest_script**: scripts/ingest_tier85_scientific_expansion.py — https://github.com/dappalumbo91/FSOT-2.1-Lean/blob/main/scripts/ingest_tier85_scientific_expansion.py
docs/BENCHMARK_DATA_CITATIONS.md	4784	text	url	https://github.com/dappalumbo91/FSOT-2.1-Lean/blob/main/scripts/ingest_tier85_scientific_expansion.py	OK(200):self_link			- **ingest_script**: scripts/ingest_tier85_scientific_expansion.py — https://github.com/dappalumbo91/FSOT-2.1-Lean/blob/main/scripts/ingest_tier85_scientific_expansion.py
docs/BENCHMARK_DATA_CITATIONS.md	1731	text	url	https://github.com/dappalumbo91/FSOT-2.1-Lean/blob/main/scripts/ingest_tier86_scientific_expansion.py	OK(200):self_link			- **ingest_script**: scripts/ingest_tier86_scientific_expansion.py — https://github.com/dappalumbo91/FSOT-2.1-Lean/blob/main/scripts/ingest_tier86_scientific_expansion.py
docs/BENCHMARK_DATA_CITATIONS.md	2882	text	url	https://github.com/dappalumbo91/FSOT-2.1-Lean/blob/main/scripts/ingest_tier86_scientific_expansion.py	OK(200):self_link			- **ingest_script**: scripts/ingest_tier86_scientific_expansion.py — https://github.com/dappalumbo91/FSOT-2.1-Lean/blob/main/scripts/ingest_tier86_scientific_expansion.py
docs/BENCHMARK_DATA_CITATIONS.md	3334	text	url	https://github.com/dappalumbo91/FSOT-2.1-Lean/blob/main/scripts/ingest_tier86_scientific_expansion.py	OK(200):self_link			- **ingest_script**: scripts/ingest_tier86_scientific_expansion.py — https://github.com/dappalumbo91/FSOT-2.1-Lean/blob/main/scripts/ingest_tier86_scientific_expansion.py
docs/BENCHMARK_DATA_CITATIONS.md	4234	text	url	https://github.com/dappalumbo91/FSOT-2.1-Lean/blob/main/scripts/ingest_tier86_scientific_expansion.py	OK(200):self_link			- **ingest_script**: scripts/ingest_tier86_scientific_expansion.py — https://github.com/dappalumbo91/FSOT-2.1-Lean/blob/main/scripts/ingest_tier86_scientific_expansion.py
docs/BENCHMARK_DATA_CITATIONS.md	1182	text	url	https://github.com/dappalumbo91/FSOT-2.1-Lean/blob/main/scripts/ingest_tier87_scientific_expansion.py	OK(200):self_link			- **ingest_script**: scripts/ingest_tier87_scientific_expansion.py — https://github.com/dappalumbo91/FSOT-2.1-Lean/blob/main/scripts/ingest_tier87_scientific_expansion.py
docs/BENCHMARK_DATA_CITATIONS.md	1568	text	url	https://github.com/dappalumbo91/FSOT-2.1-Lean/blob/main/scripts/ingest_tier87_scientific_expansion.py	OK(200):self_link			- **ingest_script**: scripts/ingest_tier87_scientific_expansion.py — https://github.com/dappalumbo91/FSOT-2.1-Lean/blob/main/scripts/ingest_tier87_scientific_expansion.py
docs/BENCHMARK_DATA_CITATIONS.md	3304	text	url	https://github.com/dappalumbo91/FSOT-2.1-Lean/blob/main/scripts/ingest_tier87_scientific_expansion.py	OK(200):self_link			- **ingest_script**: scripts/ingest_tier87_scientific_expansion.py — https://github.com/dappalumbo91/FSOT-2.1-Lean/blob/main/scripts/ingest_tier87_scientific_expansion.py
docs/BENCHMARK_DATA_CITATIONS.md	3662	text	url	https://github.com/dappalumbo91/FSOT-2.1-Lean/blob/main/scripts/ingest_tier87_scientific_expansion.py	OK(200):self_link			- **ingest_script**: scripts/ingest_tier87_scientific_expansion.py — https://github.com/dappalumbo91/FSOT-2.1-Lean/blob/main/scripts/ingest_tier87_scientific_expansion.py
docs/BENCHMARK_DATA_CITATIONS.md	3852	text	url	https://github.com/dappalumbo91/FSOT-2.1-Lean/blob/main/scripts/ingest_tier87_scientific_expansion.py	OK(200):self_link			- **ingest_script**: scripts/ingest_tier87_scientific_expansion.py — https://github.com/dappalumbo91/FSOT-2.1-Lean/blob/main/scripts/ingest_tier87_scientific_expansion.py
docs/BENCHMARK_DATA_CITATIONS.md	4161	text	url	https://github.com/dappalumbo91/FSOT-2.1-Lean/blob/main/scripts/ingest_tier87_scientific_expansion.py	OK(200):self_link			- **ingest_script**: scripts/ingest_tier87_scientific_expansion.py — https://github.com/dappalumbo91/FSOT-2.1-Lean/blob/main/scripts/ingest_tier87_scientific_expansion.py
docs/BENCHMARK_DATA_CITATIONS.md	4265	text	url	https://github.com/dappalumbo91/FSOT-2.1-Lean/blob/main/scripts/ingest_tier87_scientific_expansion.py	OK(200):self_link			- **ingest_script**: scripts/ingest_tier87_scientific_expansion.py — https://github.com/dappalumbo91/FSOT-2.1-Lean/blob/main/scripts/ingest_tier87_scientific_expansion.py
docs/BENCHMARK_DATA_CITATIONS.md	4301	text	url	https://github.com/dappalumbo91/FSOT-2.1-Lean/blob/main/scripts/ingest_tier87_scientific_expansion.py	OK(200):self_link			- **ingest_script**: scripts/ingest_tier87_scientific_expansion.py — https://github.com/dappalumbo91/FSOT-2.1-Lean/blob/main/scripts/ingest_tier87_scientific_expansion.py
docs/BENCHMARK_DATA_CITATIONS.md	1028	text	url	https://github.com/dappalumbo91/FSOT-2.1-Lean/blob/main/scripts/ingest_tier88_application_wiring.py	OK(200):self_link			- **ingest_script**: scripts/ingest_tier88_application_wiring.py — https://github.com/dappalumbo91/FSOT-2.1-Lean/blob/main/scripts/ingest_tier88_application_wiring.py
docs/BENCHMARK_DATA_CITATIONS.md	1048	text	url	https://github.com/dappalumbo91/FSOT-2.1-Lean/blob/main/scripts/ingest_tier88_application_wiring.py	OK(200):self_link			- **ingest_script**: scripts/ingest_tier88_application_wiring.py — https://github.com/dappalumbo91/FSOT-2.1-Lean/blob/main/scripts/ingest_tier88_application_wiring.py
docs/BENCHMARK_DATA_CITATIONS.md	1110	text	url	https://github.com/dappalumbo91/FSOT-2.1-Lean/blob/main/scripts/ingest_tier88_application_wiring.py	OK(200):self_link			- **ingest_script**: scripts/ingest_tier88_application_wiring.py — https://github.com/dappalumbo91/FSOT-2.1-Lean/blob/main/scripts/ingest_tier88_application_wiring.py
docs/BENCHMARK_DATA_CITATIONS.md	1146	text	url	https://github.com/dappalumbo91/FSOT-2.1-Lean/blob/main/scripts/ingest_tier88_application_wiring.py	OK(200):self_link			- **ingest_script**: scripts/ingest_tier88_application_wiring.py — https://github.com/dappalumbo91/FSOT-2.1-Lean/blob/main/scripts/ingest_tier88_application_wiring.py
docs/BENCHMARK_DATA_CITATIONS.md	1208	text	url	https://github.com/dappalumbo91/FSOT-2.1-Lean/blob/main/scripts/ingest_tier88_application_wiring.py	OK(200):self_link			- **ingest_script**: scripts/ingest_tier88_application_wiring.py — https://github.com/dappalumbo91/FSOT-2.1-Lean/blob/main/scripts/ingest_tier88_application_wiring.py
docs/BENCHMARK_DATA_CITATIONS.md	1312	text	url	https://github.com/dappalumbo91/FSOT-2.1-Lean/blob/main/scripts/ingest_tier88_application_wiring.py	OK(200):self_link			- **ingest_script**: scripts/ingest_tier88_application_wiring.py — https://github.com/dappalumbo91/FSOT-2.1-Lean/blob/main/scripts/ingest_tier88_application_wiring.py
docs/BENCHMARK_DATA_CITATIONS.md	1357	text	url	https://github.com/dappalumbo91/FSOT-2.1-Lean/blob/main/scripts/ingest_tier88_application_wiring.py	OK(200):self_link			- **ingest_script**: scripts/ingest_tier88_application_wiring.py — https://github.com/dappalumbo91/FSOT-2.1-Lean/blob/main/scripts/ingest_tier88_application_wiring.py
docs/BENCHMARK_DATA_CITATIONS.md	1866	text	url	https://github.com/dappalumbo91/FSOT-2.1-Lean/blob/main/scripts/ingest_tier88_application_wiring.py	OK(200):self_link			- **ingest_script**: scripts/ingest_tier88_application_wiring.py — https://github.com/dappalumbo91/FSOT-2.1-Lean/blob/main/scripts/ingest_tier88_application_wiring.py
docs/BENCHMARK_DATA_CITATIONS.md	2637	text	url	https://github.com/dappalumbo91/FSOT-2.1-Lean/blob/main/scripts/ingest_tier88_application_wiring.py	OK(200):self_link			- **ingest_script**: scripts/ingest_tier88_application_wiring.py — https://github.com/dappalumbo91/FSOT-2.1-Lean/blob/main/scripts/ingest_tier88_application_wiring.py
docs/BENCHMARK_DATA_CITATIONS.md	2998	text	url	https://github.com/dappalumbo91/FSOT-2.1-Lean/blob/main/scripts/ingest_tier88_application_wiring.py	OK(200):self_link			- **ingest_script**: scripts/ingest_tier88_application_wiring.py — https://github.com/dappalumbo91/FSOT-2.1-Lean/blob/main/scripts/ingest_tier88_application_wiring.py
docs/BENCHMARK_DATA_CITATIONS.md	3116	text	url	https://github.com/dappalumbo91/FSOT-2.1-Lean/blob/main/scripts/ingest_tier88_application_wiring.py	OK(200):self_link			- **ingest_script**: scripts/ingest_tier88_application_wiring.py — https://github.com/dappalumbo91/FSOT-2.1-Lean/blob/main/scripts/ingest_tier88_application_wiring.py
docs/BENCHMARK_DATA_CITATIONS.md	3193	text	url	https://github.com/dappalumbo91/FSOT-2.1-Lean/blob/main/scripts/ingest_tier88_application_wiring.py	OK(200):self_link			- **ingest_script**: scripts/ingest_tier88_application_wiring.py — https://github.com/dappalumbo91/FSOT-2.1-Lean/blob/main/scripts/ingest_tier88_application_wiring.py
docs/BENCHMARK_DATA_CITATIONS.md	3779	text	url	https://github.com/dappalumbo91/FSOT-2.1-Lean/blob/main/scripts/ingest_tier88_application_wiring.py	OK(200):self_link			- **ingest_script**: scripts/ingest_tier88_application_wiring.py — https://github.com/dappalumbo91/FSOT-2.1-Lean/blob/main/scripts/ingest_tier88_application_wiring.py
docs/BENCHMARK_DATA_CITATIONS.md	4021	text	url	https://github.com/dappalumbo91/FSOT-2.1-Lean/blob/main/scripts/ingest_tier88_application_wiring.py	OK(200):self_link			- **ingest_script**: scripts/ingest_tier88_application_wiring.py — https://github.com/dappalumbo91/FSOT-2.1-Lean/blob/main/scripts/ingest_tier88_application_wiring.py
docs/BENCHMARK_DATA_CITATIONS.md	4420	text	url	https://github.com/dappalumbo91/FSOT-2.1-Lean/blob/main/scripts/ingest_tier88_application_wiring.py	OK(200):self_link			- **ingest_script**: scripts/ingest_tier88_application_wiring.py — https://github.com/dappalumbo91/FSOT-2.1-Lean/blob/main/scripts/ingest_tier88_application_wiring.py
docs/BENCHMARK_DATA_CITATIONS.md	4469	text	url	https://github.com/dappalumbo91/FSOT-2.1-Lean/blob/main/scripts/ingest_tier88_application_wiring.py	OK(200):self_link			- **ingest_script**: scripts/ingest_tier88_application_wiring.py — https://github.com/dappalumbo91/FSOT-2.1-Lean/blob/main/scripts/ingest_tier88_application_wiring.py
docs/BENCHMARK_DATA_CITATIONS.md	4661	text	url	https://github.com/dappalumbo91/FSOT-2.1-Lean/blob/main/scripts/ingest_tier88_application_wiring.py	OK(200):self_link			- **ingest_script**: scripts/ingest_tier88_application_wiring.py — https://github.com/dappalumbo91/FSOT-2.1-Lean/blob/main/scripts/ingest_tier88_application_wiring.py
docs/BENCHMARK_DATA_CITATIONS.md	4985	text	url	https://github.com/dappalumbo91/FSOT-2.1-Lean/blob/main/scripts/ingest_tier88_application_wiring.py	OK(200):self_link			- **ingest_script**: scripts/ingest_tier88_application_wiring.py — https://github.com/dappalumbo91/FSOT-2.1-Lean/blob/main/scripts/ingest_tier88_application_wiring.py
docs/BENCHMARK_DATA_CITATIONS.md	5025	text	url	https://github.com/dappalumbo91/FSOT-2.1-Lean/blob/main/scripts/ingest_tier88_application_wiring.py	OK(200):self_link			- **ingest_script**: scripts/ingest_tier88_application_wiring.py — https://github.com/dappalumbo91/FSOT-2.1-Lean/blob/main/scripts/ingest_tier88_application_wiring.py
docs/BENCHMARK_DATA_CITATIONS.md	5143	text	url	https://github.com/dappalumbo91/FSOT-2.1-Lean/blob/main/scripts/ingest_tier88_application_wiring.py	OK(200):self_link			- **ingest_script**: scripts/ingest_tier88_application_wiring.py — https://github.com/dappalumbo91/FSOT-2.1-Lean/blob/main/scripts/ingest_tier88_application_wiring.py
docs/BENCHMARK_DATA_CITATIONS.md	4817	text	url	https://github.com/dappalumbo91/FSOT-2.1-Lean/blob/main/scripts/ingest_tier89_the_well.py	OK(200):self_link			- **ingest_script**: scripts/ingest_tier89_the_well.py — https://github.com/dappalumbo91/FSOT-2.1-Lean/blob/main/scripts/ingest_tier89_the_well.py
docs/BENCHMARK_DATA_CITATIONS.md	4835	text	url	https://github.com/dappalumbo91/FSOT-2.1-Lean/blob/main/scripts/ingest_tier89_the_well.py	OK(200):self_link			- **ingest_script**: scripts/ingest_tier89_the_well.py — https://github.com/dappalumbo91/FSOT-2.1-Lean/blob/main/scripts/ingest_tier89_the_well.py
docs/BENCHMARK_DATA_CITATIONS.md	1657	text	url	https://github.com/dappalumbo91/FSOT-2.1-Lean/blob/main/scripts/ingest_tier90_consciousness_expansion.py	OK(200):self_link			- **ingest_script**: scripts/ingest_tier90_consciousness_expansion.py — https://github.com/dappalumbo91/FSOT-2.1-Lean/blob/main/scripts/ingest_tier90_consciousness_expansion.py
docs/BENCHMARK_DATA_CITATIONS.md	3444	text	url	https://github.com/dappalumbo91/FSOT-2.1-Lean/blob/main/scripts/ingest_tier90_consciousness_expansion.py	OK(200):self_link			- **ingest_script**: scripts/ingest_tier90_consciousness_expansion.py — https://github.com/dappalumbo91/FSOT-2.1-Lean/blob/main/scripts/ingest_tier90_consciousness_expansion.py
docs/BENCHMARK_DATA_CITATIONS.md	3755	text	url	https://github.com/dappalumbo91/FSOT-2.1-Lean/blob/main/scripts/ingest_tier90_consciousness_expansion.py	OK(200):self_link			- **ingest_script**: scripts/ingest_tier90_consciousness_expansion.py — https://github.com/dappalumbo91/FSOT-2.1-Lean/blob/main/scripts/ingest_tier90_consciousness_expansion.py
docs/BENCHMARK_DATA_CITATIONS.md	3693	text	url	https://github.com/dappalumbo91/FSOT-2.1-Lean/blob/main/scripts/ingest_tier91_foundational_ontology.py	OK(200):self_link			- **ingest_script**: scripts/ingest_tier91_foundational_ontology.py — https://github.com/dappalumbo91/FSOT-2.1-Lean/blob/main/scripts/ingest_tier91_foundational_ontology.py
docs/BENCHMARK_DATA_CITATIONS.md	5350	text	url	https://github.com/dappalumbo91/FSOT-2.1-Lean/blob/main/scripts/ingest_tier91_foundational_ontology.py	OK(200):self_link			- **ingest_script**: scripts/ingest_tier91_foundational_ontology.py — https://github.com/dappalumbo91/FSOT-2.1-Lean/blob/main/scripts/ingest_tier91_foundational_ontology.py
docs/BENCHMARK_DATA_CITATIONS.md	982	text	url	https://github.com/dappalumbo91/FSOT-2.1-Lean/blob/main/scripts/ingest_tier92_alternate_base_mathematics.py	OK(200):self_link			- **ingest_script**: scripts/ingest_tier92_alternate_base_mathematics.py — https://github.com/dappalumbo91/FSOT-2.1-Lean/blob/main/scripts/ingest_tier92_alternate_base_mathematics.py
docs/BENCHMARK_DATA_CITATIONS.md	1616	text	url	https://github.com/dappalumbo91/FSOT-2.1-Lean/blob/main/scripts/ingest_tier93_dual_wave.py	OK(200):self_link			- **ingest_script**: scripts/ingest_tier93_dual_wave.py — https://github.com/dappalumbo91/FSOT-2.1-Lean/blob/main/scripts/ingest_tier93_dual_wave.py
docs/BENCHMARK_DATA_CITATIONS.md	1627	text	url	https://github.com/dappalumbo91/FSOT-2.1-Lean/blob/main/scripts/ingest_tier93_dual_wave.py	OK(200):self_link			- **ingest_script**: scripts/ingest_tier93_dual_wave.py — https://github.com/dappalumbo91/FSOT-2.1-Lean/blob/main/scripts/ingest_tier93_dual_wave.py
docs/BENCHMARK_DATA_CITATIONS.md	2152	text	url	https://github.com/dappalumbo91/FSOT-2.1-Lean/blob/main/scripts/ingest_tier93_dual_wave.py	OK(200):self_link			- **ingest_script**: scripts/ingest_tier93_dual_wave.py — https://github.com/dappalumbo91/FSOT-2.1-Lean/blob/main/scripts/ingest_tier93_dual_wave.py
docs/BENCHMARK_DATA_CITATIONS.md	3126	text	url	https://github.com/dappalumbo91/FSOT-2.1-Lean/blob/main/scripts/ingest_tier94_longevity_genetics.py	OK(200):self_link			- **ingest_script**: scripts/ingest_tier94_longevity_genetics.py — https://github.com/dappalumbo91/FSOT-2.1-Lean/blob/main/scripts/ingest_tier94_longevity_genetics.py
docs/BENCHMARK_DATA_CITATIONS.md	3137	text	url	https://github.com/dappalumbo91/FSOT-2.1-Lean/blob/main/scripts/ingest_tier94_longevity_genetics.py	OK(200):self_link			- **ingest_script**: scripts/ingest_tier94_longevity_genetics.py — https://github.com/dappalumbo91/FSOT-2.1-Lean/blob/main/scripts/ingest_tier94_longevity_genetics.py
docs/BENCHMARK_DATA_CITATIONS.md	3147	text	url	https://github.com/dappalumbo91/FSOT-2.1-Lean/blob/main/scripts/ingest_tier94_longevity_genetics.py	OK(200):self_link			- **ingest_script**: scripts/ingest_tier94_longevity_genetics.py — https://github.com/dappalumbo91/FSOT-2.1-Lean/blob/main/scripts/ingest_tier94_longevity_genetics.py
docs/BENCHMARK_DATA_CITATIONS.md	3156	text	url	https://github.com/dappalumbo91/FSOT-2.1-Lean/blob/main/scripts/ingest_tier94_longevity_genetics.py	OK(200):self_link			- **ingest_script**: scripts/ingest_tier94_longevity_genetics.py — https://github.com/dappalumbo91/FSOT-2.1-Lean/blob/main/scripts/ingest_tier94_longevity_genetics.py
docs/BENCHMARK_DATA_CITATIONS.md	3165	text	url	https://github.com/dappalumbo91/FSOT-2.1-Lean/blob/main/scripts/ingest_tier94_longevity_genetics.py	OK(200):self_link			- **ingest_script**: scripts/ingest_tier94_longevity_genetics.py — https://github.com/dappalumbo91/FSOT-2.1-Lean/blob/main/scripts/ingest_tier94_longevity_genetics.py
docs/BENCHMARK_DATA_CITATIONS.md	3175	text	url	https://github.com/dappalumbo91/FSOT-2.1-Lean/blob/main/scripts/ingest_tier94_longevity_genetics.py	OK(200):self_link			- **ingest_script**: scripts/ingest_tier94_longevity_genetics.py — https://github.com/dappalumbo91/FSOT-2.1-Lean/blob/main/scripts/ingest_tier94_longevity_genetics.py
docs/BENCHMARK_DATA_CITATIONS.md	5295	text	url	https://github.com/dappalumbo91/FSOT-2.1-Lean/blob/main/scripts/ingest_tier95_zebrahub_development.py	OK(200):self_link			- **ingest_script**: scripts/ingest_tier95_zebrahub_development.py — https://github.com/dappalumbo91/FSOT-2.1-Lean/blob/main/scripts/ingest_tier95_zebrahub_development.py
docs/BENCHMARK_DATA_CITATIONS.md	5305	text	url	https://github.com/dappalumbo91/FSOT-2.1-Lean/blob/main/scripts/ingest_tier95_zebrahub_development.py	OK(200):self_link			- **ingest_script**: scripts/ingest_tier95_zebrahub_development.py — https://github.com/dappalumbo91/FSOT-2.1-Lean/blob/main/scripts/ingest_tier95_zebrahub_development.py
docs/BENCHMARK_DATA_CITATIONS.md	5322	text	url	https://github.com/dappalumbo91/FSOT-2.1-Lean/blob/main/scripts/ingest_tier95_zebrahub_development.py	OK(200):self_link			- **ingest_script**: scripts/ingest_tier95_zebrahub_development.py — https://github.com/dappalumbo91/FSOT-2.1-Lean/blob/main/scripts/ingest_tier95_zebrahub_development.py
docs/BENCHMARK_DATA_CITATIONS.md	181	text	url	https://github.com/dappalumbo91/FSOT-2.1-Lean/blob/main/vendor/formula_corpus/by_domain/strict_empirical.jsonl	OK(200):self_link			| dataset | vendor/formula_corpus/by_domain/strict_empirical.jsonl | https://github.com/dappalumbo91/FSOT-2.1-Lean/blob/main/vendor/formula_corpus/by_domain/strict_empirical.jsonl | 103 |
docs/BENCHMARK_DATA_CITATIONS.md	990	text	url	https://github.com/dappalumbo91/FSOT-2.1-Lean/blob/main/vendor/formula_corpus/by_domain/strict_empirical.jsonl	OK(200):self_link			- **dataset**: vendor/formula_corpus/by_domain/strict_empirical.jsonl — https://github.com/dappalumbo91/FSOT-2.1-Lean/blob/main/vendor/formula_corpus/by_domain/strict_empirical.jsonl
docs/BENCHMARK_DATA_CITATIONS.md	1056	text	url	https://github.com/dappalumbo91/FSOT-2.1-Lean/blob/main/vendor/formula_corpus/by_domain/strict_empirical.jsonl	OK(200):self_link			- **dataset**: vendor/formula_corpus/by_domain/strict_empirical.jsonl — https://github.com/dappalumbo91/FSOT-2.1-Lean/blob/main/vendor/formula_corpus/by_domain/strict_empirical.jsonl
docs/BENCHMARK_DATA_CITATIONS.md	1118	text	url	https://github.com/dappalumbo91/FSOT-2.1-Lean/blob/main/vendor/formula_corpus/by_domain/strict_empirical.jsonl	OK(200):self_link			- **dataset**: vendor/formula_corpus/by_domain/strict_empirical.jsonl — https://github.com/dappalumbo91/FSOT-2.1-Lean/blob/main/vendor/formula_corpus/by_domain/strict_empirical.jsonl
docs/BENCHMARK_DATA_CITATIONS.md	1154	text	url	https://github.com/dappalumbo91/FSOT-2.1-Lean/blob/main/vendor/formula_corpus/by_domain/strict_empirical.jsonl	OK(200):self_link			- **dataset**: vendor/formula_corpus/by_domain/strict_empirical.jsonl — https://github.com/dappalumbo91/FSOT-2.1-Lean/blob/main/vendor/formula_corpus/by_domain/strict_empirical.jsonl
docs/BENCHMARK_DATA_CITATIONS.md	1175	text	url	https://github.com/dappalumbo91/FSOT-2.1-Lean/blob/main/vendor/formula_corpus/by_domain/strict_empirical.jsonl	OK(200):self_link			- **dataset**: vendor/formula_corpus/by_domain/strict_empirical.jsonl — https://github.com/dappalumbo91/FSOT-2.1-Lean/blob/main/vendor/formula_corpus/by_domain/strict_empirical.jsonl
docs/BENCHMARK_DATA_CITATIONS.md	1190	text	url	https://github.com/dappalumbo91/FSOT-2.1-Lean/blob/main/vendor/formula_corpus/by_domain/strict_empirical.jsonl	OK(200):self_link			- **dataset**: vendor/formula_corpus/by_domain/strict_empirical.jsonl — https://github.com/dappalumbo91/FSOT-2.1-Lean/blob/main/vendor/formula_corpus/by_domain/strict_empirical.jsonl
docs/BENCHMARK_DATA_CITATIONS.md	1225	text	url	https://github.com/dappalumbo91/FSOT-2.1-Lean/blob/main/vendor/formula_corpus/by_domain/strict_empirical.jsonl	OK(200):self_link			- **dataset**: vendor/formula_corpus/by_domain/strict_empirical.jsonl — https://github.com/dappalumbo91/FSOT-2.1-Lean/blob/main/vendor/formula_corpus/by_domain/strict_empirical.jsonl
docs/BENCHMARK_DATA_CITATIONS.md	1302	text	url	https://github.com/dappalumbo91/FSOT-2.1-Lean/blob/main/vendor/formula_corpus/by_domain/strict_empirical.jsonl	OK(200):self_link			- **dataset**: vendor/formula_corpus/by_domain/strict_empirical.jsonl — https://github.com/dappalumbo91/FSOT-2.1-Lean/blob/main/vendor/formula_corpus/by_domain/strict_empirical.jsonl
docs/BENCHMARK_DATA_CITATIONS.md	1352	text	url	https://github.com/dappalumbo91/FSOT-2.1-Lean/blob/main/vendor/formula_corpus/by_domain/strict_empirical.jsonl	OK(200):self_link			- **dataset**: vendor/formula_corpus/by_domain/strict_empirical.jsonl — https://github.com/dappalumbo91/FSOT-2.1-Lean/blob/main/vendor/formula_corpus/by_domain/strict_empirical.jsonl
docs/BENCHMARK_DATA_CITATIONS.md	1366	text	url	https://github.com/dappalumbo91/FSOT-2.1-Lean/blob/main/vendor/formula_corpus/by_domain/strict_empirical.jsonl	OK(200):self_link			- **dataset**: vendor/formula_corpus/by_domain/strict_empirical.jsonl — https://github.com/dappalumbo91/FSOT-2.1-Lean/blob/main/vendor/formula_corpus/by_domain/strict_empirical.jsonl
docs/BENCHMARK_DATA_CITATIONS.md	1506	text	url	https://github.com/dappalumbo91/FSOT-2.1-Lean/blob/main/vendor/formula_corpus/by_domain/strict_empirical.jsonl	OK(200):self_link			- **dataset**: vendor/formula_corpus/by_domain/strict_empirical.jsonl — https://github.com/dappalumbo91/FSOT-2.1-Lean/blob/main/vendor/formula_corpus/by_domain/strict_empirical.jsonl
docs/BENCHMARK_DATA_CITATIONS.md	1562	text	url	https://github.com/dappalumbo91/FSOT-2.1-Lean/blob/main/vendor/formula_corpus/by_domain/strict_empirical.jsonl	OK(200):self_link			- **dataset**: vendor/formula_corpus/by_domain/strict_empirical.jsonl — https://github.com/dappalumbo91/FSOT-2.1-Lean/blob/main/vendor/formula_corpus/by_domain/strict_empirical.jsonl
docs/BENCHMARK_DATA_CITATIONS.md	1590	text	url	https://github.com/dappalumbo91/FSOT-2.1-Lean/blob/main/vendor/formula_corpus/by_domain/strict_empirical.jsonl	OK(200):self_link			- **dataset**: vendor/formula_corpus/by_domain/strict_empirical.jsonl — https://github.com/dappalumbo91/FSOT-2.1-Lean/blob/main/vendor/formula_corpus/by_domain/strict_empirical.jsonl
docs/BENCHMARK_DATA_CITATIONS.md	1613	text	url	https://github.com/dappalumbo91/FSOT-2.1-Lean/blob/main/vendor/formula_corpus/by_domain/strict_empirical.jsonl	OK(200):self_link			- **dataset**: vendor/formula_corpus/by_domain/strict_empirical.jsonl — https://github.com/dappalumbo91/FSOT-2.1-Lean/blob/main/vendor/formula_corpus/by_domain/strict_empirical.jsonl
docs/BENCHMARK_DATA_CITATIONS.md	1666	text	url	https://github.com/dappalumbo91/FSOT-2.1-Lean/blob/main/vendor/formula_corpus/by_domain/strict_empirical.jsonl	OK(200):self_link			- **dataset**: vendor/formula_corpus/by_domain/strict_empirical.jsonl — https://github.com/dappalumbo91/FSOT-2.1-Lean/blob/main/vendor/formula_corpus/by_domain/strict_empirical.jsonl
docs/BENCHMARK_DATA_CITATIONS.md	1678	text	url	https://github.com/dappalumbo91/FSOT-2.1-Lean/blob/main/vendor/formula_corpus/by_domain/strict_empirical.jsonl	OK(200):self_link			- **dataset**: vendor/formula_corpus/by_domain/strict_empirical.jsonl — https://github.com/dappalumbo91/FSOT-2.1-Lean/blob/main/vendor/formula_corpus/by_domain/strict_empirical.jsonl
docs/BENCHMARK_DATA_CITATIONS.md	1759	text	url	https://github.com/dappalumbo91/FSOT-2.1-Lean/blob/main/vendor/formula_corpus/by_domain/strict_empirical.jsonl	OK(200):self_link			- **dataset**: vendor/formula_corpus/by_domain/strict_empirical.jsonl — https://github.com/dappalumbo91/FSOT-2.1-Lean/blob/main/vendor/formula_corpus/by_domain/strict_empirical.jsonl
docs/BENCHMARK_DATA_CITATIONS.md	1791	text	url	https://github.com/dappalumbo91/FSOT-2.1-Lean/blob/main/vendor/formula_corpus/by_domain/strict_empirical.jsonl	OK(200):self_link			- **dataset**: vendor/formula_corpus/by_domain/strict_empirical.jsonl — https://github.com/dappalumbo91/FSOT-2.1-Lean/blob/main/vendor/formula_corpus/by_domain/strict_empirical.jsonl
docs/BENCHMARK_DATA_CITATIONS.md	1800	text	url	https://github.com/dappalumbo91/FSOT-2.1-Lean/blob/main/vendor/formula_corpus/by_domain/strict_empirical.jsonl	OK(200):self_link			- **dataset**: vendor/formula_corpus/by_domain/strict_empirical.jsonl — https://github.com/dappalumbo91/FSOT-2.1-Lean/blob/main/vendor/formula_corpus/by_domain/strict_empirical.jsonl
docs/BENCHMARK_DATA_CITATIONS.md	1817	text	url	https://github.com/dappalumbo91/FSOT-2.1-Lean/blob/main/vendor/formula_corpus/by_domain/strict_empirical.jsonl	OK(200):self_link			- **dataset**: vendor/formula_corpus/by_domain/strict_empirical.jsonl — https://github.com/dappalumbo91/FSOT-2.1-Lean/blob/main/vendor/formula_corpus/by_domain/strict_empirical.jsonl
docs/BENCHMARK_DATA_CITATIONS.md	1859	text	url	https://github.com/dappalumbo91/FSOT-2.1-Lean/blob/main/vendor/formula_corpus/by_domain/strict_empirical.jsonl	OK(200):self_link			- **dataset**: vendor/formula_corpus/by_domain/strict_empirical.jsonl — https://github.com/dappalumbo91/FSOT-2.1-Lean/blob/main/vendor/formula_corpus/by_domain/strict_empirical.jsonl
docs/BENCHMARK_DATA_CITATIONS.md	1874	text	url	https://github.com/dappalumbo91/FSOT-2.1-Lean/blob/main/vendor/formula_corpus/by_domain/strict_empirical.jsonl	OK(200):self_link			- **dataset**: vendor/formula_corpus/by_domain/strict_empirical.jsonl — https://github.com/dappalumbo91/FSOT-2.1-Lean/blob/main/vendor/formula_corpus/by_domain/strict_empirical.jsonl
docs/BENCHMARK_DATA_CITATIONS.md	1915	text	url	https://github.com/dappalumbo91/FSOT-2.1-Lean/blob/main/vendor/formula_corpus/by_domain/strict_empirical.jsonl	OK(200):self_link			- **dataset**: vendor/formula_corpus/by_domain/strict_empirical.jsonl — https://github.com/dappalumbo91/FSOT-2.1-Lean/blob/main/vendor/formula_corpus/by_domain/strict_empirical.jsonl
docs/BENCHMARK_DATA_CITATIONS.md	1952	text	url	https://github.com/dappalumbo91/FSOT-2.1-Lean/blob/main/vendor/formula_corpus/by_domain/strict_empirical.jsonl	OK(200):self_link			- **dataset**: vendor/formula_corpus/by_domain/strict_empirical.jsonl — https://github.com/dappalumbo91/FSOT-2.1-Lean/blob/main/vendor/formula_corpus/by_domain/strict_empirical.jsonl
docs/BENCHMARK_DATA_CITATIONS.md	2057	text	url	https://github.com/dappalumbo91/FSOT-2.1-Lean/blob/main/vendor/formula_corpus/by_domain/strict_empirical.jsonl	OK(200):self_link			- **dataset**: vendor/formula_corpus/by_domain/strict_empirical.jsonl — https://github.com/dappalumbo91/FSOT-2.1-Lean/blob/main/vendor/formula_corpus/by_domain/strict_empirical.jsonl
docs/BENCHMARK_DATA_CITATIONS.md	2096	text	url	https://github.com/dappalumbo91/FSOT-2.1-Lean/blob/main/vendor/formula_corpus/by_domain/strict_empirical.jsonl	OK(200):self_link			- **dataset**: vendor/formula_corpus/by_domain/strict_empirical.jsonl — https://github.com/dappalumbo91/FSOT-2.1-Lean/blob/main/vendor/formula_corpus/by_domain/strict_empirical.jsonl
docs/BENCHMARK_DATA_CITATIONS.md	2192	text	url	https://github.com/dappalumbo91/FSOT-2.1-Lean/blob/main/vendor/formula_corpus/by_domain/strict_empirical.jsonl	OK(200):self_link			- **dataset**: vendor/formula_corpus/by_domain/strict_empirical.jsonl — https://github.com/dappalumbo91/FSOT-2.1-Lean/blob/main/vendor/formula_corpus/by_domain/strict_empirical.jsonl
docs/BENCHMARK_DATA_CITATIONS.md	2207	text	url	https://github.com/dappalumbo91/FSOT-2.1-Lean/blob/main/vendor/formula_corpus/by_domain/strict_empirical.jsonl	OK(200):self_link			- **dataset**: vendor/formula_corpus/by_domain/strict_empirical.jsonl — https://github.com/dappalumbo91/FSOT-2.1-Lean/blob/main/vendor/formula_corpus/by_domain/strict_empirical.jsonl
docs/BENCHMARK_DATA_CITATIONS.md	2225	text	url	https://github.com/dappalumbo91/FSOT-2.1-Lean/blob/main/vendor/formula_corpus/by_domain/strict_empirical.jsonl	OK(200):self_link			- **dataset**: vendor/formula_corpus/by_domain/strict_empirical.jsonl — https://github.com/dappalumbo91/FSOT-2.1-Lean/blob/main/vendor/formula_corpus/by_domain/strict_empirical.jsonl
docs/BENCHMARK_DATA_CITATIONS.md	2241	text	url	https://github.com/dappalumbo91/FSOT-2.1-Lean/blob/main/vendor/formula_corpus/by_domain/strict_empirical.jsonl	OK(200):self_link			- **dataset**: vendor/formula_corpus/by_domain/strict_empirical.jsonl — https://github.com/dappalumbo91/FSOT-2.1-Lean/blob/main/vendor/formula_corpus/by_domain/strict_empirical.jsonl
docs/BENCHMARK_DATA_CITATIONS.md	2362	text	url	https://github.com/dappalumbo91/FSOT-2.1-Lean/blob/main/vendor/formula_corpus/by_domain/strict_empirical.jsonl	OK(200):self_link			- **dataset**: vendor/formula_corpus/by_domain/strict_empirical.jsonl — https://github.com/dappalumbo91/FSOT-2.1-Lean/blob/main/vendor/formula_corpus/by_domain/strict_empirical.jsonl
docs/BENCHMARK_DATA_CITATIONS.md	2409	text	url	https://github.com/dappalumbo91/FSOT-2.1-Lean/blob/main/vendor/formula_corpus/by_domain/strict_empirical.jsonl	OK(200):self_link			- **dataset**: vendor/formula_corpus/by_domain/strict_empirical.jsonl — https://github.com/dappalumbo91/FSOT-2.1-Lean/blob/main/vendor/formula_corpus/by_domain/strict_empirical.jsonl
docs/BENCHMARK_DATA_CITATIONS.md	2442	text	url	https://github.com/dappalumbo91/FSOT-2.1-Lean/blob/main/vendor/formula_corpus/by_domain/strict_empirical.jsonl	OK(200):self_link			- **dataset**: vendor/formula_corpus/by_domain/strict_empirical.jsonl — https://github.com/dappalumbo91/FSOT-2.1-Lean/blob/main/vendor/formula_corpus/by_domain/strict_empirical.jsonl
docs/BENCHMARK_DATA_CITATIONS.md	2469	text	url	https://github.com/dappalumbo91/FSOT-2.1-Lean/blob/main/vendor/formula_corpus/by_domain/strict_empirical.jsonl	OK(200):self_link			- **dataset**: vendor/formula_corpus/by_domain/strict_empirical.jsonl — https://github.com/dappalumbo91/FSOT-2.1-Lean/blob/main/vendor/formula_corpus/by_domain/strict_empirical.jsonl
docs/BENCHMARK_DATA_CITATIONS.md	2489	text	url	https://github.com/dappalumbo91/FSOT-2.1-Lean/blob/main/vendor/formula_corpus/by_domain/strict_empirical.jsonl	OK(200):self_link			- **dataset**: vendor/formula_corpus/by_domain/strict_empirical.jsonl — https://github.com/dappalumbo91/FSOT-2.1-Lean/blob/main/vendor/formula_corpus/by_domain/strict_empirical.jsonl
docs/BENCHMARK_DATA_CITATIONS.md	2490	text	url	https://github.com/dappalumbo91/FSOT-2.1-Lean/blob/main/vendor/formula_corpus/by_domain/strict_empirical.jsonl	OK(200):self_link			- **dataset**: vendor/formula_corpus/by_domain/strict_empirical.jsonl — https://github.com/dappalumbo91/FSOT-2.1-Lean/blob/main/vendor/formula_corpus/by_domain/strict_empirical.jsonl
docs/BENCHMARK_DATA_CITATIONS.md	2491	text	url	https://github.com/dappalumbo91/FSOT-2.1-Lean/blob/main/vendor/formula_corpus/by_domain/strict_empirical.jsonl	OK(200):self_link			- **dataset**: vendor/formula_corpus/by_domain/strict_empirical.jsonl — https://github.com/dappalumbo91/FSOT-2.1-Lean/blob/main/vendor/formula_corpus/by_domain/strict_empirical.jsonl
docs/BENCHMARK_DATA_CITATIONS.md	2492	text	url	https://github.com/dappalumbo91/FSOT-2.1-Lean/blob/main/vendor/formula_corpus/by_domain/strict_empirical.jsonl	OK(200):self_link			- **dataset**: vendor/formula_corpus/by_domain/strict_empirical.jsonl — https://github.com/dappalumbo91/FSOT-2.1-Lean/blob/main/vendor/formula_corpus/by_domain/strict_empirical.jsonl
docs/BENCHMARK_DATA_CITATIONS.md	2510	text	url	https://github.com/dappalumbo91/FSOT-2.1-Lean/blob/main/vendor/formula_corpus/by_domain/strict_empirical.jsonl	OK(200):self_link			- **dataset**: vendor/formula_corpus/by_domain/strict_empirical.jsonl — https://github.com/dappalumbo91/FSOT-2.1-Lean/blob/main/vendor/formula_corpus/by_domain/strict_empirical.jsonl
docs/BENCHMARK_DATA_CITATIONS.md	2513	text	url	https://github.com/dappalumbo91/FSOT-2.1-Lean/blob/main/vendor/formula_corpus/by_domain/strict_empirical.jsonl	OK(200):self_link			- **dataset**: vendor/formula_corpus/by_domain/strict_empirical.jsonl — https://github.com/dappalumbo91/FSOT-2.1-Lean/blob/main/vendor/formula_corpus/by_domain/strict_empirical.jsonl
docs/BENCHMARK_DATA_CITATIONS.md	2614	text	url	https://github.com/dappalumbo91/FSOT-2.1-Lean/blob/main/vendor/formula_corpus/by_domain/strict_empirical.jsonl	OK(200):self_link			- **dataset**: vendor/formula_corpus/by_domain/strict_empirical.jsonl — https://github.com/dappalumbo91/FSOT-2.1-Lean/blob/main/vendor/formula_corpus/by_domain/strict_empirical.jsonl
docs/BENCHMARK_DATA_CITATIONS.md	2646	text	url	https://github.com/dappalumbo91/FSOT-2.1-Lean/blob/main/vendor/formula_corpus/by_domain/strict_empirical.jsonl	OK(200):self_link			- **dataset**: vendor/formula_corpus/by_domain/strict_empirical.jsonl — https://github.com/dappalumbo91/FSOT-2.1-Lean/blob/main/vendor/formula_corpus/by_domain/strict_empirical.jsonl
docs/BENCHMARK_DATA_CITATIONS.md	2660	text	url	https://github.com/dappalumbo91/FSOT-2.1-Lean/blob/main/vendor/formula_corpus/by_domain/strict_empirical.jsonl	OK(200):self_link			- **dataset**: vendor/formula_corpus/by_domain/strict_empirical.jsonl — https://github.com/dappalumbo91/FSOT-2.1-Lean/blob/main/vendor/formula_corpus/by_domain/strict_empirical.jsonl
docs/BENCHMARK_DATA_CITATIONS.md	2685	text	url	https://github.com/dappalumbo91/FSOT-2.1-Lean/blob/main/vendor/formula_corpus/by_domain/strict_empirical.jsonl	OK(200):self_link			- **dataset**: vendor/formula_corpus/by_domain/strict_empirical.jsonl — https://github.com/dappalumbo91/FSOT-2.1-Lean/blob/main/vendor/formula_corpus/by_domain/strict_empirical.jsonl
docs/BENCHMARK_DATA_CITATIONS.md	2740	text	url	https://github.com/dappalumbo91/FSOT-2.1-Lean/blob/main/vendor/formula_corpus/by_domain/strict_empirical.jsonl	OK(200):self_link			- **dataset**: vendor/formula_corpus/by_domain/strict_empirical.jsonl — https://github.com/dappalumbo91/FSOT-2.1-Lean/blob/main/vendor/formula_corpus/by_domain/strict_empirical.jsonl
docs/BENCHMARK_DATA_CITATIONS.md	2792	text	url	https://github.com/dappalumbo91/FSOT-2.1-Lean/blob/main/vendor/formula_corpus/by_domain/strict_empirical.jsonl	OK(200):self_link			- **dataset**: vendor/formula_corpus/by_domain/strict_empirical.jsonl — https://github.com/dappalumbo91/FSOT-2.1-Lean/blob/main/vendor/formula_corpus/by_domain/strict_empirical.jsonl
docs/BENCHMARK_DATA_CITATIONS.md	2842	text	url	https://github.com/dappalumbo91/FSOT-2.1-Lean/blob/main/vendor/formula_corpus/by_domain/strict_empirical.jsonl	OK(200):self_link			- **dataset**: vendor/formula_corpus/by_domain/strict_empirical.jsonl — https://github.com/dappalumbo91/FSOT-2.1-Lean/blob/main/vendor/formula_corpus/by_domain/strict_empirical.jsonl
docs/BENCHMARK_DATA_CITATIONS.md	2861	text	url	https://github.com/dappalumbo91/FSOT-2.1-Lean/blob/main/vendor/formula_corpus/by_domain/strict_empirical.jsonl	OK(200):self_link			- **dataset**: vendor/formula_corpus/by_domain/strict_empirical.jsonl — https://github.com/dappalumbo91/FSOT-2.1-Lean/blob/main/vendor/formula_corpus/by_domain/strict_empirical.jsonl
docs/BENCHMARK_DATA_CITATIONS.md	2879	text	url	https://github.com/dappalumbo91/FSOT-2.1-Lean/blob/main/vendor/formula_corpus/by_domain/strict_empirical.jsonl	OK(200):self_link			- **dataset**: vendor/formula_corpus/by_domain/strict_empirical.jsonl — https://github.com/dappalumbo91/FSOT-2.1-Lean/blob/main/vendor/formula_corpus/by_domain/strict_empirical.jsonl
docs/BENCHMARK_DATA_CITATIONS.md	2891	text	url	https://github.com/dappalumbo91/FSOT-2.1-Lean/blob/main/vendor/formula_corpus/by_domain/strict_empirical.jsonl	OK(200):self_link			- **dataset**: vendor/formula_corpus/by_domain/strict_empirical.jsonl — https://github.com/dappalumbo91/FSOT-2.1-Lean/blob/main/vendor/formula_corpus/by_domain/strict_empirical.jsonl
docs/BENCHMARK_DATA_CITATIONS.md	2911	text	url	https://github.com/dappalumbo91/FSOT-2.1-Lean/blob/main/vendor/formula_corpus/by_domain/strict_empirical.jsonl	OK(200):self_link			- **dataset**: vendor/formula_corpus/by_domain/strict_empirical.jsonl — https://github.com/dappalumbo91/FSOT-2.1-Lean/blob/main/vendor/formula_corpus/by_domain/strict_empirical.jsonl
docs/BENCHMARK_DATA_CITATIONS.md	2924	text	url	https://github.com/dappalumbo91/FSOT-2.1-Lean/blob/main/vendor/formula_corpus/by_domain/strict_empirical.jsonl	OK(200):self_link			- **dataset**: vendor/formula_corpus/by_domain/strict_empirical.jsonl — https://github.com/dappalumbo91/FSOT-2.1-Lean/blob/main/vendor/formula_corpus/by_domain/strict_empirical.jsonl
docs/BENCHMARK_DATA_CITATIONS.md	2939	text	url	https://github.com/dappalumbo91/FSOT-2.1-Lean/blob/main/vendor/formula_corpus/by_domain/strict_empirical.jsonl	OK(200):self_link			- **dataset**: vendor/formula_corpus/by_domain/strict_empirical.jsonl — https://github.com/dappalumbo91/FSOT-2.1-Lean/blob/main/vendor/formula_corpus/by_domain/strict_empirical.jsonl
docs/BENCHMARK_DATA_CITATIONS.md	2964	text	url	https://github.com/dappalumbo91/FSOT-2.1-Lean/blob/main/vendor/formula_corpus/by_domain/strict_empirical.jsonl	OK(200):self_link			- **dataset**: vendor/formula_corpus/by_domain/strict_empirical.jsonl — https://github.com/dappalumbo91/FSOT-2.1-Lean/blob/main/vendor/formula_corpus/by_domain/strict_empirical.jsonl
docs/BENCHMARK_DATA_CITATIONS.md	2977	text	url	https://github.com/dappalumbo91/FSOT-2.1-Lean/blob/main/vendor/formula_corpus/by_domain/strict_empirical.jsonl	OK(200):self_link			- **dataset**: vendor/formula_corpus/by_domain/strict_empirical.jsonl — https://github.com/dappalumbo91/FSOT-2.1-Lean/blob/main/vendor/formula_corpus/by_domain/strict_empirical.jsonl
docs/BENCHMARK_DATA_CITATIONS.md	3025	text	url	https://github.com/dappalumbo91/FSOT-2.1-Lean/blob/main/vendor/formula_corpus/by_domain/strict_empirical.jsonl	OK(200):self_link			- **dataset**: vendor/formula_corpus/by_domain/strict_empirical.jsonl — https://github.com/dappalumbo91/FSOT-2.1-Lean/blob/main/vendor/formula_corpus/by_domain/strict_empirical.jsonl
docs/BENCHMARK_DATA_CITATIONS.md	3026	text	url	https://github.com/dappalumbo91/FSOT-2.1-Lean/blob/main/vendor/formula_corpus/by_domain/strict_empirical.jsonl	OK(200):self_link			- **dataset**: vendor/formula_corpus/by_domain/strict_empirical.jsonl — https://github.com/dappalumbo91/FSOT-2.1-Lean/blob/main/vendor/formula_corpus/by_domain/strict_empirical.jsonl
docs/BENCHMARK_DATA_CITATIONS.md	3027	text	url	https://github.com/dappalumbo91/FSOT-2.1-Lean/blob/main/vendor/formula_corpus/by_domain/strict_empirical.jsonl	OK(200):self_link			- **dataset**: vendor/formula_corpus/by_domain/strict_empirical.jsonl — https://github.com/dappalumbo91/FSOT-2.1-Lean/blob/main/vendor/formula_corpus/by_domain/strict_empirical.jsonl
docs/BENCHMARK_DATA_CITATIONS.md	3082	text	url	https://github.com/dappalumbo91/FSOT-2.1-Lean/blob/main/vendor/formula_corpus/by_domain/strict_empirical.jsonl	OK(200):self_link			- **dataset**: vendor/formula_corpus/by_domain/strict_empirical.jsonl — https://github.com/dappalumbo91/FSOT-2.1-Lean/blob/main/vendor/formula_corpus/by_domain/strict_empirical.jsonl
docs/BENCHMARK_DATA_CITATIONS.md	3221	text	url	https://github.com/dappalumbo91/FSOT-2.1-Lean/blob/main/vendor/formula_corpus/by_domain/strict_empirical.jsonl	OK(200):self_link			- **dataset**: vendor/formula_corpus/by_domain/strict_empirical.jsonl — https://github.com/dappalumbo91/FSOT-2.1-Lean/blob/main/vendor/formula_corpus/by_domain/strict_empirical.jsonl
docs/BENCHMARK_DATA_CITATIONS.md	3343	text	url	https://github.com/dappalumbo91/FSOT-2.1-Lean/blob/main/vendor/formula_corpus/by_domain/strict_empirical.jsonl	OK(200):self_link			- **dataset**: vendor/formula_corpus/by_domain/strict_empirical.jsonl — https://github.com/dappalumbo91/FSOT-2.1-Lean/blob/main/vendor/formula_corpus/by_domain/strict_empirical.jsonl
docs/BENCHMARK_DATA_CITATIONS.md	3363	text	url	https://github.com/dappalumbo91/FSOT-2.1-Lean/blob/main/vendor/formula_corpus/by_domain/strict_empirical.jsonl	OK(200):self_link			- **dataset**: vendor/formula_corpus/by_domain/strict_empirical.jsonl — https://github.com/dappalumbo91/FSOT-2.1-Lean/blob/main/vendor/formula_corpus/by_domain/strict_empirical.jsonl
docs/BENCHMARK_DATA_CITATIONS.md	3442	text	url	https://github.com/dappalumbo91/FSOT-2.1-Lean/blob/main/vendor/formula_corpus/by_domain/strict_empirical.jsonl	OK(200):self_link			- **dataset**: vendor/formula_corpus/by_domain/strict_empirical.jsonl — https://github.com/dappalumbo91/FSOT-2.1-Lean/blob/main/vendor/formula_corpus/by_domain/strict_empirical.jsonl
docs/BENCHMARK_DATA_CITATIONS.md	3453	text	url	https://github.com/dappalumbo91/FSOT-2.1-Lean/blob/main/vendor/formula_corpus/by_domain/strict_empirical.jsonl	OK(200):self_link			- **dataset**: vendor/formula_corpus/by_domain/strict_empirical.jsonl — https://github.com/dappalumbo91/FSOT-2.1-Lean/blob/main/vendor/formula_corpus/by_domain/strict_empirical.jsonl
docs/BENCHMARK_DATA_CITATIONS.md	3561	text	url	https://github.com/dappalumbo91/FSOT-2.1-Lean/blob/main/vendor/formula_corpus/by_domain/strict_empirical.jsonl	OK(200):self_link			- **dataset**: vendor/formula_corpus/by_domain/strict_empirical.jsonl — https://github.com/dappalumbo91/FSOT-2.1-Lean/blob/main/vendor/formula_corpus/by_domain/strict_empirical.jsonl
docs/BENCHMARK_DATA_CITATIONS.md	3579	text	url	https://github.com/dappalumbo91/FSOT-2.1-Lean/blob/main/vendor/formula_corpus/by_domain/strict_empirical.jsonl	OK(200):self_link			- **dataset**: vendor/formula_corpus/by_domain/strict_empirical.jsonl — https://github.com/dappalumbo91/FSOT-2.1-Lean/blob/main/vendor/formula_corpus/by_domain/strict_empirical.jsonl
docs/BENCHMARK_DATA_CITATIONS.md	3683	text	url	https://github.com/dappalumbo91/FSOT-2.1-Lean/blob/main/vendor/formula_corpus/by_domain/strict_empirical.jsonl	OK(200):self_link			- **dataset**: vendor/formula_corpus/by_domain/strict_empirical.jsonl — https://github.com/dappalumbo91/FSOT-2.1-Lean/blob/main/vendor/formula_corpus/by_domain/strict_empirical.jsonl
docs/BENCHMARK_DATA_CITATIONS.md	3945	text	url	https://github.com/dappalumbo91/FSOT-2.1-Lean/blob/main/vendor/formula_corpus/by_domain/strict_empirical.jsonl	OK(200):self_link			- **dataset**: vendor/formula_corpus/by_domain/strict_empirical.jsonl — https://github.com/dappalumbo91/FSOT-2.1-Lean/blob/main/vendor/formula_corpus/by_domain/strict_empirical.jsonl
docs/BENCHMARK_DATA_CITATIONS.md	3958	text	url	https://github.com/dappalumbo91/FSOT-2.1-Lean/blob/main/vendor/formula_corpus/by_domain/strict_empirical.jsonl	OK(200):self_link			- **dataset**: vendor/formula_corpus/by_domain/strict_empirical.jsonl — https://github.com/dappalumbo91/FSOT-2.1-Lean/blob/main/vendor/formula_corpus/by_domain/strict_empirical.jsonl
docs/BENCHMARK_DATA_CITATIONS.md	3969	text	url	https://github.com/dappalumbo91/FSOT-2.1-Lean/blob/main/vendor/formula_corpus/by_domain/strict_empirical.jsonl	OK(200):self_link			- **dataset**: vendor/formula_corpus/by_domain/strict_empirical.jsonl — https://github.com/dappalumbo91/FSOT-2.1-Lean/blob/main/vendor/formula_corpus/by_domain/strict_empirical.jsonl
docs/BENCHMARK_DATA_CITATIONS.md	4002	text	url	https://github.com/dappalumbo91/FSOT-2.1-Lean/blob/main/vendor/formula_corpus/by_domain/strict_empirical.jsonl	OK(200):self_link			- **dataset**: vendor/formula_corpus/by_domain/strict_empirical.jsonl — https://github.com/dappalumbo91/FSOT-2.1-Lean/blob/main/vendor/formula_corpus/by_domain/strict_empirical.jsonl
docs/BENCHMARK_DATA_CITATIONS.md	4012	text	url	https://github.com/dappalumbo91/FSOT-2.1-Lean/blob/main/vendor/formula_corpus/by_domain/strict_empirical.jsonl	OK(200):self_link			- **dataset**: vendor/formula_corpus/by_domain/strict_empirical.jsonl — https://github.com/dappalumbo91/FSOT-2.1-Lean/blob/main/vendor/formula_corpus/by_domain/strict_empirical.jsonl
docs/BENCHMARK_DATA_CITATIONS.md	4061	text	url	https://github.com/dappalumbo91/FSOT-2.1-Lean/blob/main/vendor/formula_corpus/by_domain/strict_empirical.jsonl	OK(200):self_link			- **dataset**: vendor/formula_corpus/by_domain/strict_empirical.jsonl — https://github.com/dappalumbo91/FSOT-2.1-Lean/blob/main/vendor/formula_corpus/by_domain/strict_empirical.jsonl
docs/BENCHMARK_DATA_CITATIONS.md	4153	text	url	https://github.com/dappalumbo91/FSOT-2.1-Lean/blob/main/vendor/formula_corpus/by_domain/strict_empirical.jsonl	OK(200):self_link			- **dataset**: vendor/formula_corpus/by_domain/strict_empirical.jsonl — https://github.com/dappalumbo91/FSOT-2.1-Lean/blob/main/vendor/formula_corpus/by_domain/strict_empirical.jsonl
docs/BENCHMARK_DATA_CITATIONS.md	4273	text	url	https://github.com/dappalumbo91/FSOT-2.1-Lean/blob/main/vendor/formula_corpus/by_domain/strict_empirical.jsonl	OK(200):self_link			- **dataset**: vendor/formula_corpus/by_domain/strict_empirical.jsonl — https://github.com/dappalumbo91/FSOT-2.1-Lean/blob/main/vendor/formula_corpus/by_domain/strict_empirical.jsonl
docs/BENCHMARK_DATA_CITATIONS.md	4294	text	url	https://github.com/dappalumbo91/FSOT-2.1-Lean/blob/main/vendor/formula_corpus/by_domain/strict_empirical.jsonl	OK(200):self_link			- **dataset**: vendor/formula_corpus/by_domain/strict_empirical.jsonl — https://github.com/dappalumbo91/FSOT-2.1-Lean/blob/main/vendor/formula_corpus/by_domain/strict_empirical.jsonl
docs/BENCHMARK_DATA_CITATIONS.md	4328	text	url	https://github.com/dappalumbo91/FSOT-2.1-Lean/blob/main/vendor/formula_corpus/by_domain/strict_empirical.jsonl	OK(200):self_link			- **dataset**: vendor/formula_corpus/by_domain/strict_empirical.jsonl — https://github.com/dappalumbo91/FSOT-2.1-Lean/blob/main/vendor/formula_corpus/by_domain/strict_empirical.jsonl
docs/BENCHMARK_DATA_CITATIONS.md	4356	text	url	https://github.com/dappalumbo91/FSOT-2.1-Lean/blob/main/vendor/formula_corpus/by_domain/strict_empirical.jsonl	OK(200):self_link			- **dataset**: vendor/formula_corpus/by_domain/strict_empirical.jsonl — https://github.com/dappalumbo91/FSOT-2.1-Lean/blob/main/vendor/formula_corpus/by_domain/strict_empirical.jsonl
docs/BENCHMARK_DATA_CITATIONS.md	4386	text	url	https://github.com/dappalumbo91/FSOT-2.1-Lean/blob/main/vendor/formula_corpus/by_domain/strict_empirical.jsonl	OK(200):self_link			- **dataset**: vendor/formula_corpus/by_domain/strict_empirical.jsonl — https://github.com/dappalumbo91/FSOT-2.1-Lean/blob/main/vendor/formula_corpus/by_domain/strict_empirical.jsonl
docs/BENCHMARK_DATA_CITATIONS.md	4398	text	url	https://github.com/dappalumbo91/FSOT-2.1-Lean/blob/main/vendor/formula_corpus/by_domain/strict_empirical.jsonl	OK(200):self_link			- **dataset**: vendor/formula_corpus/by_domain/strict_empirical.jsonl — https://github.com/dappalumbo91/FSOT-2.1-Lean/blob/main/vendor/formula_corpus/by_domain/strict_empirical.jsonl
docs/BENCHMARK_DATA_CITATIONS.md	4411	text	url	https://github.com/dappalumbo91/FSOT-2.1-Lean/blob/main/vendor/formula_corpus/by_domain/strict_empirical.jsonl	OK(200):self_link			- **dataset**: vendor/formula_corpus/by_domain/strict_empirical.jsonl — https://github.com/dappalumbo91/FSOT-2.1-Lean/blob/main/vendor/formula_corpus/by_domain/strict_empirical.jsonl
docs/BENCHMARK_DATA_CITATIONS.md	4462	text	url	https://github.com/dappalumbo91/FSOT-2.1-Lean/blob/main/vendor/formula_corpus/by_domain/strict_empirical.jsonl	OK(200):self_link			- **dataset**: vendor/formula_corpus/by_domain/strict_empirical.jsonl — https://github.com/dappalumbo91/FSOT-2.1-Lean/blob/main/vendor/formula_corpus/by_domain/strict_empirical.jsonl
docs/BENCHMARK_DATA_CITATIONS.md	4529	text	url	https://github.com/dappalumbo91/FSOT-2.1-Lean/blob/main/vendor/formula_corpus/by_domain/strict_empirical.jsonl	OK(200):self_link			- **dataset**: vendor/formula_corpus/by_domain/strict_empirical.jsonl — https://github.com/dappalumbo91/FSOT-2.1-Lean/blob/main/vendor/formula_corpus/by_domain/strict_empirical.jsonl
docs/BENCHMARK_DATA_CITATIONS.md	4561	text	url	https://github.com/dappalumbo91/FSOT-2.1-Lean/blob/main/vendor/formula_corpus/by_domain/strict_empirical.jsonl	OK(200):self_link			- **dataset**: vendor/formula_corpus/by_domain/strict_empirical.jsonl — https://github.com/dappalumbo91/FSOT-2.1-Lean/blob/main/vendor/formula_corpus/by_domain/strict_empirical.jsonl
docs/BENCHMARK_DATA_CITATIONS.md	4629	text	url	https://github.com/dappalumbo91/FSOT-2.1-Lean/blob/main/vendor/formula_corpus/by_domain/strict_empirical.jsonl	OK(200):self_link			- **dataset**: vendor/formula_corpus/by_domain/strict_empirical.jsonl — https://github.com/dappalumbo91/FSOT-2.1-Lean/blob/main/vendor/formula_corpus/by_domain/strict_empirical.jsonl
docs/BENCHMARK_DATA_CITATIONS.md	4669	text	url	https://github.com/dappalumbo91/FSOT-2.1-Lean/blob/main/vendor/formula_corpus/by_domain/strict_empirical.jsonl	OK(200):self_link			- **dataset**: vendor/formula_corpus/by_domain/strict_empirical.jsonl — https://github.com/dappalumbo91/FSOT-2.1-Lean/blob/main/vendor/formula_corpus/by_domain/strict_empirical.jsonl
docs/BENCHMARK_DATA_CITATIONS.md	4706	text	url	https://github.com/dappalumbo91/FSOT-2.1-Lean/blob/main/vendor/formula_corpus/by_domain/strict_empirical.jsonl	OK(200):self_link			- **dataset**: vendor/formula_corpus/by_domain/strict_empirical.jsonl — https://github.com/dappalumbo91/FSOT-2.1-Lean/blob/main/vendor/formula_corpus/by_domain/strict_empirical.jsonl
docs/BENCHMARK_DATA_CITATIONS.md	4719	text	url	https://github.com/dappalumbo91/FSOT-2.1-Lean/blob/main/vendor/formula_corpus/by_domain/strict_empirical.jsonl	OK(200):self_link			- **dataset**: vendor/formula_corpus/by_domain/strict_empirical.jsonl — https://github.com/dappalumbo91/FSOT-2.1-Lean/blob/main/vendor/formula_corpus/by_domain/strict_empirical.jsonl
docs/BENCHMARK_DATA_CITATIONS.md	4753	text	url	https://github.com/dappalumbo91/FSOT-2.1-Lean/blob/main/vendor/formula_corpus/by_domain/strict_empirical.jsonl	OK(200):self_link			- **dataset**: vendor/formula_corpus/by_domain/strict_empirical.jsonl — https://github.com/dappalumbo91/FSOT-2.1-Lean/blob/main/vendor/formula_corpus/by_domain/strict_empirical.jsonl
docs/BENCHMARK_DATA_CITATIONS.md	4763	text	url	https://github.com/dappalumbo91/FSOT-2.1-Lean/blob/main/vendor/formula_corpus/by_domain/strict_empirical.jsonl	OK(200):self_link			- **dataset**: vendor/formula_corpus/by_domain/strict_empirical.jsonl — https://github.com/dappalumbo91/FSOT-2.1-Lean/blob/main/vendor/formula_corpus/by_domain/strict_empirical.jsonl
docs/BENCHMARK_DATA_CITATIONS.md	4827	text	url	https://github.com/dappalumbo91/FSOT-2.1-Lean/blob/main/vendor/formula_corpus/by_domain/strict_empirical.jsonl	OK(200):self_link			- **dataset**: vendor/formula_corpus/by_domain/strict_empirical.jsonl — https://github.com/dappalumbo91/FSOT-2.1-Lean/blob/main/vendor/formula_corpus/by_domain/strict_empirical.jsonl
docs/BENCHMARK_DATA_CITATIONS.md	4844	text	url	https://github.com/dappalumbo91/FSOT-2.1-Lean/blob/main/vendor/formula_corpus/by_domain/strict_empirical.jsonl	OK(200):self_link			- **dataset**: vendor/formula_corpus/by_domain/strict_empirical.jsonl — https://github.com/dappalumbo91/FSOT-2.1-Lean/blob/main/vendor/formula_corpus/by_domain/strict_empirical.jsonl
docs/BENCHMARK_DATA_CITATIONS.md	4869	text	url	https://github.com/dappalumbo91/FSOT-2.1-Lean/blob/main/vendor/formula_corpus/by_domain/strict_empirical.jsonl	OK(200):self_link			- **dataset**: vendor/formula_corpus/by_domain/strict_empirical.jsonl — https://github.com/dappalumbo91/FSOT-2.1-Lean/blob/main/vendor/formula_corpus/by_domain/strict_empirical.jsonl
docs/BENCHMARK_DATA_CITATIONS.md	4887	text	url	https://github.com/dappalumbo91/FSOT-2.1-Lean/blob/main/vendor/formula_corpus/by_domain/strict_empirical.jsonl	OK(200):self_link			- **dataset**: vendor/formula_corpus/by_domain/strict_empirical.jsonl — https://github.com/dappalumbo91/FSOT-2.1-Lean/blob/main/vendor/formula_corpus/by_domain/strict_empirical.jsonl
docs/BENCHMARK_DATA_CITATIONS.md	4913	text	url	https://github.com/dappalumbo91/FSOT-2.1-Lean/blob/main/vendor/formula_corpus/by_domain/strict_empirical.jsonl	OK(200):self_link			- **dataset**: vendor/formula_corpus/by_domain/strict_empirical.jsonl — https://github.com/dappalumbo91/FSOT-2.1-Lean/blob/main/vendor/formula_corpus/by_domain/strict_empirical.jsonl
docs/BENCHMARK_DATA_CITATIONS.md	4994	text	url	https://github.com/dappalumbo91/FSOT-2.1-Lean/blob/main/vendor/formula_corpus/by_domain/strict_empirical.jsonl	OK(200):self_link			- **dataset**: vendor/formula_corpus/by_domain/strict_empirical.jsonl — https://github.com/dappalumbo91/FSOT-2.1-Lean/blob/main/vendor/formula_corpus/by_domain/strict_empirical.jsonl
docs/BENCHMARK_DATA_CITATIONS.md	5033	text	url	https://github.com/dappalumbo91/FSOT-2.1-Lean/blob/main/vendor/formula_corpus/by_domain/strict_empirical.jsonl	OK(200):self_link			- **dataset**: vendor/formula_corpus/by_domain/strict_empirical.jsonl — https://github.com/dappalumbo91/FSOT-2.1-Lean/blob/main/vendor/formula_corpus/by_domain/strict_empirical.jsonl
docs/BENCHMARK_DATA_CITATIONS.md	5053	text	url	https://github.com/dappalumbo91/FSOT-2.1-Lean/blob/main/vendor/formula_corpus/by_domain/strict_empirical.jsonl	OK(200):self_link			- **dataset**: vendor/formula_corpus/by_domain/strict_empirical.jsonl — https://github.com/dappalumbo91/FSOT-2.1-Lean/blob/main/vendor/formula_corpus/by_domain/strict_empirical.jsonl
docs/BENCHMARK_DATA_CITATIONS.md	5118	text	url	https://github.com/dappalumbo91/FSOT-2.1-Lean/blob/main/vendor/formula_corpus/by_domain/strict_empirical.jsonl	OK(200):self_link			- **dataset**: vendor/formula_corpus/by_domain/strict_empirical.jsonl — https://github.com/dappalumbo91/FSOT-2.1-Lean/blob/main/vendor/formula_corpus/by_domain/strict_empirical.jsonl
docs/BENCHMARK_DATA_CITATIONS.md	5136	text	url	https://github.com/dappalumbo91/FSOT-2.1-Lean/blob/main/vendor/formula_corpus/by_domain/strict_empirical.jsonl	OK(200):self_link			- **dataset**: vendor/formula_corpus/by_domain/strict_empirical.jsonl — https://github.com/dappalumbo91/FSOT-2.1-Lean/blob/main/vendor/formula_corpus/by_domain/strict_empirical.jsonl
docs/BENCHMARK_DATA_CITATIONS.md	5154	text	url	https://github.com/dappalumbo91/FSOT-2.1-Lean/blob/main/vendor/formula_corpus/by_domain/strict_empirical.jsonl	OK(200):self_link			- **dataset**: vendor/formula_corpus/by_domain/strict_empirical.jsonl — https://github.com/dappalumbo91/FSOT-2.1-Lean/blob/main/vendor/formula_corpus/by_domain/strict_empirical.jsonl
docs/BENCHMARK_DATA_CITATIONS.md	5185	text	url	https://github.com/dappalumbo91/FSOT-2.1-Lean/blob/main/vendor/formula_corpus/by_domain/strict_empirical.jsonl	OK(200):self_link			- **dataset**: vendor/formula_corpus/by_domain/strict_empirical.jsonl — https://github.com/dappalumbo91/FSOT-2.1-Lean/blob/main/vendor/formula_corpus/by_domain/strict_empirical.jsonl
docs/BENCHMARK_DATA_CITATIONS.md	5234	text	url	https://github.com/dappalumbo91/FSOT-2.1-Lean/blob/main/vendor/formula_corpus/by_domain/strict_empirical.jsonl	OK(200):self_link			- **dataset**: vendor/formula_corpus/by_domain/strict_empirical.jsonl — https://github.com/dappalumbo91/FSOT-2.1-Lean/blob/main/vendor/formula_corpus/by_domain/strict_empirical.jsonl
docs/BENCHMARK_DATA_CITATIONS.md	5276	text	url	https://github.com/dappalumbo91/FSOT-2.1-Lean/blob/main/vendor/formula_corpus/by_domain/strict_empirical.jsonl	OK(200):self_link			- **dataset**: vendor/formula_corpus/by_domain/strict_empirical.jsonl — https://github.com/dappalumbo91/FSOT-2.1-Lean/blob/main/vendor/formula_corpus/by_domain/strict_empirical.jsonl
docs/BENCHMARK_DATA_CITATIONS.md	5316	text	url	https://github.com/dappalumbo91/FSOT-2.1-Lean/blob/main/vendor/formula_corpus/by_domain/strict_empirical.jsonl	OK(200):self_link			- **dataset**: vendor/formula_corpus/by_domain/strict_empirical.jsonl — https://github.com/dappalumbo91/FSOT-2.1-Lean/blob/main/vendor/formula_corpus/by_domain/strict_empirical.jsonl
docs/BENCHMARK_DATA_CITATIONS.md	5340	text	url	https://github.com/dappalumbo91/FSOT-2.1-Lean/blob/main/vendor/formula_corpus/by_domain/strict_empirical.jsonl	OK(200):self_link			- **dataset**: vendor/formula_corpus/by_domain/strict_empirical.jsonl — https://github.com/dappalumbo91/FSOT-2.1-Lean/blob/main/vendor/formula_corpus/by_domain/strict_empirical.jsonl
docs/BENCHMARK_DATA_CITATIONS.md	5576	text	url	https://github.com/dappalumbo91/FSOT-2.1-Lean/blob/main/vendor/formula_corpus/by_domain/strict_empirical.jsonl	OK(200):self_link			- **dataset**: vendor/formula_corpus/by_domain/strict_empirical.jsonl — https://github.com/dappalumbo91/FSOT-2.1-Lean/blob/main/vendor/formula_corpus/by_domain/strict_empirical.jsonl
docs/BENCHMARK_DATA_CITATIONS.md	5635	text	url	https://github.com/dappalumbo91/FSOT-2.1-Lean/blob/main/vendor/formula_corpus/by_domain/strict_empirical.jsonl	OK(200):self_link			- **dataset**: vendor/formula_corpus/by_domain/strict_empirical.jsonl — https://github.com/dappalumbo91/FSOT-2.1-Lean/blob/main/vendor/formula_corpus/by_domain/strict_empirical.jsonl
docs/BENCHMARK_DATA_CITATIONS.md	186	text	url	https://github.com/dappalumbo91/FSOT-2.1-Lean/blob/main/vendor/fsot_compute.py	OK(200):self_link			| software | FSOT scalar authority (pin D1D38A) | https://github.com/dappalumbo91/FSOT-2.1-Lean/blob/main/vendor/fsot_compute.py | 120 |
docs/BENCHMARK_DATA_CITATIONS.md	939	text	url	https://github.com/dappalumbo91/FSOT-2.1-Lean/blob/main/vendor/fsot_compute.py	OK(200):self_link			- **software**: FSOT scalar authority (pin D1D38A) — https://github.com/dappalumbo91/FSOT-2.1-Lean/blob/main/vendor/fsot_compute.py
docs/BENCHMARK_DATA_CITATIONS.md	980	text	url	https://github.com/dappalumbo91/FSOT-2.1-Lean/blob/main/vendor/fsot_compute.py	OK(200):self_link			- **software**: FSOT scalar authority (pin D1D38A) — https://github.com/dappalumbo91/FSOT-2.1-Lean/blob/main/vendor/fsot_compute.py
docs/BENCHMARK_DATA_CITATIONS.md	1036	text	url	https://github.com/dappalumbo91/FSOT-2.1-Lean/blob/main/vendor/fsot_compute.py	OK(200):self_link			- **software**: FSOT scalar authority (pin D1D38A) — https://github.com/dappalumbo91/FSOT-2.1-Lean/blob/main/vendor/fsot_compute.py
docs/BENCHMARK_DATA_CITATIONS.md	1189	text	url	https://github.com/dappalumbo91/FSOT-2.1-Lean/blob/main/vendor/fsot_compute.py	OK(200):self_link			- **software**: FSOT scalar authority (pin D1D38A) — https://github.com/dappalumbo91/FSOT-2.1-Lean/blob/main/vendor/fsot_compute.py
docs/BENCHMARK_DATA_CITATIONS.md	1224	text	url	https://github.com/dappalumbo91/FSOT-2.1-Lean/blob/main/vendor/fsot_compute.py	OK(200):self_link			- **software**: FSOT scalar authority (pin D1D38A) — https://github.com/dappalumbo91/FSOT-2.1-Lean/blob/main/vendor/fsot_compute.py
docs/BENCHMARK_DATA_CITATIONS.md	1330	text	url	https://github.com/dappalumbo91/FSOT-2.1-Lean/blob/main/vendor/fsot_compute.py	OK(200):self_link			- **software**: FSOT scalar authority (pin D1D38A) — https://github.com/dappalumbo91/FSOT-2.1-Lean/blob/main/vendor/fsot_compute.py
docs/BENCHMARK_DATA_CITATIONS.md	1340	text	url	https://github.com/dappalumbo91/FSOT-2.1-Lean/blob/main/vendor/fsot_compute.py	OK(200):self_link			- **software**: FSOT scalar authority (pin D1D38A) — https://github.com/dappalumbo91/FSOT-2.1-Lean/blob/main/vendor/fsot_compute.py
docs/BENCHMARK_DATA_CITATIONS.md	1431	text	url	https://github.com/dappalumbo91/FSOT-2.1-Lean/blob/main/vendor/fsot_compute.py	OK(200):self_link			- **software**: FSOT scalar authority (pin D1D38A) — https://github.com/dappalumbo91/FSOT-2.1-Lean/blob/main/vendor/fsot_compute.py
docs/BENCHMARK_DATA_CITATIONS.md	1441	text	url	https://github.com/dappalumbo91/FSOT-2.1-Lean/blob/main/vendor/fsot_compute.py	OK(200):self_link			- **software**: FSOT scalar authority (pin D1D38A) — https://github.com/dappalumbo91/FSOT-2.1-Lean/blob/main/vendor/fsot_compute.py
docs/BENCHMARK_DATA_CITATIONS.md	1463	text	url	https://github.com/dappalumbo91/FSOT-2.1-Lean/blob/main/vendor/fsot_compute.py	OK(200):self_link			- **software**: FSOT scalar authority (pin D1D38A) — https://github.com/dappalumbo91/FSOT-2.1-Lean/blob/main/vendor/fsot_compute.py
docs/BENCHMARK_DATA_CITATIONS.md	1464	text	url	https://github.com/dappalumbo91/FSOT-2.1-Lean/blob/main/vendor/fsot_compute.py	OK(200):self_link			- **software**: FSOT scalar authority (pin D1D38A) — https://github.com/dappalumbo91/FSOT-2.1-Lean/blob/main/vendor/fsot_compute.py
docs/BENCHMARK_DATA_CITATIONS.md	1465	text	url	https://github.com/dappalumbo91/FSOT-2.1-Lean/blob/main/vendor/fsot_compute.py	OK(200):self_link			- **software**: FSOT scalar authority (pin D1D38A) — https://github.com/dappalumbo91/FSOT-2.1-Lean/blob/main/vendor/fsot_compute.py
docs/BENCHMARK_DATA_CITATIONS.md	1466	text	url	https://github.com/dappalumbo91/FSOT-2.1-Lean/blob/main/vendor/fsot_compute.py	OK(200):self_link			- **software**: FSOT scalar authority (pin D1D38A) — https://github.com/dappalumbo91/FSOT-2.1-Lean/blob/main/vendor/fsot_compute.py
docs/BENCHMARK_DATA_CITATIONS.md	1467	text	url	https://github.com/dappalumbo91/FSOT-2.1-Lean/blob/main/vendor/fsot_compute.py	OK(200):self_link			- **software**: FSOT scalar authority (pin D1D38A) — https://github.com/dappalumbo91/FSOT-2.1-Lean/blob/main/vendor/fsot_compute.py
docs/BENCHMARK_DATA_CITATIONS.md	1468	text	url	https://github.com/dappalumbo91/FSOT-2.1-Lean/blob/main/vendor/fsot_compute.py	OK(200):self_link			- **software**: FSOT scalar authority (pin D1D38A) — https://github.com/dappalumbo91/FSOT-2.1-Lean/blob/main/vendor/fsot_compute.py
docs/BENCHMARK_DATA_CITATIONS.md	1469	text	url	https://github.com/dappalumbo91/FSOT-2.1-Lean/blob/main/vendor/fsot_compute.py	OK(200):self_link			- **software**: FSOT scalar authority (pin D1D38A) — https://github.com/dappalumbo91/FSOT-2.1-Lean/blob/main/vendor/fsot_compute.py
docs/BENCHMARK_DATA_CITATIONS.md	1470	text	url	https://github.com/dappalumbo91/FSOT-2.1-Lean/blob/main/vendor/fsot_compute.py	OK(200):self_link			- **software**: FSOT scalar authority (pin D1D38A) — https://github.com/dappalumbo91/FSOT-2.1-Lean/blob/main/vendor/fsot_compute.py
docs/BENCHMARK_DATA_CITATIONS.md	1471	text	url	https://github.com/dappalumbo91/FSOT-2.1-Lean/blob/main/vendor/fsot_compute.py	OK(200):self_link			- **software**: FSOT scalar authority (pin D1D38A) — https://github.com/dappalumbo91/FSOT-2.1-Lean/blob/main/vendor/fsot_compute.py
docs/BENCHMARK_DATA_CITATIONS.md	1472	text	url	https://github.com/dappalumbo91/FSOT-2.1-Lean/blob/main/vendor/fsot_compute.py	OK(200):self_link			- **software**: FSOT scalar authority (pin D1D38A) — https://github.com/dappalumbo91/FSOT-2.1-Lean/blob/main/vendor/fsot_compute.py
docs/BENCHMARK_DATA_CITATIONS.md	1473	text	url	https://github.com/dappalumbo91/FSOT-2.1-Lean/blob/main/vendor/fsot_compute.py	OK(200):self_link			- **software**: FSOT scalar authority (pin D1D38A) — https://github.com/dappalumbo91/FSOT-2.1-Lean/blob/main/vendor/fsot_compute.py
docs/BENCHMARK_DATA_CITATIONS.md	1474	text	url	https://github.com/dappalumbo91/FSOT-2.1-Lean/blob/main/vendor/fsot_compute.py	OK(200):self_link			- **software**: FSOT scalar authority (pin D1D38A) — https://github.com/dappalumbo91/FSOT-2.1-Lean/blob/main/vendor/fsot_compute.py
docs/BENCHMARK_DATA_CITATIONS.md	1475	text	url	https://github.com/dappalumbo91/FSOT-2.1-Lean/blob/main/vendor/fsot_compute.py	OK(200):self_link			- **software**: FSOT scalar authority (pin D1D38A) — https://github.com/dappalumbo91/FSOT-2.1-Lean/blob/main/vendor/fsot_compute.py
docs/BENCHMARK_DATA_CITATIONS.md	1476	text	url	https://github.com/dappalumbo91/FSOT-2.1-Lean/blob/main/vendor/fsot_compute.py	OK(200):self_link			- **software**: FSOT scalar authority (pin D1D38A) — https://github.com/dappalumbo91/FSOT-2.1-Lean/blob/main/vendor/fsot_compute.py
docs/BENCHMARK_DATA_CITATIONS.md	1481	text	url	https://github.com/dappalumbo91/FSOT-2.1-Lean/blob/main/vendor/fsot_compute.py	OK(200):self_link			- **software**: FSOT scalar authority (pin D1D38A) — https://github.com/dappalumbo91/FSOT-2.1-Lean/blob/main/vendor/fsot_compute.py
docs/BENCHMARK_DATA_CITATIONS.md	1504	text	url	https://github.com/dappalumbo91/FSOT-2.1-Lean/blob/main/vendor/fsot_compute.py	OK(200):self_link			- **software**: FSOT scalar authority (pin D1D38A) — https://github.com/dappalumbo91/FSOT-2.1-Lean/blob/main/vendor/fsot_compute.py
docs/BENCHMARK_DATA_CITATIONS.md	1549	text	url	https://github.com/dappalumbo91/FSOT-2.1-Lean/blob/main/vendor/fsot_compute.py	OK(200):self_link			- **software**: FSOT scalar authority (pin D1D38A) — https://github.com/dappalumbo91/FSOT-2.1-Lean/blob/main/vendor/fsot_compute.py
docs/BENCHMARK_DATA_CITATIONS.md	1550	text	url	https://github.com/dappalumbo91/FSOT-2.1-Lean/blob/main/vendor/fsot_compute.py	OK(200):self_link			- **software**: FSOT scalar authority (pin D1D38A) — https://github.com/dappalumbo91/FSOT-2.1-Lean/blob/main/vendor/fsot_compute.py
docs/BENCHMARK_DATA_CITATIONS.md	1551	text	url	https://github.com/dappalumbo91/FSOT-2.1-Lean/blob/main/vendor/fsot_compute.py	OK(200):self_link			- **software**: FSOT scalar authority (pin D1D38A) — https://github.com/dappalumbo91/FSOT-2.1-Lean/blob/main/vendor/fsot_compute.py
docs/BENCHMARK_DATA_CITATIONS.md	1625	text	url	https://github.com/dappalumbo91/FSOT-2.1-Lean/blob/main/vendor/fsot_compute.py	OK(200):self_link			- **software**: FSOT scalar authority (pin D1D38A) — https://github.com/dappalumbo91/FSOT-2.1-Lean/blob/main/vendor/fsot_compute.py
docs/BENCHMARK_DATA_CITATIONS.md	1626	text	url	https://github.com/dappalumbo91/FSOT-2.1-Lean/blob/main/vendor/fsot_compute.py	OK(200):self_link			- **software**: FSOT scalar authority (pin D1D38A) — https://github.com/dappalumbo91/FSOT-2.1-Lean/blob/main/vendor/fsot_compute.py
docs/BENCHMARK_DATA_CITATIONS.md	1655	text	url	https://github.com/dappalumbo91/FSOT-2.1-Lean/blob/main/vendor/fsot_compute.py	OK(200):self_link			- **software**: FSOT scalar authority (pin D1D38A) — https://github.com/dappalumbo91/FSOT-2.1-Lean/blob/main/vendor/fsot_compute.py
docs/BENCHMARK_DATA_CITATIONS.md	1664	text	url	https://github.com/dappalumbo91/FSOT-2.1-Lean/blob/main/vendor/fsot_compute.py	OK(200):self_link			- **software**: FSOT scalar authority (pin D1D38A) — https://github.com/dappalumbo91/FSOT-2.1-Lean/blob/main/vendor/fsot_compute.py
docs/BENCHMARK_DATA_CITATIONS.md	1665	text	url	https://github.com/dappalumbo91/FSOT-2.1-Lean/blob/main/vendor/fsot_compute.py	OK(200):self_link			- **software**: FSOT scalar authority (pin D1D38A) — https://github.com/dappalumbo91/FSOT-2.1-Lean/blob/main/vendor/fsot_compute.py
docs/BENCHMARK_DATA_CITATIONS.md	1706	text	url	https://github.com/dappalumbo91/FSOT-2.1-Lean/blob/main/vendor/fsot_compute.py	OK(200):self_link			- **software**: FSOT scalar authority (pin D1D38A) — https://github.com/dappalumbo91/FSOT-2.1-Lean/blob/main/vendor/fsot_compute.py
docs/BENCHMARK_DATA_CITATIONS.md	1789	text	url	https://github.com/dappalumbo91/FSOT-2.1-Lean/blob/main/vendor/fsot_compute.py	OK(200):self_link			- **software**: FSOT scalar authority (pin D1D38A) — https://github.com/dappalumbo91/FSOT-2.1-Lean/blob/main/vendor/fsot_compute.py
docs/BENCHMARK_DATA_CITATIONS.md	1790	text	url	https://github.com/dappalumbo91/FSOT-2.1-Lean/blob/main/vendor/fsot_compute.py	OK(200):self_link			- **software**: FSOT scalar authority (pin D1D38A) — https://github.com/dappalumbo91/FSOT-2.1-Lean/blob/main/vendor/fsot_compute.py
docs/BENCHMARK_DATA_CITATIONS.md	1798	text	url	https://github.com/dappalumbo91/FSOT-2.1-Lean/blob/main/vendor/fsot_compute.py	OK(200):self_link			- **software**: FSOT scalar authority (pin D1D38A) — https://github.com/dappalumbo91/FSOT-2.1-Lean/blob/main/vendor/fsot_compute.py
docs/BENCHMARK_DATA_CITATIONS.md	1799	text	url	https://github.com/dappalumbo91/FSOT-2.1-Lean/blob/main/vendor/fsot_compute.py	OK(200):self_link			- **software**: FSOT scalar authority (pin D1D38A) — https://github.com/dappalumbo91/FSOT-2.1-Lean/blob/main/vendor/fsot_compute.py
docs/BENCHMARK_DATA_CITATIONS.md	1813	text	url	https://github.com/dappalumbo91/FSOT-2.1-Lean/blob/main/vendor/fsot_compute.py	OK(200):self_link			- **software**: FSOT scalar authority (pin D1D38A) — https://github.com/dappalumbo91/FSOT-2.1-Lean/blob/main/vendor/fsot_compute.py
docs/BENCHMARK_DATA_CITATIONS.md	1873	text	url	https://github.com/dappalumbo91/FSOT-2.1-Lean/blob/main/vendor/fsot_compute.py	OK(200):self_link			- **software**: FSOT scalar authority (pin D1D38A) — https://github.com/dappalumbo91/FSOT-2.1-Lean/blob/main/vendor/fsot_compute.py
docs/BENCHMARK_DATA_CITATIONS.md	1914	text	url	https://github.com/dappalumbo91/FSOT-2.1-Lean/blob/main/vendor/fsot_compute.py	OK(200):self_link			- **software**: FSOT scalar authority (pin D1D38A) — https://github.com/dappalumbo91/FSOT-2.1-Lean/blob/main/vendor/fsot_compute.py
docs/BENCHMARK_DATA_CITATIONS.md	1962	text	url	https://github.com/dappalumbo91/FSOT-2.1-Lean/blob/main/vendor/fsot_compute.py	OK(200):self_link			- **software**: FSOT scalar authority (pin D1D38A) — https://github.com/dappalumbo91/FSOT-2.1-Lean/blob/main/vendor/fsot_compute.py
docs/BENCHMARK_DATA_CITATIONS.md	2027	text	url	https://github.com/dappalumbo91/FSOT-2.1-Lean/blob/main/vendor/fsot_compute.py	OK(200):self_link			- **software**: FSOT scalar authority (pin D1D38A) — https://github.com/dappalumbo91/FSOT-2.1-Lean/blob/main/vendor/fsot_compute.py
docs/BENCHMARK_DATA_CITATIONS.md	2055	text	url	https://github.com/dappalumbo91/FSOT-2.1-Lean/blob/main/vendor/fsot_compute.py	OK(200):self_link			- **software**: FSOT scalar authority (pin D1D38A) — https://github.com/dappalumbo91/FSOT-2.1-Lean/blob/main/vendor/fsot_compute.py
docs/BENCHMARK_DATA_CITATIONS.md	2071	text	url	https://github.com/dappalumbo91/FSOT-2.1-Lean/blob/main/vendor/fsot_compute.py	OK(200):self_link			- **software**: FSOT scalar authority (pin D1D38A) — https://github.com/dappalumbo91/FSOT-2.1-Lean/blob/main/vendor/fsot_compute.py
docs/BENCHMARK_DATA_CITATIONS.md	2133	text	url	https://github.com/dappalumbo91/FSOT-2.1-Lean/blob/main/vendor/fsot_compute.py	OK(200):self_link			- **software**: FSOT scalar authority (pin D1D38A) — https://github.com/dappalumbo91/FSOT-2.1-Lean/blob/main/vendor/fsot_compute.py
docs/BENCHMARK_DATA_CITATIONS.md	2190	text	url	https://github.com/dappalumbo91/FSOT-2.1-Lean/blob/main/vendor/fsot_compute.py	OK(200):self_link			- **software**: FSOT scalar authority (pin D1D38A) — https://github.com/dappalumbo91/FSOT-2.1-Lean/blob/main/vendor/fsot_compute.py
docs/BENCHMARK_DATA_CITATIONS.md	2223	text	url	https://github.com/dappalumbo91/FSOT-2.1-Lean/blob/main/vendor/fsot_compute.py	OK(200):self_link			- **software**: FSOT scalar authority (pin D1D38A) — https://github.com/dappalumbo91/FSOT-2.1-Lean/blob/main/vendor/fsot_compute.py
docs/BENCHMARK_DATA_CITATIONS.md	2275	text	url	https://github.com/dappalumbo91/FSOT-2.1-Lean/blob/main/vendor/fsot_compute.py	OK(200):self_link			- **software**: FSOT scalar authority (pin D1D38A) — https://github.com/dappalumbo91/FSOT-2.1-Lean/blob/main/vendor/fsot_compute.py
docs/BENCHMARK_DATA_CITATIONS.md	2301	text	url	https://github.com/dappalumbo91/FSOT-2.1-Lean/blob/main/vendor/fsot_compute.py	OK(200):self_link			- **software**: FSOT scalar authority (pin D1D38A) — https://github.com/dappalumbo91/FSOT-2.1-Lean/blob/main/vendor/fsot_compute.py
docs/BENCHMARK_DATA_CITATIONS.md	2332	text	url	https://github.com/dappalumbo91/FSOT-2.1-Lean/blob/main/vendor/fsot_compute.py	OK(200):self_link			- **software**: FSOT scalar authority (pin D1D38A) — https://github.com/dappalumbo91/FSOT-2.1-Lean/blob/main/vendor/fsot_compute.py
docs/BENCHMARK_DATA_CITATIONS.md	2347	text	url	https://github.com/dappalumbo91/FSOT-2.1-Lean/blob/main/vendor/fsot_compute.py	OK(200):self_link			- **software**: FSOT scalar authority (pin D1D38A) — https://github.com/dappalumbo91/FSOT-2.1-Lean/blob/main/vendor/fsot_compute.py
docs/BENCHMARK_DATA_CITATIONS.md	2360	text	url	https://github.com/dappalumbo91/FSOT-2.1-Lean/blob/main/vendor/fsot_compute.py	OK(200):self_link			- **software**: FSOT scalar authority (pin D1D38A) — https://github.com/dappalumbo91/FSOT-2.1-Lean/blob/main/vendor/fsot_compute.py
docs/BENCHMARK_DATA_CITATIONS.md	2361	text	url	https://github.com/dappalumbo91/FSOT-2.1-Lean/blob/main/vendor/fsot_compute.py	OK(200):self_link			- **software**: FSOT scalar authority (pin D1D38A) — https://github.com/dappalumbo91/FSOT-2.1-Lean/blob/main/vendor/fsot_compute.py
docs/BENCHMARK_DATA_CITATIONS.md	2388	text	url	https://github.com/dappalumbo91/FSOT-2.1-Lean/blob/main/vendor/fsot_compute.py	OK(200):self_link			- **software**: FSOT scalar authority (pin D1D38A) — https://github.com/dappalumbo91/FSOT-2.1-Lean/blob/main/vendor/fsot_compute.py
docs/BENCHMARK_DATA_CITATIONS.md	2429	text	url	https://github.com/dappalumbo91/FSOT-2.1-Lean/blob/main/vendor/fsot_compute.py	OK(200):self_link			- **software**: FSOT scalar authority (pin D1D38A) — https://github.com/dappalumbo91/FSOT-2.1-Lean/blob/main/vendor/fsot_compute.py
docs/BENCHMARK_DATA_CITATIONS.md	2438	text	url	https://github.com/dappalumbo91/FSOT-2.1-Lean/blob/main/vendor/fsot_compute.py	OK(200):self_link			- **software**: FSOT scalar authority (pin D1D38A) — https://github.com/dappalumbo91/FSOT-2.1-Lean/blob/main/vendor/fsot_compute.py
docs/BENCHMARK_DATA_CITATIONS.md	2621	text	url	https://github.com/dappalumbo91/FSOT-2.1-Lean/blob/main/vendor/fsot_compute.py	OK(200):self_link			- **software**: FSOT scalar authority (pin D1D38A) — https://github.com/dappalumbo91/FSOT-2.1-Lean/blob/main/vendor/fsot_compute.py
docs/BENCHMARK_DATA_CITATIONS.md	2658	text	url	https://github.com/dappalumbo91/FSOT-2.1-Lean/blob/main/vendor/fsot_compute.py	OK(200):self_link			- **software**: FSOT scalar authority (pin D1D38A) — https://github.com/dappalumbo91/FSOT-2.1-Lean/blob/main/vendor/fsot_compute.py
docs/BENCHMARK_DATA_CITATIONS.md	2669	text	url	https://github.com/dappalumbo91/FSOT-2.1-Lean/blob/main/vendor/fsot_compute.py	OK(200):self_link			- **software**: FSOT scalar authority (pin D1D38A) — https://github.com/dappalumbo91/FSOT-2.1-Lean/blob/main/vendor/fsot_compute.py
docs/BENCHMARK_DATA_CITATIONS.md	2684	text	url	https://github.com/dappalumbo91/FSOT-2.1-Lean/blob/main/vendor/fsot_compute.py	OK(200):self_link			- **software**: FSOT scalar authority (pin D1D38A) — https://github.com/dappalumbo91/FSOT-2.1-Lean/blob/main/vendor/fsot_compute.py
docs/BENCHMARK_DATA_CITATIONS.md	2704	text	url	https://github.com/dappalumbo91/FSOT-2.1-Lean/blob/main/vendor/fsot_compute.py	OK(200):self_link			- **software**: FSOT scalar authority (pin D1D38A) — https://github.com/dappalumbo91/FSOT-2.1-Lean/blob/main/vendor/fsot_compute.py
docs/BENCHMARK_DATA_CITATIONS.md	2705	text	url	https://github.com/dappalumbo91/FSOT-2.1-Lean/blob/main/vendor/fsot_compute.py	OK(200):self_link			- **software**: FSOT scalar authority (pin D1D38A) — https://github.com/dappalumbo91/FSOT-2.1-Lean/blob/main/vendor/fsot_compute.py
docs/BENCHMARK_DATA_CITATIONS.md	2722	text	url	https://github.com/dappalumbo91/FSOT-2.1-Lean/blob/main/vendor/fsot_compute.py	OK(200):self_link			- **software**: FSOT scalar authority (pin D1D38A) — https://github.com/dappalumbo91/FSOT-2.1-Lean/blob/main/vendor/fsot_compute.py
docs/BENCHMARK_DATA_CITATIONS.md	2723	text	url	https://github.com/dappalumbo91/FSOT-2.1-Lean/blob/main/vendor/fsot_compute.py	OK(200):self_link			- **software**: FSOT scalar authority (pin D1D38A) — https://github.com/dappalumbo91/FSOT-2.1-Lean/blob/main/vendor/fsot_compute.py
docs/BENCHMARK_DATA_CITATIONS.md	2739	text	url	https://github.com/dappalumbo91/FSOT-2.1-Lean/blob/main/vendor/fsot_compute.py	OK(200):self_link			- **software**: FSOT scalar authority (pin D1D38A) — https://github.com/dappalumbo91/FSOT-2.1-Lean/blob/main/vendor/fsot_compute.py
docs/BENCHMARK_DATA_CITATIONS.md	2806	text	url	https://github.com/dappalumbo91/FSOT-2.1-Lean/blob/main/vendor/fsot_compute.py	OK(200):self_link			- **software**: FSOT scalar authority (pin D1D38A) — https://github.com/dappalumbo91/FSOT-2.1-Lean/blob/main/vendor/fsot_compute.py
docs/BENCHMARK_DATA_CITATIONS.md	2813	text	url	https://github.com/dappalumbo91/FSOT-2.1-Lean/blob/main/vendor/fsot_compute.py	OK(200):self_link			- **software**: FSOT scalar authority (pin D1D38A) — https://github.com/dappalumbo91/FSOT-2.1-Lean/blob/main/vendor/fsot_compute.py
docs/BENCHMARK_DATA_CITATIONS.md	2831	text	url	https://github.com/dappalumbo91/FSOT-2.1-Lean/blob/main/vendor/fsot_compute.py	OK(200):self_link			- **software**: FSOT scalar authority (pin D1D38A) — https://github.com/dappalumbo91/FSOT-2.1-Lean/blob/main/vendor/fsot_compute.py
docs/BENCHMARK_DATA_CITATIONS.md	2877	text	url	https://github.com/dappalumbo91/FSOT-2.1-Lean/blob/main/vendor/fsot_compute.py	OK(200):self_link			- **software**: FSOT scalar authority (pin D1D38A) — https://github.com/dappalumbo91/FSOT-2.1-Lean/blob/main/vendor/fsot_compute.py
docs/BENCHMARK_DATA_CITATIONS.md	2900	text	url	https://github.com/dappalumbo91/FSOT-2.1-Lean/blob/main/vendor/fsot_compute.py	OK(200):self_link			- **software**: FSOT scalar authority (pin D1D38A) — https://github.com/dappalumbo91/FSOT-2.1-Lean/blob/main/vendor/fsot_compute.py
docs/BENCHMARK_DATA_CITATIONS.md	2909	text	url	https://github.com/dappalumbo91/FSOT-2.1-Lean/blob/main/vendor/fsot_compute.py	OK(200):self_link			- **software**: FSOT scalar authority (pin D1D38A) — https://github.com/dappalumbo91/FSOT-2.1-Lean/blob/main/vendor/fsot_compute.py
docs/BENCHMARK_DATA_CITATIONS.md	2923	text	url	https://github.com/dappalumbo91/FSOT-2.1-Lean/blob/main/vendor/fsot_compute.py	OK(200):self_link			- **software**: FSOT scalar authority (pin D1D38A) — https://github.com/dappalumbo91/FSOT-2.1-Lean/blob/main/vendor/fsot_compute.py
docs/BENCHMARK_DATA_CITATIONS.md	2937	text	url	https://github.com/dappalumbo91/FSOT-2.1-Lean/blob/main/vendor/fsot_compute.py	OK(200):self_link			- **software**: FSOT scalar authority (pin D1D38A) — https://github.com/dappalumbo91/FSOT-2.1-Lean/blob/main/vendor/fsot_compute.py
docs/BENCHMARK_DATA_CITATIONS.md	2954	text	url	https://github.com/dappalumbo91/FSOT-2.1-Lean/blob/main/vendor/fsot_compute.py	OK(200):self_link			- **software**: FSOT scalar authority (pin D1D38A) — https://github.com/dappalumbo91/FSOT-2.1-Lean/blob/main/vendor/fsot_compute.py
docs/BENCHMARK_DATA_CITATIONS.md	3016	text	url	https://github.com/dappalumbo91/FSOT-2.1-Lean/blob/main/vendor/fsot_compute.py	OK(200):self_link			- **software**: FSOT scalar authority (pin D1D38A) — https://github.com/dappalumbo91/FSOT-2.1-Lean/blob/main/vendor/fsot_compute.py
docs/BENCHMARK_DATA_CITATIONS.md	3017	text	url	https://github.com/dappalumbo91/FSOT-2.1-Lean/blob/main/vendor/fsot_compute.py	OK(200):self_link			- **software**: FSOT scalar authority (pin D1D38A) — https://github.com/dappalumbo91/FSOT-2.1-Lean/blob/main/vendor/fsot_compute.py
docs/BENCHMARK_DATA_CITATIONS.md	3040	text	url	https://github.com/dappalumbo91/FSOT-2.1-Lean/blob/main/vendor/fsot_compute.py	OK(200):self_link			- **software**: FSOT scalar authority (pin D1D38A) — https://github.com/dappalumbo91/FSOT-2.1-Lean/blob/main/vendor/fsot_compute.py
docs/BENCHMARK_DATA_CITATIONS.md	3041	text	url	https://github.com/dappalumbo91/FSOT-2.1-Lean/blob/main/vendor/fsot_compute.py	OK(200):self_link			- **software**: FSOT scalar authority (pin D1D38A) — https://github.com/dappalumbo91/FSOT-2.1-Lean/blob/main/vendor/fsot_compute.py
docs/BENCHMARK_DATA_CITATIONS.md	3061	text	url	https://github.com/dappalumbo91/FSOT-2.1-Lean/blob/main/vendor/fsot_compute.py	OK(200):self_link			- **software**: FSOT scalar authority (pin D1D38A) — https://github.com/dappalumbo91/FSOT-2.1-Lean/blob/main/vendor/fsot_compute.py
docs/BENCHMARK_DATA_CITATIONS.md	3071	text	url	https://github.com/dappalumbo91/FSOT-2.1-Lean/blob/main/vendor/fsot_compute.py	OK(200):self_link			- **software**: FSOT scalar authority (pin D1D38A) — https://github.com/dappalumbo91/FSOT-2.1-Lean/blob/main/vendor/fsot_compute.py
docs/BENCHMARK_DATA_CITATIONS.md	3080	text	url	https://github.com/dappalumbo91/FSOT-2.1-Lean/blob/main/vendor/fsot_compute.py	OK(200):self_link			- **software**: FSOT scalar authority (pin D1D38A) — https://github.com/dappalumbo91/FSOT-2.1-Lean/blob/main/vendor/fsot_compute.py
docs/BENCHMARK_DATA_CITATIONS.md	3081	text	url	https://github.com/dappalumbo91/FSOT-2.1-Lean/blob/main/vendor/fsot_compute.py	OK(200):self_link			- **software**: FSOT scalar authority (pin D1D38A) — https://github.com/dappalumbo91/FSOT-2.1-Lean/blob/main/vendor/fsot_compute.py
docs/BENCHMARK_DATA_CITATIONS.md	3200	text	url	https://github.com/dappalumbo91/FSOT-2.1-Lean/blob/main/vendor/fsot_compute.py	OK(200):self_link			- **software**: FSOT scalar authority (pin D1D38A) — https://github.com/dappalumbo91/FSOT-2.1-Lean/blob/main/vendor/fsot_compute.py
docs/BENCHMARK_DATA_CITATIONS.md	3277	text	url	https://github.com/dappalumbo91/FSOT-2.1-Lean/blob/main/vendor/fsot_compute.py	OK(200):self_link			- **software**: FSOT scalar authority (pin D1D38A) — https://github.com/dappalumbo91/FSOT-2.1-Lean/blob/main/vendor/fsot_compute.py
docs/BENCHMARK_DATA_CITATIONS.md	3286	text	url	https://github.com/dappalumbo91/FSOT-2.1-Lean/blob/main/vendor/fsot_compute.py	OK(200):self_link			- **software**: FSOT scalar authority (pin D1D38A) — https://github.com/dappalumbo91/FSOT-2.1-Lean/blob/main/vendor/fsot_compute.py
docs/BENCHMARK_DATA_CITATIONS.md	3331	text	url	https://github.com/dappalumbo91/FSOT-2.1-Lean/blob/main/vendor/fsot_compute.py	OK(200):self_link			- **software**: FSOT scalar authority (pin D1D38A) — https://github.com/dappalumbo91/FSOT-2.1-Lean/blob/main/vendor/fsot_compute.py
docs/BENCHMARK_DATA_CITATIONS.md	3422	text	url	https://github.com/dappalumbo91/FSOT-2.1-Lean/blob/main/vendor/fsot_compute.py	OK(200):self_link			- **software**: FSOT scalar authority (pin D1D38A) — https://github.com/dappalumbo91/FSOT-2.1-Lean/blob/main/vendor/fsot_compute.py
docs/BENCHMARK_DATA_CITATIONS.md	3451	text	url	https://github.com/dappalumbo91/FSOT-2.1-Lean/blob/main/vendor/fsot_compute.py	OK(200):self_link			- **software**: FSOT scalar authority (pin D1D38A) — https://github.com/dappalumbo91/FSOT-2.1-Lean/blob/main/vendor/fsot_compute.py
docs/BENCHMARK_DATA_CITATIONS.md	3476	text	url	https://github.com/dappalumbo91/FSOT-2.1-Lean/blob/main/vendor/fsot_compute.py	OK(200):self_link			- **software**: FSOT scalar authority (pin D1D38A) — https://github.com/dappalumbo91/FSOT-2.1-Lean/blob/main/vendor/fsot_compute.py
docs/BENCHMARK_DATA_CITATIONS.md	3486	text	url	https://github.com/dappalumbo91/FSOT-2.1-Lean/blob/main/vendor/fsot_compute.py	OK(200):self_link			- **software**: FSOT scalar authority (pin D1D38A) — https://github.com/dappalumbo91/FSOT-2.1-Lean/blob/main/vendor/fsot_compute.py
docs/BENCHMARK_DATA_CITATIONS.md	3505	text	url	https://github.com/dappalumbo91/FSOT-2.1-Lean/blob/main/vendor/fsot_compute.py	OK(200):self_link			- **software**: FSOT scalar authority (pin D1D38A) — https://github.com/dappalumbo91/FSOT-2.1-Lean/blob/main/vendor/fsot_compute.py
docs/BENCHMARK_DATA_CITATIONS.md	3515	text	url	https://github.com/dappalumbo91/FSOT-2.1-Lean/blob/main/vendor/fsot_compute.py	OK(200):self_link			- **software**: FSOT scalar authority (pin D1D38A) — https://github.com/dappalumbo91/FSOT-2.1-Lean/blob/main/vendor/fsot_compute.py
docs/BENCHMARK_DATA_CITATIONS.md	3550	text	url	https://github.com/dappalumbo91/FSOT-2.1-Lean/blob/main/vendor/fsot_compute.py	OK(200):self_link			- **software**: FSOT scalar authority (pin D1D38A) — https://github.com/dappalumbo91/FSOT-2.1-Lean/blob/main/vendor/fsot_compute.py
docs/BENCHMARK_DATA_CITATIONS.md	3559	text	url	https://github.com/dappalumbo91/FSOT-2.1-Lean/blob/main/vendor/fsot_compute.py	OK(200):self_link			- **software**: FSOT scalar authority (pin D1D38A) — https://github.com/dappalumbo91/FSOT-2.1-Lean/blob/main/vendor/fsot_compute.py
docs/BENCHMARK_DATA_CITATIONS.md	3578	text	url	https://github.com/dappalumbo91/FSOT-2.1-Lean/blob/main/vendor/fsot_compute.py	OK(200):self_link			- **software**: FSOT scalar authority (pin D1D38A) — https://github.com/dappalumbo91/FSOT-2.1-Lean/blob/main/vendor/fsot_compute.py
docs/BENCHMARK_DATA_CITATIONS.md	3618	text	url	https://github.com/dappalumbo91/FSOT-2.1-Lean/blob/main/vendor/fsot_compute.py	OK(200):self_link			- **software**: FSOT scalar authority (pin D1D38A) — https://github.com/dappalumbo91/FSOT-2.1-Lean/blob/main/vendor/fsot_compute.py
docs/BENCHMARK_DATA_CITATIONS.md	3670	text	url	https://github.com/dappalumbo91/FSOT-2.1-Lean/blob/main/vendor/fsot_compute.py	OK(200):self_link			- **software**: FSOT scalar authority (pin D1D38A) — https://github.com/dappalumbo91/FSOT-2.1-Lean/blob/main/vendor/fsot_compute.py
docs/BENCHMARK_DATA_CITATIONS.md	3680	text	url	https://github.com/dappalumbo91/FSOT-2.1-Lean/blob/main/vendor/fsot_compute.py	OK(200):self_link			- **software**: FSOT scalar authority (pin D1D38A) — https://github.com/dappalumbo91/FSOT-2.1-Lean/blob/main/vendor/fsot_compute.py
docs/BENCHMARK_DATA_CITATIONS.md	3733	text	url	https://github.com/dappalumbo91/FSOT-2.1-Lean/blob/main/vendor/fsot_compute.py	OK(200):self_link			- **software**: FSOT scalar authority (pin D1D38A) — https://github.com/dappalumbo91/FSOT-2.1-Lean/blob/main/vendor/fsot_compute.py
docs/BENCHMARK_DATA_CITATIONS.md	3806	text	url	https://github.com/dappalumbo91/FSOT-2.1-Lean/blob/main/vendor/fsot_compute.py	OK(200):self_link			- **software**: FSOT scalar authority (pin D1D38A) — https://github.com/dappalumbo91/FSOT-2.1-Lean/blob/main/vendor/fsot_compute.py
docs/BENCHMARK_DATA_CITATIONS.md	3859	text	url	https://github.com/dappalumbo91/FSOT-2.1-Lean/blob/main/vendor/fsot_compute.py	OK(200):self_link			- **software**: FSOT scalar authority (pin D1D38A) — https://github.com/dappalumbo91/FSOT-2.1-Lean/blob/main/vendor/fsot_compute.py
docs/BENCHMARK_DATA_CITATIONS.md	3885	text	url	https://github.com/dappalumbo91/FSOT-2.1-Lean/blob/main/vendor/fsot_compute.py	OK(200):self_link			- **software**: FSOT scalar authority (pin D1D38A) — https://github.com/dappalumbo91/FSOT-2.1-Lean/blob/main/vendor/fsot_compute.py
docs/BENCHMARK_DATA_CITATIONS.md	3907	text	url	https://github.com/dappalumbo91/FSOT-2.1-Lean/blob/main/vendor/fsot_compute.py	OK(200):self_link			- **software**: FSOT scalar authority (pin D1D38A) — https://github.com/dappalumbo91/FSOT-2.1-Lean/blob/main/vendor/fsot_compute.py
docs/BENCHMARK_DATA_CITATIONS.md	3943	text	url	https://github.com/dappalumbo91/FSOT-2.1-Lean/blob/main/vendor/fsot_compute.py	OK(200):self_link			- **software**: FSOT scalar authority (pin D1D38A) — https://github.com/dappalumbo91/FSOT-2.1-Lean/blob/main/vendor/fsot_compute.py
docs/BENCHMARK_DATA_CITATIONS.md	3954	text	url	https://github.com/dappalumbo91/FSOT-2.1-Lean/blob/main/vendor/fsot_compute.py	OK(200):self_link			- **software**: FSOT scalar authority (pin D1D38A) — https://github.com/dappalumbo91/FSOT-2.1-Lean/blob/main/vendor/fsot_compute.py
docs/BENCHMARK_DATA_CITATIONS.md	3955	text	url	https://github.com/dappalumbo91/FSOT-2.1-Lean/blob/main/vendor/fsot_compute.py	OK(200):self_link			- **software**: FSOT scalar authority (pin D1D38A) — https://github.com/dappalumbo91/FSOT-2.1-Lean/blob/main/vendor/fsot_compute.py
docs/BENCHMARK_DATA_CITATIONS.md	3956	text	url	https://github.com/dappalumbo91/FSOT-2.1-Lean/blob/main/vendor/fsot_compute.py	OK(200):self_link			- **software**: FSOT scalar authority (pin D1D38A) — https://github.com/dappalumbo91/FSOT-2.1-Lean/blob/main/vendor/fsot_compute.py
docs/BENCHMARK_DATA_CITATIONS.md	3965	text	url	https://github.com/dappalumbo91/FSOT-2.1-Lean/blob/main/vendor/fsot_compute.py	OK(200):self_link			- **software**: FSOT scalar authority (pin D1D38A) — https://github.com/dappalumbo91/FSOT-2.1-Lean/blob/main/vendor/fsot_compute.py
docs/BENCHMARK_DATA_CITATIONS.md	3966	text	url	https://github.com/dappalumbo91/FSOT-2.1-Lean/blob/main/vendor/fsot_compute.py	OK(200):self_link			- **software**: FSOT scalar authority (pin D1D38A) — https://github.com/dappalumbo91/FSOT-2.1-Lean/blob/main/vendor/fsot_compute.py
docs/BENCHMARK_DATA_CITATIONS.md	3976	text	url	https://github.com/dappalumbo91/FSOT-2.1-Lean/blob/main/vendor/fsot_compute.py	OK(200):self_link			- **software**: FSOT scalar authority (pin D1D38A) — https://github.com/dappalumbo91/FSOT-2.1-Lean/blob/main/vendor/fsot_compute.py
docs/BENCHMARK_DATA_CITATIONS.md	3984	text	url	https://github.com/dappalumbo91/FSOT-2.1-Lean/blob/main/vendor/fsot_compute.py	OK(200):self_link			- **software**: FSOT scalar authority (pin D1D38A) — https://github.com/dappalumbo91/FSOT-2.1-Lean/blob/main/vendor/fsot_compute.py
docs/BENCHMARK_DATA_CITATIONS.md	4134	text	url	https://github.com/dappalumbo91/FSOT-2.1-Lean/blob/main/vendor/fsot_compute.py	OK(200):self_link			- **software**: FSOT scalar authority (pin D1D38A) — https://github.com/dappalumbo91/FSOT-2.1-Lean/blob/main/vendor/fsot_compute.py
docs/BENCHMARK_DATA_CITATIONS.md	4230	text	url	https://github.com/dappalumbo91/FSOT-2.1-Lean/blob/main/vendor/fsot_compute.py	OK(200):self_link			- **software**: FSOT scalar authority (pin D1D38A) — https://github.com/dappalumbo91/FSOT-2.1-Lean/blob/main/vendor/fsot_compute.py
docs/BENCHMARK_DATA_CITATIONS.md	4272	text	url	https://github.com/dappalumbo91/FSOT-2.1-Lean/blob/main/vendor/fsot_compute.py	OK(200):self_link			- **software**: FSOT scalar authority (pin D1D38A) — https://github.com/dappalumbo91/FSOT-2.1-Lean/blob/main/vendor/fsot_compute.py
docs/BENCHMARK_DATA_CITATIONS.md	4325	text	url	https://github.com/dappalumbo91/FSOT-2.1-Lean/blob/main/vendor/fsot_compute.py	OK(200):self_link			- **software**: FSOT scalar authority (pin D1D38A) — https://github.com/dappalumbo91/FSOT-2.1-Lean/blob/main/vendor/fsot_compute.py
docs/BENCHMARK_DATA_CITATIONS.md	4343	text	url	https://github.com/dappalumbo91/FSOT-2.1-Lean/blob/main/vendor/fsot_compute.py	OK(200):self_link			- **software**: FSOT scalar authority (pin D1D38A) — https://github.com/dappalumbo91/FSOT-2.1-Lean/blob/main/vendor/fsot_compute.py
docs/BENCHMARK_DATA_CITATIONS.md	4396	text	url	https://github.com/dappalumbo91/FSOT-2.1-Lean/blob/main/vendor/fsot_compute.py	OK(200):self_link			- **software**: FSOT scalar authority (pin D1D38A) — https://github.com/dappalumbo91/FSOT-2.1-Lean/blob/main/vendor/fsot_compute.py
docs/BENCHMARK_DATA_CITATIONS.md	4439	text	url	https://github.com/dappalumbo91/FSOT-2.1-Lean/blob/main/vendor/fsot_compute.py	OK(200):self_link			- **software**: FSOT scalar authority (pin D1D38A) — https://github.com/dappalumbo91/FSOT-2.1-Lean/blob/main/vendor/fsot_compute.py
docs/BENCHMARK_DATA_CITATIONS.md	4440	text	url	https://github.com/dappalumbo91/FSOT-2.1-Lean/blob/main/vendor/fsot_compute.py	OK(200):self_link			- **software**: FSOT scalar authority (pin D1D38A) — https://github.com/dappalumbo91/FSOT-2.1-Lean/blob/main/vendor/fsot_compute.py
docs/BENCHMARK_DATA_CITATIONS.md	4449	text	url	https://github.com/dappalumbo91/FSOT-2.1-Lean/blob/main/vendor/fsot_compute.py	OK(200):self_link			- **software**: FSOT scalar authority (pin D1D38A) — https://github.com/dappalumbo91/FSOT-2.1-Lean/blob/main/vendor/fsot_compute.py
docs/BENCHMARK_DATA_CITATIONS.md	4450	text	url	https://github.com/dappalumbo91/FSOT-2.1-Lean/blob/main/vendor/fsot_compute.py	OK(200):self_link			- **software**: FSOT scalar authority (pin D1D38A) — https://github.com/dappalumbo91/FSOT-2.1-Lean/blob/main/vendor/fsot_compute.py
docs/BENCHMARK_DATA_CITATIONS.md	4528	text	url	https://github.com/dappalumbo91/FSOT-2.1-Lean/blob/main/vendor/fsot_compute.py	OK(200):self_link			- **software**: FSOT scalar authority (pin D1D38A) — https://github.com/dappalumbo91/FSOT-2.1-Lean/blob/main/vendor/fsot_compute.py
docs/BENCHMARK_DATA_CITATIONS.md	4587	text	url	https://github.com/dappalumbo91/FSOT-2.1-Lean/blob/main/vendor/fsot_compute.py	OK(200):self_link			- **software**: FSOT scalar authority (pin D1D38A) — https://github.com/dappalumbo91/FSOT-2.1-Lean/blob/main/vendor/fsot_compute.py
docs/BENCHMARK_DATA_CITATIONS.md	4627	text	url	https://github.com/dappalumbo91/FSOT-2.1-Lean/blob/main/vendor/fsot_compute.py	OK(200):self_link			- **software**: FSOT scalar authority (pin D1D38A) — https://github.com/dappalumbo91/FSOT-2.1-Lean/blob/main/vendor/fsot_compute.py
docs/BENCHMARK_DATA_CITATIONS.md	4668	text	url	https://github.com/dappalumbo91/FSOT-2.1-Lean/blob/main/vendor/fsot_compute.py	OK(200):self_link			- **software**: FSOT scalar authority (pin D1D38A) — https://github.com/dappalumbo91/FSOT-2.1-Lean/blob/main/vendor/fsot_compute.py
docs/BENCHMARK_DATA_CITATIONS.md	4741	text	url	https://github.com/dappalumbo91/FSOT-2.1-Lean/blob/main/vendor/fsot_compute.py	OK(200):self_link			- **software**: FSOT scalar authority (pin D1D38A) — https://github.com/dappalumbo91/FSOT-2.1-Lean/blob/main/vendor/fsot_compute.py
docs/BENCHMARK_DATA_CITATIONS.md	4749	text	url	https://github.com/dappalumbo91/FSOT-2.1-Lean/blob/main/vendor/fsot_compute.py	OK(200):self_link			- **software**: FSOT scalar authority (pin D1D38A) — https://github.com/dappalumbo91/FSOT-2.1-Lean/blob/main/vendor/fsot_compute.py
docs/BENCHMARK_DATA_CITATIONS.md	4750	text	url	https://github.com/dappalumbo91/FSOT-2.1-Lean/blob/main/vendor/fsot_compute.py	OK(200):self_link			- **software**: FSOT scalar authority (pin D1D38A) — https://github.com/dappalumbo91/FSOT-2.1-Lean/blob/main/vendor/fsot_compute.py
docs/BENCHMARK_DATA_CITATIONS.md	4751	text	url	https://github.com/dappalumbo91/FSOT-2.1-Lean/blob/main/vendor/fsot_compute.py	OK(200):self_link			- **software**: FSOT scalar authority (pin D1D38A) — https://github.com/dappalumbo91/FSOT-2.1-Lean/blob/main/vendor/fsot_compute.py
docs/BENCHMARK_DATA_CITATIONS.md	4760	text	url	https://github.com/dappalumbo91/FSOT-2.1-Lean/blob/main/vendor/fsot_compute.py	OK(200):self_link			- **software**: FSOT scalar authority (pin D1D38A) — https://github.com/dappalumbo91/FSOT-2.1-Lean/blob/main/vendor/fsot_compute.py
docs/BENCHMARK_DATA_CITATIONS.md	4761	text	url	https://github.com/dappalumbo91/FSOT-2.1-Lean/blob/main/vendor/fsot_compute.py	OK(200):self_link			- **software**: FSOT scalar authority (pin D1D38A) — https://github.com/dappalumbo91/FSOT-2.1-Lean/blob/main/vendor/fsot_compute.py
docs/BENCHMARK_DATA_CITATIONS.md	4782	text	url	https://github.com/dappalumbo91/FSOT-2.1-Lean/blob/main/vendor/fsot_compute.py	OK(200):self_link			- **software**: FSOT scalar authority (pin D1D38A) — https://github.com/dappalumbo91/FSOT-2.1-Lean/blob/main/vendor/fsot_compute.py
docs/BENCHMARK_DATA_CITATIONS.md	5013	text	url	https://github.com/dappalumbo91/FSOT-2.1-Lean/blob/main/vendor/fsot_compute.py	OK(200):self_link			- **software**: FSOT scalar authority (pin D1D38A) — https://github.com/dappalumbo91/FSOT-2.1-Lean/blob/main/vendor/fsot_compute.py
docs/BENCHMARK_DATA_CITATIONS.md	5083	text	url	https://github.com/dappalumbo91/FSOT-2.1-Lean/blob/main/vendor/fsot_compute.py	OK(200):self_link			- **software**: FSOT scalar authority (pin D1D38A) — https://github.com/dappalumbo91/FSOT-2.1-Lean/blob/main/vendor/fsot_compute.py
docs/BENCHMARK_DATA_CITATIONS.md	5084	text	url	https://github.com/dappalumbo91/FSOT-2.1-Lean/blob/main/vendor/fsot_compute.py	OK(200):self_link			- **software**: FSOT scalar authority (pin D1D38A) — https://github.com/dappalumbo91/FSOT-2.1-Lean/blob/main/vendor/fsot_compute.py
docs/BENCHMARK_DATA_CITATIONS.md	5093	text	url	https://github.com/dappalumbo91/FSOT-2.1-Lean/blob/main/vendor/fsot_compute.py	OK(200):self_link			- **software**: FSOT scalar authority (pin D1D38A) — https://github.com/dappalumbo91/FSOT-2.1-Lean/blob/main/vendor/fsot_compute.py
docs/BENCHMARK_DATA_CITATIONS.md	5183	text	url	https://github.com/dappalumbo91/FSOT-2.1-Lean/blob/main/vendor/fsot_compute.py	OK(200):self_link			- **software**: FSOT scalar authority (pin D1D38A) — https://github.com/dappalumbo91/FSOT-2.1-Lean/blob/main/vendor/fsot_compute.py
docs/BENCHMARK_DATA_CITATIONS.md	5213	text	url	https://github.com/dappalumbo91/FSOT-2.1-Lean/blob/main/vendor/fsot_compute.py	OK(200):self_link			- **software**: FSOT scalar authority (pin D1D38A) — https://github.com/dappalumbo91/FSOT-2.1-Lean/blob/main/vendor/fsot_compute.py
docs/BENCHMARK_DATA_CITATIONS.md	5223	text	url	https://github.com/dappalumbo91/FSOT-2.1-Lean/blob/main/vendor/fsot_compute.py	OK(200):self_link			- **software**: FSOT scalar authority (pin D1D38A) — https://github.com/dappalumbo91/FSOT-2.1-Lean/blob/main/vendor/fsot_compute.py
docs/BENCHMARK_DATA_CITATIONS.md	5224	text	url	https://github.com/dappalumbo91/FSOT-2.1-Lean/blob/main/vendor/fsot_compute.py	OK(200):self_link			- **software**: FSOT scalar authority (pin D1D38A) — https://github.com/dappalumbo91/FSOT-2.1-Lean/blob/main/vendor/fsot_compute.py
docs/BENCHMARK_DATA_CITATIONS.md	5233	text	url	https://github.com/dappalumbo91/FSOT-2.1-Lean/blob/main/vendor/fsot_compute.py	OK(200):self_link			- **software**: FSOT scalar authority (pin D1D38A) — https://github.com/dappalumbo91/FSOT-2.1-Lean/blob/main/vendor/fsot_compute.py
docs/BENCHMARK_DATA_CITATIONS.md	5258	text	url	https://github.com/dappalumbo91/FSOT-2.1-Lean/blob/main/vendor/fsot_compute.py	OK(200):self_link			- **software**: FSOT scalar authority (pin D1D38A) — https://github.com/dappalumbo91/FSOT-2.1-Lean/blob/main/vendor/fsot_compute.py
docs/BENCHMARK_DATA_CITATIONS.md	5266	text	url	https://github.com/dappalumbo91/FSOT-2.1-Lean/blob/main/vendor/fsot_compute.py	OK(200):self_link			- **software**: FSOT scalar authority (pin D1D38A) — https://github.com/dappalumbo91/FSOT-2.1-Lean/blob/main/vendor/fsot_compute.py
docs/BENCHMARK_DATA_CITATIONS.md	5274	text	url	https://github.com/dappalumbo91/FSOT-2.1-Lean/blob/main/vendor/fsot_compute.py	OK(200):self_link			- **software**: FSOT scalar authority (pin D1D38A) — https://github.com/dappalumbo91/FSOT-2.1-Lean/blob/main/vendor/fsot_compute.py
docs/BENCHMARK_DATA_CITATIONS.md	5275	text	url	https://github.com/dappalumbo91/FSOT-2.1-Lean/blob/main/vendor/fsot_compute.py	OK(200):self_link			- **software**: FSOT scalar authority (pin D1D38A) — https://github.com/dappalumbo91/FSOT-2.1-Lean/blob/main/vendor/fsot_compute.py
docs/BENCHMARK_DATA_CITATIONS.md	5337	text	url	https://github.com/dappalumbo91/FSOT-2.1-Lean/blob/main/vendor/fsot_compute.py	OK(200):self_link			- **software**: FSOT scalar authority (pin D1D38A) — https://github.com/dappalumbo91/FSOT-2.1-Lean/blob/main/vendor/fsot_compute.py
docs/BENCHMARK_DATA_CITATIONS.md	5338	text	url	https://github.com/dappalumbo91/FSOT-2.1-Lean/blob/main/vendor/fsot_compute.py	OK(200):self_link			- **software**: FSOT scalar authority (pin D1D38A) — https://github.com/dappalumbo91/FSOT-2.1-Lean/blob/main/vendor/fsot_compute.py
docs/BENCHMARK_DATA_CITATIONS.md	5410	text	url	https://github.com/dappalumbo91/FSOT-2.1-Lean/blob/main/vendor/fsot_compute.py	OK(200):self_link			- **software**: FSOT scalar authority (pin D1D38A) — https://github.com/dappalumbo91/FSOT-2.1-Lean/blob/main/vendor/fsot_compute.py
docs/BENCHMARK_DATA_CITATIONS.md	5411	text	url	https://github.com/dappalumbo91/FSOT-2.1-Lean/blob/main/vendor/fsot_compute.py	OK(200):self_link			- **software**: FSOT scalar authority (pin D1D38A) — https://github.com/dappalumbo91/FSOT-2.1-Lean/blob/main/vendor/fsot_compute.py
docs/BENCHMARK_DATA_CITATIONS.md	5438	text	url	https://github.com/dappalumbo91/FSOT-2.1-Lean/blob/main/vendor/fsot_compute.py	OK(200):self_link			- **software**: FSOT scalar authority (pin D1D38A) — https://github.com/dappalumbo91/FSOT-2.1-Lean/blob/main/vendor/fsot_compute.py
docs/BENCHMARK_DATA_CITATIONS.md	5439	text	url	https://github.com/dappalumbo91/FSOT-2.1-Lean/blob/main/vendor/fsot_compute.py	OK(200):self_link			- **software**: FSOT scalar authority (pin D1D38A) — https://github.com/dappalumbo91/FSOT-2.1-Lean/blob/main/vendor/fsot_compute.py
docs/BENCHMARK_DATA_CITATIONS.md	5488	text	url	https://github.com/dappalumbo91/FSOT-2.1-Lean/blob/main/vendor/fsot_compute.py	OK(200):self_link			- **software**: FSOT scalar authority (pin D1D38A) — https://github.com/dappalumbo91/FSOT-2.1-Lean/blob/main/vendor/fsot_compute.py
docs/BENCHMARK_DATA_CITATIONS.md	5511	text	url	https://github.com/dappalumbo91/FSOT-2.1-Lean/blob/main/vendor/fsot_compute.py	OK(200):self_link			- **software**: FSOT scalar authority (pin D1D38A) — https://github.com/dappalumbo91/FSOT-2.1-Lean/blob/main/vendor/fsot_compute.py
docs/BENCHMARK_DATA_CITATIONS.md	5529	text	url	https://github.com/dappalumbo91/FSOT-2.1-Lean/blob/main/vendor/fsot_compute.py	OK(200):self_link			- **software**: FSOT scalar authority (pin D1D38A) — https://github.com/dappalumbo91/FSOT-2.1-Lean/blob/main/vendor/fsot_compute.py
docs/BENCHMARK_DATA_CITATIONS.md	5548	text	url	https://github.com/dappalumbo91/FSOT-2.1-Lean/blob/main/vendor/fsot_compute.py	OK(200):self_link			- **software**: FSOT scalar authority (pin D1D38A) — https://github.com/dappalumbo91/FSOT-2.1-Lean/blob/main/vendor/fsot_compute.py
docs/BENCHMARK_DATA_CITATIONS.md	5560	text	url	https://github.com/dappalumbo91/FSOT-2.1-Lean/blob/main/vendor/fsot_compute.py	OK(200):self_link			- **software**: FSOT scalar authority (pin D1D38A) — https://github.com/dappalumbo91/FSOT-2.1-Lean/blob/main/vendor/fsot_compute.py
docs/BENCHMARK_DATA_CITATIONS.md	5561	text	url	https://github.com/dappalumbo91/FSOT-2.1-Lean/blob/main/vendor/fsot_compute.py	OK(200):self_link			- **software**: FSOT scalar authority (pin D1D38A) — https://github.com/dappalumbo91/FSOT-2.1-Lean/blob/main/vendor/fsot_compute.py
docs/BENCHMARK_DATA_CITATIONS.md	5575	text	url	https://github.com/dappalumbo91/FSOT-2.1-Lean/blob/main/vendor/fsot_compute.py	OK(200):self_link			- **software**: FSOT scalar authority (pin D1D38A) — https://github.com/dappalumbo91/FSOT-2.1-Lean/blob/main/vendor/fsot_compute.py
docs/BENCHMARK_DATA_CITATIONS.md	5610	text	url	https://github.com/dappalumbo91/FSOT-2.1-Lean/blob/main/vendor/fsot_compute.py	OK(200):self_link			- **software**: FSOT scalar authority (pin D1D38A) — https://github.com/dappalumbo91/FSOT-2.1-Lean/blob/main/vendor/fsot_compute.py
docs/BENCHMARK_DATA_CITATIONS.md	5634	text	url	https://github.com/dappalumbo91/FSOT-2.1-Lean/blob/main/vendor/fsot_compute.py	OK(200):self_link			- **software**: FSOT scalar authority (pin D1D38A) — https://github.com/dappalumbo91/FSOT-2.1-Lean/blob/main/vendor/fsot_compute.py
README.md	1115	text	url	https://github.com/dappalumbo91/FSOT-2.1-Lean/releases/tag/fsot-monograph-v1	HTTP_ERROR(404):self_link			https://github.com/dappalumbo91/FSOT-2.1-Lean/releases/tag/fsot-monograph-v1
docs/BENCHMARK_DATA_CITATIONS.md	626	text	url	https://github.com/dappalumbo91/FSOT-2.1-Lean/tree/main/acoustic_resonance_materials_benchmark.json	HTTP_ERROR(404):self_link			| vendor_cache | acoustic_resonance_materials_benchmark.json | https://github.com/dappalumbo91/FSOT-2.1-Lean/tree/main/acoustic_resonance_materials_benchmark.json | 3 |
docs/BENCHMARK_DATA_CITATIONS.md	2516	text	url	https://github.com/dappalumbo91/FSOT-2.1-Lean/tree/main/acoustic_resonance_materials_benchmark.json	HTTP_ERROR(404):self_link			- **vendor_cache**: acoustic_resonance_materials_benchmark.json — https://github.com/dappalumbo91/FSOT-2.1-Lean/tree/main/acoustic_resonance_materials_benchmark.json
docs/BENCHMARK_DATA_CITATIONS.md	3452	text	url	https://github.com/dappalumbo91/FSOT-2.1-Lean/tree/main/acoustic_resonance_materials_benchmark.json	HTTP_ERROR(404):self_link			- **vendor_cache**: acoustic_resonance_materials_benchmark.json — https://github.com/dappalumbo91/FSOT-2.1-Lean/tree/main/acoustic_resonance_materials_benchmark.json
docs/BENCHMARK_DATA_CITATIONS.md	4803	text	url	https://github.com/dappalumbo91/FSOT-2.1-Lean/tree/main/acoustic_resonance_materials_benchmark.json	HTTP_ERROR(404):self_link			- **vendor_cache**: acoustic_resonance_materials_benchmark.json — https://github.com/dappalumbo91/FSOT-2.1-Lean/tree/main/acoustic_resonance_materials_benchmark.json
docs/BENCHMARK_DATA_CITATIONS.md	627	text	url	https://github.com/dappalumbo91/FSOT-2.1-Lean/tree/main/actuarial_science_panel_benchmark.json	HTTP_ERROR(404):self_link			| vendor_cache | actuarial_science_panel_benchmark.json | https://github.com/dappalumbo91/FSOT-2.1-Lean/tree/main/actuarial_science_panel_benchmark.json | 1 |
docs/BENCHMARK_DATA_CITATIONS.md	2517	text	url	https://github.com/dappalumbo91/FSOT-2.1-Lean/tree/main/actuarial_science_panel_benchmark.json	HTTP_ERROR(404):self_link			- **vendor_cache**: actuarial_science_panel_benchmark.json — https://github.com/dappalumbo91/FSOT-2.1-Lean/tree/main/actuarial_science_panel_benchmark.json
docs/BENCHMARK_DATA_CITATIONS.md	628	text	url	https://github.com/dappalumbo91/FSOT-2.1-Lean/tree/main/adjacent_rung_coupling_benchmark.json	HTTP_ERROR(404):self_link			| vendor_cache | adjacent_rung_coupling_benchmark.json | https://github.com/dappalumbo91/FSOT-2.1-Lean/tree/main/adjacent_rung_coupling_benchmark.json | 2 |
docs/BENCHMARK_DATA_CITATIONS.md	2518	text	url	https://github.com/dappalumbo91/FSOT-2.1-Lean/tree/main/adjacent_rung_coupling_benchmark.json	HTTP_ERROR(404):self_link			- **vendor_cache**: adjacent_rung_coupling_benchmark.json — https://github.com/dappalumbo91/FSOT-2.1-Lean/tree/main/adjacent_rung_coupling_benchmark.json
docs/BENCHMARK_DATA_CITATIONS.md	4353	text	url	https://github.com/dappalumbo91/FSOT-2.1-Lean/tree/main/adjacent_rung_coupling_benchmark.json	HTTP_ERROR(404):self_link			- **vendor_cache**: adjacent_rung_coupling_benchmark.json — https://github.com/dappalumbo91/FSOT-2.1-Lean/tree/main/adjacent_rung_coupling_benchmark.json
docs/BENCHMARK_DATA_CITATIONS.md	629	text	url	https://github.com/dappalumbo91/FSOT-2.1-Lean/tree/main/adversarial_fractal_break_benchmark.json	HTTP_ERROR(404):self_link			| vendor_cache | adversarial_fractal_break_benchmark.json | https://github.com/dappalumbo91/FSOT-2.1-Lean/tree/main/adversarial_fractal_break_benchmark.json | 1 |
docs/BENCHMARK_DATA_CITATIONS.md	2519	text	url	https://github.com/dappalumbo91/FSOT-2.1-Lean/tree/main/adversarial_fractal_break_benchmark.json	HTTP_ERROR(404):self_link			- **vendor_cache**: adversarial_fractal_break_benchmark.json — https://github.com/dappalumbo91/FSOT-2.1-Lean/tree/main/adversarial_fractal_break_benchmark.json
docs/BENCHMARK_DATA_CITATIONS.md	630	text	url	https://github.com/dappalumbo91/FSOT-2.1-Lean/tree/main/agriculture_agroecology_gap_fill_benchmark.json	HTTP_ERROR(404):self_link			| vendor_cache | agriculture_agroecology_gap_fill_benchmark.json | https://github.com/dappalumbo91/FSOT-2.1-Lean/tree/main/agriculture_agroecology_gap_fill_benchmark.json | 1 |
docs/BENCHMARK_DATA_CITATIONS.md	2520	text	url	https://github.com/dappalumbo91/FSOT-2.1-Lean/tree/main/agriculture_agroecology_gap_fill_benchmark.json	HTTP_ERROR(404):self_link			- **vendor_cache**: agriculture_agroecology_gap_fill_benchmark.json — https://github.com/dappalumbo91/FSOT-2.1-Lean/tree/main/agriculture_agroecology_gap_fill_benchmark.json
docs/BENCHMARK_DATA_CITATIONS.md	631	text	url	https://github.com/dappalumbo91/FSOT-2.1-Lean/tree/main/ai_galactic_orbital_bridge_benchmark.json	HTTP_ERROR(404):self_link			| vendor_cache | ai_galactic_orbital_bridge_benchmark.json | https://github.com/dappalumbo91/FSOT-2.1-Lean/tree/main/ai_galactic_orbital_bridge_benchmark.json | 1 |
docs/BENCHMARK_DATA_CITATIONS.md	2521	text	url	https://github.com/dappalumbo91/FSOT-2.1-Lean/tree/main/ai_galactic_orbital_bridge_benchmark.json	HTTP_ERROR(404):self_link			- **vendor_cache**: ai_galactic_orbital_bridge_benchmark.json — https://github.com/dappalumbo91/FSOT-2.1-Lean/tree/main/ai_galactic_orbital_bridge_benchmark.json
docs/BENCHMARK_DATA_CITATIONS.md	632	text	url	https://github.com/dappalumbo91/FSOT-2.1-Lean/tree/main/alternate_base_mathematics_explorer_panel_benchmark.json	HTTP_ERROR(404):self_link			| vendor_cache | alternate_base_mathematics_explorer_panel_benchmark.json | https://github.com/dappalumbo91/FSOT-2.1-Lean/tree/main/alternate_base_mathematics_explorer_panel_benchmark.json | 1 |
docs/BENCHMARK_DATA_CITATIONS.md	2522	text	url	https://github.com/dappalumbo91/FSOT-2.1-Lean/tree/main/alternate_base_mathematics_explorer_panel_benchmark.json	HTTP_ERROR(404):self_link			- **vendor_cache**: alternate_base_mathematics_explorer_panel_benchmark.json — https://github.com/dappalumbo91/FSOT-2.1-Lean/tree/main/alternate_base_mathematics_explorer_panel_benchmark.json
docs/BENCHMARK_DATA_CITATIONS.md	633	text	url	https://github.com/dappalumbo91/FSOT-2.1-Lean/tree/main/alternate_base_mathematics_spine_benchmark.json	HTTP_ERROR(404):self_link			| vendor_cache | alternate_base_mathematics_spine_benchmark.json | https://github.com/dappalumbo91/FSOT-2.1-Lean/tree/main/alternate_base_mathematics_spine_benchmark.json | 1 |
docs/BENCHMARK_DATA_CITATIONS.md	2523	text	url	https://github.com/dappalumbo91/FSOT-2.1-Lean/tree/main/alternate_base_mathematics_spine_benchmark.json	HTTP_ERROR(404):self_link			- **vendor_cache**: alternate_base_mathematics_spine_benchmark.json — https://github.com/dappalumbo91/FSOT-2.1-Lean/tree/main/alternate_base_mathematics_spine_benchmark.json
docs/BENCHMARK_DATA_CITATIONS.md	634	text	url	https://github.com/dappalumbo91/FSOT-2.1-Lean/tree/main/anthropology_extension_benchmark.json	HTTP_ERROR(404):self_link			| vendor_cache | anthropology_extension_benchmark.json | https://github.com/dappalumbo91/FSOT-2.1-Lean/tree/main/anthropology_extension_benchmark.json | 1 |
docs/BENCHMARK_DATA_CITATIONS.md	2524	text	url	https://github.com/dappalumbo91/FSOT-2.1-Lean/tree/main/anthropology_extension_benchmark.json	HTTP_ERROR(404):self_link			- **vendor_cache**: anthropology_extension_benchmark.json — https://github.com/dappalumbo91/FSOT-2.1-Lean/tree/main/anthropology_extension_benchmark.json
docs/BENCHMARK_DATA_CITATIONS.md	635	text	url	https://github.com/dappalumbo91/FSOT-2.1-Lean/tree/main/architecture_building_science_gap_fill_benchmark.json	HTTP_ERROR(404):self_link			| vendor_cache | architecture_building_science_gap_fill_benchmark.json | https://github.com/dappalumbo91/FSOT-2.1-Lean/tree/main/architecture_building_science_gap_fill_benchmark.json | 3 |
docs/BENCHMARK_DATA_CITATIONS.md	930	text	url	https://github.com/dappalumbo91/FSOT-2.1-Lean/tree/main/architecture_building_science_gap_fill_benchmark.json	HTTP_ERROR(404):self_link			- **vendor_cache**: architecture_building_science_gap_fill_benchmark.json — https://github.com/dappalumbo91/FSOT-2.1-Lean/tree/main/architecture_building_science_gap_fill_benchmark.json
docs/BENCHMARK_DATA_CITATIONS.md	2525	text	url	https://github.com/dappalumbo91/FSOT-2.1-Lean/tree/main/architecture_building_science_gap_fill_benchmark.json	HTTP_ERROR(404):self_link			- **vendor_cache**: architecture_building_science_gap_fill_benchmark.json — https://github.com/dappalumbo91/FSOT-2.1-Lean/tree/main/architecture_building_science_gap_fill_benchmark.json
docs/BENCHMARK_DATA_CITATIONS.md	4806	text	url	https://github.com/dappalumbo91/FSOT-2.1-Lean/tree/main/architecture_building_science_gap_fill_benchmark.json	HTTP_ERROR(404):self_link			- **vendor_cache**: architecture_building_science_gap_fill_benchmark.json — https://github.com/dappalumbo91/FSOT-2.1-Lean/tree/main/architecture_building_science_gap_fill_benchmark.json
docs/BENCHMARK_DATA_CITATIONS.md	636	text	url	https://github.com/dappalumbo91/FSOT-2.1-Lean/tree/main/arxiv_brain_knowledge_panel_benchmark.json	HTTP_ERROR(404):self_link			| vendor_cache | arxiv_brain_knowledge_panel_benchmark.json | https://github.com/dappalumbo91/FSOT-2.1-Lean/tree/main/arxiv_brain_knowledge_panel_benchmark.json | 1 |
docs/BENCHMARK_DATA_CITATIONS.md	2526	text	url	https://github.com/dappalumbo91/FSOT-2.1-Lean/tree/main/arxiv_brain_knowledge_panel_benchmark.json	HTTP_ERROR(404):self_link			- **vendor_cache**: arxiv_brain_knowledge_panel_benchmark.json — https://github.com/dappalumbo91/FSOT-2.1-Lean/tree/main/arxiv_brain_knowledge_panel_benchmark.json
docs/BENCHMARK_DATA_CITATIONS.md	637	text	url	https://github.com/dappalumbo91/FSOT-2.1-Lean/tree/main/arxiv_gravitational_waves_panel_benchmark.json	HTTP_ERROR(404):self_link			| vendor_cache | arxiv_gravitational_waves_panel_benchmark.json | https://github.com/dappalumbo91/FSOT-2.1-Lean/tree/main/arxiv_gravitational_waves_panel_benchmark.json | 1 |
docs/BENCHMARK_DATA_CITATIONS.md	2527	text	url	https://github.com/dappalumbo91/FSOT-2.1-Lean/tree/main/arxiv_gravitational_waves_panel_benchmark.json	HTTP_ERROR(404):self_link			- **vendor_cache**: arxiv_gravitational_waves_panel_benchmark.json — https://github.com/dappalumbo91/FSOT-2.1-Lean/tree/main/arxiv_gravitational_waves_panel_benchmark.json
docs/BENCHMARK_DATA_CITATIONS.md	638	text	url	https://github.com/dappalumbo91/FSOT-2.1-Lean/tree/main/arxiv_primitives_panel_benchmark.json	HTTP_ERROR(404):self_link			| vendor_cache | arxiv_primitives_panel_benchmark.json | https://github.com/dappalumbo91/FSOT-2.1-Lean/tree/main/arxiv_primitives_panel_benchmark.json | 1 |
docs/BENCHMARK_DATA_CITATIONS.md	2528	text	url	https://github.com/dappalumbo91/FSOT-2.1-Lean/tree/main/arxiv_primitives_panel_benchmark.json	HTTP_ERROR(404):self_link			- **vendor_cache**: arxiv_primitives_panel_benchmark.json — https://github.com/dappalumbo91/FSOT-2.1-Lean/tree/main/arxiv_primitives_panel_benchmark.json
docs/BENCHMARK_DATA_CITATIONS.md	639	text	url	https://github.com/dappalumbo91/FSOT-2.1-Lean/tree/main/arxiv_primitives_v14_benchmark.json	HTTP_ERROR(404):self_link			| vendor_cache | arxiv_primitives_v14_benchmark.json | https://github.com/dappalumbo91/FSOT-2.1-Lean/tree/main/arxiv_primitives_v14_benchmark.json | 1 |
docs/BENCHMARK_DATA_CITATIONS.md	2529	text	url	https://github.com/dappalumbo91/FSOT-2.1-Lean/tree/main/arxiv_primitives_v14_benchmark.json	HTTP_ERROR(404):self_link			- **vendor_cache**: arxiv_primitives_v14_benchmark.json — https://github.com/dappalumbo91/FSOT-2.1-Lean/tree/main/arxiv_primitives_v14_benchmark.json
docs/BENCHMARK_DATA_CITATIONS.md	640	text	url	https://github.com/dappalumbo91/FSOT-2.1-Lean/tree/main/astrophysical_structure_crosswalk_benchmark.json	HTTP_ERROR(404):self_link			| vendor_cache | astrophysical_structure_crosswalk_benchmark.json | https://github.com/dappalumbo91/FSOT-2.1-Lean/tree/main/astrophysical_structure_crosswalk_benchmark.json | 1 |
docs/BENCHMARK_DATA_CITATIONS.md	2530	text	url	https://github.com/dappalumbo91/FSOT-2.1-Lean/tree/main/astrophysical_structure_crosswalk_benchmark.json	HTTP_ERROR(404):self_link			- **vendor_cache**: astrophysical_structure_crosswalk_benchmark.json — https://github.com/dappalumbo91/FSOT-2.1-Lean/tree/main/astrophysical_structure_crosswalk_benchmark.json
docs/BENCHMARK_DATA_CITATIONS.md	641	text	url	https://github.com/dappalumbo91/FSOT-2.1-Lean/tree/main/atmospheric_physics_gap_fill_benchmark.json	HTTP_ERROR(404):self_link			| vendor_cache | atmospheric_physics_gap_fill_benchmark.json | https://github.com/dappalumbo91/FSOT-2.1-Lean/tree/main/atmospheric_physics_gap_fill_benchmark.json | 1 |
docs/BENCHMARK_DATA_CITATIONS.md	2531	text	url	https://github.com/dappalumbo91/FSOT-2.1-Lean/tree/main/atmospheric_physics_gap_fill_benchmark.json	HTTP_ERROR(404):self_link			- **vendor_cache**: atmospheric_physics_gap_fill_benchmark.json — https://github.com/dappalumbo91/FSOT-2.1-Lean/tree/main/atmospheric_physics_gap_fill_benchmark.json
docs/BENCHMARK_DATA_CITATIONS.md	642	text	url	https://github.com/dappalumbo91/FSOT-2.1-Lean/tree/main/atomic_physics_gap_fill_benchmark.json	HTTP_ERROR(404):self_link			| vendor_cache | atomic_physics_gap_fill_benchmark.json | https://github.com/dappalumbo91/FSOT-2.1-Lean/tree/main/atomic_physics_gap_fill_benchmark.json | 1 |
docs/BENCHMARK_DATA_CITATIONS.md	2532	text	url	https://github.com/dappalumbo91/FSOT-2.1-Lean/tree/main/atomic_physics_gap_fill_benchmark.json	HTTP_ERROR(404):self_link			- **vendor_cache**: atomic_physics_gap_fill_benchmark.json — https://github.com/dappalumbo91/FSOT-2.1-Lean/tree/main/atomic_physics_gap_fill_benchmark.json
docs/BENCHMARK_DATA_CITATIONS.md	643	text	url	https://github.com/dappalumbo91/FSOT-2.1-Lean/tree/main/bibliography_corpus_panel_benchmark.json	HTTP_ERROR(404):self_link			| vendor_cache | bibliography_corpus_panel_benchmark.json | https://github.com/dappalumbo91/FSOT-2.1-Lean/tree/main/bibliography_corpus_panel_benchmark.json | 1 |
docs/BENCHMARK_DATA_CITATIONS.md	2533	text	url	https://github.com/dappalumbo91/FSOT-2.1-Lean/tree/main/bibliography_corpus_panel_benchmark.json	HTTP_ERROR(404):self_link			- **vendor_cache**: bibliography_corpus_panel_benchmark.json — https://github.com/dappalumbo91/FSOT-2.1-Lean/tree/main/bibliography_corpus_panel_benchmark.json
docs/BENCHMARK_DATA_CITATIONS.md	644	text	url	https://github.com/dappalumbo91/FSOT-2.1-Lean/tree/main/bibliography_lean_corpus_benchmark.json	HTTP_ERROR(404):self_link			| vendor_cache | bibliography_lean_corpus_benchmark.json | https://github.com/dappalumbo91/FSOT-2.1-Lean/tree/main/bibliography_lean_corpus_benchmark.json | 1 |
docs/BENCHMARK_DATA_CITATIONS.md	2534	text	url	https://github.com/dappalumbo91/FSOT-2.1-Lean/tree/main/bibliography_lean_corpus_benchmark.json	HTTP_ERROR(404):self_link			- **vendor_cache**: bibliography_lean_corpus_benchmark.json — https://github.com/dappalumbo91/FSOT-2.1-Lean/tree/main/bibliography_lean_corpus_benchmark.json
docs/BENCHMARK_DATA_CITATIONS.md	645	text	url	https://github.com/dappalumbo91/FSOT-2.1-Lean/tree/main/binary_decoder_panel_benchmark.json	HTTP_ERROR(404):self_link			| vendor_cache | binary_decoder_panel_benchmark.json | https://github.com/dappalumbo91/FSOT-2.1-Lean/tree/main/binary_decoder_panel_benchmark.json | 1 |
docs/BENCHMARK_DATA_CITATIONS.md	646	text	url	https://github.com/dappalumbo91/FSOT-2.1-Lean/tree/main/binary_decoder_rendlesham_benchmark.json	HTTP_ERROR(404):self_link			| vendor_cache | binary_decoder_rendlesham_benchmark.json | https://github.com/dappalumbo91/FSOT-2.1-Lean/tree/main/binary_decoder_rendlesham_benchmark.json | 1 |
docs/BENCHMARK_DATA_CITATIONS.md	647	text	url	https://github.com/dappalumbo91/FSOT-2.1-Lean/tree/main/biological_cuda_physarum_benchmark.json	HTTP_ERROR(404):self_link			| vendor_cache | biological_cuda_physarum_benchmark.json | https://github.com/dappalumbo91/FSOT-2.1-Lean/tree/main/biological_cuda_physarum_benchmark.json | 1 |
docs/BENCHMARK_DATA_CITATIONS.md	648	text	url	https://github.com/dappalumbo91/FSOT-2.1-Lean/tree/main/biology_developmental_structural_depth_panel_benchmark.json	HTTP_ERROR(404):self_link			| vendor_cache | biology_developmental_structural_depth_panel_benchmark.json | https://github.com/dappalumbo91/FSOT-2.1-Lean/tree/main/biology_developmental_structural_depth_panel_benchmark.json | 1 |
docs/BENCHMARK_DATA_CITATIONS.md	649	text	url	https://github.com/dappalumbo91/FSOT-2.1-Lean/tree/main/biophysics_public_panel_benchmark.json	HTTP_ERROR(404):self_link			| vendor_cache | biophysics_public_panel_benchmark.json | https://github.com/dappalumbo91/FSOT-2.1-Lean/tree/main/biophysics_public_panel_benchmark.json | 1 |
docs/BENCHMARK_DATA_CITATIONS.md	650	text	url	https://github.com/dappalumbo91/FSOT-2.1-Lean/tree/main/blackhole_whitehole_cycle_live_panel_benchmark.json	HTTP_ERROR(404):self_link			| vendor_cache | blackhole_whitehole_cycle_live_panel_benchmark.json | https://github.com/dappalumbo91/FSOT-2.1-Lean/tree/main/blackhole_whitehole_cycle_live_panel_benchmark.json | 1 |
docs/BENCHMARK_DATA_CITATIONS.md	651	text	url	https://github.com/dappalumbo91/FSOT-2.1-Lean/tree/main/botany_extension_benchmark.json	HTTP_ERROR(404):self_link			| vendor_cache | botany_extension_benchmark.json | https://github.com/dappalumbo91/FSOT-2.1-Lean/tree/main/botany_extension_benchmark.json | 1 |
docs/BENCHMARK_DATA_CITATIONS.md	652	text	url	https://github.com/dappalumbo91/FSOT-2.1-Lean/tree/main/boundary_partition_tightening_benchmark.json	HTTP_ERROR(404):self_link			| vendor_cache | boundary_partition_tightening_benchmark.json | https://github.com/dappalumbo91/FSOT-2.1-Lean/tree/main/boundary_partition_tightening_benchmark.json | 1 |
docs/BENCHMARK_DATA_CITATIONS.md	653	text	url	https://github.com/dappalumbo91/FSOT-2.1-Lean/tree/main/breakthrough_discoveries_2024_2026_benchmark.json	HTTP_ERROR(404):self_link			| vendor_cache | breakthrough_discoveries_2024_2026_benchmark.json | https://github.com/dappalumbo91/FSOT-2.1-Lean/tree/main/breakthrough_discoveries_2024_2026_benchmark.json | 1 |
docs/BENCHMARK_DATA_CITATIONS.md	568	text	url	https://github.com/dappalumbo91/FSOT-2.1-Lean/tree/main/C:/Users/damia/Desktop/FSOT-2.1-Lean/data/dark_energy_cpl_reference.json	HTTP_ERROR(404):self_link_with_local_windows_path			| vendor_cache | C:\Users\damia\Desktop\FSOT-2.1-Lean\data\dark_energy_cpl_reference.json | https://github.com/dappalumbo91/FSOT-2.1-Lean/tree/main/C:/Users/damia/Desktop/FSOT-2.1-Lean/data/dark_energy_cpl_reference.json | 1 |
docs/BENCHMARK_DATA_CITATIONS.md	1737	text	url	https://github.com/dappalumbo91/FSOT-2.1-Lean/tree/main/C:/Users/damia/Desktop/FSOT-2.1-Lean/data/dark_energy_cpl_reference.json	HTTP_ERROR(404):self_link_with_local_windows_path			- **vendor_cache**: C:\Users\damia\Desktop\FSOT-2.1-Lean\data\dark_energy_cpl_reference.json — https://github.com/dappalumbo91/FSOT-2.1-Lean/tree/main/C:/Users/damia/Desktop/FSOT-2.1-Lean/data/dark_energy_cpl_reference.json
docs/BENCHMARK_DATA_CITATIONS.md	569	text	url	https://github.com/dappalumbo91/FSOT-2.1-Lean/tree/main/C:/Users/damia/Desktop/FSOT-2.1-Lean/data/foundational_ontology_axioms.yaml	HTTP_ERROR(404):self_link_with_local_windows_path			| vendor_cache | C:\Users\damia\Desktop\FSOT-2.1-Lean\data\foundational_ontology_axioms.yaml | https://github.com/dappalumbo91/FSOT-2.1-Lean/tree/main/C:/Users/damia/Desktop/FSOT-2.1-Lean/data/foundational_ontology_axioms.yaml | 1 |
docs/BENCHMARK_DATA_CITATIONS.md	2550	text	url	https://github.com/dappalumbo91/FSOT-2.1-Lean/tree/main/C:/Users/damia/Desktop/FSOT-2.1-Lean/data/foundational_ontology_axioms.yaml	HTTP_ERROR(404):self_link_with_local_windows_path			- **vendor_cache**: C:\Users\damia\Desktop\FSOT-2.1-Lean\data\foundational_ontology_axioms.yaml — https://github.com/dappalumbo91/FSOT-2.1-Lean/tree/main/C:/Users/damia/Desktop/FSOT-2.1-Lean/data/foundational_ontology_axioms.yaml
docs/BENCHMARK_DATA_CITATIONS.md	570	text	url	https://github.com/dappalumbo91/FSOT-2.1-Lean/tree/main/C:/Users/damia/Desktop/FSOT-2.1-Lean/data/hardware_competitive_refine_report.json	HTTP_ERROR(404):self_link_with_local_windows_path			| vendor_cache | C:\Users\damia\Desktop\FSOT-2.1-Lean\data\hardware_competitive_refine_report.json | https://github.com/dappalumbo91/FSOT-2.1-Lean/tree/main/C:/Users/damia/Desktop/FSOT-2.1-Lean/data/hardware_competitive_refine_report.json | 1 |
docs/BENCHMARK_DATA_CITATIONS.md	2269	text	url	https://github.com/dappalumbo91/FSOT-2.1-Lean/tree/main/C:/Users/damia/Desktop/FSOT-2.1-Lean/data/hardware_competitive_refine_report.json	HTTP_ERROR(404):self_link_with_local_windows_path			- **vendor_cache**: C:\Users\damia\Desktop\FSOT-2.1-Lean\data\hardware_competitive_refine_report.json — https://github.com/dappalumbo91/FSOT-2.1-Lean/tree/main/C:/Users/damia/Desktop/FSOT-2.1-Lean/data/hardware_competitive_refine_report.json
docs/BENCHMARK_DATA_CITATIONS.md	571	text	url	https://github.com/dappalumbo91/FSOT-2.1-Lean/tree/main/C:/Users/damia/Desktop/FSOT-2.1-Lean/predictions/preregistered_predictions_manifest.yaml	HTTP_ERROR(404):self_link_with_local_windows_path			| vendor_cache | C:\Users\damia\Desktop\FSOT-2.1-Lean\data\preregistered_predictions_manifest.yaml | https://github.com/dappalumbo91/FSOT-2.1-Lean/tree/main/C:/Users/damia/Desktop/FSOT-2.1-Lean/predictions/preregistered_predictions_manifest.yaml | 1 |
docs/BENCHMARK_DATA_CITATIONS.md	4079	text	url	https://github.com/dappalumbo91/FSOT-2.1-Lean/tree/main/C:/Users/damia/Desktop/FSOT-2.1-Lean/predictions/preregistered_predictions_manifest.yaml	HTTP_ERROR(404):self_link_with_local_windows_path			- **vendor_cache**: C:\Users\damia\Desktop\FSOT-2.1-Lean\data\preregistered_predictions_manifest.yaml — https://github.com/dappalumbo91/FSOT-2.1-Lean/tree/main/C:/Users/damia/Desktop/FSOT-2.1-Lean/predictions/preregistered_predictions_manifest.yaml
docs/BENCHMARK_DATA_CITATIONS.md	572	text	url	https://github.com/dappalumbo91/FSOT-2.1-Lean/tree/main/C:/Users/damia/Desktop/FSOT-2.1-Lean/vendor/application_wiring/tier88_cache/bibliography_corpus_cache.json	HTTP_ERROR(404):self_link_with_local_windows_path			| vendor_cache | C:\Users\damia\Desktop\FSOT-2.1-Lean\vendor\application_wiring\tier88_cache\bibliography_corpus_cache.json | https://github.com/dappalumbo91/FSOT-2.1-Lean/tree/main/C:/Users/damia/Desktop/FSOT-2.1-Lean/vendor/application_wiring/tier88_cache/bibliography_corpus_cache.json | 1 |
docs/BENCHMARK_DATA_CITATIONS.md	1106	text	url	https://github.com/dappalumbo91/FSOT-2.1-Lean/tree/main/C:/Users/damia/Desktop/FSOT-2.1-Lean/vendor/application_wiring/tier88_cache/bibliography_corpus_cache.json	HTTP_ERROR(404):self_link_with_local_windows_path			- **vendor_cache**: C:\Users\damia\Desktop\FSOT-2.1-Lean\vendor\application_wiring\tier88_cache\bibliography_corpus_cache.json — https://github.com/dappalumbo91/FSOT-2.1-Lean/tree/main/C:/Users/damia/Desktop/FSOT-2.1-Lean/vendor/application_wiring/tier88_cache/bibliography_corpus_cache.json
docs/BENCHMARK_DATA_CITATIONS.md	573	text	url	https://github.com/dappalumbo91/FSOT-2.1-Lean/tree/main/C:/Users/damia/Desktop/FSOT-2.1-Lean/vendor/application_wiring/tier88_cache/biological_cuda_cache.json	HTTP_ERROR(404):self_link_with_local_windows_path			| vendor_cache | C:\Users\damia\Desktop\FSOT-2.1-Lean\vendor\application_wiring\tier88_cache\biological_cuda_cache.json | https://github.com/dappalumbo91/FSOT-2.1-Lean/tree/main/C:/Users/damia/Desktop/FSOT-2.1-Lean/vendor/application_wiring/tier88_cache/biological_cuda_cache.json | 1 |
docs/BENCHMARK_DATA_CITATIONS.md	4010	text	url	https://github.com/dappalumbo91/FSOT-2.1-Lean/tree/main/C:/Users/damia/Desktop/FSOT-2.1-Lean/vendor/application_wiring/tier88_cache/biological_cuda_cache.json	HTTP_ERROR(404):self_link_with_local_windows_path			- **vendor_cache**: C:\Users\damia\Desktop\FSOT-2.1-Lean\vendor\application_wiring\tier88_cache\biological_cuda_cache.json — https://github.com/dappalumbo91/FSOT-2.1-Lean/tree/main/C:/Users/damia/Desktop/FSOT-2.1-Lean/vendor/application_wiring/tier88_cache/biological_cuda_cache.json
docs/BENCHMARK_DATA_CITATIONS.md	574	text	url	https://github.com/dappalumbo91/FSOT-2.1-Lean/tree/main/C:/Users/damia/Desktop/FSOT-2.1-Lean/vendor/application_wiring/tier88_cache/living_fsot_hardware_cache.json	HTTP_ERROR(404):self_link_with_local_windows_path			| vendor_cache | C:\Users\damia\Desktop\FSOT-2.1-Lean\vendor\application_wiring\tier88_cache\living_fsot_hardware_cache.json | https://github.com/dappalumbo91/FSOT-2.1-Lean/tree/main/C:/Users/damia/Desktop/FSOT-2.1-Lean/vendor/application_wiring/tier88_cache/living_fsot_hardware_cache.json | 1 |
docs/BENCHMARK_DATA_CITATIONS.md	3114	text	url	https://github.com/dappalumbo91/FSOT-2.1-Lean/tree/main/C:/Users/damia/Desktop/FSOT-2.1-Lean/vendor/application_wiring/tier88_cache/living_fsot_hardware_cache.json	HTTP_ERROR(404):self_link_with_local_windows_path			- **vendor_cache**: C:\Users\damia\Desktop\FSOT-2.1-Lean\vendor\application_wiring\tier88_cache\living_fsot_hardware_cache.json — https://github.com/dappalumbo91/FSOT-2.1-Lean/tree/main/C:/Users/damia/Desktop/FSOT-2.1-Lean/vendor/application_wiring/tier88_cache/living_fsot_hardware_cache.json
docs/BENCHMARK_DATA_CITATIONS.md	575	text	url	https://github.com/dappalumbo91/FSOT-2.1-Lean/tree/main/C:/Users/damia/Desktop/FSOT-2.1-Lean/vendor/application_wiring/tier88_cache/tokenization_cache.json	HTTP_ERROR(404):self_link_with_local_windows_path			| vendor_cache | C:\Users\damia\Desktop\FSOT-2.1-Lean\vendor\application_wiring\tier88_cache\tokenization_cache.json | https://github.com/dappalumbo91/FSOT-2.1-Lean/tree/main/C:/Users/damia/Desktop/FSOT-2.1-Lean/vendor/application_wiring/tier88_cache/tokenization_cache.json | 1 |
docs/BENCHMARK_DATA_CITATIONS.md	4983	text	url	https://github.com/dappalumbo91/FSOT-2.1-Lean/tree/main/C:/Users/damia/Desktop/FSOT-2.1-Lean/vendor/application_wiring/tier88_cache/tokenization_cache.json	HTTP_ERROR(404):self_link_with_local_windows_path			- **vendor_cache**: C:\Users\damia\Desktop\FSOT-2.1-Lean\vendor\application_wiring\tier88_cache\tokenization_cache.json — https://github.com/dappalumbo91/FSOT-2.1-Lean/tree/main/C:/Users/damia/Desktop/FSOT-2.1-Lean/vendor/application_wiring/tier88_cache/tokenization_cache.json
docs/BENCHMARK_DATA_CITATIONS.md	576	text	url	https://github.com/dappalumbo91/FSOT-2.1-Lean/tree/main/C:/Users/damia/Desktop/FSOT-2.1-Lean/vendor/application_wiring/tier88_cache/vl_agent_cache.json	HTTP_ERROR(404):self_link_with_local_windows_path			| vendor_cache | C:\Users\damia\Desktop\FSOT-2.1-Lean\vendor\application_wiring\tier88_cache\vl_agent_cache.json | https://github.com/dappalumbo91/FSOT-2.1-Lean/tree/main/C:/Users/damia/Desktop/FSOT-2.1-Lean/vendor/application_wiring/tier88_cache/vl_agent_cache.json | 1 |
docs/BENCHMARK_DATA_CITATIONS.md	5134	text	url	https://github.com/dappalumbo91/FSOT-2.1-Lean/tree/main/C:/Users/damia/Desktop/FSOT-2.1-Lean/vendor/application_wiring/tier88_cache/vl_agent_cache.json	HTTP_ERROR(404):self_link_with_local_windows_path			- **vendor_cache**: C:\Users\damia\Desktop\FSOT-2.1-Lean\vendor\application_wiring\tier88_cache\vl_agent_cache.json — https://github.com/dappalumbo91/FSOT-2.1-Lean/tree/main/C:/Users/damia/Desktop/FSOT-2.1-Lean/vendor/application_wiring/tier88_cache/vl_agent_cache.json
docs/BENCHMARK_DATA_CITATIONS.md	577	text	url	https://github.com/dappalumbo91/FSOT-2.1-Lean/tree/main/C:/Users/damia/Desktop/FSOT-2.1-Lean/vendor/circuit_components/industry_component_catalog.json	HTTP_ERROR(404):self_link_with_local_windows_path			| vendor_cache | C:\Users\damia\Desktop\FSOT-2.1-Lean\vendor\circuit_components\industry_component_catalog.json | https://github.com/dappalumbo91/FSOT-2.1-Lean/tree/main/C:/Users/damia/Desktop/FSOT-2.1-Lean/vendor/circuit_components/industry_component_catalog.json | 3 |
docs/BENCHMARK_DATA_CITATIONS.md	1411	text	url	https://github.com/dappalumbo91/FSOT-2.1-Lean/tree/main/C:/Users/damia/Desktop/FSOT-2.1-Lean/vendor/circuit_components/industry_component_catalog.json	HTTP_ERROR(404):self_link_with_local_windows_path			- **vendor_cache**: C:\Users\damia\Desktop\FSOT-2.1-Lean\vendor\circuit_components\industry_component_catalog.json — https://github.com/dappalumbo91/FSOT-2.1-Lean/tree/main/C:/Users/damia/Desktop/FSOT-2.1-Lean/vendor/circuit_components/industry_component_catalog.json
docs/BENCHMARK_DATA_CITATIONS.md	1848	text	url	https://github.com/dappalumbo91/FSOT-2.1-Lean/tree/main/C:/Users/damia/Desktop/FSOT-2.1-Lean/vendor/circuit_components/industry_component_catalog.json	HTTP_ERROR(404):self_link_with_local_windows_path			- **vendor_cache**: C:\Users\damia\Desktop\FSOT-2.1-Lean\vendor\circuit_components\industry_component_catalog.json — https://github.com/dappalumbo91/FSOT-2.1-Lean/tree/main/C:/Users/damia/Desktop/FSOT-2.1-Lean/vendor/circuit_components/industry_component_catalog.json
docs/BENCHMARK_DATA_CITATIONS.md	4475	text	url	https://github.com/dappalumbo91/FSOT-2.1-Lean/tree/main/C:/Users/damia/Desktop/FSOT-2.1-Lean/vendor/circuit_components/industry_component_catalog.json	HTTP_ERROR(404):self_link_with_local_windows_path			- **vendor_cache**: C:\Users\damia\Desktop\FSOT-2.1-Lean\vendor\circuit_components\industry_component_catalog.json — https://github.com/dappalumbo91/FSOT-2.1-Lean/tree/main/C:/Users/damia/Desktop/FSOT-2.1-Lean/vendor/circuit_components/industry_component_catalog.json
docs/BENCHMARK_DATA_CITATIONS.md	578	text	url	https://github.com/dappalumbo91/FSOT-2.1-Lean/tree/main/C:/Users/damia/Desktop/FSOT-2.1-Lean/vendor/circuit_components/tier96_cache/industry_component_catalog_cache.json	HTTP_ERROR(404):self_link_with_local_windows_path			| vendor_cache | C:\Users\damia\Desktop\FSOT-2.1-Lean\vendor\circuit_components\tier96_cache\industry_component_catalog_cache.json | https://github.com/dappalumbo91/FSOT-2.1-Lean/tree/main/C:/Users/damia/Desktop/FSOT-2.1-Lean/vendor/circuit_components/tier96_cache/industry_component_catalog_cache.js
docs/BENCHMARK_DATA_CITATIONS.md	1412	text	url	https://github.com/dappalumbo91/FSOT-2.1-Lean/tree/main/C:/Users/damia/Desktop/FSOT-2.1-Lean/vendor/circuit_components/tier96_cache/industry_component_catalog_cache.json	HTTP_ERROR(404):self_link_with_local_windows_path			- **vendor_cache**: C:\Users\damia\Desktop\FSOT-2.1-Lean\vendor\circuit_components\tier96_cache\industry_component_catalog_cache.json — https://github.com/dappalumbo91/FSOT-2.1-Lean/tree/main/C:/Users/damia/Desktop/FSOT-2.1-Lean/vendor/circuit_components/tier96_cache/industry_component_catalog_cache
docs/BENCHMARK_DATA_CITATIONS.md	579	text	url	https://github.com/dappalumbo91/FSOT-2.1-Lean/tree/main/C:/Users/damia/Desktop/FSOT-2.1-Lean/vendor/fluid_spacetime/cosmology_anomaly_deep_anchors.json	HTTP_ERROR(404):self_link_with_local_windows_path			| vendor_cache | C:\Users\damia\Desktop\FSOT-2.1-Lean\vendor\fluid_spacetime\cosmology_anomaly_deep_anchors.json | https://github.com/dappalumbo91/FSOT-2.1-Lean/tree/main/C:/Users/damia/Desktop/FSOT-2.1-Lean/vendor/fluid_spacetime/cosmology_anomaly_deep_anchors.json | 1 |
docs/BENCHMARK_DATA_CITATIONS.md	2858	text	url	https://github.com/dappalumbo91/FSOT-2.1-Lean/tree/main/C:/Users/damia/Desktop/FSOT-2.1-Lean/vendor/fluid_spacetime/cosmology_anomaly_deep_anchors.json	HTTP_ERROR(404):self_link_with_local_windows_path			- **vendor_cache**: C:\Users\damia\Desktop\FSOT-2.1-Lean\vendor\fluid_spacetime\cosmology_anomaly_deep_anchors.json — https://github.com/dappalumbo91/FSOT-2.1-Lean/tree/main/C:/Users/damia/Desktop/FSOT-2.1-Lean/vendor/fluid_spacetime/cosmology_anomaly_deep_anchors.json
docs/BENCHMARK_DATA_CITATIONS.md	580	text	url	https://github.com/dappalumbo91/FSOT-2.1-Lean/tree/main/C:/Users/damia/Desktop/FSOT-2.1-Lean/vendor/fusion/fusion_public_anchors.json	HTTP_ERROR(404):self_link_with_local_windows_path			| vendor_cache | C:\Users\damia\Desktop\FSOT-2.1-Lean\vendor\fusion\fusion_public_anchors.json | https://github.com/dappalumbo91/FSOT-2.1-Lean/tree/main/C:/Users/damia/Desktop/FSOT-2.1-Lean/vendor/fusion/fusion_public_anchors.json | 1 |
docs/BENCHMARK_DATA_CITATIONS.md	4376	text	url	https://github.com/dappalumbo91/FSOT-2.1-Lean/tree/main/C:/Users/damia/Desktop/FSOT-2.1-Lean/vendor/fusion/fusion_public_anchors.json	HTTP_ERROR(404):self_link_with_local_windows_path			- **vendor_cache**: C:\Users\damia\Desktop\FSOT-2.1-Lean\vendor\fusion\fusion_public_anchors.json — https://github.com/dappalumbo91/FSOT-2.1-Lean/tree/main/C:/Users/damia/Desktop/FSOT-2.1-Lean/vendor/fusion/fusion_public_anchors.json
docs/BENCHMARK_DATA_CITATIONS.md	581	text	url	https://github.com/dappalumbo91/FSOT-2.1-Lean/tree/main/C:/Users/damia/Desktop/FSOT-2.1-Lean/vendor/fusion/qce_elm_public_anchors.json	HTTP_ERROR(404):self_link_with_local_windows_path			| vendor_cache | C:\Users\damia\Desktop\FSOT-2.1-Lean\vendor\fusion\qce_elm_public_anchors.json | https://github.com/dappalumbo91/FSOT-2.1-Lean/tree/main/C:/Users/damia/Desktop/FSOT-2.1-Lean/vendor/fusion/qce_elm_public_anchors.json | 2 |
docs/BENCHMARK_DATA_CITATIONS.md	4240	text	url	https://github.com/dappalumbo91/FSOT-2.1-Lean/tree/main/C:/Users/damia/Desktop/FSOT-2.1-Lean/vendor/fusion/qce_elm_public_anchors.json	HTTP_ERROR(404):self_link_with_local_windows_path			- **vendor_cache**: C:\Users\damia\Desktop\FSOT-2.1-Lean\vendor\fusion\qce_elm_public_anchors.json — https://github.com/dappalumbo91/FSOT-2.1-Lean/tree/main/C:/Users/damia/Desktop/FSOT-2.1-Lean/vendor/fusion/qce_elm_public_anchors.json
docs/BENCHMARK_DATA_CITATIONS.md	4375	text	url	https://github.com/dappalumbo91/FSOT-2.1-Lean/tree/main/C:/Users/damia/Desktop/FSOT-2.1-Lean/vendor/fusion/qce_elm_public_anchors.json	HTTP_ERROR(404):self_link_with_local_windows_path			- **vendor_cache**: C:\Users\damia\Desktop\FSOT-2.1-Lean\vendor\fusion\qce_elm_public_anchors.json — https://github.com/dappalumbo91/FSOT-2.1-Lean/tree/main/C:/Users/damia/Desktop/FSOT-2.1-Lean/vendor/fusion/qce_elm_public_anchors.json
docs/BENCHMARK_DATA_CITATIONS.md	582	text	url	https://github.com/dappalumbo91/FSOT-2.1-Lean/tree/main/C:/Users/damia/Desktop/FSOT-2.1-Lean/vendor/hardware/dzhanibekov_public_anchors.json	HTTP_ERROR(404):self_link_with_local_windows_path			| vendor_cache | C:\Users\damia\Desktop\FSOT-2.1-Lean\vendor\hardware\dzhanibekov_public_anchors.json | https://github.com/dappalumbo91/FSOT-2.1-Lean/tree/main/C:/Users/damia/Desktop/FSOT-2.1-Lean/vendor/hardware/dzhanibekov_public_anchors.json | 1 |
docs/BENCHMARK_DATA_CITATIONS.md	1840	text	url	https://github.com/dappalumbo91/FSOT-2.1-Lean/tree/main/C:/Users/damia/Desktop/FSOT-2.1-Lean/vendor/hardware/dzhanibekov_public_anchors.json	HTTP_ERROR(404):self_link_with_local_windows_path			- **vendor_cache**: C:\Users\damia\Desktop\FSOT-2.1-Lean\vendor\hardware\dzhanibekov_public_anchors.json — https://github.com/dappalumbo91/FSOT-2.1-Lean/tree/main/C:/Users/damia/Desktop/FSOT-2.1-Lean/vendor/hardware/dzhanibekov_public_anchors.json
docs/BENCHMARK_DATA_CITATIONS.md	583	text	url	https://github.com/dappalumbo91/FSOT-2.1-Lean/tree/main/C:/Users/damia/Desktop/FSOT-2.1-Lean/vendor/lab_synthesis/heavy_ion_reaction_anchors.json	HTTP_ERROR(404):self_link_with_local_windows_path			| vendor_cache | C:\Users\damia\Desktop\FSOT-2.1-Lean\vendor\lab_synthesis\heavy_ion_reaction_anchors.json | https://github.com/dappalumbo91/FSOT-2.1-Lean/tree/main/C:/Users/damia/Desktop/FSOT-2.1-Lean/vendor/lab_synthesis/heavy_ion_reaction_anchors.json | 1 |
docs/BENCHMARK_DATA_CITATIONS.md	1517	text	url	https://github.com/dappalumbo91/FSOT-2.1-Lean/tree/main/C:/Users/damia/Desktop/FSOT-2.1-Lean/vendor/lab_synthesis/heavy_ion_reaction_anchors.json	HTTP_ERROR(404):self_link_with_local_windows_path			- **vendor_cache**: C:\Users\damia\Desktop\FSOT-2.1-Lean\vendor\lab_synthesis\heavy_ion_reaction_anchors.json — https://github.com/dappalumbo91/FSOT-2.1-Lean/tree/main/C:/Users/damia/Desktop/FSOT-2.1-Lean/vendor/lab_synthesis/heavy_ion_reaction_anchors.json
docs/BENCHMARK_DATA_CITATIONS.md	584	text	url	https://github.com/dappalumbo91/FSOT-2.1-Lean/tree/main/C:/Users/damia/Desktop/FSOT-2.1-Lean/vendor/lab_synthesis/metamaterial_fluid_prereg_candidates.json	HTTP_ERROR(404):self_link_with_local_windows_path			| vendor_cache | C:\Users\damia\Desktop\FSOT-2.1-Lean\vendor\lab_synthesis\metamaterial_fluid_prereg_candidates.json | https://github.com/dappalumbo91/FSOT-2.1-Lean/tree/main/C:/Users/damia/Desktop/FSOT-2.1-Lean/vendor/lab_synthesis/metamaterial_fluid_prereg_candidates.json | 1 |
docs/BENCHMARK_DATA_CITATIONS.md	1518	text	url	https://github.com/dappalumbo91/FSOT-2.1-Lean/tree/main/C:/Users/damia/Desktop/FSOT-2.1-Lean/vendor/lab_synthesis/metamaterial_fluid_prereg_candidates.json	HTTP_ERROR(404):self_link_with_local_windows_path			- **vendor_cache**: C:\Users\damia\Desktop\FSOT-2.1-Lean\vendor\lab_synthesis\metamaterial_fluid_prereg_candidates.json — https://github.com/dappalumbo91/FSOT-2.1-Lean/tree/main/C:/Users/damia/Desktop/FSOT-2.1-Lean/vendor/lab_synthesis/metamaterial_fluid_prereg_candidates.json
docs/BENCHMARK_DATA_CITATIONS.md	585	text	url	https://github.com/dappalumbo91/FSOT-2.1-Lean/tree/main/C:/Users/damia/Desktop/FSOT-2.1-Lean/vendor/scientific_expansion/tier86_cache/culinary_fermentation_maillard_cache.json	HTTP_ERROR(404):self_link_with_local_windows_path			| vendor_cache | C:\Users\damia\Desktop\FSOT-2.1-Lean\vendor\scientific_expansion\tier86_cache\culinary_fermentation_maillard_cache.json | https://github.com/dappalumbo91/FSOT-2.1-Lean/tree/main/C:/Users/damia/Desktop/FSOT-2.1-Lean/vendor/scientific_expansion/tier86_cache/culinary_fermentation_maill
docs/BENCHMARK_DATA_CITATIONS.md	1728	text	url	https://github.com/dappalumbo91/FSOT-2.1-Lean/tree/main/C:/Users/damia/Desktop/FSOT-2.1-Lean/vendor/scientific_expansion/tier86_cache/culinary_fermentation_maillard_cache.json	HTTP_ERROR(404):self_link_with_local_windows_path			- **vendor_cache**: C:\Users\damia\Desktop\FSOT-2.1-Lean\vendor\scientific_expansion\tier86_cache\culinary_fermentation_maillard_cache.json — https://github.com/dappalumbo91/FSOT-2.1-Lean/tree/main/C:/Users/damia/Desktop/FSOT-2.1-Lean/vendor/scientific_expansion/tier86_cache/culinary_fermentation_ma
docs/BENCHMARK_DATA_CITATIONS.md	586	text	url	https://github.com/dappalumbo91/FSOT-2.1-Lean/tree/main/C:/Users/damia/Desktop/FSOT-2.1-Lean/vendor/scientific_expansion/tier87_cache/biology_developmental_structural_cache.json	HTTP_ERROR(404):self_link_with_local_windows_path			| vendor_cache | C:\Users\damia\Desktop\FSOT-2.1-Lean\vendor\scientific_expansion\tier87_cache\biology_developmental_structural_cache.json | https://github.com/dappalumbo91/FSOT-2.1-Lean/tree/main/C:/Users/damia/Desktop/FSOT-2.1-Lean/vendor/scientific_expansion/tier87_cache/biology_developmental_str
docs/BENCHMARK_DATA_CITATIONS.md	1173	text	url	https://github.com/dappalumbo91/FSOT-2.1-Lean/tree/main/C:/Users/damia/Desktop/FSOT-2.1-Lean/vendor/scientific_expansion/tier87_cache/biology_developmental_structural_cache.json	HTTP_ERROR(404):self_link_with_local_windows_path			- **vendor_cache**: C:\Users\damia\Desktop\FSOT-2.1-Lean\vendor\scientific_expansion\tier87_cache\biology_developmental_structural_cache.json — https://github.com/dappalumbo91/FSOT-2.1-Lean/tree/main/C:/Users/damia/Desktop/FSOT-2.1-Lean/vendor/scientific_expansion/tier87_cache/biology_developmental_
docs/BENCHMARK_DATA_CITATIONS.md	587	text	url	https://github.com/dappalumbo91/FSOT-2.1-Lean/tree/main/C:/Users/damia/Desktop/FSOT-2.1-Lean/vendor/scientific_expansion/tier87_cache/condensed_matter_superconductivity_cache.json	HTTP_ERROR(404):self_link_with_local_windows_path			| vendor_cache | C:\Users\damia\Desktop\FSOT-2.1-Lean\vendor\scientific_expansion\tier87_cache\condensed_matter_superconductivity_cache.json | https://github.com/dappalumbo91/FSOT-2.1-Lean/tree/main/C:/Users/damia/Desktop/FSOT-2.1-Lean/vendor/scientific_expansion/tier87_cache/condensed_matter_superc
docs/BENCHMARK_DATA_CITATIONS.md	1560	text	url	https://github.com/dappalumbo91/FSOT-2.1-Lean/tree/main/C:/Users/damia/Desktop/FSOT-2.1-Lean/vendor/scientific_expansion/tier87_cache/condensed_matter_superconductivity_cache.json	HTTP_ERROR(404):self_link_with_local_windows_path			- **vendor_cache**: C:\Users\damia\Desktop\FSOT-2.1-Lean\vendor\scientific_expansion\tier87_cache\condensed_matter_superconductivity_cache.json — https://github.com/dappalumbo91/FSOT-2.1-Lean/tree/main/C:/Users/damia/Desktop/FSOT-2.1-Lean/vendor/scientific_expansion/tier87_cache/condensed_matter_sup
docs/BENCHMARK_DATA_CITATIONS.md	588	text	url	https://github.com/dappalumbo91/FSOT-2.1-Lean/tree/main/C:/Users/damia/Desktop/FSOT-2.1-Lean/vendor/scientific_expansion/tier87_cache/materials_creep_fracture_cache.json	HTTP_ERROR(404):self_link_with_local_windows_path			| vendor_cache | C:\Users\damia\Desktop\FSOT-2.1-Lean\vendor\scientific_expansion\tier87_cache\materials_creep_fracture_cache.json | https://github.com/dappalumbo91/FSOT-2.1-Lean/tree/main/C:/Users/damia/Desktop/FSOT-2.1-Lean/vendor/scientific_expansion/tier87_cache/materials_creep_fracture_cache.js
docs/BENCHMARK_DATA_CITATIONS.md	3302	text	url	https://github.com/dappalumbo91/FSOT-2.1-Lean/tree/main/C:/Users/damia/Desktop/FSOT-2.1-Lean/vendor/scientific_expansion/tier87_cache/materials_creep_fracture_cache.json	HTTP_ERROR(404):self_link_with_local_windows_path			- **vendor_cache**: C:\Users\damia\Desktop\FSOT-2.1-Lean\vendor\scientific_expansion\tier87_cache\materials_creep_fracture_cache.json — https://github.com/dappalumbo91/FSOT-2.1-Lean/tree/main/C:/Users/damia/Desktop/FSOT-2.1-Lean/vendor/scientific_expansion/tier87_cache/materials_creep_fracture_cache
docs/BENCHMARK_DATA_CITATIONS.md	589	text	url	https://github.com/dappalumbo91/FSOT-2.1-Lean/tree/main/C:/Users/damia/Desktop/FSOT-2.1-Lean/vendor/scientific_expansion/tier87_cache/neuroscience_connectomics_cache.json	HTTP_ERROR(404):self_link_with_local_windows_path			| vendor_cache | C:\Users\damia\Desktop\FSOT-2.1-Lean\vendor\scientific_expansion\tier87_cache\neuroscience_connectomics_cache.json | https://github.com/dappalumbo91/FSOT-2.1-Lean/tree/main/C:/Users/damia/Desktop/FSOT-2.1-Lean/vendor/scientific_expansion/tier87_cache/neuroscience_connectomics_cache.
docs/BENCHMARK_DATA_CITATIONS.md	3659	text	url	https://github.com/dappalumbo91/FSOT-2.1-Lean/tree/main/C:/Users/damia/Desktop/FSOT-2.1-Lean/vendor/scientific_expansion/tier87_cache/neuroscience_connectomics_cache.json	HTTP_ERROR(404):self_link_with_local_windows_path			- **vendor_cache**: C:\Users\damia\Desktop\FSOT-2.1-Lean\vendor\scientific_expansion\tier87_cache\neuroscience_connectomics_cache.json — https://github.com/dappalumbo91/FSOT-2.1-Lean/tree/main/C:/Users/damia/Desktop/FSOT-2.1-Lean/vendor/scientific_expansion/tier87_cache/neuroscience_connectomics_cac
docs/BENCHMARK_DATA_CITATIONS.md	590	text	url	https://github.com/dappalumbo91/FSOT-2.1-Lean/tree/main/C:/Users/damia/Desktop/FSOT-2.1-Lean/vendor/scientific_expansion/tier87_cache/optics_interferometry_cache.json	HTTP_ERROR(404):self_link_with_local_windows_path			| vendor_cache | C:\Users\damia\Desktop\FSOT-2.1-Lean\vendor\scientific_expansion\tier87_cache\optics_interferometry_cache.json | https://github.com/dappalumbo91/FSOT-2.1-Lean/tree/main/C:/Users/damia/Desktop/FSOT-2.1-Lean/vendor/scientific_expansion/tier87_cache/optics_interferometry_cache.json | 1
docs/BENCHMARK_DATA_CITATIONS.md	3849	text	url	https://github.com/dappalumbo91/FSOT-2.1-Lean/tree/main/C:/Users/damia/Desktop/FSOT-2.1-Lean/vendor/scientific_expansion/tier87_cache/optics_interferometry_cache.json	HTTP_ERROR(404):self_link_with_local_windows_path			- **vendor_cache**: C:\Users\damia\Desktop\FSOT-2.1-Lean\vendor\scientific_expansion\tier87_cache\optics_interferometry_cache.json — https://github.com/dappalumbo91/FSOT-2.1-Lean/tree/main/C:/Users/damia/Desktop/FSOT-2.1-Lean/vendor/scientific_expansion/tier87_cache/optics_interferometry_cache.json
docs/BENCHMARK_DATA_CITATIONS.md	591	text	url	https://github.com/dappalumbo91/FSOT-2.1-Lean/tree/main/C:/Users/damia/Desktop/FSOT-2.1-Lean/vendor/scientific_expansion/tier87_cache/psychology_psychometrics_cache.json	HTTP_ERROR(404):self_link_with_local_windows_path			| vendor_cache | C:\Users\damia\Desktop\FSOT-2.1-Lean\vendor\scientific_expansion\tier87_cache\psychology_psychometrics_cache.json | https://github.com/dappalumbo91/FSOT-2.1-Lean/tree/main/C:/Users/damia/Desktop/FSOT-2.1-Lean/vendor/scientific_expansion/tier87_cache/psychology_psychometrics_cache.js
docs/BENCHMARK_DATA_CITATIONS.md	4151	text	url	https://github.com/dappalumbo91/FSOT-2.1-Lean/tree/main/C:/Users/damia/Desktop/FSOT-2.1-Lean/vendor/scientific_expansion/tier87_cache/psychology_psychometrics_cache.json	HTTP_ERROR(404):self_link_with_local_windows_path			- **vendor_cache**: C:\Users\damia\Desktop\FSOT-2.1-Lean\vendor\scientific_expansion\tier87_cache\psychology_psychometrics_cache.json — https://github.com/dappalumbo91/FSOT-2.1-Lean/tree/main/C:/Users/damia/Desktop/FSOT-2.1-Lean/vendor/scientific_expansion/tier87_cache/psychology_psychometrics_cache
docs/BENCHMARK_DATA_CITATIONS.md	592	text	url	https://github.com/dappalumbo91/FSOT-2.1-Lean/tree/main/C:/Users/damia/Desktop/FSOT-2.1-Lean/vendor/scientific_expansion/tier87_cache/quantum_computing_math_cache.json	HTTP_ERROR(404):self_link_with_local_windows_path			| vendor_cache | C:\Users\damia\Desktop\FSOT-2.1-Lean\vendor\scientific_expansion\tier87_cache\quantum_computing_math_cache.json | https://github.com/dappalumbo91/FSOT-2.1-Lean/tree/main/C:/Users/damia/Desktop/FSOT-2.1-Lean/vendor/scientific_expansion/tier87_cache/quantum_computing_math_cache.json |
docs/BENCHMARK_DATA_CITATIONS.md	4261	text	url	https://github.com/dappalumbo91/FSOT-2.1-Lean/tree/main/C:/Users/damia/Desktop/FSOT-2.1-Lean/vendor/scientific_expansion/tier87_cache/quantum_computing_math_cache.json	HTTP_ERROR(404):self_link_with_local_windows_path			- **vendor_cache**: C:\Users\damia\Desktop\FSOT-2.1-Lean\vendor\scientific_expansion\tier87_cache\quantum_computing_math_cache.json — https://github.com/dappalumbo91/FSOT-2.1-Lean/tree/main/C:/Users/damia/Desktop/FSOT-2.1-Lean/vendor/scientific_expansion/tier87_cache/quantum_computing_math_cache.jso
docs/BENCHMARK_DATA_CITATIONS.md	593	text	url	https://github.com/dappalumbo91/FSOT-2.1-Lean/tree/main/C:/Users/damia/Desktop/FSOT-2.1-Lean/vendor/scientific_expansion/tier87_cache/quantum_mechanics_entanglement_cache.json	HTTP_ERROR(404):self_link_with_local_windows_path			| vendor_cache | C:\Users\damia\Desktop\FSOT-2.1-Lean\vendor\scientific_expansion\tier87_cache\quantum_mechanics_entanglement_cache.json | https://github.com/dappalumbo91/FSOT-2.1-Lean/tree/main/C:/Users/damia/Desktop/FSOT-2.1-Lean/vendor/scientific_expansion/tier87_cache/quantum_mechanics_entanglem
docs/BENCHMARK_DATA_CITATIONS.md	4292	text	url	https://github.com/dappalumbo91/FSOT-2.1-Lean/tree/main/C:/Users/damia/Desktop/FSOT-2.1-Lean/vendor/scientific_expansion/tier87_cache/quantum_mechanics_entanglement_cache.json	HTTP_ERROR(404):self_link_with_local_windows_path			- **vendor_cache**: C:\Users\damia\Desktop\FSOT-2.1-Lean\vendor\scientific_expansion\tier87_cache\quantum_mechanics_entanglement_cache.json — https://github.com/dappalumbo91/FSOT-2.1-Lean/tree/main/C:/Users/damia/Desktop/FSOT-2.1-Lean/vendor/scientific_expansion/tier87_cache/quantum_mechanics_entang
docs/BENCHMARK_DATA_CITATIONS.md	594	text	url	https://github.com/dappalumbo91/FSOT-2.1-Lean/tree/main/C:/Users/damia/Desktop/FSOT-Legacy-Physics-Connections/concept_refinement/warp_actuation_formula_fsot21.json	HTTP_ERROR(404):self_link_with_local_windows_path			| vendor_cache | C:\Users\damia\Desktop\FSOT-Legacy-Physics-Connections\concept_refinement\warp_actuation_formula_fsot21.json | https://github.com/dappalumbo91/FSOT-2.1-Lean/tree/main/C:/Users/damia/Desktop/FSOT-Legacy-Physics-Connections/concept_refinement/warp_actuation_formula_fsot21.json | 1 |
docs/BENCHMARK_DATA_CITATIONS.md	5232	text	url	https://github.com/dappalumbo91/FSOT-2.1-Lean/tree/main/C:/Users/damia/Desktop/FSOT-Legacy-Physics-Connections/concept_refinement/warp_actuation_formula_fsot21.json	HTTP_ERROR(404):self_link_with_local_windows_path			- **vendor_cache**: C:\Users\damia\Desktop\FSOT-Legacy-Physics-Connections\concept_refinement\warp_actuation_formula_fsot21.json — https://github.com/dappalumbo91/FSOT-2.1-Lean/tree/main/C:/Users/damia/Desktop/FSOT-Legacy-Physics-Connections/concept_refinement/warp_actuation_formula_fsot21.json
docs/BENCHMARK_DATA_CITATIONS.md	654	text	url	https://github.com/dappalumbo91/FSOT-2.1-Lean/tree/main/canonical_oracle_panel_benchmark.json	HTTP_ERROR(404):self_link			| vendor_cache | canonical_oracle_panel_benchmark.json | https://github.com/dappalumbo91/FSOT-2.1-Lean/tree/main/canonical_oracle_panel_benchmark.json | 1 |
docs/BENCHMARK_DATA_CITATIONS.md	655	text	url	https://github.com/dappalumbo91/FSOT-2.1-Lean/tree/main/cardiology_extension_benchmark.json	HTTP_ERROR(404):self_link			| vendor_cache | cardiology_extension_benchmark.json | https://github.com/dappalumbo91/FSOT-2.1-Lean/tree/main/cardiology_extension_benchmark.json | 1 |
docs/BENCHMARK_DATA_CITATIONS.md	656	text	url	https://github.com/dappalumbo91/FSOT-2.1-Lean/tree/main/cardiology_panel_benchmark.json	HTTP_ERROR(404):self_link			| vendor_cache | cardiology_panel_benchmark.json | https://github.com/dappalumbo91/FSOT-2.1-Lean/tree/main/cardiology_panel_benchmark.json | 1 |
docs/BENCHMARK_DATA_CITATIONS.md	657	text	url	https://github.com/dappalumbo91/FSOT-2.1-Lean/tree/main/cartography_gis_panel_benchmark.json	HTTP_ERROR(404):self_link			| vendor_cache | cartography_gis_panel_benchmark.json | https://github.com/dappalumbo91/FSOT-2.1-Lean/tree/main/cartography_gis_panel_benchmark.json | 1 |
docs/BENCHMARK_DATA_CITATIONS.md	658	text	url	https://github.com/dappalumbo91/FSOT-2.1-Lean/tree/main/cern_open_data_lhc_benchmark.json	HTTP_ERROR(404):self_link			| vendor_cache | cern_open_data_lhc_benchmark.json | https://github.com/dappalumbo91/FSOT-2.1-Lean/tree/main/cern_open_data_lhc_benchmark.json | 1 |
docs/BENCHMARK_DATA_CITATIONS.md	659	text	url	https://github.com/dappalumbo91/FSOT-2.1-Lean/tree/main/certificate.json	HTTP_ERROR(404):self_link			| vendor_cache | certificate.json | https://github.com/dappalumbo91/FSOT-2.1-Lean/tree/main/certificate.json | 1 |
docs/BENCHMARK_DATA_CITATIONS.md	4127	text	url	https://github.com/dappalumbo91/FSOT-2.1-Lean/tree/main/certificate.json	HTTP_ERROR(404):self_link			- **vendor_cache**: certificate.json — https://github.com/dappalumbo91/FSOT-2.1-Lean/tree/main/certificate.json
docs/BENCHMARK_DATA_CITATIONS.md	660	text	url	https://github.com/dappalumbo91/FSOT-2.1-Lean/tree/main/certified_agent_formal_panel_benchmark.json	HTTP_ERROR(404):self_link			| vendor_cache | certified_agent_formal_panel_benchmark.json | https://github.com/dappalumbo91/FSOT-2.1-Lean/tree/main/certified_agent_formal_panel_benchmark.json | 1 |
docs/BENCHMARK_DATA_CITATIONS.md	661	text	url	https://github.com/dappalumbo91/FSOT-2.1-Lean/tree/main/certified_agent_qwen_benchmark.json	HTTP_ERROR(404):self_link			| vendor_cache | certified_agent_qwen_benchmark.json | https://github.com/dappalumbo91/FSOT-2.1-Lean/tree/main/certified_agent_qwen_benchmark.json | 1 |
docs/BENCHMARK_DATA_CITATIONS.md	662	text	url	https://github.com/dappalumbo91/FSOT-2.1-Lean/tree/main/chaos_mediated_phase_transitions_benchmark.json	HTTP_ERROR(404):self_link			| vendor_cache | chaos_mediated_phase_transitions_benchmark.json | https://github.com/dappalumbo91/FSOT-2.1-Lean/tree/main/chaos_mediated_phase_transitions_benchmark.json | 1 |
docs/BENCHMARK_DATA_CITATIONS.md	663	text	url	https://github.com/dappalumbo91/FSOT-2.1-Lean/tree/main/chemical_engineering_extension_benchmark.json	HTTP_ERROR(404):self_link			| vendor_cache | chemical_engineering_extension_benchmark.json | https://github.com/dappalumbo91/FSOT-2.1-Lean/tree/main/chemical_engineering_extension_benchmark.json | 1 |
docs/BENCHMARK_DATA_CITATIONS.md	664	text	url	https://github.com/dappalumbo91/FSOT-2.1-Lean/tree/main/cisa_kev_summary.json	HTTP_ERROR(404):self_link			| vendor_cache | cisa_kev_summary.json | https://github.com/dappalumbo91/FSOT-2.1-Lean/tree/main/cisa_kev_summary.json | 1 |
docs/BENCHMARK_DATA_CITATIONS.md	1277	text	url	https://github.com/dappalumbo91/FSOT-2.1-Lean/tree/main/cisa_kev_summary.json	HTTP_ERROR(404):self_link			- **vendor_cache**: cisa_kev_summary.json — https://github.com/dappalumbo91/FSOT-2.1-Lean/tree/main/cisa_kev_summary.json
docs/BENCHMARK_DATA_CITATIONS.md	665	text	url	https://github.com/dappalumbo91/FSOT-2.1-Lean/tree/main/code_genome_structure_cybersecurity_benchmark.json	HTTP_ERROR(404):self_link			| vendor_cache | code_genome_structure_cybersecurity_benchmark.json | https://github.com/dappalumbo91/FSOT-2.1-Lean/tree/main/code_genome_structure_cybersecurity_benchmark.json | 1 |
docs/BENCHMARK_DATA_CITATIONS.md	5365	text	url	https://github.com/dappalumbo91/FSOT-2.1-Lean/tree/main/code_genome_structure_cybersecurity_benchmark.json	HTTP_ERROR(404):self_link			- **vendor_cache**: code_genome_structure_cybersecurity_benchmark.json — https://github.com/dappalumbo91/FSOT-2.1-Lean/tree/main/code_genome_structure_cybersecurity_benchmark.json
docs/BENCHMARK_DATA_CITATIONS.md	666	text	url	https://github.com/dappalumbo91/FSOT-2.1-Lean/tree/main/cold_fusion_candidate_prereg_scaffold_benchmark.json	HTTP_ERROR(404):self_link			| vendor_cache | cold_fusion_candidate_prereg_scaffold_benchmark.json | https://github.com/dappalumbo91/FSOT-2.1-Lean/tree/main/cold_fusion_candidate_prereg_scaffold_benchmark.json | 1 |
docs/BENCHMARK_DATA_CITATIONS.md	1515	text	url	https://github.com/dappalumbo91/FSOT-2.1-Lean/tree/main/cold_fusion_candidate_prereg_scaffold_benchmark.json	HTTP_ERROR(404):self_link			- **vendor_cache**: cold_fusion_candidate_prereg_scaffold_benchmark.json — https://github.com/dappalumbo91/FSOT-2.1-Lean/tree/main/cold_fusion_candidate_prereg_scaffold_benchmark.json
docs/BENCHMARK_DATA_CITATIONS.md	667	text	url	https://github.com/dappalumbo91/FSOT-2.1-Lean/tree/main/cold_fusion_lab_synthesis_crosswalk_benchmark.json	HTTP_ERROR(404):self_link			| vendor_cache | cold_fusion_lab_synthesis_crosswalk_benchmark.json | https://github.com/dappalumbo91/FSOT-2.1-Lean/tree/main/cold_fusion_lab_synthesis_crosswalk_benchmark.json | 1 |
docs/BENCHMARK_DATA_CITATIONS.md	2659	text	url	https://github.com/dappalumbo91/FSOT-2.1-Lean/tree/main/cold_fusion_lab_synthesis_crosswalk_benchmark.json	HTTP_ERROR(404):self_link			- **vendor_cache**: cold_fusion_lab_synthesis_crosswalk_benchmark.json — https://github.com/dappalumbo91/FSOT-2.1-Lean/tree/main/cold_fusion_lab_synthesis_crosswalk_benchmark.json
docs/BENCHMARK_DATA_CITATIONS.md	668	text	url	https://github.com/dappalumbo91/FSOT-2.1-Lean/tree/main/compactification_ladder_benchmark.json	HTTP_ERROR(404):self_link			| vendor_cache | compactification_ladder_benchmark.json | https://github.com/dappalumbo91/FSOT-2.1-Lean/tree/main/compactification_ladder_benchmark.json | 1 |
docs/BENCHMARK_DATA_CITATIONS.md	4352	text	url	https://github.com/dappalumbo91/FSOT-2.1-Lean/tree/main/compactification_ladder_benchmark.json	HTTP_ERROR(404):self_link			- **vendor_cache**: compactification_ladder_benchmark.json — https://github.com/dappalumbo91/FSOT-2.1-Lean/tree/main/compactification_ladder_benchmark.json
docs/BENCHMARK_DATA_CITATIONS.md	669	text	url	https://github.com/dappalumbo91/FSOT-2.1-Lean/tree/main/compactification_ladder_manifest.yaml	HTTP_ERROR(404):self_link			| vendor_cache | compactification_ladder_manifest.yaml | https://github.com/dappalumbo91/FSOT-2.1-Lean/tree/main/compactification_ladder_manifest.yaml | 3 |
docs/BENCHMARK_DATA_CITATIONS.md	948	text	url	https://github.com/dappalumbo91/FSOT-2.1-Lean/tree/main/compactification_ladder_manifest.yaml	HTTP_ERROR(404):self_link			- **vendor_cache**: compactification_ladder_manifest.yaml — https://github.com/dappalumbo91/FSOT-2.1-Lean/tree/main/compactification_ladder_manifest.yaml
docs/BENCHMARK_DATA_CITATIONS.md	1532	text	url	https://github.com/dappalumbo91/FSOT-2.1-Lean/tree/main/compactification_ladder_manifest.yaml	HTTP_ERROR(404):self_link			- **vendor_cache**: compactification_ladder_manifest.yaml — https://github.com/dappalumbo91/FSOT-2.1-Lean/tree/main/compactification_ladder_manifest.yaml
docs/BENCHMARK_DATA_CITATIONS.md	2451	text	url	https://github.com/dappalumbo91/FSOT-2.1-Lean/tree/main/compactification_ladder_manifest.yaml	HTTP_ERROR(404):self_link			- **vendor_cache**: compactification_ladder_manifest.yaml — https://github.com/dappalumbo91/FSOT-2.1-Lean/tree/main/compactification_ladder_manifest.yaml
docs/BENCHMARK_DATA_CITATIONS.md	670	text	url	https://github.com/dappalumbo91/FSOT-2.1-Lean/tree/main/compare_full_20260526.json	HTTP_ERROR(404):self_link			| vendor_cache | compare_full_20260526.json | https://github.com/dappalumbo91/FSOT-2.1-Lean/tree/main/compare_full_20260526.json | 1 |
docs/BENCHMARK_DATA_CITATIONS.md	2632	text	url	https://github.com/dappalumbo91/FSOT-2.1-Lean/tree/main/compare_full_20260526.json	HTTP_ERROR(404):self_link			- **vendor_cache**: compare_full_20260526.json — https://github.com/dappalumbo91/FSOT-2.1-Lean/tree/main/compare_full_20260526.json
docs/BENCHMARK_DATA_CITATIONS.md	671	text	url	https://github.com/dappalumbo91/FSOT-2.1-Lean/tree/main/compare_optimax_wave_20260715.json	HTTP_ERROR(404):self_link			| vendor_cache | compare_optimax_wave_20260715.json | https://github.com/dappalumbo91/FSOT-2.1-Lean/tree/main/compare_optimax_wave_20260715.json | 1 |
docs/BENCHMARK_DATA_CITATIONS.md	2633	text	url	https://github.com/dappalumbo91/FSOT-2.1-Lean/tree/main/compare_optimax_wave_20260715.json	HTTP_ERROR(404):self_link			- **vendor_cache**: compare_optimax_wave_20260715.json — https://github.com/dappalumbo91/FSOT-2.1-Lean/tree/main/compare_optimax_wave_20260715.json
docs/BENCHMARK_DATA_CITATIONS.md	672	text	url	https://github.com/dappalumbo91/FSOT-2.1-Lean/tree/main/computational_reasoning_benchmark.json	HTTP_ERROR(404):self_link			| vendor_cache | computational_reasoning_benchmark.json | https://github.com/dappalumbo91/FSOT-2.1-Lean/tree/main/computational_reasoning_benchmark.json | 1 |
docs/BENCHMARK_DATA_CITATIONS.md	4118	text	url	https://github.com/dappalumbo91/FSOT-2.1-Lean/tree/main/computational_reasoning_benchmark.json	HTTP_ERROR(404):self_link			- **vendor_cache**: computational_reasoning_benchmark.json — https://github.com/dappalumbo91/FSOT-2.1-Lean/tree/main/computational_reasoning_benchmark.json
docs/BENCHMARK_DATA_CITATIONS.md	673	text	url	https://github.com/dappalumbo91/FSOT-2.1-Lean/tree/main/consciousness_reference_observables.json	HTTP_ERROR(404):self_link			| vendor_cache | consciousness_reference_observables.json | https://github.com/dappalumbo91/FSOT-2.1-Lean/tree/main/consciousness_reference_observables.json | 1 |
docs/BENCHMARK_DATA_CITATIONS.md	3136	text	url	https://github.com/dappalumbo91/FSOT-2.1-Lean/tree/main/consciousness_reference_observables.json	HTTP_ERROR(404):self_link			- **vendor_cache**: consciousness_reference_observables.json — https://github.com/dappalumbo91/FSOT-2.1-Lean/tree/main/consciousness_reference_observables.json
docs/BENCHMARK_DATA_CITATIONS.md	674	text	url	https://github.com/dappalumbo91/FSOT-2.1-Lean/tree/main/core_formula_fractal_branch_index.json	HTTP_ERROR(404):self_link			| vendor_cache | core_formula_fractal_branch_index.json | https://github.com/dappalumbo91/FSOT-2.1-Lean/tree/main/core_formula_fractal_branch_index.json | 1 |
docs/BENCHMARK_DATA_CITATIONS.md	1552	text	url	https://github.com/dappalumbo91/FSOT-2.1-Lean/tree/main/core_formula_fractal_branch_index.json	HTTP_ERROR(404):self_link			- **vendor_cache**: core_formula_fractal_branch_index.json — https://github.com/dappalumbo91/FSOT-2.1-Lean/tree/main/core_formula_fractal_branch_index.json
docs/BENCHMARK_DATA_CITATIONS.md	675	text	url	https://github.com/dappalumbo91/FSOT-2.1-Lean/tree/main/cosmology_anomalies_benchmark.json	HTTP_ERROR(404):self_link			| vendor_cache | cosmology_anomalies_benchmark.json | https://github.com/dappalumbo91/FSOT-2.1-Lean/tree/main/cosmology_anomalies_benchmark.json | 1 |
docs/BENCHMARK_DATA_CITATIONS.md	4718	text	url	https://github.com/dappalumbo91/FSOT-2.1-Lean/tree/main/cosmology_anomalies_benchmark.json	HTTP_ERROR(404):self_link			- **vendor_cache**: cosmology_anomalies_benchmark.json — https://github.com/dappalumbo91/FSOT-2.1-Lean/tree/main/cosmology_anomalies_benchmark.json
docs/BENCHMARK_DATA_CITATIONS.md	676	text	url	https://github.com/dappalumbo91/FSOT-2.1-Lean/tree/main/cosmology_anomaly_deep_panel_benchmark.json	HTTP_ERROR(404):self_link			| vendor_cache | cosmology_anomaly_deep_panel_benchmark.json | https://github.com/dappalumbo91/FSOT-2.1-Lean/tree/main/cosmology_anomaly_deep_panel_benchmark.json | 1 |
docs/BENCHMARK_DATA_CITATIONS.md	4326	text	url	https://github.com/dappalumbo91/FSOT-2.1-Lean/tree/main/cosmology_anomaly_deep_panel_benchmark.json	HTTP_ERROR(404):self_link			- **vendor_cache**: cosmology_anomaly_deep_panel_benchmark.json — https://github.com/dappalumbo91/FSOT-2.1-Lean/tree/main/cosmology_anomaly_deep_panel_benchmark.json
docs/BENCHMARK_DATA_CITATIONS.md	677	text	url	https://github.com/dappalumbo91/FSOT-2.1-Lean/tree/main/cosmology_extended_benchmark.json	HTTP_ERROR(404):self_link			| vendor_cache | cosmology_extended_benchmark.json | https://github.com/dappalumbo91/FSOT-2.1-Lean/tree/main/cosmology_extended_benchmark.json | 1 |
docs/BENCHMARK_DATA_CITATIONS.md	4925	text	url	https://github.com/dappalumbo91/FSOT-2.1-Lean/tree/main/cosmology_extended_benchmark.json	HTTP_ERROR(404):self_link			- **vendor_cache**: cosmology_extended_benchmark.json — https://github.com/dappalumbo91/FSOT-2.1-Lean/tree/main/cosmology_extended_benchmark.json
docs/BENCHMARK_DATA_CITATIONS.md	595	text	url	https://github.com/dappalumbo91/FSOT-2.1-Lean/tree/main/CRYPTOGRAPHY_RULES.json	HTTP_ERROR(404):self_link			| vendor_cache | CRYPTOGRAPHY_RULES.json | https://github.com/dappalumbo91/FSOT-2.1-Lean/tree/main/CRYPTOGRAPHY_RULES.json | 1 |
docs/BENCHMARK_DATA_CITATIONS.md	1719	text	url	https://github.com/dappalumbo91/FSOT-2.1-Lean/tree/main/CRYPTOGRAPHY_RULES.json	HTTP_ERROR(404):self_link			- **vendor_cache**: CRYPTOGRAPHY_RULES.json — https://github.com/dappalumbo91/FSOT-2.1-Lean/tree/main/CRYPTOGRAPHY_RULES.json
docs/BENCHMARK_DATA_CITATIONS.md	678	text	url	https://github.com/dappalumbo91/FSOT-2.1-Lean/tree/main/cryptography_technology_cybersecurity_benchmark.json	HTTP_ERROR(404):self_link			| vendor_cache | cryptography_technology_cybersecurity_benchmark.json | https://github.com/dappalumbo91/FSOT-2.1-Lean/tree/main/cryptography_technology_cybersecurity_benchmark.json | 1 |
docs/BENCHMARK_DATA_CITATIONS.md	5361	text	url	https://github.com/dappalumbo91/FSOT-2.1-Lean/tree/main/cryptography_technology_cybersecurity_benchmark.json	HTTP_ERROR(404):self_link			- **vendor_cache**: cryptography_technology_cybersecurity_benchmark.json — https://github.com/dappalumbo91/FSOT-2.1-Lean/tree/main/cryptography_technology_cybersecurity_benchmark.json
docs/BENCHMARK_DATA_CITATIONS.md	679	text	url	https://github.com/dappalumbo91/FSOT-2.1-Lean/tree/main/culinary_arts_benchmark.json	HTTP_ERROR(404):self_link			| vendor_cache | culinary_arts_benchmark.json | https://github.com/dappalumbo91/FSOT-2.1-Lean/tree/main/culinary_arts_benchmark.json | 2 |
docs/BENCHMARK_DATA_CITATIONS.md	1697	text	url	https://github.com/dappalumbo91/FSOT-2.1-Lean/tree/main/culinary_arts_benchmark.json	HTTP_ERROR(404):self_link			- **vendor_cache**: culinary_arts_benchmark.json — https://github.com/dappalumbo91/FSOT-2.1-Lean/tree/main/culinary_arts_benchmark.json
docs/BENCHMARK_DATA_CITATIONS.md	4185	text	url	https://github.com/dappalumbo91/FSOT-2.1-Lean/tree/main/culinary_arts_benchmark.json	HTTP_ERROR(404):self_link			- **vendor_cache**: culinary_arts_benchmark.json — https://github.com/dappalumbo91/FSOT-2.1-Lean/tree/main/culinary_arts_benchmark.json
docs/BENCHMARK_DATA_CITATIONS.md	680	text	url	https://github.com/dappalumbo91/FSOT-2.1-Lean/tree/main/dark_sector_open_problems_benchmark.json	HTTP_ERROR(404):self_link			| vendor_cache | dark_sector_open_problems_benchmark.json | https://github.com/dappalumbo91/FSOT-2.1-Lean/tree/main/dark_sector_open_problems_benchmark.json | 2 |
docs/BENCHMARK_DATA_CITATIONS.md	2860	text	url	https://github.com/dappalumbo91/FSOT-2.1-Lean/tree/main/dark_sector_open_problems_benchmark.json	HTTP_ERROR(404):self_link			- **vendor_cache**: dark_sector_open_problems_benchmark.json — https://github.com/dappalumbo91/FSOT-2.1-Lean/tree/main/dark_sector_open_problems_benchmark.json
docs/BENCHMARK_DATA_CITATIONS.md	4717	text	url	https://github.com/dappalumbo91/FSOT-2.1-Lean/tree/main/dark_sector_open_problems_benchmark.json	HTTP_ERROR(404):self_link			- **vendor_cache**: dark_sector_open_problems_benchmark.json — https://github.com/dappalumbo91/FSOT-2.1-Lean/tree/main/dark_sector_open_problems_benchmark.json
docs/BENCHMARK_DATA_CITATIONS.md	681	text	url	https://github.com/dappalumbo91/FSOT-2.1-Lean/tree/main/data/*_benchmark.json	HTTP_ERROR(404):self_link			| vendor_cache | data/*_benchmark.json | https://github.com/dappalumbo91/FSOT-2.1-Lean/tree/main/data/*_benchmark.json | 1 |
docs/BENCHMARK_DATA_CITATIONS.md	2515	text	url	https://github.com/dappalumbo91/FSOT-2.1-Lean/tree/main/data/*_benchmark.json	HTTP_ERROR(404):self_link			- **vendor_cache**: data/*_benchmark.json — https://github.com/dappalumbo91/FSOT-2.1-Lean/tree/main/data/*_benchmark.json
docs/BENCHMARK_DATA_CITATIONS.md	682	text	url	https://github.com/dappalumbo91/FSOT-2.1-Lean/tree/main/data/cosmology_extended_benchmark.json	OK(200):self_link			| vendor_cache | data/cosmology_extended_benchmark.json lambda_cdm H0 | https://github.com/dappalumbo91/FSOT-2.1-Lean/tree/main/data/cosmology_extended_benchmark.json lambda_cdm H0 | 1 |
docs/BENCHMARK_DATA_CITATIONS.md	4931	text	url	https://github.com/dappalumbo91/FSOT-2.1-Lean/tree/main/data/cosmology_extended_benchmark.json	OK(200):self_link			- **vendor_cache**: data/cosmology_extended_benchmark.json lambda_cdm H0 — https://github.com/dappalumbo91/FSOT-2.1-Lean/tree/main/data/cosmology_extended_benchmark.json lambda_cdm H0
docs/BENCHMARK_DATA_CITATIONS.md	683	text	url	https://github.com/dappalumbo91/FSOT-2.1-Lean/tree/main/data/living_fsot_hardware_verification_report.json	OK(200):self_link			| vendor_cache | data\living_fsot_hardware_verification_report.json | https://github.com/dappalumbo91/FSOT-2.1-Lean/tree/main/data/living_fsot_hardware_verification_report.json | 1 |
docs/BENCHMARK_DATA_CITATIONS.md	3106	text	url	https://github.com/dappalumbo91/FSOT-2.1-Lean/tree/main/data/living_fsot_hardware_verification_report.json	OK(200):self_link			- **vendor_cache**: data\living_fsot_hardware_verification_report.json — https://github.com/dappalumbo91/FSOT-2.1-Lean/tree/main/data/living_fsot_hardware_verification_report.json
docs/BENCHMARK_DATA_CITATIONS.md	684	text	url	https://github.com/dappalumbo91/FSOT-2.1-Lean/tree/main/domain_coupling_simulation_benchmark.json	HTTP_ERROR(404):self_link			| vendor_cache | domain_coupling_simulation_benchmark.json | https://github.com/dappalumbo91/FSOT-2.1-Lean/tree/main/domain_coupling_simulation_benchmark.json | 10 |
docs/BENCHMARK_DATA_CITATIONS.md	917	text	url	https://github.com/dappalumbo91/FSOT-2.1-Lean/tree/main/domain_coupling_simulation_benchmark.json	HTTP_ERROR(404):self_link			- **vendor_cache**: domain_coupling_simulation_benchmark.json — https://github.com/dappalumbo91/FSOT-2.1-Lean/tree/main/domain_coupling_simulation_benchmark.json
docs/BENCHMARK_DATA_CITATIONS.md	1599	text	url	https://github.com/dappalumbo91/FSOT-2.1-Lean/tree/main/domain_coupling_simulation_benchmark.json	HTTP_ERROR(404):self_link			- **vendor_cache**: domain_coupling_simulation_benchmark.json — https://github.com/dappalumbo91/FSOT-2.1-Lean/tree/main/domain_coupling_simulation_benchmark.json
docs/BENCHMARK_DATA_CITATIONS.md	1824	text	url	https://github.com/dappalumbo91/FSOT-2.1-Lean/tree/main/domain_coupling_simulation_benchmark.json	HTTP_ERROR(404):self_link			- **vendor_cache**: domain_coupling_simulation_benchmark.json — https://github.com/dappalumbo91/FSOT-2.1-Lean/tree/main/domain_coupling_simulation_benchmark.json
docs/BENCHMARK_DATA_CITATIONS.md	1970	text	url	https://github.com/dappalumbo91/FSOT-2.1-Lean/tree/main/domain_coupling_simulation_benchmark.json	HTTP_ERROR(404):self_link			- **vendor_cache**: domain_coupling_simulation_benchmark.json — https://github.com/dappalumbo91/FSOT-2.1-Lean/tree/main/domain_coupling_simulation_benchmark.json
docs/BENCHMARK_DATA_CITATIONS.md	1987	text	url	https://github.com/dappalumbo91/FSOT-2.1-Lean/tree/main/domain_coupling_simulation_benchmark.json	HTTP_ERROR(404):self_link			- **vendor_cache**: domain_coupling_simulation_benchmark.json — https://github.com/dappalumbo91/FSOT-2.1-Lean/tree/main/domain_coupling_simulation_benchmark.json
docs/BENCHMARK_DATA_CITATIONS.md	2963	text	url	https://github.com/dappalumbo91/FSOT-2.1-Lean/tree/main/domain_coupling_simulation_benchmark.json	HTTP_ERROR(404):self_link			- **vendor_cache**: domain_coupling_simulation_benchmark.json — https://github.com/dappalumbo91/FSOT-2.1-Lean/tree/main/domain_coupling_simulation_benchmark.json
docs/BENCHMARK_DATA_CITATIONS.md	3403	text	url	https://github.com/dappalumbo91/FSOT-2.1-Lean/tree/main/domain_coupling_simulation_benchmark.json	HTTP_ERROR(404):self_link			- **vendor_cache**: domain_coupling_simulation_benchmark.json — https://github.com/dappalumbo91/FSOT-2.1-Lean/tree/main/domain_coupling_simulation_benchmark.json
docs/BENCHMARK_DATA_CITATIONS.md	3410	text	url	https://github.com/dappalumbo91/FSOT-2.1-Lean/tree/main/domain_coupling_simulation_benchmark.json	HTTP_ERROR(404):self_link			- **vendor_cache**: domain_coupling_simulation_benchmark.json — https://github.com/dappalumbo91/FSOT-2.1-Lean/tree/main/domain_coupling_simulation_benchmark.json
docs/BENCHMARK_DATA_CITATIONS.md	3592	text	url	https://github.com/dappalumbo91/FSOT-2.1-Lean/tree/main/domain_coupling_simulation_benchmark.json	HTTP_ERROR(404):self_link			- **vendor_cache**: domain_coupling_simulation_benchmark.json — https://github.com/dappalumbo91/FSOT-2.1-Lean/tree/main/domain_coupling_simulation_benchmark.json
docs/BENCHMARK_DATA_CITATIONS.md	3916	text	url	https://github.com/dappalumbo91/FSOT-2.1-Lean/tree/main/domain_coupling_simulation_benchmark.json	HTTP_ERROR(404):self_link			- **vendor_cache**: domain_coupling_simulation_benchmark.json — https://github.com/dappalumbo91/FSOT-2.1-Lean/tree/main/domain_coupling_simulation_benchmark.json
docs/BENCHMARK_DATA_CITATIONS.md	685	text	url	https://github.com/dappalumbo91/FSOT-2.1-Lean/tree/main/domain_orbital_prediction_report.json	HTTP_ERROR(404):self_link			| vendor_cache | domain_orbital_prediction_report.json | https://github.com/dappalumbo91/FSOT-2.1-Lean/tree/main/domain_orbital_prediction_report.json | 1 |
docs/BENCHMARK_DATA_CITATIONS.md	2098	text	url	https://github.com/dappalumbo91/FSOT-2.1-Lean/tree/main/domain_orbital_prediction_report.json	HTTP_ERROR(404):self_link			- **vendor_cache**: domain_orbital_prediction_report.json — https://github.com/dappalumbo91/FSOT-2.1-Lean/tree/main/domain_orbital_prediction_report.json
docs/BENCHMARK_DATA_CITATIONS.md	686	text	url	https://github.com/dappalumbo91/FSOT-2.1-Lean/tree/main/electrical_power_systems_benchmark.json	HTTP_ERROR(404):self_link			| vendor_cache | electrical_power_systems_benchmark.json | https://github.com/dappalumbo91/FSOT-2.1-Lean/tree/main/electrical_power_systems_benchmark.json | 1 |
docs/BENCHMARK_DATA_CITATIONS.md	4896	text	url	https://github.com/dappalumbo91/FSOT-2.1-Lean/tree/main/electrical_power_systems_benchmark.json	HTTP_ERROR(404):self_link			- **vendor_cache**: electrical_power_systems_benchmark.json — https://github.com/dappalumbo91/FSOT-2.1-Lean/tree/main/electrical_power_systems_benchmark.json
docs/BENCHMARK_DATA_CITATIONS.md	687	text	url	https://github.com/dappalumbo91/FSOT-2.1-Lean/tree/main/existence_simulation_failure_clusters_manifest.yaml	HTTP_ERROR(404):self_link			| vendor_cache | existence_simulation_failure_clusters_manifest.yaml | https://github.com/dappalumbo91/FSOT-2.1-Lean/tree/main/existence_simulation_failure_clusters_manifest.yaml | 1 |
docs/BENCHMARK_DATA_CITATIONS.md	2116	text	url	https://github.com/dappalumbo91/FSOT-2.1-Lean/tree/main/existence_simulation_failure_clusters_manifest.yaml	HTTP_ERROR(404):self_link			- **vendor_cache**: existence_simulation_failure_clusters_manifest.yaml — https://github.com/dappalumbo91/FSOT-2.1-Lean/tree/main/existence_simulation_failure_clusters_manifest.yaml
docs/BENCHMARK_DATA_CITATIONS.md	688	text	url	https://github.com/dappalumbo91/FSOT-2.1-Lean/tree/main/extension_domains_manifest.yaml	HTTP_ERROR(404):self_link			| vendor_cache | extension_domains_manifest.yaml | https://github.com/dappalumbo91/FSOT-2.1-Lean/tree/main/extension_domains_manifest.yaml | 3 |
docs/BENCHMARK_DATA_CITATIONS.md	3743	text	url	https://github.com/dappalumbo91/FSOT-2.1-Lean/tree/main/extension_domains_manifest.yaml	HTTP_ERROR(404):self_link			- **vendor_cache**: extension_domains_manifest.yaml — https://github.com/dappalumbo91/FSOT-2.1-Lean/tree/main/extension_domains_manifest.yaml
docs/BENCHMARK_DATA_CITATIONS.md	4029	text	url	https://github.com/dappalumbo91/FSOT-2.1-Lean/tree/main/extension_domains_manifest.yaml	HTTP_ERROR(404):self_link			- **vendor_cache**: extension_domains_manifest.yaml — https://github.com/dappalumbo91/FSOT-2.1-Lean/tree/main/extension_domains_manifest.yaml
docs/BENCHMARK_DATA_CITATIONS.md	4903	text	url	https://github.com/dappalumbo91/FSOT-2.1-Lean/tree/main/extension_domains_manifest.yaml	HTTP_ERROR(404):self_link			- **vendor_cache**: extension_domains_manifest.yaml — https://github.com/dappalumbo91/FSOT-2.1-Lean/tree/main/extension_domains_manifest.yaml
docs/BENCHMARK_DATA_CITATIONS.md	689	text	url	https://github.com/dappalumbo91/FSOT-2.1-Lean/tree/main/external_data_manifest.yaml	HTTP_ERROR(404):self_link			| vendor_cache | external_data_manifest.yaml | https://github.com/dappalumbo91/FSOT-2.1-Lean/tree/main/external_data_manifest.yaml | 1 |
docs/BENCHMARK_DATA_CITATIONS.md	4028	text	url	https://github.com/dappalumbo91/FSOT-2.1-Lean/tree/main/external_data_manifest.yaml	HTTP_ERROR(404):self_link			- **vendor_cache**: external_data_manifest.yaml — https://github.com/dappalumbo91/FSOT-2.1-Lean/tree/main/external_data_manifest.yaml
docs/BENCHMARK_DATA_CITATIONS.md	690	text	url	https://github.com/dappalumbo91/FSOT-2.1-Lean/tree/main/external_oss_code_genome_benchmark.json	HTTP_ERROR(404):self_link			| vendor_cache | external_oss_code_genome_benchmark.json | https://github.com/dappalumbo91/FSOT-2.1-Lean/tree/main/external_oss_code_genome_benchmark.json | 1 |
docs/BENCHMARK_DATA_CITATIONS.md	4116	text	url	https://github.com/dappalumbo91/FSOT-2.1-Lean/tree/main/external_oss_code_genome_benchmark.json	HTTP_ERROR(404):self_link			- **vendor_cache**: external_oss_code_genome_benchmark.json — https://github.com/dappalumbo91/FSOT-2.1-Lean/tree/main/external_oss_code_genome_benchmark.json
docs/BENCHMARK_DATA_CITATIONS.md	691	text	url	https://github.com/dappalumbo91/FSOT-2.1-Lean/tree/main/fluid_phase_current_spine_benchmark.json	HTTP_ERROR(404):self_link			| vendor_cache | fluid_phase_current_spine_benchmark.json | https://github.com/dappalumbo91/FSOT-2.1-Lean/tree/main/fluid_phase_current_spine_benchmark.json | 1 |
docs/BENCHMARK_DATA_CITATIONS.md	2430	text	url	https://github.com/dappalumbo91/FSOT-2.1-Lean/tree/main/fluid_phase_current_spine_benchmark.json	HTTP_ERROR(404):self_link			- **vendor_cache**: fluid_phase_current_spine_benchmark.json — https://github.com/dappalumbo91/FSOT-2.1-Lean/tree/main/fluid_phase_current_spine_benchmark.json
docs/BENCHMARK_DATA_CITATIONS.md	692	text	url	https://github.com/dappalumbo91/FSOT-2.1-Lean/tree/main/fluid_spacetime_observable_spine_benchmark.json	HTTP_ERROR(404):self_link			| vendor_cache | fluid_spacetime_observable_spine_benchmark.json | https://github.com/dappalumbo91/FSOT-2.1-Lean/tree/main/fluid_spacetime_observable_spine_benchmark.json | 1 |
docs/BENCHMARK_DATA_CITATIONS.md	1825	text	url	https://github.com/dappalumbo91/FSOT-2.1-Lean/tree/main/fluid_spacetime_observable_spine_benchmark.json	HTTP_ERROR(404):self_link			- **vendor_cache**: fluid_spacetime_observable_spine_benchmark.json — https://github.com/dappalumbo91/FSOT-2.1-Lean/tree/main/fluid_spacetime_observable_spine_benchmark.json
docs/BENCHMARK_DATA_CITATIONS.md	693	text	url	https://github.com/dappalumbo91/FSOT-2.1-Lean/tree/main/fold_depth_metrics_benchmark.json	HTTP_ERROR(404):self_link			| vendor_cache | fold_depth_metrics_benchmark.json | https://github.com/dappalumbo91/FSOT-2.1-Lean/tree/main/fold_depth_metrics_benchmark.json | 1 |
docs/BENCHMARK_DATA_CITATIONS.md	4354	text	url	https://github.com/dappalumbo91/FSOT-2.1-Lean/tree/main/fold_depth_metrics_benchmark.json	HTTP_ERROR(404):self_link			- **vendor_cache**: fold_depth_metrics_benchmark.json — https://github.com/dappalumbo91/FSOT-2.1-Lean/tree/main/fold_depth_metrics_benchmark.json
docs/BENCHMARK_DATA_CITATIONS.md	694	text	url	https://github.com/dappalumbo91/FSOT-2.1-Lean/tree/main/food_microbiology_gap_fill_benchmark.json	HTTP_ERROR(404):self_link			| vendor_cache | food_microbiology_gap_fill_benchmark.json | https://github.com/dappalumbo91/FSOT-2.1-Lean/tree/main/food_microbiology_gap_fill_benchmark.json | 1 |
docs/BENCHMARK_DATA_CITATIONS.md	4187	text	url	https://github.com/dappalumbo91/FSOT-2.1-Lean/tree/main/food_microbiology_gap_fill_benchmark.json	HTTP_ERROR(404):self_link			- **vendor_cache**: food_microbiology_gap_fill_benchmark.json — https://github.com/dappalumbo91/FSOT-2.1-Lean/tree/main/food_microbiology_gap_fill_benchmark.json
docs/BENCHMARK_DATA_CITATIONS.md	695	text	url	https://github.com/dappalumbo91/FSOT-2.1-Lean/tree/main/fpc_fluidlink_timing_deep_panel_benchmark.json	HTTP_ERROR(404):self_link			| vendor_cache | fpc_fluidlink_timing_deep_panel_benchmark.json | https://github.com/dappalumbo91/FSOT-2.1-Lean/tree/main/fpc_fluidlink_timing_deep_panel_benchmark.json | 1 |
docs/BENCHMARK_DATA_CITATIONS.md	2441	text	url	https://github.com/dappalumbo91/FSOT-2.1-Lean/tree/main/fpc_fluidlink_timing_deep_panel_benchmark.json	HTTP_ERROR(404):self_link			- **vendor_cache**: fpc_fluidlink_timing_deep_panel_benchmark.json — https://github.com/dappalumbo91/FSOT-2.1-Lean/tree/main/fpc_fluidlink_timing_deep_panel_benchmark.json
docs/BENCHMARK_DATA_CITATIONS.md	696	text	url	https://github.com/dappalumbo91/FSOT-2.1-Lean/tree/main/fpc_temporal_coupling_benchmark.json	HTTP_ERROR(404):self_link			| vendor_cache | fpc_temporal_coupling_benchmark.json | https://github.com/dappalumbo91/FSOT-2.1-Lean/tree/main/fpc_temporal_coupling_benchmark.json | 2 |
docs/BENCHMARK_DATA_CITATIONS.md	2191	text	url	https://github.com/dappalumbo91/FSOT-2.1-Lean/tree/main/fpc_temporal_coupling_benchmark.json	HTTP_ERROR(404):self_link			- **vendor_cache**: fpc_temporal_coupling_benchmark.json — https://github.com/dappalumbo91/FSOT-2.1-Lean/tree/main/fpc_temporal_coupling_benchmark.json
docs/BENCHMARK_DATA_CITATIONS.md	2407	text	url	https://github.com/dappalumbo91/FSOT-2.1-Lean/tree/main/fpc_temporal_coupling_benchmark.json	HTTP_ERROR(404):self_link			- **vendor_cache**: fpc_temporal_coupling_benchmark.json — https://github.com/dappalumbo91/FSOT-2.1-Lean/tree/main/fpc_temporal_coupling_benchmark.json
docs/BENCHMARK_DATA_CITATIONS.md	697	text	url	https://github.com/dappalumbo91/FSOT-2.1-Lean/tree/main/fractal_constant_recursion.yaml	HTTP_ERROR(404):self_link			| vendor_cache | fractal_constant_recursion.yaml | https://github.com/dappalumbo91/FSOT-2.1-Lean/tree/main/fractal_constant_recursion.yaml | 1 |
docs/BENCHMARK_DATA_CITATIONS.md	2613	text	url	https://github.com/dappalumbo91/FSOT-2.1-Lean/tree/main/fractal_constant_recursion.yaml	HTTP_ERROR(404):self_link			- **vendor_cache**: fractal_constant_recursion.yaml — https://github.com/dappalumbo91/FSOT-2.1-Lean/tree/main/fractal_constant_recursion.yaml
docs/BENCHMARK_DATA_CITATIONS.md	698	text	url	https://github.com/dappalumbo91/FSOT-2.1-Lean/tree/main/fsot_aggregate_unified_db_benchmark.json	HTTP_ERROR(404):self_link			| vendor_cache | fsot_aggregate_unified_db_benchmark.json | https://github.com/dappalumbo91/FSOT-2.1-Lean/tree/main/fsot_aggregate_unified_db_benchmark.json | 1 |
docs/BENCHMARK_DATA_CITATIONS.md	5117	text	url	https://github.com/dappalumbo91/FSOT-2.1-Lean/tree/main/fsot_aggregate_unified_db_benchmark.json	HTTP_ERROR(404):self_link			- **vendor_cache**: fsot_aggregate_unified_db_benchmark.json — https://github.com/dappalumbo91/FSOT-2.1-Lean/tree/main/fsot_aggregate_unified_db_benchmark.json
docs/BENCHMARK_DATA_CITATIONS.md	699	text	url	https://github.com/dappalumbo91/FSOT-2.1-Lean/tree/main/fsot_formula_spine.yaml	HTTP_ERROR(404):self_link			| vendor_cache | fsot_formula_spine.yaml | https://github.com/dappalumbo91/FSOT-2.1-Lean/tree/main/fsot_formula_spine.yaml | 3 |
docs/BENCHMARK_DATA_CITATIONS.md	2452	text	url	https://github.com/dappalumbo91/FSOT-2.1-Lean/tree/main/fsot_formula_spine.yaml	HTTP_ERROR(404):self_link			- **vendor_cache**: fsot_formula_spine.yaml — https://github.com/dappalumbo91/FSOT-2.1-Lean/tree/main/fsot_formula_spine.yaml
docs/BENCHMARK_DATA_CITATIONS.md	2468	text	url	https://github.com/dappalumbo91/FSOT-2.1-Lean/tree/main/fsot_formula_spine.yaml	HTTP_ERROR(404):self_link			- **vendor_cache**: fsot_formula_spine.yaml — https://github.com/dappalumbo91/FSOT-2.1-Lean/tree/main/fsot_formula_spine.yaml
docs/BENCHMARK_DATA_CITATIONS.md	3742	text	url	https://github.com/dappalumbo91/FSOT-2.1-Lean/tree/main/fsot_formula_spine.yaml	HTTP_ERROR(404):self_link			- **vendor_cache**: fsot_formula_spine.yaml — https://github.com/dappalumbo91/FSOT-2.1-Lean/tree/main/fsot_formula_spine.yaml
docs/BENCHMARK_DATA_CITATIONS.md	700	text	url	https://github.com/dappalumbo91/FSOT-2.1-Lean/tree/main/fsot_species_catalog.json	HTTP_ERROR(404):self_link			| vendor_cache | fsot_species_catalog.json | https://github.com/dappalumbo91/FSOT-2.1-Lean/tree/main/fsot_species_catalog.json | 3 |
docs/BENCHMARK_DATA_CITATIONS.md	929	text	url	https://github.com/dappalumbo91/FSOT-2.1-Lean/tree/main/fsot_species_catalog.json	HTTP_ERROR(404):self_link			- **vendor_cache**: fsot_species_catalog.json — https://github.com/dappalumbo91/FSOT-2.1-Lean/tree/main/fsot_species_catalog.json
docs/BENCHMARK_DATA_CITATIONS.md	4001	text	url	https://github.com/dappalumbo91/FSOT-2.1-Lean/tree/main/fsot_species_catalog.json	HTTP_ERROR(404):self_link			- **vendor_cache**: fsot_species_catalog.json — https://github.com/dappalumbo91/FSOT-2.1-Lean/tree/main/fsot_species_catalog.json
docs/BENCHMARK_DATA_CITATIONS.md	4805	text	url	https://github.com/dappalumbo91/FSOT-2.1-Lean/tree/main/fsot_species_catalog.json	HTTP_ERROR(404):self_link			- **vendor_cache**: fsot_species_catalog.json — https://github.com/dappalumbo91/FSOT-2.1-Lean/tree/main/fsot_species_catalog.json
docs/BENCHMARK_DATA_CITATIONS.md	701	text	url	https://github.com/dappalumbo91/FSOT-2.1-Lean/tree/main/fsot_verification_progress.yaml	HTTP_ERROR(404):self_link			| vendor_cache | fsot_verification_progress.yaml | https://github.com/dappalumbo91/FSOT-2.1-Lean/tree/main/fsot_verification_progress.yaml | 2 |
docs/BENCHMARK_DATA_CITATIONS.md	4126	text	url	https://github.com/dappalumbo91/FSOT-2.1-Lean/tree/main/fsot_verification_progress.yaml	HTTP_ERROR(404):self_link			- **vendor_cache**: fsot_verification_progress.yaml — https://github.com/dappalumbo91/FSOT-2.1-Lean/tree/main/fsot_verification_progress.yaml
docs/BENCHMARK_DATA_CITATIONS.md	4951	text	url	https://github.com/dappalumbo91/FSOT-2.1-Lean/tree/main/fsot_verification_progress.yaml	HTTP_ERROR(404):self_link			- **vendor_cache**: fsot_verification_progress.yaml — https://github.com/dappalumbo91/FSOT-2.1-Lean/tree/main/fsot_verification_progress.yaml
docs/BENCHMARK_DATA_CITATIONS.md	596	text	url	https://github.com/dappalumbo91/FSOT-2.1-Lean/tree/main/FSOT_VERIFIED_SCOPE.yaml	HTTP_ERROR(404):self_link			| vendor_cache | FSOT_VERIFIED_SCOPE.yaml | https://github.com/dappalumbo91/FSOT-2.1-Lean/tree/main/FSOT_VERIFIED_SCOPE.yaml | 1 |
docs/BENCHMARK_DATA_CITATIONS.md	4952	text	url	https://github.com/dappalumbo91/FSOT-2.1-Lean/tree/main/FSOT_VERIFIED_SCOPE.yaml	HTTP_ERROR(404):self_link			- **vendor_cache**: FSOT_VERIFIED_SCOPE.yaml — https://github.com/dappalumbo91/FSOT-2.1-Lean/tree/main/FSOT_VERIFIED_SCOPE.yaml
docs/BENCHMARK_DATA_CITATIONS.md	702	text	url	https://github.com/dappalumbo91/FSOT-2.1-Lean/tree/main/fuel_thermochemistry_public_anchors_benchmark.json	HTTP_ERROR(404):self_link			| vendor_cache | fuel_thermochemistry_public_anchors_benchmark.json | https://github.com/dappalumbo91/FSOT-2.1-Lean/tree/main/fuel_thermochemistry_public_anchors_benchmark.json | 1 |
docs/BENCHMARK_DATA_CITATIONS.md	2671	text	url	https://github.com/dappalumbo91/FSOT-2.1-Lean/tree/main/fuel_thermochemistry_public_anchors_benchmark.json	HTTP_ERROR(404):self_link			- **vendor_cache**: fuel_thermochemistry_public_anchors_benchmark.json — https://github.com/dappalumbo91/FSOT-2.1-Lean/tree/main/fuel_thermochemistry_public_anchors_benchmark.json
docs/BENCHMARK_DATA_CITATIONS.md	703	text	url	https://github.com/dappalumbo91/FSOT-2.1-Lean/tree/main/fusion_decay_chain_prereg_scaffold_benchmark.json	HTTP_ERROR(404):self_link			| vendor_cache | fusion_decay_chain_prereg_scaffold_benchmark.json | https://github.com/dappalumbo91/FSOT-2.1-Lean/tree/main/fusion_decay_chain_prereg_scaffold_benchmark.json | 2 |
docs/BENCHMARK_DATA_CITATIONS.md	3944	text	url	https://github.com/dappalumbo91/FSOT-2.1-Lean/tree/main/fusion_decay_chain_prereg_scaffold_benchmark.json	HTTP_ERROR(404):self_link			- **vendor_cache**: fusion_decay_chain_prereg_scaffold_benchmark.json — https://github.com/dappalumbo91/FSOT-2.1-Lean/tree/main/fusion_decay_chain_prereg_scaffold_benchmark.json
docs/BENCHMARK_DATA_CITATIONS.md	4762	text	url	https://github.com/dappalumbo91/FSOT-2.1-Lean/tree/main/fusion_decay_chain_prereg_scaffold_benchmark.json	HTTP_ERROR(404):self_link			- **vendor_cache**: fusion_decay_chain_prereg_scaffold_benchmark.json — https://github.com/dappalumbo91/FSOT-2.1-Lean/tree/main/fusion_decay_chain_prereg_scaffold_benchmark.json
docs/BENCHMARK_DATA_CITATIONS.md	704	text	url	https://github.com/dappalumbo91/FSOT-2.1-Lean/tree/main/fusion_lab_certificate_spine_benchmark.json	HTTP_ERROR(404):self_link			| vendor_cache | fusion_lab_certificate_spine_benchmark.json | https://github.com/dappalumbo91/FSOT-2.1-Lean/tree/main/fusion_lab_certificate_spine_benchmark.json | 1 |
docs/BENCHMARK_DATA_CITATIONS.md	3042	text	url	https://github.com/dappalumbo91/FSOT-2.1-Lean/tree/main/fusion_lab_certificate_spine_benchmark.json	HTTP_ERROR(404):self_link			- **vendor_cache**: fusion_lab_certificate_spine_benchmark.json — https://github.com/dappalumbo91/FSOT-2.1-Lean/tree/main/fusion_lab_certificate_spine_benchmark.json
docs/BENCHMARK_DATA_CITATIONS.md	705	text	url	https://github.com/dappalumbo91/FSOT-2.1-Lean/tree/main/fusion_physics_public_panel_benchmark.json	HTTP_ERROR(404):self_link			| vendor_cache | fusion_physics_public_panel_benchmark.json | https://github.com/dappalumbo91/FSOT-2.1-Lean/tree/main/fusion_physics_public_panel_benchmark.json | 3 |
docs/BENCHMARK_DATA_CITATIONS.md	2807	text	url	https://github.com/dappalumbo91/FSOT-2.1-Lean/tree/main/fusion_physics_public_panel_benchmark.json	HTTP_ERROR(404):self_link			- **vendor_cache**: fusion_physics_public_panel_benchmark.json — https://github.com/dappalumbo91/FSOT-2.1-Lean/tree/main/fusion_physics_public_panel_benchmark.json
docs/BENCHMARK_DATA_CITATIONS.md	3560	text	url	https://github.com/dappalumbo91/FSOT-2.1-Lean/tree/main/fusion_physics_public_panel_benchmark.json	HTTP_ERROR(404):self_link			- **vendor_cache**: fusion_physics_public_panel_benchmark.json — https://github.com/dappalumbo91/FSOT-2.1-Lean/tree/main/fusion_physics_public_panel_benchmark.json
docs/BENCHMARK_DATA_CITATIONS.md	3957	text	url	https://github.com/dappalumbo91/FSOT-2.1-Lean/tree/main/fusion_physics_public_panel_benchmark.json	HTTP_ERROR(404):self_link			- **vendor_cache**: fusion_physics_public_panel_benchmark.json — https://github.com/dappalumbo91/FSOT-2.1-Lean/tree/main/fusion_physics_public_panel_benchmark.json
docs/BENCHMARK_DATA_CITATIONS.md	598	text	url	https://github.com/dappalumbo91/FSOT-2.1-Lean/tree/main/G:/FSOT-PublicData/anomaly_observables/consciousness/tier90_microtubule_observer_cache.json	HTTP_ERROR(404):self_link_with_local_windows_path			| vendor_cache | G:\FSOT-PublicData\anomaly_observables\consciousness\tier90_microtubule_observer_cache.json | https://github.com/dappalumbo91/FSOT-2.1-Lean/tree/main/G:/FSOT-PublicData/anomaly_observables/consciousness/tier90_microtubule_observer_cache.json | 1 |
docs/BENCHMARK_DATA_CITATIONS.md	3438	text	url	https://github.com/dappalumbo91/FSOT-2.1-Lean/tree/main/G:/FSOT-PublicData/anomaly_observables/consciousness/tier90_microtubule_observer_cache.json	HTTP_ERROR(404):self_link_with_local_windows_path			- **vendor_cache**: G:\FSOT-PublicData\anomaly_observables\consciousness\tier90_microtubule_observer_cache.json — https://github.com/dappalumbo91/FSOT-2.1-Lean/tree/main/G:/FSOT-PublicData/anomaly_observables/consciousness/tier90_microtubule_observer_cache.json
docs/BENCHMARK_DATA_CITATIONS.md	599	text	url	https://github.com/dappalumbo91/FSOT-2.1-Lean/tree/main/G:/FSOT-PublicData/anomaly_observables/consciousness/tier90_species_panel_cache.json	HTTP_ERROR(404):self_link_with_local_windows_path			| vendor_cache | G:\FSOT-PublicData\anomaly_observables\consciousness\tier90_species_panel_cache.json | https://github.com/dappalumbo91/FSOT-2.1-Lean/tree/main/G:/FSOT-PublicData/anomaly_observables/consciousness/tier90_species_panel_cache.json | 1 |
docs/BENCHMARK_DATA_CITATIONS.md	1656	text	url	https://github.com/dappalumbo91/FSOT-2.1-Lean/tree/main/G:/FSOT-PublicData/anomaly_observables/consciousness/tier90_species_panel_cache.json	HTTP_ERROR(404):self_link_with_local_windows_path			- **vendor_cache**: G:\FSOT-PublicData\anomaly_observables\consciousness\tier90_species_panel_cache.json — https://github.com/dappalumbo91/FSOT-2.1-Lean/tree/main/G:/FSOT-PublicData/anomaly_observables/consciousness/tier90_species_panel_cache.json
docs/BENCHMARK_DATA_CITATIONS.md	597	text	url	https://github.com/dappalumbo91/FSOT-2.1-Lean/tree/main/G:/FSOT-PublicData/fringe_desktop/symbolic_encoding/fsot_mythology_graph.json	HTTP_ERROR(404):self_link_with_local_windows_path			| vendor_cache | G:/FSOT-PublicData/fringe_desktop/symbolic_encoding/fsot_mythology_graph.json | https://github.com/dappalumbo91/FSOT-2.1-Lean/tree/main/G:/FSOT-PublicData/fringe_desktop/symbolic_encoding/fsot_mythology_graph.json | 1 |
docs/BENCHMARK_DATA_CITATIONS.md	4794	text	url	https://github.com/dappalumbo91/FSOT-2.1-Lean/tree/main/G:/FSOT-PublicData/fringe_desktop/symbolic_encoding/fsot_mythology_graph.json	HTTP_ERROR(404):self_link_with_local_windows_path			- **vendor_cache**: G:/FSOT-PublicData/fringe_desktop/symbolic_encoding/fsot_mythology_graph.json — https://github.com/dappalumbo91/FSOT-2.1-Lean/tree/main/G:/FSOT-PublicData/fringe_desktop/symbolic_encoding/fsot_mythology_graph.json
docs/BENCHMARK_DATA_CITATIONS.md	600	text	url	https://github.com/dappalumbo91/FSOT-2.1-Lean/tree/main/G:/FSOT-PublicData/the_well/the_well_catalog_cache.json	HTTP_ERROR(404):self_link_with_local_windows_path			| vendor_cache | G:\FSOT-PublicData\the_well\the_well_catalog_cache.json | https://github.com/dappalumbo91/FSOT-2.1-Lean/tree/main/G:/FSOT-PublicData/the_well/the_well_catalog_cache.json | 1 |
docs/BENCHMARK_DATA_CITATIONS.md	4814	text	url	https://github.com/dappalumbo91/FSOT-2.1-Lean/tree/main/G:/FSOT-PublicData/the_well/the_well_catalog_cache.json	HTTP_ERROR(404):self_link_with_local_windows_path			- **vendor_cache**: G:\FSOT-PublicData\the_well\the_well_catalog_cache.json — https://github.com/dappalumbo91/FSOT-2.1-Lean/tree/main/G:/FSOT-PublicData/the_well/the_well_catalog_cache.json
docs/BENCHMARK_DATA_CITATIONS.md	601	text	url	https://github.com/dappalumbo91/FSOT-2.1-Lean/tree/main/G:/FSOT-PublicData/the_well/the_well_spot_checks_cache.json	HTTP_ERROR(404):self_link_with_local_windows_path			| vendor_cache | G:\FSOT-PublicData\the_well\the_well_spot_checks_cache.json | https://github.com/dappalumbo91/FSOT-2.1-Lean/tree/main/G:/FSOT-PublicData/the_well/the_well_spot_checks_cache.json | 1 |
docs/BENCHMARK_DATA_CITATIONS.md	4825	text	url	https://github.com/dappalumbo91/FSOT-2.1-Lean/tree/main/G:/FSOT-PublicData/the_well/the_well_spot_checks_cache.json	HTTP_ERROR(404):self_link_with_local_windows_path			- **vendor_cache**: G:\FSOT-PublicData\the_well\the_well_spot_checks_cache.json — https://github.com/dappalumbo91/FSOT-2.1-Lean/tree/main/G:/FSOT-PublicData/the_well/the_well_spot_checks_cache.json
docs/BENCHMARK_DATA_CITATIONS.md	706	text	url	https://github.com/dappalumbo91/FSOT-2.1-Lean/tree/main/galactic_structure_sample.json	HTTP_ERROR(404):self_link			| vendor_cache | galactic_structure_sample.json | https://github.com/dappalumbo91/FSOT-2.1-Lean/tree/main/galactic_structure_sample.json | 1 |
docs/BENCHMARK_DATA_CITATIONS.md	2713	text	url	https://github.com/dappalumbo91/FSOT-2.1-Lean/tree/main/galactic_structure_sample.json	HTTP_ERROR(404):self_link			- **vendor_cache**: galactic_structure_sample.json — https://github.com/dappalumbo91/FSOT-2.1-Lean/tree/main/galactic_structure_sample.json
docs/BENCHMARK_DATA_CITATIONS.md	707	text	url	https://github.com/dappalumbo91/FSOT-2.1-Lean/tree/main/galactic_structure_sample_benchmark.json	HTTP_ERROR(404):self_link			| vendor_cache | galactic_structure_sample_benchmark.json | https://github.com/dappalumbo91/FSOT-2.1-Lean/tree/main/galactic_structure_sample_benchmark.json | 1 |
docs/BENCHMARK_DATA_CITATIONS.md	2714	text	url	https://github.com/dappalumbo91/FSOT-2.1-Lean/tree/main/galactic_structure_sample_benchmark.json	HTTP_ERROR(404):self_link			- **vendor_cache**: galactic_structure_sample_benchmark.json — https://github.com/dappalumbo91/FSOT-2.1-Lean/tree/main/galactic_structure_sample_benchmark.json
docs/BENCHMARK_DATA_CITATIONS.md	708	text	url	https://github.com/dappalumbo91/FSOT-2.1-Lean/tree/main/geomagnetism_benchmark.json	HTTP_ERROR(404):self_link			| vendor_cache | geomagnetism_benchmark.json | https://github.com/dappalumbo91/FSOT-2.1-Lean/tree/main/geomagnetism_benchmark.json | 1 |
docs/BENCHMARK_DATA_CITATIONS.md	3006	text	url	https://github.com/dappalumbo91/FSOT-2.1-Lean/tree/main/geomagnetism_benchmark.json	HTTP_ERROR(404):self_link			- **vendor_cache**: geomagnetism_benchmark.json — https://github.com/dappalumbo91/FSOT-2.1-Lean/tree/main/geomagnetism_benchmark.json
docs/BENCHMARK_DATA_CITATIONS.md	709	text	url	https://github.com/dappalumbo91/FSOT-2.1-Lean/tree/main/github_oss_adversarial_manifest.yaml	HTTP_ERROR(404):self_link			| vendor_cache | github_oss_adversarial_manifest.yaml | https://github.com/dappalumbo91/FSOT-2.1-Lean/tree/main/github_oss_adversarial_manifest.yaml | 1 |
docs/BENCHMARK_DATA_CITATIONS.md	955	text	url	https://github.com/dappalumbo91/FSOT-2.1-Lean/tree/main/github_oss_adversarial_manifest.yaml	HTTP_ERROR(404):self_link			- **vendor_cache**: github_oss_adversarial_manifest.yaml — https://github.com/dappalumbo91/FSOT-2.1-Lean/tree/main/github_oss_adversarial_manifest.yaml
docs/BENCHMARK_DATA_CITATIONS.md	710	text	url	https://github.com/dappalumbo91/FSOT-2.1-Lean/tree/main/gwosc_live_cache.json	HTTP_ERROR(404):self_link			| vendor_cache | gwosc_live_cache.json | https://github.com/dappalumbo91/FSOT-2.1-Lean/tree/main/gwosc_live_cache.json | 1 |
docs/BENCHMARK_DATA_CITATIONS.md	4694	text	url	https://github.com/dappalumbo91/FSOT-2.1-Lean/tree/main/gwosc_live_cache.json	HTTP_ERROR(404):self_link			- **vendor_cache**: gwosc_live_cache.json — https://github.com/dappalumbo91/FSOT-2.1-Lean/tree/main/gwosc_live_cache.json
docs/BENCHMARK_DATA_CITATIONS.md	711	text	url	https://github.com/dappalumbo91/FSOT-2.1-Lean/tree/main/heavy_ion_lab_synthesis_panel_benchmark.json	HTTP_ERROR(404):self_link			| vendor_cache | heavy_ion_lab_synthesis_panel_benchmark.json | https://github.com/dappalumbo91/FSOT-2.1-Lean/tree/main/heavy_ion_lab_synthesis_panel_benchmark.json | 1 |
docs/BENCHMARK_DATA_CITATIONS.md	5267	text	url	https://github.com/dappalumbo91/FSOT-2.1-Lean/tree/main/heavy_ion_lab_synthesis_panel_benchmark.json	HTTP_ERROR(404):self_link			- **vendor_cache**: heavy_ion_lab_synthesis_panel_benchmark.json — https://github.com/dappalumbo91/FSOT-2.1-Lean/tree/main/heavy_ion_lab_synthesis_panel_benchmark.json
docs/BENCHMARK_DATA_CITATIONS.md	712	text	url	https://github.com/dappalumbo91/FSOT-2.1-Lean/tree/main/higgs_branching_benchmark.json	HTTP_ERROR(404):self_link			| vendor_cache | higgs_branching_benchmark.json | https://github.com/dappalumbo91/FSOT-2.1-Lean/tree/main/higgs_branching_benchmark.json | 1 |
docs/BENCHMARK_DATA_CITATIONS.md	1386	text	url	https://github.com/dappalumbo91/FSOT-2.1-Lean/tree/main/higgs_branching_benchmark.json	HTTP_ERROR(404):self_link			- **vendor_cache**: higgs_branching_benchmark.json — https://github.com/dappalumbo91/FSOT-2.1-Lean/tree/main/higgs_branching_benchmark.json
docs/BENCHMARK_DATA_CITATIONS.md	713	text	url	https://github.com/dappalumbo91/FSOT-2.1-Lean/tree/main/https://services.swpc.noaa.gov/json/goes/primary/xrays-6-hour.json	HTTP_ERROR(404):self_link			| vendor_cache | https://services.swpc.noaa.gov/json/goes/primary/xrays-6-hour.json | https://github.com/dappalumbo91/FSOT-2.1-Lean/tree/main/https://services.swpc.noaa.gov/json/goes/primary/xrays-6-hour.json | 1 |
docs/BENCHMARK_DATA_CITATIONS.md	3487	text	url	https://github.com/dappalumbo91/FSOT-2.1-Lean/tree/main/https://services.swpc.noaa.gov/json/goes/primary/xrays-6-hour.json	HTTP_ERROR(404):self_link			- **vendor_cache**: https://services.swpc.noaa.gov/json/goes/primary/xrays-6-hour.json — https://github.com/dappalumbo91/FSOT-2.1-Lean/tree/main/https://services.swpc.noaa.gov/json/goes/primary/xrays-6-hour.json
docs/BENCHMARK_DATA_CITATIONS.md	714	text	url	https://github.com/dappalumbo91/FSOT-2.1-Lean/tree/main/hubble_bubble_tension_benchmark.json	HTTP_ERROR(404):self_link			| vendor_cache | hubble_bubble_tension_benchmark.json | https://github.com/dappalumbo91/FSOT-2.1-Lean/tree/main/hubble_bubble_tension_benchmark.json | 2 |
docs/BENCHMARK_DATA_CITATIONS.md	2859	text	url	https://github.com/dappalumbo91/FSOT-2.1-Lean/tree/main/hubble_bubble_tension_benchmark.json	HTTP_ERROR(404):self_link			- **vendor_cache**: hubble_bubble_tension_benchmark.json — https://github.com/dappalumbo91/FSOT-2.1-Lean/tree/main/hubble_bubble_tension_benchmark.json
docs/BENCHMARK_DATA_CITATIONS.md	4716	text	url	https://github.com/dappalumbo91/FSOT-2.1-Lean/tree/main/hubble_bubble_tension_benchmark.json	HTTP_ERROR(404):self_link			- **vendor_cache**: hubble_bubble_tension_benchmark.json — https://github.com/dappalumbo91/FSOT-2.1-Lean/tree/main/hubble_bubble_tension_benchmark.json
docs/BENCHMARK_DATA_CITATIONS.md	715	text	url	https://github.com/dappalumbo91/FSOT-2.1-Lean/tree/main/hubble_dark_sector_crosswalk_benchmark.json	HTTP_ERROR(404):self_link			| vendor_cache | hubble_dark_sector_crosswalk_benchmark.json | https://github.com/dappalumbo91/FSOT-2.1-Lean/tree/main/hubble_dark_sector_crosswalk_benchmark.json | 1 |
docs/BENCHMARK_DATA_CITATIONS.md	2440	text	url	https://github.com/dappalumbo91/FSOT-2.1-Lean/tree/main/hubble_dark_sector_crosswalk_benchmark.json	HTTP_ERROR(404):self_link			- **vendor_cache**: hubble_dark_sector_crosswalk_benchmark.json — https://github.com/dappalumbo91/FSOT-2.1-Lean/tree/main/hubble_dark_sector_crosswalk_benchmark.json
docs/BENCHMARK_DATA_CITATIONS.md	602	text	url	https://github.com/dappalumbo91/FSOT-2.1-Lean/tree/main/I:/FSOT-Physical-Archive/02_FSOT-2.1-Lean-Full/vendor/application_wiring/tier88_cache/arxiv_brain_cache.json	HTTP_ERROR(404):self_link_with_local_windows_path			| vendor_cache | I:\FSOT-Physical-Archive\02_FSOT-2.1-Lean-Full\vendor\application_wiring\tier88_cache\arxiv_brain_cache.json | https://github.com/dappalumbo91/FSOT-2.1-Lean/tree/main/I:/FSOT-Physical-Archive/02_FSOT-2.1-Lean-Full/vendor/application_wiring/tier88_cache/arxiv_brain_cache.json | 1 |
docs/BENCHMARK_DATA_CITATIONS.md	1026	text	url	https://github.com/dappalumbo91/FSOT-2.1-Lean/tree/main/I:/FSOT-Physical-Archive/02_FSOT-2.1-Lean-Full/vendor/application_wiring/tier88_cache/arxiv_brain_cache.json	HTTP_ERROR(404):self_link_with_local_windows_path			- **vendor_cache**: I:\FSOT-Physical-Archive\02_FSOT-2.1-Lean-Full\vendor\application_wiring\tier88_cache\arxiv_brain_cache.json — https://github.com/dappalumbo91/FSOT-2.1-Lean/tree/main/I:/FSOT-Physical-Archive/02_FSOT-2.1-Lean-Full/vendor/application_wiring/tier88_cache/arxiv_brain_cache.json
docs/BENCHMARK_DATA_CITATIONS.md	603	text	url	https://github.com/dappalumbo91/FSOT-2.1-Lean/tree/main/I:/FSOT-Physical-Archive/02_FSOT-2.1-Lean-Full/vendor/application_wiring/tier88_cache/arxiv_primitives_cache.json	HTTP_ERROR(404):self_link_with_local_windows_path			| vendor_cache | I:\FSOT-Physical-Archive\02_FSOT-2.1-Lean-Full\vendor\application_wiring\tier88_cache\arxiv_primitives_cache.json | https://github.com/dappalumbo91/FSOT-2.1-Lean/tree/main/I:/FSOT-Physical-Archive/02_FSOT-2.1-Lean-Full/vendor/application_wiring/tier88_cache/arxiv_primitives_cache.js
docs/BENCHMARK_DATA_CITATIONS.md	1046	text	url	https://github.com/dappalumbo91/FSOT-2.1-Lean/tree/main/I:/FSOT-Physical-Archive/02_FSOT-2.1-Lean-Full/vendor/application_wiring/tier88_cache/arxiv_primitives_cache.json	HTTP_ERROR(404):self_link_with_local_windows_path			- **vendor_cache**: I:\FSOT-Physical-Archive\02_FSOT-2.1-Lean-Full\vendor\application_wiring\tier88_cache\arxiv_primitives_cache.json — https://github.com/dappalumbo91/FSOT-2.1-Lean/tree/main/I:/FSOT-Physical-Archive/02_FSOT-2.1-Lean-Full/vendor/application_wiring/tier88_cache/arxiv_primitives_cache
docs/BENCHMARK_DATA_CITATIONS.md	604	text	url	https://github.com/dappalumbo91/FSOT-2.1-Lean/tree/main/I:/FSOT-Physical-Archive/02_FSOT-2.1-Lean-Full/vendor/application_wiring/tier88_cache/binary_decoder_cache.json	HTTP_ERROR(404):self_link_with_local_windows_path			| vendor_cache | I:\FSOT-Physical-Archive\02_FSOT-2.1-Lean-Full\vendor\application_wiring\tier88_cache\binary_decoder_cache.json | https://github.com/dappalumbo91/FSOT-2.1-Lean/tree/main/I:/FSOT-Physical-Archive/02_FSOT-2.1-Lean-Full/vendor/application_wiring/tier88_cache/binary_decoder_cache.json |
docs/BENCHMARK_DATA_CITATIONS.md	1137	text	url	https://github.com/dappalumbo91/FSOT-2.1-Lean/tree/main/I:/FSOT-Physical-Archive/02_FSOT-2.1-Lean-Full/vendor/application_wiring/tier88_cache/binary_decoder_cache.json	HTTP_ERROR(404):self_link_with_local_windows_path			- **vendor_cache**: I:\FSOT-Physical-Archive\02_FSOT-2.1-Lean-Full\vendor\application_wiring\tier88_cache\binary_decoder_cache.json — https://github.com/dappalumbo91/FSOT-2.1-Lean/tree/main/I:/FSOT-Physical-Archive/02_FSOT-2.1-Lean-Full/vendor/application_wiring/tier88_cache/binary_decoder_cache.jso
docs/BENCHMARK_DATA_CITATIONS.md	605	text	url	https://github.com/dappalumbo91/FSOT-2.1-Lean/tree/main/I:/FSOT-Physical-Archive/02_FSOT-2.1-Lean-Full/vendor/application_wiring/tier88_cache/blackhole_whitehole_cycle_cache.json	HTTP_ERROR(404):self_link_with_local_windows_path			| vendor_cache | I:\FSOT-Physical-Archive\02_FSOT-2.1-Lean-Full\vendor\application_wiring\tier88_cache\blackhole_whitehole_cycle_cache.json | https://github.com/dappalumbo91/FSOT-2.1-Lean/tree/main/I:/FSOT-Physical-Archive/02_FSOT-2.1-Lean-Full/vendor/application_wiring/tier88_cache/blackhole_whiteh
docs/BENCHMARK_DATA_CITATIONS.md	1206	text	url	https://github.com/dappalumbo91/FSOT-2.1-Lean/tree/main/I:/FSOT-Physical-Archive/02_FSOT-2.1-Lean-Full/vendor/application_wiring/tier88_cache/blackhole_whitehole_cycle_cache.json	HTTP_ERROR(404):self_link_with_local_windows_path			- **vendor_cache**: I:\FSOT-Physical-Archive\02_FSOT-2.1-Lean-Full\vendor\application_wiring\tier88_cache\blackhole_whitehole_cycle_cache.json — https://github.com/dappalumbo91/FSOT-2.1-Lean/tree/main/I:/FSOT-Physical-Archive/02_FSOT-2.1-Lean-Full/vendor/application_wiring/tier88_cache/blackhole_whi
docs/BENCHMARK_DATA_CITATIONS.md	606	text	url	https://github.com/dappalumbo91/FSOT-2.1-Lean/tree/main/I:/FSOT-Physical-Archive/02_FSOT-2.1-Lean-Full/vendor/application_wiring/tier88_cache/canonical_oracle_cache.json	HTTP_ERROR(404):self_link_with_local_windows_path			| vendor_cache | I:\FSOT-Physical-Archive\02_FSOT-2.1-Lean-Full\vendor\application_wiring\tier88_cache\canonical_oracle_cache.json | https://github.com/dappalumbo91/FSOT-2.1-Lean/tree/main/I:/FSOT-Physical-Archive/02_FSOT-2.1-Lean-Full/vendor/application_wiring/tier88_cache/canonical_oracle_cache.js
docs/BENCHMARK_DATA_CITATIONS.md	1300	text	url	https://github.com/dappalumbo91/FSOT-2.1-Lean/tree/main/I:/FSOT-Physical-Archive/02_FSOT-2.1-Lean-Full/vendor/application_wiring/tier88_cache/canonical_oracle_cache.json	HTTP_ERROR(404):self_link_with_local_windows_path			- **vendor_cache**: I:\FSOT-Physical-Archive\02_FSOT-2.1-Lean-Full\vendor\application_wiring\tier88_cache\canonical_oracle_cache.json — https://github.com/dappalumbo91/FSOT-2.1-Lean/tree/main/I:/FSOT-Physical-Archive/02_FSOT-2.1-Lean-Full/vendor/application_wiring/tier88_cache/canonical_oracle_cache
docs/BENCHMARK_DATA_CITATIONS.md	607	text	url	https://github.com/dappalumbo91/FSOT-2.1-Lean/tree/main/I:/FSOT-Physical-Archive/02_FSOT-2.1-Lean-Full/vendor/application_wiring/tier88_cache/certified_agent_cache.json	HTTP_ERROR(404):self_link_with_local_windows_path			| vendor_cache | I:\FSOT-Physical-Archive\02_FSOT-2.1-Lean-Full\vendor\application_wiring\tier88_cache\certified_agent_cache.json | https://github.com/dappalumbo91/FSOT-2.1-Lean/tree/main/I:/FSOT-Physical-Archive/02_FSOT-2.1-Lean-Full/vendor/application_wiring/tier88_cache/certified_agent_cache.json
docs/BENCHMARK_DATA_CITATIONS.md	1350	text	url	https://github.com/dappalumbo91/FSOT-2.1-Lean/tree/main/I:/FSOT-Physical-Archive/02_FSOT-2.1-Lean-Full/vendor/application_wiring/tier88_cache/certified_agent_cache.json	HTTP_ERROR(404):self_link_with_local_windows_path			- **vendor_cache**: I:\FSOT-Physical-Archive\02_FSOT-2.1-Lean-Full\vendor\application_wiring\tier88_cache\certified_agent_cache.json — https://github.com/dappalumbo91/FSOT-2.1-Lean/tree/main/I:/FSOT-Physical-Archive/02_FSOT-2.1-Lean-Full/vendor/application_wiring/tier88_cache/certified_agent_cache.j
docs/BENCHMARK_DATA_CITATIONS.md	608	text	url	https://github.com/dappalumbo91/FSOT-2.1-Lean/tree/main/I:/FSOT-Physical-Archive/02_FSOT-2.1-Lean-Full/vendor/application_wiring/tier88_cache/early_lean_mc_cache.json	HTTP_ERROR(404):self_link_with_local_windows_path			| vendor_cache | I:\FSOT-Physical-Archive\02_FSOT-2.1-Lean-Full\vendor\application_wiring\tier88_cache\early_lean_mc_cache.json | https://github.com/dappalumbo91/FSOT-2.1-Lean/tree/main/I:/FSOT-Physical-Archive/02_FSOT-2.1-Lean-Full/vendor/application_wiring/tier88_cache/early_lean_mc_cache.json | 1
docs/BENCHMARK_DATA_CITATIONS.md	1857	text	url	https://github.com/dappalumbo91/FSOT-2.1-Lean/tree/main/I:/FSOT-Physical-Archive/02_FSOT-2.1-Lean-Full/vendor/application_wiring/tier88_cache/early_lean_mc_cache.json	HTTP_ERROR(404):self_link_with_local_windows_path			- **vendor_cache**: I:\FSOT-Physical-Archive\02_FSOT-2.1-Lean-Full\vendor\application_wiring\tier88_cache\early_lean_mc_cache.json — https://github.com/dappalumbo91/FSOT-2.1-Lean/tree/main/I:/FSOT-Physical-Archive/02_FSOT-2.1-Lean-Full/vendor/application_wiring/tier88_cache/early_lean_mc_cache.json
docs/BENCHMARK_DATA_CITATIONS.md	609	text	url	https://github.com/dappalumbo91/FSOT-2.1-Lean/tree/main/I:/FSOT-Physical-Archive/02_FSOT-2.1-Lean-Full/vendor/application_wiring/tier88_cache/fuel_lab_live_cache.json	HTTP_ERROR(404):self_link_with_local_windows_path			| vendor_cache | I:\FSOT-Physical-Archive\02_FSOT-2.1-Lean-Full\vendor\application_wiring\tier88_cache\fuel_lab_live_cache.json | https://github.com/dappalumbo91/FSOT-2.1-Lean/tree/main/I:/FSOT-Physical-Archive/02_FSOT-2.1-Lean-Full/vendor/application_wiring/tier88_cache/fuel_lab_live_cache.json | 1
docs/BENCHMARK_DATA_CITATIONS.md	2630	text	url	https://github.com/dappalumbo91/FSOT-2.1-Lean/tree/main/I:/FSOT-Physical-Archive/02_FSOT-2.1-Lean-Full/vendor/application_wiring/tier88_cache/fuel_lab_live_cache.json	HTTP_ERROR(404):self_link_with_local_windows_path			- **vendor_cache**: I:\FSOT-Physical-Archive\02_FSOT-2.1-Lean-Full\vendor\application_wiring\tier88_cache\fuel_lab_live_cache.json — https://github.com/dappalumbo91/FSOT-2.1-Lean/tree/main/I:/FSOT-Physical-Archive/02_FSOT-2.1-Lean-Full/vendor/application_wiring/tier88_cache/fuel_lab_live_cache.json
docs/BENCHMARK_DATA_CITATIONS.md	610	text	url	https://github.com/dappalumbo91/FSOT-2.1-Lean/tree/main/I:/FSOT-Physical-Archive/02_FSOT-2.1-Lean-Full/vendor/application_wiring/tier88_cache/machine_and_molecule_cache.json	HTTP_ERROR(404):self_link_with_local_windows_path			| vendor_cache | I:\FSOT-Physical-Archive\02_FSOT-2.1-Lean-Full\vendor\application_wiring\tier88_cache\machine_and_molecule_cache.json | https://github.com/dappalumbo91/FSOT-2.1-Lean/tree/main/I:/FSOT-Physical-Archive/02_FSOT-2.1-Lean-Full/vendor/application_wiring/tier88_cache/machine_and_molecule_
docs/BENCHMARK_DATA_CITATIONS.md	3191	text	url	https://github.com/dappalumbo91/FSOT-2.1-Lean/tree/main/I:/FSOT-Physical-Archive/02_FSOT-2.1-Lean-Full/vendor/application_wiring/tier88_cache/machine_and_molecule_cache.json	HTTP_ERROR(404):self_link_with_local_windows_path			- **vendor_cache**: I:\FSOT-Physical-Archive\02_FSOT-2.1-Lean-Full\vendor\application_wiring\tier88_cache\machine_and_molecule_cache.json — https://github.com/dappalumbo91/FSOT-2.1-Lean/tree/main/I:/FSOT-Physical-Archive/02_FSOT-2.1-Lean-Full/vendor/application_wiring/tier88_cache/machine_and_molecu
docs/BENCHMARK_DATA_CITATIONS.md	611	text	url	https://github.com/dappalumbo91/FSOT-2.1-Lean/tree/main/I:/FSOT-Physical-Archive/02_FSOT-2.1-Lean-Full/vendor/application_wiring/tier88_cache/omni_theory_humanities_cache.json	HTTP_ERROR(404):self_link_with_local_windows_path			| vendor_cache | I:\FSOT-Physical-Archive\02_FSOT-2.1-Lean-Full\vendor\application_wiring\tier88_cache\omni_theory_humanities_cache.json | https://github.com/dappalumbo91/FSOT-2.1-Lean/tree/main/I:/FSOT-Physical-Archive/02_FSOT-2.1-Lean-Full/vendor/application_wiring/tier88_cache/omni_theory_humanit
docs/BENCHMARK_DATA_CITATIONS.md	3777	text	url	https://github.com/dappalumbo91/FSOT-2.1-Lean/tree/main/I:/FSOT-Physical-Archive/02_FSOT-2.1-Lean-Full/vendor/application_wiring/tier88_cache/omni_theory_humanities_cache.json	HTTP_ERROR(404):self_link_with_local_windows_path			- **vendor_cache**: I:\FSOT-Physical-Archive\02_FSOT-2.1-Lean-Full\vendor\application_wiring\tier88_cache\omni_theory_humanities_cache.json — https://github.com/dappalumbo91/FSOT-2.1-Lean/tree/main/I:/FSOT-Physical-Archive/02_FSOT-2.1-Lean-Full/vendor/application_wiring/tier88_cache/omni_theory_huma
docs/BENCHMARK_DATA_CITATIONS.md	612	text	url	https://github.com/dappalumbo91/FSOT-2.1-Lean/tree/main/I:/FSOT-Physical-Archive/02_FSOT-2.1-Lean-Full/vendor/application_wiring/tier88_cache/rust_lean_bridge_cache.json	HTTP_ERROR(404):self_link_with_local_windows_path			| vendor_cache | I:\FSOT-Physical-Archive\02_FSOT-2.1-Lean-Full\vendor\application_wiring\tier88_cache\rust_lean_bridge_cache.json | https://github.com/dappalumbo91/FSOT-2.1-Lean/tree/main/I:/FSOT-Physical-Archive/02_FSOT-2.1-Lean-Full/vendor/application_wiring/tier88_cache/rust_lean_bridge_cache.js
docs/BENCHMARK_DATA_CITATIONS.md	4409	text	url	https://github.com/dappalumbo91/FSOT-2.1-Lean/tree/main/I:/FSOT-Physical-Archive/02_FSOT-2.1-Lean-Full/vendor/application_wiring/tier88_cache/rust_lean_bridge_cache.json	HTTP_ERROR(404):self_link_with_local_windows_path			- **vendor_cache**: I:\FSOT-Physical-Archive\02_FSOT-2.1-Lean-Full\vendor\application_wiring\tier88_cache\rust_lean_bridge_cache.json — https://github.com/dappalumbo91/FSOT-2.1-Lean/tree/main/I:/FSOT-Physical-Archive/02_FSOT-2.1-Lean-Full/vendor/application_wiring/tier88_cache/rust_lean_bridge_cache
docs/BENCHMARK_DATA_CITATIONS.md	613	text	url	https://github.com/dappalumbo91/FSOT-2.1-Lean/tree/main/I:/FSOT-Physical-Archive/02_FSOT-2.1-Lean-Full/vendor/application_wiring/tier88_cache/scalar_solver_cache.json	HTTP_ERROR(404):self_link_with_local_windows_path			| vendor_cache | I:\FSOT-Physical-Archive\02_FSOT-2.1-Lean-Full\vendor\application_wiring\tier88_cache\scalar_solver_cache.json | https://github.com/dappalumbo91/FSOT-2.1-Lean/tree/main/I:/FSOT-Physical-Archive/02_FSOT-2.1-Lean-Full/vendor/application_wiring/tier88_cache/scalar_solver_cache.json | 1
docs/BENCHMARK_DATA_CITATIONS.md	4460	text	url	https://github.com/dappalumbo91/FSOT-2.1-Lean/tree/main/I:/FSOT-Physical-Archive/02_FSOT-2.1-Lean-Full/vendor/application_wiring/tier88_cache/scalar_solver_cache.json	HTTP_ERROR(404):self_link_with_local_windows_path			- **vendor_cache**: I:\FSOT-Physical-Archive\02_FSOT-2.1-Lean-Full\vendor\application_wiring\tier88_cache\scalar_solver_cache.json — https://github.com/dappalumbo91/FSOT-2.1-Lean/tree/main/I:/FSOT-Physical-Archive/02_FSOT-2.1-Lean-Full/vendor/application_wiring/tier88_cache/scalar_solver_cache.json
docs/BENCHMARK_DATA_CITATIONS.md	614	text	url	https://github.com/dappalumbo91/FSOT-2.1-Lean/tree/main/I:/FSOT-Physical-Archive/02_FSOT-2.1-Lean-Full/vendor/application_wiring/tier88_cache/star_trek_transporter_cache.json	HTTP_ERROR(404):self_link_with_local_windows_path			| vendor_cache | I:\FSOT-Physical-Archive\02_FSOT-2.1-Lean-Full\vendor\application_wiring\tier88_cache\star_trek_transporter_cache.json | https://github.com/dappalumbo91/FSOT-2.1-Lean/tree/main/I:/FSOT-Physical-Archive/02_FSOT-2.1-Lean-Full/vendor/application_wiring/tier88_cache/star_trek_transporte
docs/BENCHMARK_DATA_CITATIONS.md	4656	text	url	https://github.com/dappalumbo91/FSOT-2.1-Lean/tree/main/I:/FSOT-Physical-Archive/02_FSOT-2.1-Lean-Full/vendor/application_wiring/tier88_cache/star_trek_transporter_cache.json	HTTP_ERROR(404):self_link_with_local_windows_path			- **vendor_cache**: I:\FSOT-Physical-Archive\02_FSOT-2.1-Lean-Full\vendor\application_wiring\tier88_cache\star_trek_transporter_cache.json — https://github.com/dappalumbo91/FSOT-2.1-Lean/tree/main/I:/FSOT-Physical-Archive/02_FSOT-2.1-Lean-Full/vendor/application_wiring/tier88_cache/star_trek_transpo
docs/BENCHMARK_DATA_CITATIONS.md	615	text	url	https://github.com/dappalumbo91/FSOT-2.1-Lean/tree/main/I:/FSOT-Physical-Archive/02_FSOT-2.1-Lean-Full/vendor/application_wiring/tier88_cache/trinary_hardware_cache.json	HTTP_ERROR(404):self_link_with_local_windows_path			| vendor_cache | I:\FSOT-Physical-Archive\02_FSOT-2.1-Lean-Full\vendor\application_wiring\tier88_cache\trinary_hardware_cache.json | https://github.com/dappalumbo91/FSOT-2.1-Lean/tree/main/I:/FSOT-Physical-Archive/02_FSOT-2.1-Lean-Full/vendor/application_wiring/tier88_cache/trinary_hardware_cache.js
docs/BENCHMARK_DATA_CITATIONS.md	5023	text	url	https://github.com/dappalumbo91/FSOT-2.1-Lean/tree/main/I:/FSOT-Physical-Archive/02_FSOT-2.1-Lean-Full/vendor/application_wiring/tier88_cache/trinary_hardware_cache.json	HTTP_ERROR(404):self_link_with_local_windows_path			- **vendor_cache**: I:\FSOT-Physical-Archive\02_FSOT-2.1-Lean-Full\vendor\application_wiring\tier88_cache\trinary_hardware_cache.json — https://github.com/dappalumbo91/FSOT-2.1-Lean/tree/main/I:/FSOT-Physical-Archive/02_FSOT-2.1-Lean-Full/vendor/application_wiring/tier88_cache/trinary_hardware_cache
docs/BENCHMARK_DATA_CITATIONS.md	616	text	url	https://github.com/dappalumbo91/FSOT-2.1-Lean/tree/main/I:/FSOT-Physical-Archive/02_FSOT-2.1-Lean-Full/vendor/application_wiring/tier88_cache/validators_intrinsic_llm_cache.json	HTTP_ERROR(404):self_link_with_local_windows_path			| vendor_cache | I:\FSOT-Physical-Archive\02_FSOT-2.1-Lean-Full\vendor\application_wiring\tier88_cache\validators_intrinsic_llm_cache.json | https://github.com/dappalumbo91/FSOT-2.1-Lean/tree/main/I:/FSOT-Physical-Archive/02_FSOT-2.1-Lean-Full/vendor/application_wiring/tier88_cache/validators_intrin
docs/BENCHMARK_DATA_CITATIONS.md	2996	text	url	https://github.com/dappalumbo91/FSOT-2.1-Lean/tree/main/I:/FSOT-Physical-Archive/02_FSOT-2.1-Lean-Full/vendor/application_wiring/tier88_cache/validators_intrinsic_llm_cache.json	HTTP_ERROR(404):self_link_with_local_windows_path			- **vendor_cache**: I:\FSOT-Physical-Archive\02_FSOT-2.1-Lean-Full\vendor\application_wiring\tier88_cache\validators_intrinsic_llm_cache.json — https://github.com/dappalumbo91/FSOT-2.1-Lean/tree/main/I:/FSOT-Physical-Archive/02_FSOT-2.1-Lean-Full/vendor/application_wiring/tier88_cache/validators_int
docs/BENCHMARK_DATA_CITATIONS.md	617	text	url	https://github.com/dappalumbo91/FSOT-2.1-Lean/tree/main/I:/FSOT-Physical-Archive/02_FSOT-2.1-Lean-Full/vendor/live_cache/tier68/materials_project_live_cache.json	HTTP_ERROR(404):self_link_with_local_windows_path			| vendor_cache | I:\FSOT-Physical-Archive\02_FSOT-2.1-Lean-Full\vendor\live_cache\tier68\materials_project_live_cache.json | https://github.com/dappalumbo91/FSOT-2.1-Lean/tree/main/I:/FSOT-Physical-Archive/02_FSOT-2.1-Lean-Full/vendor/live_cache/tier68/materials_project_live_cache.json | 1 |
docs/BENCHMARK_DATA_CITATIONS.md	3321	text	url	https://github.com/dappalumbo91/FSOT-2.1-Lean/tree/main/I:/FSOT-Physical-Archive/02_FSOT-2.1-Lean-Full/vendor/live_cache/tier68/materials_project_live_cache.json	HTTP_ERROR(404):self_link_with_local_windows_path			- **vendor_cache**: I:\FSOT-Physical-Archive\02_FSOT-2.1-Lean-Full\vendor\live_cache\tier68\materials_project_live_cache.json — https://github.com/dappalumbo91/FSOT-2.1-Lean/tree/main/I:/FSOT-Physical-Archive/02_FSOT-2.1-Lean-Full/vendor/live_cache/tier68/materials_project_live_cache.json
docs/BENCHMARK_DATA_CITATIONS.md	618	text	url	https://github.com/dappalumbo91/FSOT-2.1-Lean/tree/main/I:/FSOT-Physical-Archive/02_FSOT-2.1-Lean-Full/vendor/live_cache/tier68/openneuro_full_cache.json	HTTP_ERROR(404):self_link_with_local_windows_path			| vendor_cache | I:\FSOT-Physical-Archive\02_FSOT-2.1-Lean-Full\vendor\live_cache\tier68\openneuro_full_cache.json | https://github.com/dappalumbo91/FSOT-2.1-Lean/tree/main/I:/FSOT-Physical-Archive/02_FSOT-2.1-Lean-Full/vendor/live_cache/tier68/openneuro_full_cache.json | 1 |
docs/BENCHMARK_DATA_CITATIONS.md	3796	text	url	https://github.com/dappalumbo91/FSOT-2.1-Lean/tree/main/I:/FSOT-Physical-Archive/02_FSOT-2.1-Lean-Full/vendor/live_cache/tier68/openneuro_full_cache.json	HTTP_ERROR(404):self_link_with_local_windows_path			- **vendor_cache**: I:\FSOT-Physical-Archive\02_FSOT-2.1-Lean-Full\vendor\live_cache\tier68\openneuro_full_cache.json — https://github.com/dappalumbo91/FSOT-2.1-Lean/tree/main/I:/FSOT-Physical-Archive/02_FSOT-2.1-Lean-Full/vendor/live_cache/tier68/openneuro_full_cache.json
docs/BENCHMARK_DATA_CITATIONS.md	619	text	url	https://github.com/dappalumbo91/FSOT-2.1-Lean/tree/main/I:/FSOT-Physical-Archive/02_FSOT-2.1-Lean-Full/vendor/live_cache/tier68/pubchem_live_cache.json	HTTP_ERROR(404):self_link_with_local_windows_path			| vendor_cache | I:\FSOT-Physical-Archive\02_FSOT-2.1-Lean-Full\vendor\live_cache\tier68\pubchem_live_cache.json | https://github.com/dappalumbo91/FSOT-2.1-Lean/tree/main/I:/FSOT-Physical-Archive/02_FSOT-2.1-Lean-Full/vendor/live_cache/tier68/pubchem_live_cache.json | 1 |
docs/BENCHMARK_DATA_CITATIONS.md	4178	text	url	https://github.com/dappalumbo91/FSOT-2.1-Lean/tree/main/I:/FSOT-Physical-Archive/02_FSOT-2.1-Lean-Full/vendor/live_cache/tier68/pubchem_live_cache.json	HTTP_ERROR(404):self_link_with_local_windows_path			- **vendor_cache**: I:\FSOT-Physical-Archive\02_FSOT-2.1-Lean-Full\vendor\live_cache\tier68\pubchem_live_cache.json — https://github.com/dappalumbo91/FSOT-2.1-Lean/tree/main/I:/FSOT-Physical-Archive/02_FSOT-2.1-Lean-Full/vendor/live_cache/tier68/pubchem_live_cache.json
docs/BENCHMARK_DATA_CITATIONS.md	620	text	url	https://github.com/dappalumbo91/FSOT-2.1-Lean/tree/main/I:/FSOT-Physical-Archive/02_FSOT-2.1-Lean-Full/vendor/live_cache/tier68/vizier_wds_tap_live_cache.json	HTTP_ERROR(404):self_link_with_local_windows_path			| vendor_cache | I:\FSOT-Physical-Archive\02_FSOT-2.1-Lean-Full\vendor\live_cache\tier68\vizier_wds_tap_live_cache.json | https://github.com/dappalumbo91/FSOT-2.1-Lean/tree/main/I:/FSOT-Physical-Archive/02_FSOT-2.1-Lean-Full/vendor/live_cache/tier68/vizier_wds_tap_live_cache.json | 1 |
docs/BENCHMARK_DATA_CITATIONS.md	5203	text	url	https://github.com/dappalumbo91/FSOT-2.1-Lean/tree/main/I:/FSOT-Physical-Archive/02_FSOT-2.1-Lean-Full/vendor/live_cache/tier68/vizier_wds_tap_live_cache.json	HTTP_ERROR(404):self_link_with_local_windows_path			- **vendor_cache**: I:\FSOT-Physical-Archive\02_FSOT-2.1-Lean-Full\vendor\live_cache\tier68\vizier_wds_tap_live_cache.json — https://github.com/dappalumbo91/FSOT-2.1-Lean/tree/main/I:/FSOT-Physical-Archive/02_FSOT-2.1-Lean-Full/vendor/live_cache/tier68/vizier_wds_tap_live_cache.json
docs/BENCHMARK_DATA_CITATIONS.md	621	text	url	https://github.com/dappalumbo91/FSOT-2.1-Lean/tree/main/I:/FSOT-Physical-Archive/02_FSOT-2.1-Lean-Full/vendor/scientific_expansion/tier85_cache/mechanical_engineering_cache.json	HTTP_ERROR(404):self_link_with_local_windows_path			| vendor_cache | I:\FSOT-Physical-Archive\02_FSOT-2.1-Lean-Full\vendor\scientific_expansion\tier85_cache\mechanical_engineering_cache.json | https://github.com/dappalumbo91/FSOT-2.1-Lean/tree/main/I:/FSOT-Physical-Archive/02_FSOT-2.1-Lean-Full/vendor/scientific_expansion/tier85_cache/mechanical_engi
docs/BENCHMARK_DATA_CITATIONS.md	3393	text	url	https://github.com/dappalumbo91/FSOT-2.1-Lean/tree/main/I:/FSOT-Physical-Archive/02_FSOT-2.1-Lean-Full/vendor/scientific_expansion/tier85_cache/mechanical_engineering_cache.json	HTTP_ERROR(404):self_link_with_local_windows_path			- **vendor_cache**: I:\FSOT-Physical-Archive\02_FSOT-2.1-Lean-Full\vendor\scientific_expansion\tier85_cache\mechanical_engineering_cache.json — https://github.com/dappalumbo91/FSOT-2.1-Lean/tree/main/I:/FSOT-Physical-Archive/02_FSOT-2.1-Lean-Full/vendor/scientific_expansion/tier85_cache/mechanical_e
docs/BENCHMARK_DATA_CITATIONS.md	622	text	url	https://github.com/dappalumbo91/FSOT-2.1-Lean/tree/main/I:/FSOT-Physical-Archive/02_FSOT-2.1-Lean-Full/vendor/verified_desktop/legacy_physics/warp_actuation_formula_fsot21.json	HTTP_ERROR(404):self_link_with_local_windows_path			| vendor_cache | I:\FSOT-Physical-Archive\02_FSOT-2.1-Lean-Full\vendor\verified_desktop\legacy_physics\warp_actuation_formula_fsot21.json | https://github.com/dappalumbo91/FSOT-2.1-Lean/tree/main/I:/FSOT-Physical-Archive/02_FSOT-2.1-Lean-Full/vendor/verified_desktop/legacy_physics/warp_actuation_for
docs/BENCHMARK_DATA_CITATIONS.md	4658	text	url	https://github.com/dappalumbo91/FSOT-2.1-Lean/tree/main/I:/FSOT-Physical-Archive/02_FSOT-2.1-Lean-Full/vendor/verified_desktop/legacy_physics/warp_actuation_formula_fsot21.json	HTTP_ERROR(404):self_link_with_local_windows_path			- **vendor_cache**: I:\FSOT-Physical-Archive\02_FSOT-2.1-Lean-Full\vendor\verified_desktop\legacy_physics\warp_actuation_formula_fsot21.json — https://github.com/dappalumbo91/FSOT-2.1-Lean/tree/main/I:/FSOT-Physical-Archive/02_FSOT-2.1-Lean-Full/vendor/verified_desktop/legacy_physics/warp_actuation_
docs/BENCHMARK_DATA_CITATIONS.md	623	text	url	https://github.com/dappalumbo91/FSOT-2.1-Lean/tree/main/I:/FSOT-Physical-Archive/04_Genetics-Longevity/tier94_anage_longevity_catalog.json	HTTP_ERROR(404):self_link_with_local_windows_path			| vendor_cache | I:\FSOT-Physical-Archive\04_Genetics-Longevity\tier94_anage_longevity_catalog.json | https://github.com/dappalumbo91/FSOT-2.1-Lean/tree/main/I:/FSOT-Physical-Archive/04_Genetics-Longevity/tier94_anage_longevity_catalog.json | 1 |
docs/BENCHMARK_DATA_CITATIONS.md	3125	text	url	https://github.com/dappalumbo91/FSOT-2.1-Lean/tree/main/I:/FSOT-Physical-Archive/04_Genetics-Longevity/tier94_anage_longevity_catalog.json	HTTP_ERROR(404):self_link_with_local_windows_path			- **vendor_cache**: I:\FSOT-Physical-Archive\04_Genetics-Longevity\tier94_anage_longevity_catalog.json — https://github.com/dappalumbo91/FSOT-2.1-Lean/tree/main/I:/FSOT-Physical-Archive/04_Genetics-Longevity/tier94_anage_longevity_catalog.json
docs/BENCHMARK_DATA_CITATIONS.md	624	text	url	https://github.com/dappalumbo91/FSOT-2.1-Lean/tree/main/I:/FSOT-Physical-Archive/08_Verified-Desktop-Projects/star_trek_transporter/pattern_buffer_scan_results.json	HTTP_ERROR(404):self_link_with_local_windows_path			| vendor_cache | I:\FSOT-Physical-Archive\08_Verified-Desktop-Projects\star_trek_transporter\pattern_buffer_scan_results.json | https://github.com/dappalumbo91/FSOT-2.1-Lean/tree/main/I:/FSOT-Physical-Archive/08_Verified-Desktop-Projects/star_trek_transporter/pattern_buffer_scan_results.json | 1 |
docs/BENCHMARK_DATA_CITATIONS.md	4659	text	url	https://github.com/dappalumbo91/FSOT-2.1-Lean/tree/main/I:/FSOT-Physical-Archive/08_Verified-Desktop-Projects/star_trek_transporter/pattern_buffer_scan_results.json	HTTP_ERROR(404):self_link_with_local_windows_path			- **vendor_cache**: I:\FSOT-Physical-Archive\08_Verified-Desktop-Projects\star_trek_transporter\pattern_buffer_scan_results.json — https://github.com/dappalumbo91/FSOT-2.1-Lean/tree/main/I:/FSOT-Physical-Archive/08_Verified-Desktop-Projects/star_trek_transporter/pattern_buffer_scan_results.json
docs/BENCHMARK_DATA_CITATIONS.md	716	text	url	https://github.com/dappalumbo91/FSOT-2.1-Lean/tree/main/igem_live_fasta_benchmark.json	HTTP_ERROR(404):self_link			| vendor_cache | igem_live_fasta_benchmark.json | https://github.com/dappalumbo91/FSOT-2.1-Lean/tree/main/igem_live_fasta_benchmark.json | 1 |
docs/BENCHMARK_DATA_CITATIONS.md	2890	text	url	https://github.com/dappalumbo91/FSOT-2.1-Lean/tree/main/igem_live_fasta_benchmark.json	HTTP_ERROR(404):self_link			- **vendor_cache**: igem_live_fasta_benchmark.json — https://github.com/dappalumbo91/FSOT-2.1-Lean/tree/main/igem_live_fasta_benchmark.json
docs/BENCHMARK_DATA_CITATIONS.md	717	text	url	https://github.com/dappalumbo91/FSOT-2.1-Lean/tree/main/igem_synthetic_biology_benchmark.json	HTTP_ERROR(404):self_link			| vendor_cache | igem_synthetic_biology_benchmark.json | https://github.com/dappalumbo91/FSOT-2.1-Lean/tree/main/igem_synthetic_biology_benchmark.json | 1 |
docs/BENCHMARK_DATA_CITATIONS.md	2889	text	url	https://github.com/dappalumbo91/FSOT-2.1-Lean/tree/main/igem_synthetic_biology_benchmark.json	HTTP_ERROR(404):self_link			- **vendor_cache**: igem_synthetic_biology_benchmark.json — https://github.com/dappalumbo91/FSOT-2.1-Lean/tree/main/igem_synthetic_biology_benchmark.json
docs/BENCHMARK_DATA_CITATIONS.md	718	text	url	https://github.com/dappalumbo91/FSOT-2.1-Lean/tree/main/knowledge_base_formula_verification_summary.json	HTTP_ERROR(404):self_link			| vendor_cache | knowledge_base_formula_verification_summary.json | https://github.com/dappalumbo91/FSOT-2.1-Lean/tree/main/knowledge_base_formula_verification_summary.json | 1 |
docs/BENCHMARK_DATA_CITATIONS.md	3024	text	url	https://github.com/dappalumbo91/FSOT-2.1-Lean/tree/main/knowledge_base_formula_verification_summary.json	HTTP_ERROR(404):self_link			- **vendor_cache**: knowledge_base_formula_verification_summary.json — https://github.com/dappalumbo91/FSOT-2.1-Lean/tree/main/knowledge_base_formula_verification_summary.json
docs/BENCHMARK_DATA_CITATIONS.md	719	text	url	https://github.com/dappalumbo91/FSOT-2.1-Lean/tree/main/lab_synthesis_metamaterial_spine_benchmark.json	HTTP_ERROR(404):self_link			| vendor_cache | lab_synthesis_metamaterial_spine_benchmark.json | https://github.com/dappalumbo91/FSOT-2.1-Lean/tree/main/lab_synthesis_metamaterial_spine_benchmark.json | 1 |
docs/BENCHMARK_DATA_CITATIONS.md	4752	text	url	https://github.com/dappalumbo91/FSOT-2.1-Lean/tree/main/lab_synthesis_metamaterial_spine_benchmark.json	HTTP_ERROR(404):self_link			- **vendor_cache**: lab_synthesis_metamaterial_spine_benchmark.json — https://github.com/dappalumbo91/FSOT-2.1-Lean/tree/main/lab_synthesis_metamaterial_spine_benchmark.json
docs/BENCHMARK_DATA_CITATIONS.md	720	text	url	https://github.com/dappalumbo91/FSOT-2.1-Lean/tree/main/linguistics_formal_benchmark.json	HTTP_ERROR(404):self_link			| vendor_cache | linguistics_formal_benchmark.json | https://github.com/dappalumbo91/FSOT-2.1-Lean/tree/main/linguistics_formal_benchmark.json | 1 |
docs/BENCHMARK_DATA_CITATIONS.md	1698	text	url	https://github.com/dappalumbo91/FSOT-2.1-Lean/tree/main/linguistics_formal_benchmark.json	HTTP_ERROR(404):self_link			- **vendor_cache**: linguistics_formal_benchmark.json — https://github.com/dappalumbo91/FSOT-2.1-Lean/tree/main/linguistics_formal_benchmark.json
docs/BENCHMARK_DATA_CITATIONS.md	721	text	url	https://github.com/dappalumbo91/FSOT-2.1-Lean/tree/main/longevity_telomere_repair_anchors.json	HTTP_ERROR(404):self_link			| vendor_cache | longevity_telomere_repair_anchors.json | https://github.com/dappalumbo91/FSOT-2.1-Lean/tree/main/longevity_telomere_repair_anchors.json | 1 |
docs/BENCHMARK_DATA_CITATIONS.md	3173	text	url	https://github.com/dappalumbo91/FSOT-2.1-Lean/tree/main/longevity_telomere_repair_anchors.json	HTTP_ERROR(404):self_link			- **vendor_cache**: longevity_telomere_repair_anchors.json — https://github.com/dappalumbo91/FSOT-2.1-Lean/tree/main/longevity_telomere_repair_anchors.json
docs/BENCHMARK_DATA_CITATIONS.md	722	text	url	https://github.com/dappalumbo91/FSOT-2.1-Lean/tree/main/magnetosphere_benchmark.json	HTTP_ERROR(404):self_link			| vendor_cache | magnetosphere_benchmark.json | https://github.com/dappalumbo91/FSOT-2.1-Lean/tree/main/magnetosphere_benchmark.json | 1 |
docs/BENCHMARK_DATA_CITATIONS.md	3007	text	url	https://github.com/dappalumbo91/FSOT-2.1-Lean/tree/main/magnetosphere_benchmark.json	HTTP_ERROR(404):self_link			- **vendor_cache**: magnetosphere_benchmark.json — https://github.com/dappalumbo91/FSOT-2.1-Lean/tree/main/magnetosphere_benchmark.json
docs/BENCHMARK_DATA_CITATIONS.md	723	text	url	https://github.com/dappalumbo91/FSOT-2.1-Lean/tree/main/magnetosphere_extended_benchmark.json	HTTP_ERROR(404):self_link			| vendor_cache | magnetosphere_extended_benchmark.json | https://github.com/dappalumbo91/FSOT-2.1-Lean/tree/main/magnetosphere_extended_benchmark.json | 1 |
docs/BENCHMARK_DATA_CITATIONS.md	3009	text	url	https://github.com/dappalumbo91/FSOT-2.1-Lean/tree/main/magnetosphere_extended_benchmark.json	HTTP_ERROR(404):self_link			- **vendor_cache**: magnetosphere_extended_benchmark.json — https://github.com/dappalumbo91/FSOT-2.1-Lean/tree/main/magnetosphere_extended_benchmark.json
docs/BENCHMARK_DATA_CITATIONS.md	724	text	url	https://github.com/dappalumbo91/FSOT-2.1-Lean/tree/main/maillard_chemistry_gap_fill_benchmark.json	HTTP_ERROR(404):self_link			| vendor_cache | maillard_chemistry_gap_fill_benchmark.json | https://github.com/dappalumbo91/FSOT-2.1-Lean/tree/main/maillard_chemistry_gap_fill_benchmark.json | 1 |
docs/BENCHMARK_DATA_CITATIONS.md	4186	text	url	https://github.com/dappalumbo91/FSOT-2.1-Lean/tree/main/maillard_chemistry_gap_fill_benchmark.json	HTTP_ERROR(404):self_link			- **vendor_cache**: maillard_chemistry_gap_fill_benchmark.json — https://github.com/dappalumbo91/FSOT-2.1-Lean/tree/main/maillard_chemistry_gap_fill_benchmark.json
docs/BENCHMARK_DATA_CITATIONS.md	725	text	url	https://github.com/dappalumbo91/FSOT-2.1-Lean/tree/main/malware_threat_intelligence_cybersecurity_benchmark.json	HTTP_ERROR(404):self_link			| vendor_cache | malware_threat_intelligence_cybersecurity_benchmark.json | https://github.com/dappalumbo91/FSOT-2.1-Lean/tree/main/malware_threat_intelligence_cybersecurity_benchmark.json | 1 |
docs/BENCHMARK_DATA_CITATIONS.md	5363	text	url	https://github.com/dappalumbo91/FSOT-2.1-Lean/tree/main/malware_threat_intelligence_cybersecurity_benchmark.json	HTTP_ERROR(404):self_link			- **vendor_cache**: malware_threat_intelligence_cybersecurity_benchmark.json — https://github.com/dappalumbo91/FSOT-2.1-Lean/tree/main/malware_threat_intelligence_cybersecurity_benchmark.json
docs/BENCHMARK_DATA_CITATIONS.md	726	text	url	https://github.com/dappalumbo91/FSOT-2.1-Lean/tree/main/material_compatibility_comparison.json	HTTP_ERROR(404):self_link			| vendor_cache | material_compatibility_comparison.json | https://github.com/dappalumbo91/FSOT-2.1-Lean/tree/main/material_compatibility_comparison.json | 1 |
docs/BENCHMARK_DATA_CITATIONS.md	2634	text	url	https://github.com/dappalumbo91/FSOT-2.1-Lean/tree/main/material_compatibility_comparison.json	HTTP_ERROR(404):self_link			- **vendor_cache**: material_compatibility_comparison.json — https://github.com/dappalumbo91/FSOT-2.1-Lean/tree/main/material_compatibility_comparison.json
docs/BENCHMARK_DATA_CITATIONS.md	727	text	url	https://github.com/dappalumbo91/FSOT-2.1-Lean/tree/main/materials_engineering_benchmark.json	HTTP_ERROR(404):self_link			| vendor_cache | materials_engineering_benchmark.json | https://github.com/dappalumbo91/FSOT-2.1-Lean/tree/main/materials_engineering_benchmark.json | 1 |
docs/BENCHMARK_DATA_CITATIONS.md	3311	text	url	https://github.com/dappalumbo91/FSOT-2.1-Lean/tree/main/materials_engineering_benchmark.json	HTTP_ERROR(404):self_link			- **vendor_cache**: materials_engineering_benchmark.json — https://github.com/dappalumbo91/FSOT-2.1-Lean/tree/main/materials_engineering_benchmark.json
docs/BENCHMARK_DATA_CITATIONS.md	728	text	url	https://github.com/dappalumbo91/FSOT-2.1-Lean/tree/main/materials_species_bridge_benchmark.json	HTTP_ERROR(404):self_link			| vendor_cache | materials_species_bridge_benchmark.json | https://github.com/dappalumbo91/FSOT-2.1-Lean/tree/main/materials_species_bridge_benchmark.json | 1 |
docs/BENCHMARK_DATA_CITATIONS.md	3313	text	url	https://github.com/dappalumbo91/FSOT-2.1-Lean/tree/main/materials_species_bridge_benchmark.json	HTTP_ERROR(404):self_link			- **vendor_cache**: materials_species_bridge_benchmark.json — https://github.com/dappalumbo91/FSOT-2.1-Lean/tree/main/materials_species_bridge_benchmark.json
docs/BENCHMARK_DATA_CITATIONS.md	729	text	url	https://github.com/dappalumbo91/FSOT-2.1-Lean/tree/main/math_generator_airfoil_rmse_benchmark.json	HTTP_ERROR(404):self_link			| vendor_cache | math_generator_airfoil_rmse_benchmark.json | https://github.com/dappalumbo91/FSOT-2.1-Lean/tree/main/math_generator_airfoil_rmse_benchmark.json | 1 |
docs/BENCHMARK_DATA_CITATIONS.md	931	text	url	https://github.com/dappalumbo91/FSOT-2.1-Lean/tree/main/math_generator_airfoil_rmse_benchmark.json	HTTP_ERROR(404):self_link			- **vendor_cache**: math_generator_airfoil_rmse_benchmark.json — https://github.com/dappalumbo91/FSOT-2.1-Lean/tree/main/math_generator_airfoil_rmse_benchmark.json
docs/BENCHMARK_DATA_CITATIONS.md	730	text	url	https://github.com/dappalumbo91/FSOT-2.1-Lean/tree/main/mechanistic_coupling_manifest.yaml	HTTP_ERROR(404):self_link			| vendor_cache | mechanistic_coupling_manifest.yaml | https://github.com/dappalumbo91/FSOT-2.1-Lean/tree/main/mechanistic_coupling_manifest.yaml | 1 |
docs/BENCHMARK_DATA_CITATIONS.md	3402	text	url	https://github.com/dappalumbo91/FSOT-2.1-Lean/tree/main/mechanistic_coupling_manifest.yaml	HTTP_ERROR(404):self_link			- **vendor_cache**: mechanistic_coupling_manifest.yaml — https://github.com/dappalumbo91/FSOT-2.1-Lean/tree/main/mechanistic_coupling_manifest.yaml
docs/BENCHMARK_DATA_CITATIONS.md	731	text	url	https://github.com/dappalumbo91/FSOT-2.1-Lean/tree/main/multi_hero_benchmark.json	HTTP_ERROR(404):self_link			| vendor_cache | multi_hero_benchmark.json | https://github.com/dappalumbo91/FSOT-2.1-Lean/tree/main/multi_hero_benchmark.json | 1 |
docs/BENCHMARK_DATA_CITATIONS.md	2868	text	url	https://github.com/dappalumbo91/FSOT-2.1-Lean/tree/main/multi_hero_benchmark.json	HTTP_ERROR(404):self_link			- **vendor_cache**: multi_hero_benchmark.json — https://github.com/dappalumbo91/FSOT-2.1-Lean/tree/main/multi_hero_benchmark.json
docs/BENCHMARK_DATA_CITATIONS.md	732	text	url	https://github.com/dappalumbo91/FSOT-2.1-Lean/tree/main/music_harmonics_public_panel_benchmark.json	HTTP_ERROR(404):self_link			| vendor_cache | music_harmonics_public_panel_benchmark.json | https://github.com/dappalumbo91/FSOT-2.1-Lean/tree/main/music_harmonics_public_panel_benchmark.json | 1 |
docs/BENCHMARK_DATA_CITATIONS.md	4804	text	url	https://github.com/dappalumbo91/FSOT-2.1-Lean/tree/main/music_harmonics_public_panel_benchmark.json	HTTP_ERROR(404):self_link			- **vendor_cache**: music_harmonics_public_panel_benchmark.json — https://github.com/dappalumbo91/FSOT-2.1-Lean/tree/main/music_harmonics_public_panel_benchmark.json
docs/BENCHMARK_DATA_CITATIONS.md	733	text	url	https://github.com/dappalumbo91/FSOT-2.1-Lean/tree/main/network_internet_protocols_cybersecurity_benchmark.json	HTTP_ERROR(404):self_link			| vendor_cache | network_internet_protocols_cybersecurity_benchmark.json | https://github.com/dappalumbo91/FSOT-2.1-Lean/tree/main/network_internet_protocols_cybersecurity_benchmark.json | 1 |
docs/BENCHMARK_DATA_CITATIONS.md	5362	text	url	https://github.com/dappalumbo91/FSOT-2.1-Lean/tree/main/network_internet_protocols_cybersecurity_benchmark.json	HTTP_ERROR(404):self_link			- **vendor_cache**: network_internet_protocols_cybersecurity_benchmark.json — https://github.com/dappalumbo91/FSOT-2.1-Lean/tree/main/network_internet_protocols_cybersecurity_benchmark.json
docs/BENCHMARK_DATA_CITATIONS.md	734	text	url	https://github.com/dappalumbo91/FSOT-2.1-Lean/tree/main/nist_codata_constants_benchmark.json	HTTP_ERROR(404):self_link			| vendor_cache | nist_codata_constants_benchmark.json | https://github.com/dappalumbo91/FSOT-2.1-Lean/tree/main/nist_codata_constants_benchmark.json | 1 |
docs/BENCHMARK_DATA_CITATIONS.md	1405	text	url	https://github.com/dappalumbo91/FSOT-2.1-Lean/tree/main/nist_codata_constants_benchmark.json	HTTP_ERROR(404):self_link			- **vendor_cache**: nist_codata_constants_benchmark.json — https://github.com/dappalumbo91/FSOT-2.1-Lean/tree/main/nist_codata_constants_benchmark.json
docs/BENCHMARK_DATA_CITATIONS.md	735	text	url	https://github.com/dappalumbo91/FSOT-2.1-Lean/tree/main/openneuro_summary.json	HTTP_ERROR(404):self_link			| vendor_cache | openneuro_summary.json | https://github.com/dappalumbo91/FSOT-2.1-Lean/tree/main/openneuro_summary.json | 1 |
docs/BENCHMARK_DATA_CITATIONS.md	5259	text	url	https://github.com/dappalumbo91/FSOT-2.1-Lean/tree/main/openneuro_summary.json	HTTP_ERROR(404):self_link			- **vendor_cache**: openneuro_summary.json — https://github.com/dappalumbo91/FSOT-2.1-Lean/tree/main/openneuro_summary.json
docs/BENCHMARK_DATA_CITATIONS.md	736	text	url	https://github.com/dappalumbo91/FSOT-2.1-Lean/tree/main/orbital_predictions_registry.yaml	HTTP_ERROR(404):self_link			| vendor_cache | orbital_predictions_registry.yaml | https://github.com/dappalumbo91/FSOT-2.1-Lean/tree/main/orbital_predictions_registry.yaml | 1 |
docs/BENCHMARK_DATA_CITATIONS.md	1832	text	url	https://github.com/dappalumbo91/FSOT-2.1-Lean/tree/main/orbital_predictions_registry.yaml	HTTP_ERROR(404):self_link			- **vendor_cache**: orbital_predictions_registry.yaml — https://github.com/dappalumbo91/FSOT-2.1-Lean/tree/main/orbital_predictions_registry.yaml
docs/BENCHMARK_DATA_CITATIONS.md	737	text	url	https://github.com/dappalumbo91/FSOT-2.1-Lean/tree/main/particle_physics_benchmark.json	HTTP_ERROR(404):self_link			| vendor_cache | particle_physics_benchmark.json | https://github.com/dappalumbo91/FSOT-2.1-Lean/tree/main/particle_physics_benchmark.json | 2 |
docs/BENCHMARK_DATA_CITATIONS.md	1385	text	url	https://github.com/dappalumbo91/FSOT-2.1-Lean/tree/main/particle_physics_benchmark.json	HTTP_ERROR(404):self_link			- **vendor_cache**: particle_physics_benchmark.json — https://github.com/dappalumbo91/FSOT-2.1-Lean/tree/main/particle_physics_benchmark.json
docs/BENCHMARK_DATA_CITATIONS.md	4742	text	url	https://github.com/dappalumbo91/FSOT-2.1-Lean/tree/main/particle_physics_benchmark.json	HTTP_ERROR(404):self_link			- **vendor_cache**: particle_physics_benchmark.json — https://github.com/dappalumbo91/FSOT-2.1-Lean/tree/main/particle_physics_benchmark.json
docs/BENCHMARK_DATA_CITATIONS.md	738	text	url	https://github.com/dappalumbo91/FSOT-2.1-Lean/tree/main/periodic_table_completion_spine_benchmark.json	HTTP_ERROR(404):self_link			| vendor_cache | periodic_table_completion_spine_benchmark.json | https://github.com/dappalumbo91/FSOT-2.1-Lean/tree/main/periodic_table_completion_spine_benchmark.json | 2 |
docs/BENCHMARK_DATA_CITATIONS.md	3043	text	url	https://github.com/dappalumbo91/FSOT-2.1-Lean/tree/main/periodic_table_completion_spine_benchmark.json	HTTP_ERROR(404):self_link			- **vendor_cache**: periodic_table_completion_spine_benchmark.json — https://github.com/dappalumbo91/FSOT-2.1-Lean/tree/main/periodic_table_completion_spine_benchmark.json
docs/BENCHMARK_DATA_CITATIONS.md	3968	text	url	https://github.com/dappalumbo91/FSOT-2.1-Lean/tree/main/periodic_table_completion_spine_benchmark.json	HTTP_ERROR(404):self_link			- **vendor_cache**: periodic_table_completion_spine_benchmark.json — https://github.com/dappalumbo91/FSOT-2.1-Lean/tree/main/periodic_table_completion_spine_benchmark.json
docs/BENCHMARK_DATA_CITATIONS.md	739	text	url	https://github.com/dappalumbo91/FSOT-2.1-Lean/tree/main/pharmacology_benchmark.json	HTTP_ERROR(404):self_link			| vendor_cache | pharmacology_benchmark.json | https://github.com/dappalumbo91/FSOT-2.1-Lean/tree/main/pharmacology_benchmark.json | 1 |
docs/BENCHMARK_DATA_CITATIONS.md	4184	text	url	https://github.com/dappalumbo91/FSOT-2.1-Lean/tree/main/pharmacology_benchmark.json	HTTP_ERROR(404):self_link			- **vendor_cache**: pharmacology_benchmark.json — https://github.com/dappalumbo91/FSOT-2.1-Lean/tree/main/pharmacology_benchmark.json
docs/BENCHMARK_DATA_CITATIONS.md	740	text	url	https://github.com/dappalumbo91/FSOT-2.1-Lean/tree/main/plasma_physics_benchmark.json	HTTP_ERROR(404):self_link			| vendor_cache | plasma_physics_benchmark.json | https://github.com/dappalumbo91/FSOT-2.1-Lean/tree/main/plasma_physics_benchmark.json | 6 |
docs/BENCHMARK_DATA_CITATIONS.md	1254	text	url	https://github.com/dappalumbo91/FSOT-2.1-Lean/tree/main/plasma_physics_benchmark.json	HTTP_ERROR(404):self_link			- **vendor_cache**: plasma_physics_benchmark.json — https://github.com/dappalumbo91/FSOT-2.1-Lean/tree/main/plasma_physics_benchmark.json
docs/BENCHMARK_DATA_CITATIONS.md	1384	text	url	https://github.com/dappalumbo91/FSOT-2.1-Lean/tree/main/plasma_physics_benchmark.json	HTTP_ERROR(404):self_link			- **vendor_cache**: plasma_physics_benchmark.json — https://github.com/dappalumbo91/FSOT-2.1-Lean/tree/main/plasma_physics_benchmark.json
docs/BENCHMARK_DATA_CITATIONS.md	2670	text	url	https://github.com/dappalumbo91/FSOT-2.1-Lean/tree/main/plasma_physics_benchmark.json	HTTP_ERROR(404):self_link			- **vendor_cache**: plasma_physics_benchmark.json — https://github.com/dappalumbo91/FSOT-2.1-Lean/tree/main/plasma_physics_benchmark.json
docs/BENCHMARK_DATA_CITATIONS.md	2910	text	url	https://github.com/dappalumbo91/FSOT-2.1-Lean/tree/main/plasma_physics_benchmark.json	HTTP_ERROR(404):self_link			- **vendor_cache**: plasma_physics_benchmark.json — https://github.com/dappalumbo91/FSOT-2.1-Lean/tree/main/plasma_physics_benchmark.json
docs/BENCHMARK_DATA_CITATIONS.md	3005	text	url	https://github.com/dappalumbo91/FSOT-2.1-Lean/tree/main/plasma_physics_benchmark.json	HTTP_ERROR(404):self_link			- **vendor_cache**: plasma_physics_benchmark.json — https://github.com/dappalumbo91/FSOT-2.1-Lean/tree/main/plasma_physics_benchmark.json
docs/BENCHMARK_DATA_CITATIONS.md	3201	text	url	https://github.com/dappalumbo91/FSOT-2.1-Lean/tree/main/plasma_physics_benchmark.json	HTTP_ERROR(404):self_link			- **vendor_cache**: plasma_physics_benchmark.json — https://github.com/dappalumbo91/FSOT-2.1-Lean/tree/main/plasma_physics_benchmark.json
docs/BENCHMARK_DATA_CITATIONS.md	741	text	url	https://github.com/dappalumbo91/FSOT-2.1-Lean/tree/main/prediction_rederivation_benchmark.json	HTTP_ERROR(404):self_link			| vendor_cache | prediction_rederivation_benchmark.json | https://github.com/dappalumbo91/FSOT-2.1-Lean/tree/main/prediction_rederivation_benchmark.json | 1 |
docs/BENCHMARK_DATA_CITATIONS.md	5119	text	url	https://github.com/dappalumbo91/FSOT-2.1-Lean/tree/main/prediction_rederivation_benchmark.json	HTTP_ERROR(404):self_link			- **vendor_cache**: prediction_rederivation_benchmark.json — https://github.com/dappalumbo91/FSOT-2.1-Lean/tree/main/prediction_rederivation_benchmark.json
docs/BENCHMARK_DATA_CITATIONS.md	742	text	url	https://github.com/dappalumbo91/FSOT-2.1-Lean/tree/main/preregistered_predictions_benchmark.json	HTTP_ERROR(404):self_link			| vendor_cache | preregistered_predictions_benchmark.json | https://github.com/dappalumbo91/FSOT-2.1-Lean/tree/main/preregistered_predictions_benchmark.json | 1 |
docs/BENCHMARK_DATA_CITATIONS.md	4095	text	url	https://github.com/dappalumbo91/FSOT-2.1-Lean/tree/main/preregistered_predictions_benchmark.json	HTTP_ERROR(404):self_link			- **vendor_cache**: preregistered_predictions_benchmark.json — https://github.com/dappalumbo91/FSOT-2.1-Lean/tree/main/preregistered_predictions_benchmark.json
docs/BENCHMARK_DATA_CITATIONS.md	743	text	url	https://github.com/dappalumbo91/FSOT-2.1-Lean/tree/main/preregistered_predictions_manifest.yaml	HTTP_ERROR(404):self_link			| vendor_cache | preregistered_predictions_manifest.yaml | https://github.com/dappalumbo91/FSOT-2.1-Lean/tree/main/preregistered_predictions_manifest.yaml | 3 |
docs/BENCHMARK_DATA_CITATIONS.md	2439	text	url	https://github.com/dappalumbo91/FSOT-2.1-Lean/tree/main/preregistered_predictions_manifest.yaml	HTTP_ERROR(404):self_link			- **vendor_cache**: preregistered_predictions_manifest.yaml — https://github.com/dappalumbo91/FSOT-2.1-Lean/tree/main/preregistered_predictions_manifest.yaml
docs/BENCHMARK_DATA_CITATIONS.md	4087	text	url	https://github.com/dappalumbo91/FSOT-2.1-Lean/tree/main/preregistered_predictions_manifest.yaml	HTTP_ERROR(404):self_link			- **vendor_cache**: preregistered_predictions_manifest.yaml — https://github.com/dappalumbo91/FSOT-2.1-Lean/tree/main/preregistered_predictions_manifest.yaml
docs/BENCHMARK_DATA_CITATIONS.md	4094	text	url	https://github.com/dappalumbo91/FSOT-2.1-Lean/tree/main/preregistered_predictions_manifest.yaml	HTTP_ERROR(404):self_link			- **vendor_cache**: preregistered_predictions_manifest.yaml — https://github.com/dappalumbo91/FSOT-2.1-Lean/tree/main/preregistered_predictions_manifest.yaml
docs/BENCHMARK_DATA_CITATIONS.md	744	text	url	https://github.com/dappalumbo91/FSOT-2.1-Lean/tree/main/preregistered_predictions_verification_scaffold_benchmark.json	HTTP_ERROR(404):self_link			| vendor_cache | preregistered_predictions_verification_scaffold_benchmark.json | https://github.com/dappalumbo91/FSOT-2.1-Lean/tree/main/preregistered_predictions_verification_scaffold_benchmark.json | 1 |
docs/BENCHMARK_DATA_CITATIONS.md	4080	text	url	https://github.com/dappalumbo91/FSOT-2.1-Lean/tree/main/preregistered_predictions_verification_scaffold_benchmark.json	HTTP_ERROR(404):self_link			- **vendor_cache**: preregistered_predictions_verification_scaffold_benchmark.json — https://github.com/dappalumbo91/FSOT-2.1-Lean/tree/main/preregistered_predictions_verification_scaffold_benchmark.json
docs/BENCHMARK_DATA_CITATIONS.md	625	text	url	https://github.com/dappalumbo91/FSOT-2.1-Lean/tree/main/PROGRAMMING_LANGUAGE_RULES.json	HTTP_ERROR(404):self_link			| vendor_cache | PROGRAMMING_LANGUAGE_RULES.json | https://github.com/dappalumbo91/FSOT-2.1-Lean/tree/main/PROGRAMMING_LANGUAGE_RULES.json | 1 |
docs/BENCHMARK_DATA_CITATIONS.md	4102	text	url	https://github.com/dappalumbo91/FSOT-2.1-Lean/tree/main/PROGRAMMING_LANGUAGE_RULES.json	HTTP_ERROR(404):self_link			- **vendor_cache**: PROGRAMMING_LANGUAGE_RULES.json — https://github.com/dappalumbo91/FSOT-2.1-Lean/tree/main/PROGRAMMING_LANGUAGE_RULES.json
docs/BENCHMARK_DATA_CITATIONS.md	745	text	url	https://github.com/dappalumbo91/FSOT-2.1-Lean/tree/main/proof_ledger.yaml	HTTP_ERROR(404):self_link			| vendor_cache | proof_ledger.yaml | https://github.com/dappalumbo91/FSOT-2.1-Lean/tree/main/proof_ledger.yaml | 1 |
docs/BENCHMARK_DATA_CITATIONS.md	4125	text	url	https://github.com/dappalumbo91/FSOT-2.1-Lean/tree/main/proof_ledger.yaml	HTTP_ERROR(404):self_link			- **vendor_cache**: proof_ledger.yaml — https://github.com/dappalumbo91/FSOT-2.1-Lean/tree/main/proof_ledger.yaml
docs/BENCHMARK_DATA_CITATIONS.md	746	text	url	https://github.com/dappalumbo91/FSOT-2.1-Lean/tree/main/pubchem_compound_properties_benchmark.json	HTTP_ERROR(404):self_link			| vendor_cache | pubchem_compound_properties_benchmark.json | https://github.com/dappalumbo91/FSOT-2.1-Lean/tree/main/pubchem_compound_properties_benchmark.json | 2 |
docs/BENCHMARK_DATA_CITATIONS.md	4183	text	url	https://github.com/dappalumbo91/FSOT-2.1-Lean/tree/main/pubchem_compound_properties_benchmark.json	HTTP_ERROR(404):self_link			- **vendor_cache**: pubchem_compound_properties_benchmark.json — https://github.com/dappalumbo91/FSOT-2.1-Lean/tree/main/pubchem_compound_properties_benchmark.json
docs/BENCHMARK_DATA_CITATIONS.md	4196	text	url	https://github.com/dappalumbo91/FSOT-2.1-Lean/tree/main/pubchem_compound_properties_benchmark.json	HTTP_ERROR(404):self_link			- **vendor_cache**: pubchem_compound_properties_benchmark.json — https://github.com/dappalumbo91/FSOT-2.1-Lean/tree/main/pubchem_compound_properties_benchmark.json
docs/BENCHMARK_DATA_CITATIONS.md	747	text	url	https://github.com/dappalumbo91/FSOT-2.1-Lean/tree/main/pubchem_summary.json	HTTP_ERROR(404):self_link			| vendor_cache | pubchem_summary.json | https://github.com/dappalumbo91/FSOT-2.1-Lean/tree/main/pubchem_summary.json | 1 |
docs/BENCHMARK_DATA_CITATIONS.md	1404	text	url	https://github.com/dappalumbo91/FSOT-2.1-Lean/tree/main/pubchem_summary.json	HTTP_ERROR(404):self_link			- **vendor_cache**: pubchem_summary.json — https://github.com/dappalumbo91/FSOT-2.1-Lean/tree/main/pubchem_summary.json
docs/BENCHMARK_DATA_CITATIONS.md	748	text	url	https://github.com/dappalumbo91/FSOT-2.1-Lean/tree/main/public_fuel_property_catalog.json	HTTP_ERROR(404):self_link			| vendor_cache | public_fuel_property_catalog.json | https://github.com/dappalumbo91/FSOT-2.1-Lean/tree/main/public_fuel_property_catalog.json | 1 |
docs/BENCHMARK_DATA_CITATIONS.md	2645	text	url	https://github.com/dappalumbo91/FSOT-2.1-Lean/tree/main/public_fuel_property_catalog.json	HTTP_ERROR(404):self_link			- **vendor_cache**: public_fuel_property_catalog.json — https://github.com/dappalumbo91/FSOT-2.1-Lean/tree/main/public_fuel_property_catalog.json
docs/BENCHMARK_DATA_CITATIONS.md	749	text	url	https://github.com/dappalumbo91/FSOT-2.1-Lean/tree/main/quantum_materials_benchmark.json	HTTP_ERROR(404):self_link			| vendor_cache | quantum_materials_benchmark.json | https://github.com/dappalumbo91/FSOT-2.1-Lean/tree/main/quantum_materials_benchmark.json | 1 |
docs/BENCHMARK_DATA_CITATIONS.md	3312	text	url	https://github.com/dappalumbo91/FSOT-2.1-Lean/tree/main/quantum_materials_benchmark.json	HTTP_ERROR(404):self_link			- **vendor_cache**: quantum_materials_benchmark.json — https://github.com/dappalumbo91/FSOT-2.1-Lean/tree/main/quantum_materials_benchmark.json
docs/BENCHMARK_DATA_CITATIONS.md	750	text	url	https://github.com/dappalumbo91/FSOT-2.1-Lean/tree/main/rcsb_pdb_summary.json	HTTP_ERROR(404):self_link			| vendor_cache | rcsb_pdb_summary.json | https://github.com/dappalumbo91/FSOT-2.1-Lean/tree/main/rcsb_pdb_summary.json | 1 |
docs/BENCHMARK_DATA_CITATIONS.md	5110	text	url	https://github.com/dappalumbo91/FSOT-2.1-Lean/tree/main/rcsb_pdb_summary.json	HTTP_ERROR(404):self_link			- **vendor_cache**: rcsb_pdb_summary.json — https://github.com/dappalumbo91/FSOT-2.1-Lean/tree/main/rcsb_pdb_summary.json
docs/BENCHMARK_DATA_CITATIONS.md	751	text	url	https://github.com/dappalumbo91/FSOT-2.1-Lean/tree/main/reality_folding_spine_benchmark.json	HTTP_ERROR(404):self_link			| vendor_cache | reality_folding_spine_benchmark.json | https://github.com/dappalumbo91/FSOT-2.1-Lean/tree/main/reality_folding_spine_benchmark.json | 1 |
docs/BENCHMARK_DATA_CITATIONS.md	2408	text	url	https://github.com/dappalumbo91/FSOT-2.1-Lean/tree/main/reality_folding_spine_benchmark.json	HTTP_ERROR(404):self_link			- **vendor_cache**: reality_folding_spine_benchmark.json — https://github.com/dappalumbo91/FSOT-2.1-Lean/tree/main/reality_folding_spine_benchmark.json
docs/BENCHMARK_DATA_CITATIONS.md	752	text	url	https://github.com/dappalumbo91/FSOT-2.1-Lean/tree/main/refined_grounded_hemp.json	HTTP_ERROR(404):self_link			| vendor_cache | refined_grounded_hemp.json | https://github.com/dappalumbo91/FSOT-2.1-Lean/tree/main/refined_grounded_hemp.json | 1 |
docs/BENCHMARK_DATA_CITATIONS.md	2635	text	url	https://github.com/dappalumbo91/FSOT-2.1-Lean/tree/main/refined_grounded_hemp.json	HTTP_ERROR(404):self_link			- **vendor_cache**: refined_grounded_hemp.json — https://github.com/dappalumbo91/FSOT-2.1-Lean/tree/main/refined_grounded_hemp.json
docs/BENCHMARK_DATA_CITATIONS.md	753	text	url	https://github.com/dappalumbo91/FSOT-2.1-Lean/tree/main/results/competitive/beat_cuda.json	HTTP_ERROR(404):self_link			| vendor_cache | results/competitive/beat_cuda.json | https://github.com/dappalumbo91/FSOT-2.1-Lean/tree/main/results/competitive/beat_cuda.json | 3 |
docs/BENCHMARK_DATA_CITATIONS.md	2006	text	url	https://github.com/dappalumbo91/FSOT-2.1-Lean/tree/main/results/competitive/beat_cuda.json	HTTP_ERROR(404):self_link			- **vendor_cache**: results/competitive/beat_cuda.json — https://github.com/dappalumbo91/FSOT-2.1-Lean/tree/main/results/competitive/beat_cuda.json
docs/BENCHMARK_DATA_CITATIONS.md	2277	text	url	https://github.com/dappalumbo91/FSOT-2.1-Lean/tree/main/results/competitive/beat_cuda.json	HTTP_ERROR(404):self_link			- **vendor_cache**: results/competitive/beat_cuda.json — https://github.com/dappalumbo91/FSOT-2.1-Lean/tree/main/results/competitive/beat_cuda.json
docs/BENCHMARK_DATA_CITATIONS.md	2336	text	url	https://github.com/dappalumbo91/FSOT-2.1-Lean/tree/main/results/competitive/beat_cuda.json	HTTP_ERROR(404):self_link			- **vendor_cache**: results/competitive/beat_cuda.json — https://github.com/dappalumbo91/FSOT-2.1-Lean/tree/main/results/competitive/beat_cuda.json
docs/BENCHMARK_DATA_CITATIONS.md	754	text	url	https://github.com/dappalumbo91/FSOT-2.1-Lean/tree/main/results/competitive/flash_attention_track.json	HTTP_ERROR(404):self_link			| vendor_cache | results/competitive/flash_attention_track.json | https://github.com/dappalumbo91/FSOT-2.1-Lean/tree/main/results/competitive/flash_attention_track.json | 1 |
docs/BENCHMARK_DATA_CITATIONS.md	2281	text	url	https://github.com/dappalumbo91/FSOT-2.1-Lean/tree/main/results/competitive/flash_attention_track.json	HTTP_ERROR(404):self_link			- **vendor_cache**: results/competitive/flash_attention_track.json — https://github.com/dappalumbo91/FSOT-2.1-Lean/tree/main/results/competitive/flash_attention_track.json
docs/BENCHMARK_DATA_CITATIONS.md	755	text	url	https://github.com/dappalumbo91/FSOT-2.1-Lean/tree/main/results/competitive/long_seq_and_norm.json	HTTP_ERROR(404):self_link			| vendor_cache | results/competitive/long_seq_and_norm.json | https://github.com/dappalumbo91/FSOT-2.1-Lean/tree/main/results/competitive/long_seq_and_norm.json | 1 |
docs/BENCHMARK_DATA_CITATIONS.md	2282	text	url	https://github.com/dappalumbo91/FSOT-2.1-Lean/tree/main/results/competitive/long_seq_and_norm.json	HTTP_ERROR(404):self_link			- **vendor_cache**: results/competitive/long_seq_and_norm.json — https://github.com/dappalumbo91/FSOT-2.1-Lean/tree/main/results/competitive/long_seq_and_norm.json
docs/BENCHMARK_DATA_CITATIONS.md	756	text	url	https://github.com/dappalumbo91/FSOT-2.1-Lean/tree/main/results/industry_lm/fsot21_verify.json	HTTP_ERROR(404):self_link			| vendor_cache | results/industry_lm/fsot21_verify.json | https://github.com/dappalumbo91/FSOT-2.1-Lean/tree/main/results/industry_lm/fsot21_verify.json | 1 |
docs/BENCHMARK_DATA_CITATIONS.md	2304	text	url	https://github.com/dappalumbo91/FSOT-2.1-Lean/tree/main/results/industry_lm/fsot21_verify.json	HTTP_ERROR(404):self_link			- **vendor_cache**: results/industry_lm/fsot21_verify.json — https://github.com/dappalumbo91/FSOT-2.1-Lean/tree/main/results/industry_lm/fsot21_verify.json
docs/BENCHMARK_DATA_CITATIONS.md	757	text	url	https://github.com/dappalumbo91/FSOT-2.1-Lean/tree/main/results/parity/parity_ledger.json	HTTP_ERROR(404):self_link			| vendor_cache | results/parity/parity_ledger.json | https://github.com/dappalumbo91/FSOT-2.1-Lean/tree/main/results/parity/parity_ledger.json | 3 |
docs/BENCHMARK_DATA_CITATIONS.md	2007	text	url	https://github.com/dappalumbo91/FSOT-2.1-Lean/tree/main/results/parity/parity_ledger.json	HTTP_ERROR(404):self_link			- **vendor_cache**: results/parity/parity_ledger.json — https://github.com/dappalumbo91/FSOT-2.1-Lean/tree/main/results/parity/parity_ledger.json
docs/BENCHMARK_DATA_CITATIONS.md	2293	text	url	https://github.com/dappalumbo91/FSOT-2.1-Lean/tree/main/results/parity/parity_ledger.json	HTTP_ERROR(404):self_link			- **vendor_cache**: results/parity/parity_ledger.json — https://github.com/dappalumbo91/FSOT-2.1-Lean/tree/main/results/parity/parity_ledger.json
docs/BENCHMARK_DATA_CITATIONS.md	2303	text	url	https://github.com/dappalumbo91/FSOT-2.1-Lean/tree/main/results/parity/parity_ledger.json	HTTP_ERROR(404):self_link			- **vendor_cache**: results/parity/parity_ledger.json — https://github.com/dappalumbo91/FSOT-2.1-Lean/tree/main/results/parity/parity_ledger.json
docs/BENCHMARK_DATA_CITATIONS.md	758	text	url	https://github.com/dappalumbo91/FSOT-2.1-Lean/tree/main/results/phase0/fsot_scalar_gpu.json	HTTP_ERROR(404):self_link			| vendor_cache | results/phase0/fsot_scalar_gpu.json | https://github.com/dappalumbo91/FSOT-2.1-Lean/tree/main/results/phase0/fsot_scalar_gpu.json | 2 |
docs/BENCHMARK_DATA_CITATIONS.md	2317	text	url	https://github.com/dappalumbo91/FSOT-2.1-Lean/tree/main/results/phase0/fsot_scalar_gpu.json	HTTP_ERROR(404):self_link			- **vendor_cache**: results/phase0/fsot_scalar_gpu.json — https://github.com/dappalumbo91/FSOT-2.1-Lean/tree/main/results/phase0/fsot_scalar_gpu.json
docs/BENCHMARK_DATA_CITATIONS.md	2338	text	url	https://github.com/dappalumbo91/FSOT-2.1-Lean/tree/main/results/phase0/fsot_scalar_gpu.json	HTTP_ERROR(404):self_link			- **vendor_cache**: results/phase0/fsot_scalar_gpu.json — https://github.com/dappalumbo91/FSOT-2.1-Lean/tree/main/results/phase0/fsot_scalar_gpu.json
docs/BENCHMARK_DATA_CITATIONS.md	759	text	url	https://github.com/dappalumbo91/FSOT-2.1-Lean/tree/main/results/phase0/gpu_probe.json	HTTP_ERROR(404):self_link			| vendor_cache | results/phase0/gpu_probe.json | https://github.com/dappalumbo91/FSOT-2.1-Lean/tree/main/results/phase0/gpu_probe.json | 2 |
docs/BENCHMARK_DATA_CITATIONS.md	2337	text	url	https://github.com/dappalumbo91/FSOT-2.1-Lean/tree/main/results/phase0/gpu_probe.json	HTTP_ERROR(404):self_link			- **vendor_cache**: results/phase0/gpu_probe.json — https://github.com/dappalumbo91/FSOT-2.1-Lean/tree/main/results/phase0/gpu_probe.json
docs/BENCHMARK_DATA_CITATIONS.md	2351	text	url	https://github.com/dappalumbo91/FSOT-2.1-Lean/tree/main/results/phase0/gpu_probe.json	HTTP_ERROR(404):self_link			- **vendor_cache**: results/phase0/gpu_probe.json — https://github.com/dappalumbo91/FSOT-2.1-Lean/tree/main/results/phase0/gpu_probe.json
docs/BENCHMARK_DATA_CITATIONS.md	760	text	url	https://github.com/dappalumbo91/FSOT-2.1-Lean/tree/main/rust_lean_bridge_benchmark.json	HTTP_ERROR(404):self_link			| vendor_cache | rust_lean_bridge_benchmark.json | https://github.com/dappalumbo91/FSOT-2.1-Lean/tree/main/rust_lean_bridge_benchmark.json | 1 |
docs/BENCHMARK_DATA_CITATIONS.md	4117	text	url	https://github.com/dappalumbo91/FSOT-2.1-Lean/tree/main/rust_lean_bridge_benchmark.json	HTTP_ERROR(404):self_link			- **vendor_cache**: rust_lean_bridge_benchmark.json — https://github.com/dappalumbo91/FSOT-2.1-Lean/tree/main/rust_lean_bridge_benchmark.json
docs/BENCHMARK_DATA_CITATIONS.md	761	text	url	https://github.com/dappalumbo91/FSOT-2.1-Lean/tree/main/scientific_domain_expansion_map.json	HTTP_ERROR(404):self_link			| vendor_cache | scientific_domain_expansion_map.json | https://github.com/dappalumbo91/FSOT-2.1-Lean/tree/main/scientific_domain_expansion_map.json | 1 |
docs/BENCHMARK_DATA_CITATIONS.md	4953	text	url	https://github.com/dappalumbo91/FSOT-2.1-Lean/tree/main/scientific_domain_expansion_map.json	HTTP_ERROR(404):self_link			- **vendor_cache**: scientific_domain_expansion_map.json — https://github.com/dappalumbo91/FSOT-2.1-Lean/tree/main/scientific_domain_expansion_map.json
docs/BENCHMARK_DATA_CITATIONS.md	762	text	url	https://github.com/dappalumbo91/FSOT-2.1-Lean/tree/main/secure_software_engineering_cybersecurity_benchmark.json	HTTP_ERROR(404):self_link			| vendor_cache | secure_software_engineering_cybersecurity_benchmark.json | https://github.com/dappalumbo91/FSOT-2.1-Lean/tree/main/secure_software_engineering_cybersecurity_benchmark.json | 1 |
docs/BENCHMARK_DATA_CITATIONS.md	5364	text	url	https://github.com/dappalumbo91/FSOT-2.1-Lean/tree/main/secure_software_engineering_cybersecurity_benchmark.json	HTTP_ERROR(404):self_link			- **vendor_cache**: secure_software_engineering_cybersecurity_benchmark.json — https://github.com/dappalumbo91/FSOT-2.1-Lean/tree/main/secure_software_engineering_cybersecurity_benchmark.json
docs/BENCHMARK_DATA_CITATIONS.md	763	text	url	https://github.com/dappalumbo91/FSOT-2.1-Lean/tree/main/space_weather_benchmark.json	HTTP_ERROR(404):self_link			| vendor_cache | space_weather_benchmark.json | https://github.com/dappalumbo91/FSOT-2.1-Lean/tree/main/space_weather_benchmark.json | 1 |
docs/BENCHMARK_DATA_CITATIONS.md	3008	text	url	https://github.com/dappalumbo91/FSOT-2.1-Lean/tree/main/space_weather_benchmark.json	HTTP_ERROR(404):self_link			- **vendor_cache**: space_weather_benchmark.json — https://github.com/dappalumbo91/FSOT-2.1-Lean/tree/main/space_weather_benchmark.json
docs/BENCHMARK_DATA_CITATIONS.md	764	text	url	https://github.com/dappalumbo91/FSOT-2.1-Lean/tree/main/stellar_multiplicity_catalog_benchmark.json	HTTP_ERROR(404):self_link			| vendor_cache | stellar_multiplicity_catalog_benchmark.json | https://github.com/dappalumbo91/FSOT-2.1-Lean/tree/main/stellar_multiplicity_catalog_benchmark.json | 1 |
docs/BENCHMARK_DATA_CITATIONS.md	4693	text	url	https://github.com/dappalumbo91/FSOT-2.1-Lean/tree/main/stellar_multiplicity_catalog_benchmark.json	HTTP_ERROR(404):self_link			- **vendor_cache**: stellar_multiplicity_catalog_benchmark.json — https://github.com/dappalumbo91/FSOT-2.1-Lean/tree/main/stellar_multiplicity_catalog_benchmark.json
docs/BENCHMARK_DATA_CITATIONS.md	765	text	url	https://github.com/dappalumbo91/FSOT-2.1-Lean/tree/main/stumped_observables_panel_benchmark.json	HTTP_ERROR(404):self_link			| vendor_cache | stumped_observables_panel_benchmark.json | https://github.com/dappalumbo91/FSOT-2.1-Lean/tree/main/stumped_observables_panel_benchmark.json | 1 |
docs/BENCHMARK_DATA_CITATIONS.md	4715	text	url	https://github.com/dappalumbo91/FSOT-2.1-Lean/tree/main/stumped_observables_panel_benchmark.json	HTTP_ERROR(404):self_link			- **vendor_cache**: stumped_observables_panel_benchmark.json — https://github.com/dappalumbo91/FSOT-2.1-Lean/tree/main/stumped_observables_panel_benchmark.json
docs/BENCHMARK_DATA_CITATIONS.md	766	text	url	https://github.com/dappalumbo91/FSOT-2.1-Lean/tree/main/stumped_observables_reference.json	HTTP_ERROR(404):self_link			| vendor_cache | stumped_observables_reference.json | https://github.com/dappalumbo91/FSOT-2.1-Lean/tree/main/stumped_observables_reference.json | 1 |
docs/BENCHMARK_DATA_CITATIONS.md	2097	text	url	https://github.com/dappalumbo91/FSOT-2.1-Lean/tree/main/stumped_observables_reference.json	HTTP_ERROR(404):self_link			- **vendor_cache**: stumped_observables_reference.json — https://github.com/dappalumbo91/FSOT-2.1-Lean/tree/main/stumped_observables_reference.json
docs/BENCHMARK_DATA_CITATIONS.md	767	text	url	https://github.com/dappalumbo91/FSOT-2.1-Lean/tree/main/stumped_observables_spine_benchmark.json	HTTP_ERROR(404):self_link			| vendor_cache | stumped_observables_spine_benchmark.json | https://github.com/dappalumbo91/FSOT-2.1-Lean/tree/main/stumped_observables_spine_benchmark.json | 1 |
docs/BENCHMARK_DATA_CITATIONS.md	2431	text	url	https://github.com/dappalumbo91/FSOT-2.1-Lean/tree/main/stumped_observables_spine_benchmark.json	HTTP_ERROR(404):self_link			- **vendor_cache**: stumped_observables_spine_benchmark.json — https://github.com/dappalumbo91/FSOT-2.1-Lean/tree/main/stumped_observables_spine_benchmark.json
docs/BENCHMARK_DATA_CITATIONS.md	768	text	url	https://github.com/dappalumbo91/FSOT-2.1-Lean/tree/main/superheavy_element_stability_panel_benchmark.json	HTTP_ERROR(404):self_link			| vendor_cache | superheavy_element_stability_panel_benchmark.json | https://github.com/dappalumbo91/FSOT-2.1-Lean/tree/main/superheavy_element_stability_panel_benchmark.json | 1 |
docs/BENCHMARK_DATA_CITATIONS.md	1963	text	url	https://github.com/dappalumbo91/FSOT-2.1-Lean/tree/main/superheavy_element_stability_panel_benchmark.json	HTTP_ERROR(404):self_link			- **vendor_cache**: superheavy_element_stability_panel_benchmark.json — https://github.com/dappalumbo91/FSOT-2.1-Lean/tree/main/superheavy_element_stability_panel_benchmark.json
docs/BENCHMARK_DATA_CITATIONS.md	769	text	url	https://github.com/dappalumbo91/FSOT-2.1-Lean/tree/main/superheavy_island_completion_spine_benchmark.json	HTTP_ERROR(404):self_link			| vendor_cache | superheavy_island_completion_spine_benchmark.json | https://github.com/dappalumbo91/FSOT-2.1-Lean/tree/main/superheavy_island_completion_spine_benchmark.json | 1 |
docs/BENCHMARK_DATA_CITATIONS.md	3967	text	url	https://github.com/dappalumbo91/FSOT-2.1-Lean/tree/main/superheavy_island_completion_spine_benchmark.json	HTTP_ERROR(404):self_link			- **vendor_cache**: superheavy_island_completion_spine_benchmark.json — https://github.com/dappalumbo91/FSOT-2.1-Lean/tree/main/superheavy_island_completion_spine_benchmark.json
docs/BENCHMARK_DATA_CITATIONS.md	770	text	url	https://github.com/dappalumbo91/FSOT-2.1-Lean/tree/main/symbolic_archetype_panel_benchmark.json	HTTP_ERROR(404):self_link			| vendor_cache | symbolic_archetype_panel_benchmark.json | https://github.com/dappalumbo91/FSOT-2.1-Lean/tree/main/symbolic_archetype_panel_benchmark.json | 1 |
docs/BENCHMARK_DATA_CITATIONS.md	2938	text	url	https://github.com/dappalumbo91/FSOT-2.1-Lean/tree/main/symbolic_archetype_panel_benchmark.json	HTTP_ERROR(404):self_link			- **vendor_cache**: symbolic_archetype_panel_benchmark.json — https://github.com/dappalumbo91/FSOT-2.1-Lean/tree/main/symbolic_archetype_panel_benchmark.json
docs/BENCHMARK_DATA_CITATIONS.md	771	text	url	https://github.com/dappalumbo91/FSOT-2.1-Lean/tree/main/term3_acoustic_bleed_depth_benchmark.json	HTTP_ERROR(404):self_link			| vendor_cache | term3_acoustic_bleed_depth_benchmark.json | https://github.com/dappalumbo91/FSOT-2.1-Lean/tree/main/term3_acoustic_bleed_depth_benchmark.json | 2 |
docs/BENCHMARK_DATA_CITATIONS.md	1505	text	url	https://github.com/dappalumbo91/FSOT-2.1-Lean/tree/main/term3_acoustic_bleed_depth_benchmark.json	HTTP_ERROR(404):self_link			- **vendor_cache**: term3_acoustic_bleed_depth_benchmark.json — https://github.com/dappalumbo91/FSOT-2.1-Lean/tree/main/term3_acoustic_bleed_depth_benchmark.json
docs/BENCHMARK_DATA_CITATIONS.md	3423	text	url	https://github.com/dappalumbo91/FSOT-2.1-Lean/tree/main/term3_acoustic_bleed_depth_benchmark.json	HTTP_ERROR(404):self_link			- **vendor_cache**: term3_acoustic_bleed_depth_benchmark.json — https://github.com/dappalumbo91/FSOT-2.1-Lean/tree/main/term3_acoustic_bleed_depth_benchmark.json
docs/BENCHMARK_DATA_CITATIONS.md	772	text	url	https://github.com/dappalumbo91/FSOT-2.1-Lean/tree/main/thermochemistry_public_anchors.json	HTTP_ERROR(404):self_link			| vendor_cache | thermochemistry_public_anchors.json | https://github.com/dappalumbo91/FSOT-2.1-Lean/tree/main/thermochemistry_public_anchors.json | 1 |
docs/BENCHMARK_DATA_CITATIONS.md	2644	text	url	https://github.com/dappalumbo91/FSOT-2.1-Lean/tree/main/thermochemistry_public_anchors.json	HTTP_ERROR(404):self_link			- **vendor_cache**: thermochemistry_public_anchors.json — https://github.com/dappalumbo91/FSOT-2.1-Lean/tree/main/thermochemistry_public_anchors.json
docs/BENCHMARK_DATA_CITATIONS.md	773	text	url	https://github.com/dappalumbo91/FSOT-2.1-Lean/tree/main/tier65_prereg_channels_manifest.yaml	HTTP_ERROR(404):self_link			| vendor_cache | tier65_prereg_channels_manifest.yaml | https://github.com/dappalumbo91/FSOT-2.1-Lean/tree/main/tier65_prereg_channels_manifest.yaml | 3 |
docs/BENCHMARK_DATA_CITATIONS.md	2622	text	url	https://github.com/dappalumbo91/FSOT-2.1-Lean/tree/main/tier65_prereg_channels_manifest.yaml	HTTP_ERROR(404):self_link			- **vendor_cache**: tier65_prereg_channels_manifest.yaml — https://github.com/dappalumbo91/FSOT-2.1-Lean/tree/main/tier65_prereg_channels_manifest.yaml
docs/BENCHMARK_DATA_CITATIONS.md	2955	text	url	https://github.com/dappalumbo91/FSOT-2.1-Lean/tree/main/tier65_prereg_channels_manifest.yaml	HTTP_ERROR(404):self_link			- **vendor_cache**: tier65_prereg_channels_manifest.yaml — https://github.com/dappalumbo91/FSOT-2.1-Lean/tree/main/tier65_prereg_channels_manifest.yaml
docs/BENCHMARK_DATA_CITATIONS.md	3287	text	url	https://github.com/dappalumbo91/FSOT-2.1-Lean/tree/main/tier65_prereg_channels_manifest.yaml	HTTP_ERROR(404):self_link			- **vendor_cache**: tier65_prereg_channels_manifest.yaml — https://github.com/dappalumbo91/FSOT-2.1-Lean/tree/main/tier65_prereg_channels_manifest.yaml
docs/BENCHMARK_DATA_CITATIONS.md	774	text	url	https://github.com/dappalumbo91/FSOT-2.1-Lean/tree/main/tier92_base_analysis_cache.json	HTTP_ERROR(404):self_link			| vendor_cache | tier92_base_analysis_cache.json | https://github.com/dappalumbo91/FSOT-2.1-Lean/tree/main/tier92_base_analysis_cache.json | 1 |
docs/BENCHMARK_DATA_CITATIONS.md	981	text	url	https://github.com/dappalumbo91/FSOT-2.1-Lean/tree/main/tier92_base_analysis_cache.json	HTTP_ERROR(404):self_link			- **vendor_cache**: tier92_base_analysis_cache.json — https://github.com/dappalumbo91/FSOT-2.1-Lean/tree/main/tier92_base_analysis_cache.json
docs/BENCHMARK_DATA_CITATIONS.md	775	text	url	https://github.com/dappalumbo91/FSOT-2.1-Lean/tree/main/tier93_consciousness_genetics_cache.json	HTTP_ERROR(404):self_link			| vendor_cache | tier93_consciousness_genetics_cache.json | https://github.com/dappalumbo91/FSOT-2.1-Lean/tree/main/tier93_consciousness_genetics_cache.json | 3 |
docs/BENCHMARK_DATA_CITATIONS.md	1611	text	url	https://github.com/dappalumbo91/FSOT-2.1-Lean/tree/main/tier93_consciousness_genetics_cache.json	HTTP_ERROR(404):self_link			- **vendor_cache**: tier93_consciousness_genetics_cache.json — https://github.com/dappalumbo91/FSOT-2.1-Lean/tree/main/tier93_consciousness_genetics_cache.json
docs/BENCHMARK_DATA_CITATIONS.md	3135	text	url	https://github.com/dappalumbo91/FSOT-2.1-Lean/tree/main/tier93_consciousness_genetics_cache.json	HTTP_ERROR(404):self_link			- **vendor_cache**: tier93_consciousness_genetics_cache.json — https://github.com/dappalumbo91/FSOT-2.1-Lean/tree/main/tier93_consciousness_genetics_cache.json
docs/BENCHMARK_DATA_CITATIONS.md	3146	text	url	https://github.com/dappalumbo91/FSOT-2.1-Lean/tree/main/tier93_consciousness_genetics_cache.json	HTTP_ERROR(404):self_link			- **vendor_cache**: tier93_consciousness_genetics_cache.json — https://github.com/dappalumbo91/FSOT-2.1-Lean/tree/main/tier93_consciousness_genetics_cache.json
docs/BENCHMARK_DATA_CITATIONS.md	776	text	url	https://github.com/dappalumbo91/FSOT-2.1-Lean/tree/main/tier93_experimental_base_cache.json	HTTP_ERROR(404):self_link			| vendor_cache | tier93_experimental_base_cache.json | https://github.com/dappalumbo91/FSOT-2.1-Lean/tree/main/tier93_experimental_base_cache.json | 1 |
docs/BENCHMARK_DATA_CITATIONS.md	2151	text	url	https://github.com/dappalumbo91/FSOT-2.1-Lean/tree/main/tier93_experimental_base_cache.json	HTTP_ERROR(404):self_link			- **vendor_cache**: tier93_experimental_base_cache.json — https://github.com/dappalumbo91/FSOT-2.1-Lean/tree/main/tier93_experimental_base_cache.json
docs/BENCHMARK_DATA_CITATIONS.md	777	text	url	https://github.com/dappalumbo91/FSOT-2.1-Lean/tree/main/tier94_anage_longevity_catalog.json	HTTP_ERROR(404):self_link			| vendor_cache | tier94_anage_longevity_catalog.json | https://github.com/dappalumbo91/FSOT-2.1-Lean/tree/main/tier94_anage_longevity_catalog.json | 1 |
docs/BENCHMARK_DATA_CITATIONS.md	3155	text	url	https://github.com/dappalumbo91/FSOT-2.1-Lean/tree/main/tier94_anage_longevity_catalog.json	HTTP_ERROR(404):self_link			- **vendor_cache**: tier94_anage_longevity_catalog.json — https://github.com/dappalumbo91/FSOT-2.1-Lean/tree/main/tier94_anage_longevity_catalog.json
docs/BENCHMARK_DATA_CITATIONS.md	778	text	url	https://github.com/dappalumbo91/FSOT-2.1-Lean/tree/main/tier94_extreme_species_ncbi_cache.json	HTTP_ERROR(404):self_link			| vendor_cache | tier94_extreme_species_ncbi_cache.json | https://github.com/dappalumbo91/FSOT-2.1-Lean/tree/main/tier94_extreme_species_ncbi_cache.json | 1 |
docs/BENCHMARK_DATA_CITATIONS.md	3145	text	url	https://github.com/dappalumbo91/FSOT-2.1-Lean/tree/main/tier94_extreme_species_ncbi_cache.json	HTTP_ERROR(404):self_link			- **vendor_cache**: tier94_extreme_species_ncbi_cache.json — https://github.com/dappalumbo91/FSOT-2.1-Lean/tree/main/tier94_extreme_species_ncbi_cache.json
docs/BENCHMARK_DATA_CITATIONS.md	779	text	url	https://github.com/dappalumbo91/FSOT-2.1-Lean/tree/main/tier94_megadeep_extreme_ncbi_cache.json	HTTP_ERROR(404):self_link			| vendor_cache | tier94_megadeep_extreme_ncbi_cache.json | https://github.com/dappalumbo91/FSOT-2.1-Lean/tree/main/tier94_megadeep_extreme_ncbi_cache.json | 2 |
docs/BENCHMARK_DATA_CITATIONS.md	3134	text	url	https://github.com/dappalumbo91/FSOT-2.1-Lean/tree/main/tier94_megadeep_extreme_ncbi_cache.json	HTTP_ERROR(404):self_link			- **vendor_cache**: tier94_megadeep_extreme_ncbi_cache.json — https://github.com/dappalumbo91/FSOT-2.1-Lean/tree/main/tier94_megadeep_extreme_ncbi_cache.json
docs/BENCHMARK_DATA_CITATIONS.md	3164	text	url	https://github.com/dappalumbo91/FSOT-2.1-Lean/tree/main/tier94_megadeep_extreme_ncbi_cache.json	HTTP_ERROR(404):self_link			- **vendor_cache**: tier94_megadeep_extreme_ncbi_cache.json — https://github.com/dappalumbo91/FSOT-2.1-Lean/tree/main/tier94_megadeep_extreme_ncbi_cache.json
docs/BENCHMARK_DATA_CITATIONS.md	780	text	url	https://github.com/dappalumbo91/FSOT-2.1-Lean/tree/main/tier94_telomere_repair_cache.json	HTTP_ERROR(404):self_link			| vendor_cache | tier94_telomere_repair_cache.json | https://github.com/dappalumbo91/FSOT-2.1-Lean/tree/main/tier94_telomere_repair_cache.json | 1 |
docs/BENCHMARK_DATA_CITATIONS.md	3174	text	url	https://github.com/dappalumbo91/FSOT-2.1-Lean/tree/main/tier94_telomere_repair_cache.json	HTTP_ERROR(404):self_link			- **vendor_cache**: tier94_telomere_repair_cache.json — https://github.com/dappalumbo91/FSOT-2.1-Lean/tree/main/tier94_telomere_repair_cache.json
docs/BENCHMARK_DATA_CITATIONS.md	781	text	url	https://github.com/dappalumbo91/FSOT-2.1-Lean/tree/main/tier95_zebrahub_gpu_imaging_cache.json	HTTP_ERROR(404):self_link			| vendor_cache | tier95_zebrahub_gpu_imaging_cache.json | https://github.com/dappalumbo91/FSOT-2.1-Lean/tree/main/tier95_zebrahub_gpu_imaging_cache.json | 1 |
docs/BENCHMARK_DATA_CITATIONS.md	5304	text	url	https://github.com/dappalumbo91/FSOT-2.1-Lean/tree/main/tier95_zebrahub_gpu_imaging_cache.json	HTTP_ERROR(404):self_link			- **vendor_cache**: tier95_zebrahub_gpu_imaging_cache.json — https://github.com/dappalumbo91/FSOT-2.1-Lean/tree/main/tier95_zebrahub_gpu_imaging_cache.json
docs/BENCHMARK_DATA_CITATIONS.md	782	text	url	https://github.com/dappalumbo91/FSOT-2.1-Lean/tree/main/tier95_zebrahub_tracks_cache.json	HTTP_ERROR(404):self_link			| vendor_cache | tier95_zebrahub_tracks_cache.json | https://github.com/dappalumbo91/FSOT-2.1-Lean/tree/main/tier95_zebrahub_tracks_cache.json | 2 |
docs/BENCHMARK_DATA_CITATIONS.md	5294	text	url	https://github.com/dappalumbo91/FSOT-2.1-Lean/tree/main/tier95_zebrahub_tracks_cache.json	HTTP_ERROR(404):self_link			- **vendor_cache**: tier95_zebrahub_tracks_cache.json — https://github.com/dappalumbo91/FSOT-2.1-Lean/tree/main/tier95_zebrahub_tracks_cache.json
docs/BENCHMARK_DATA_CITATIONS.md	5303	text	url	https://github.com/dappalumbo91/FSOT-2.1-Lean/tree/main/tier95_zebrahub_tracks_cache.json	HTTP_ERROR(404):self_link			- **vendor_cache**: tier95_zebrahub_tracks_cache.json — https://github.com/dappalumbo91/FSOT-2.1-Lean/tree/main/tier95_zebrahub_tracks_cache.json
docs/BENCHMARK_DATA_CITATIONS.md	783	text	url	https://github.com/dappalumbo91/FSOT-2.1-Lean/tree/main/time_domain_crosswalk_benchmark.json	HTTP_ERROR(404):self_link			| vendor_cache | time_domain_crosswalk_benchmark.json | https://github.com/dappalumbo91/FSOT-2.1-Lean/tree/main/time_domain_crosswalk_benchmark.json | 1 |
docs/BENCHMARK_DATA_CITATIONS.md	2406	text	url	https://github.com/dappalumbo91/FSOT-2.1-Lean/tree/main/time_domain_crosswalk_benchmark.json	HTTP_ERROR(404):self_link			- **vendor_cache**: time_domain_crosswalk_benchmark.json — https://github.com/dappalumbo91/FSOT-2.1-Lean/tree/main/time_domain_crosswalk_benchmark.json
docs/BENCHMARK_DATA_CITATIONS.md	784	text	url	https://github.com/dappalumbo91/FSOT-2.1-Lean/tree/main/time_emergence_manifest.yaml	HTTP_ERROR(404):self_link			| vendor_cache | time_emergence_manifest.yaml | https://github.com/dappalumbo91/FSOT-2.1-Lean/tree/main/time_emergence_manifest.yaml | 2 |
docs/BENCHMARK_DATA_CITATIONS.md	2205	text	url	https://github.com/dappalumbo91/FSOT-2.1-Lean/tree/main/time_emergence_manifest.yaml	HTTP_ERROR(404):self_link			- **vendor_cache**: time_emergence_manifest.yaml — https://github.com/dappalumbo91/FSOT-2.1-Lean/tree/main/time_emergence_manifest.yaml
docs/BENCHMARK_DATA_CITATIONS.md	4904	text	url	https://github.com/dappalumbo91/FSOT-2.1-Lean/tree/main/time_emergence_manifest.yaml	HTTP_ERROR(404):self_link			- **vendor_cache**: time_emergence_manifest.yaml — https://github.com/dappalumbo91/FSOT-2.1-Lean/tree/main/time_emergence_manifest.yaml
docs/BENCHMARK_DATA_CITATIONS.md	785	text	url	https://github.com/dappalumbo91/FSOT-2.1-Lean/tree/main/time_emergence_simulation_benchmark.json	HTTP_ERROR(404):self_link			| vendor_cache | time_emergence_simulation_benchmark.json | https://github.com/dappalumbo91/FSOT-2.1-Lean/tree/main/time_emergence_simulation_benchmark.json | 2 |
docs/BENCHMARK_DATA_CITATIONS.md	2405	text	url	https://github.com/dappalumbo91/FSOT-2.1-Lean/tree/main/time_emergence_simulation_benchmark.json	HTTP_ERROR(404):self_link			- **vendor_cache**: time_emergence_simulation_benchmark.json — https://github.com/dappalumbo91/FSOT-2.1-Lean/tree/main/time_emergence_simulation_benchmark.json
docs/BENCHMARK_DATA_CITATIONS.md	4912	text	url	https://github.com/dappalumbo91/FSOT-2.1-Lean/tree/main/time_emergence_simulation_benchmark.json	HTTP_ERROR(404):self_link			- **vendor_cache**: time_emergence_simulation_benchmark.json — https://github.com/dappalumbo91/FSOT-2.1-Lean/tree/main/time_emergence_simulation_benchmark.json
docs/BENCHMARK_DATA_CITATIONS.md	786	text	url	https://github.com/dappalumbo91/FSOT-2.1-Lean/tree/main/toe_unification_spine_benchmark.json	HTTP_ERROR(404):self_link			| vendor_cache | toe_unification_spine_benchmark.json | https://github.com/dappalumbo91/FSOT-2.1-Lean/tree/main/toe_unification_spine_benchmark.json | 1 |
docs/BENCHMARK_DATA_CITATIONS.md	4355	text	url	https://github.com/dappalumbo91/FSOT-2.1-Lean/tree/main/toe_unification_spine_benchmark.json	HTTP_ERROR(404):self_link			- **vendor_cache**: toe_unification_spine_benchmark.json — https://github.com/dappalumbo91/FSOT-2.1-Lean/tree/main/toe_unification_spine_benchmark.json
docs/BENCHMARK_DATA_CITATIONS.md	787	text	url	https://github.com/dappalumbo91/FSOT-2.1-Lean/tree/main/undiscovered_element_candidate_prereg_scaffold_benchmark.json	HTTP_ERROR(404):self_link			| vendor_cache | undiscovered_element_candidate_prereg_scaffold_benchmark.json | https://github.com/dappalumbo91/FSOT-2.1-Lean/tree/main/undiscovered_element_candidate_prereg_scaffold_benchmark.json | 1 |
docs/BENCHMARK_DATA_CITATIONS.md	1516	text	url	https://github.com/dappalumbo91/FSOT-2.1-Lean/tree/main/undiscovered_element_candidate_prereg_scaffold_benchmark.json	HTTP_ERROR(404):self_link			- **vendor_cache**: undiscovered_element_candidate_prereg_scaffold_benchmark.json — https://github.com/dappalumbo91/FSOT-2.1-Lean/tree/main/undiscovered_element_candidate_prereg_scaffold_benchmark.json
docs/BENCHMARK_DATA_CITATIONS.md	788	text	url	https://github.com/dappalumbo91/FSOT-2.1-Lean/tree/main/unified_db_domain_index.json	HTTP_ERROR(404):self_link			| vendor_cache | unified_db_domain_index.json | https://github.com/dappalumbo91/FSOT-2.1-Lean/tree/main/unified_db_domain_index.json | 1 |
docs/BENCHMARK_DATA_CITATIONS.md	2224	text	url	https://github.com/dappalumbo91/FSOT-2.1-Lean/tree/main/unified_db_domain_index.json	HTTP_ERROR(404):self_link			- **vendor_cache**: unified_db_domain_index.json — https://github.com/dappalumbo91/FSOT-2.1-Lean/tree/main/unified_db_domain_index.json
docs/BENCHMARK_DATA_CITATIONS.md	789	text	url	https://github.com/dappalumbo91/FSOT-2.1-Lean/tree/main/uniprot_summary.json	HTTP_ERROR(404):self_link			| vendor_cache | uniprot_summary.json | https://github.com/dappalumbo91/FSOT-2.1-Lean/tree/main/uniprot_summary.json | 1 |
docs/BENCHMARK_DATA_CITATIONS.md	5109	text	url	https://github.com/dappalumbo91/FSOT-2.1-Lean/tree/main/uniprot_summary.json	HTTP_ERROR(404):self_link			- **vendor_cache**: uniprot_summary.json — https://github.com/dappalumbo91/FSOT-2.1-Lean/tree/main/uniprot_summary.json
docs/BENCHMARK_DATA_CITATIONS.md	790	text	url	https://github.com/dappalumbo91/FSOT-2.1-Lean/tree/main/vendor/arxiv_primitives/v14_run_summary.json	OK(200):self_link			| vendor_cache | vendor/arxiv_primitives/v14_run_summary.json | https://github.com/dappalumbo91/FSOT-2.1-Lean/tree/main/vendor/arxiv_primitives/v14_run_summary.json | 2 |
docs/BENCHMARK_DATA_CITATIONS.md	1055	text	url	https://github.com/dappalumbo91/FSOT-2.1-Lean/tree/main/vendor/arxiv_primitives/v14_run_summary.json	OK(200):self_link			- **vendor_cache**: vendor/arxiv_primitives/v14_run_summary.json — https://github.com/dappalumbo91/FSOT-2.1-Lean/tree/main/vendor/arxiv_primitives/v14_run_summary.json
docs/BENCHMARK_DATA_CITATIONS.md	791	text	url	https://github.com/dappalumbo91/FSOT-2.1-Lean/tree/main/vendor/bibliography_corpus/bibliography_summary.json	OK(200):self_link			| vendor_cache | vendor/bibliography_corpus/bibliography_summary.json | https://github.com/dappalumbo91/FSOT-2.1-Lean/tree/main/vendor/bibliography_corpus/bibliography_summary.json | 1 |
docs/BENCHMARK_DATA_CITATIONS.md	1117	text	url	https://github.com/dappalumbo91/FSOT-2.1-Lean/tree/main/vendor/bibliography_corpus/bibliography_summary.json	OK(200):self_link			- **vendor_cache**: vendor/bibliography_corpus/bibliography_summary.json — https://github.com/dappalumbo91/FSOT-2.1-Lean/tree/main/vendor/bibliography_corpus/bibliography_summary.json
docs/BENCHMARK_DATA_CITATIONS.md	792	text	url	https://github.com/dappalumbo91/FSOT-2.1-Lean/tree/main/vendor/binary_decoder/rendlesham_page14_trace.json	OK(200):self_link			| vendor_cache | vendor/binary_decoder/rendlesham_page14_trace.json | https://github.com/dappalumbo91/FSOT-2.1-Lean/tree/main/vendor/binary_decoder/rendlesham_page14_trace.json | 2 |
docs/BENCHMARK_DATA_CITATIONS.md	1153	text	url	https://github.com/dappalumbo91/FSOT-2.1-Lean/tree/main/vendor/binary_decoder/rendlesham_page14_trace.json	OK(200):self_link			- **vendor_cache**: vendor/binary_decoder/rendlesham_page14_trace.json — https://github.com/dappalumbo91/FSOT-2.1-Lean/tree/main/vendor/binary_decoder/rendlesham_page14_trace.json
docs/BENCHMARK_DATA_CITATIONS.md	793	text	url	https://github.com/dappalumbo91/FSOT-2.1-Lean/tree/main/vendor/certified_agent/certified_agent_summary.json	OK(200):self_link			| vendor_cache | vendor/certified_agent/certified_agent_summary.json | https://github.com/dappalumbo91/FSOT-2.1-Lean/tree/main/vendor/certified_agent/certified_agent_summary.json | 1 |
docs/BENCHMARK_DATA_CITATIONS.md	1364	text	url	https://github.com/dappalumbo91/FSOT-2.1-Lean/tree/main/vendor/certified_agent/certified_agent_summary.json	OK(200):self_link			- **vendor_cache**: vendor/certified_agent/certified_agent_summary.json — https://github.com/dappalumbo91/FSOT-2.1-Lean/tree/main/vendor/certified_agent/certified_agent_summary.json
docs/BENCHMARK_DATA_CITATIONS.md	794	text	url	https://github.com/dappalumbo91/FSOT-2.1-Lean/tree/main/vendor/certified_agent/fsot_workspace.json	OK(200):self_link			| vendor_cache | vendor/certified_agent/fsot_workspace.json | https://github.com/dappalumbo91/FSOT-2.1-Lean/tree/main/vendor/certified_agent/fsot_workspace.json | 1 |
docs/BENCHMARK_DATA_CITATIONS.md	1365	text	url	https://github.com/dappalumbo91/FSOT-2.1-Lean/tree/main/vendor/certified_agent/fsot_workspace.json	OK(200):self_link			- **vendor_cache**: vendor/certified_agent/fsot_workspace.json — https://github.com/dappalumbo91/FSOT-2.1-Lean/tree/main/vendor/certified_agent/fsot_workspace.json
docs/BENCHMARK_DATA_CITATIONS.md	795	text	url	https://github.com/dappalumbo91/FSOT-2.1-Lean/tree/main/vendor/cosmology/database/FSOT_Mathematical_Database_Unified.json	OK(200):self_link			| vendor_cache | vendor/cosmology/database/FSOT_Mathematical_Database_Unified.json | https://github.com/dappalumbo91/FSOT-2.1-Lean/tree/main/vendor/cosmology/database/FSOT_Mathematical_Database_Unified.json | 1 |
docs/BENCHMARK_DATA_CITATIONS.md	796	text	url	https://github.com/dappalumbo91/FSOT-2.1-Lean/tree/main/vendor/cybersecurity/samples/secure_buffer.c	OK(200):self_link			| vendor_cache | vendor/cybersecurity/samples/secure_buffer.c | https://github.com/dappalumbo91/FSOT-2.1-Lean/tree/main/vendor/cybersecurity/samples/secure_buffer.c | 1 |
docs/BENCHMARK_DATA_CITATIONS.md	962	text	url	https://github.com/dappalumbo91/FSOT-2.1-Lean/tree/main/vendor/cybersecurity/samples/secure_buffer.c	OK(200):self_link			- **vendor_cache**: vendor/cybersecurity/samples/secure_buffer.c — https://github.com/dappalumbo91/FSOT-2.1-Lean/tree/main/vendor/cybersecurity/samples/secure_buffer.c
docs/BENCHMARK_DATA_CITATIONS.md	797	text	url	https://github.com/dappalumbo91/FSOT-2.1-Lean/tree/main/vendor/evolution/biological_mt_operons.json	OK(200):self_link			| vendor_cache | vendor/evolution/biological_mt_operons.json | https://github.com/dappalumbo91/FSOT-2.1-Lean/tree/main/vendor/evolution/biological_mt_operons.json | 1 |
docs/BENCHMARK_DATA_CITATIONS.md	4032	text	url	https://github.com/dappalumbo91/FSOT-2.1-Lean/tree/main/vendor/evolution/biological_mt_operons.json	OK(200):self_link			- **vendor_cache**: vendor/evolution/biological_mt_operons.json — https://github.com/dappalumbo91/FSOT-2.1-Lean/tree/main/vendor/evolution/biological_mt_operons.json
docs/BENCHMARK_DATA_CITATIONS.md	798	text	url	https://github.com/dappalumbo91/FSOT-2.1-Lean/tree/main/vendor/fringe_desktop/intelligence_compressor_summary.json	OK(200):self_link			| vendor_cache | vendor/fringe_desktop/intelligence_compressor_summary.json | https://github.com/dappalumbo91/FSOT-2.1-Lean/tree/main/vendor/fringe_desktop/intelligence_compressor_summary.json | 1 |
docs/BENCHMARK_DATA_CITATIONS.md	1643	text	url	https://github.com/dappalumbo91/FSOT-2.1-Lean/tree/main/vendor/fringe_desktop/intelligence_compressor_summary.json	OK(200):self_link			- **vendor_cache**: vendor/fringe_desktop/intelligence_compressor_summary.json — https://github.com/dappalumbo91/FSOT-2.1-Lean/tree/main/vendor/fringe_desktop/intelligence_compressor_summary.json
docs/BENCHMARK_DATA_CITATIONS.md	799	text	url	https://github.com/dappalumbo91/FSOT-2.1-Lean/tree/main/vendor/fringe_desktop/soul_simulator_manifest_summary.json	OK(200):self_link			| vendor_cache | vendor/fringe_desktop/soul_simulator_manifest_summary.json | https://github.com/dappalumbo91/FSOT-2.1-Lean/tree/main/vendor/fringe_desktop/soul_simulator_manifest_summary.json | 1 |
docs/BENCHMARK_DATA_CITATIONS.md	1642	text	url	https://github.com/dappalumbo91/FSOT-2.1-Lean/tree/main/vendor/fringe_desktop/soul_simulator_manifest_summary.json	OK(200):self_link			- **vendor_cache**: vendor/fringe_desktop/soul_simulator_manifest_summary.json — https://github.com/dappalumbo91/FSOT-2.1-Lean/tree/main/vendor/fringe_desktop/soul_simulator_manifest_summary.json
docs/BENCHMARK_DATA_CITATIONS.md	800	text	url	https://github.com/dappalumbo91/FSOT-2.1-Lean/tree/main/vendor/fringe_desktop/symbolic_encoding_graph_summary.json	OK(200):self_link			| vendor_cache | vendor/fringe_desktop/symbolic_encoding_graph_summary.json | https://github.com/dappalumbo91/FSOT-2.1-Lean/tree/main/vendor/fringe_desktop/symbolic_encoding_graph_summary.json | 1 |
docs/BENCHMARK_DATA_CITATIONS.md	4793	text	url	https://github.com/dappalumbo91/FSOT-2.1-Lean/tree/main/vendor/fringe_desktop/symbolic_encoding_graph_summary.json	OK(200):self_link			- **vendor_cache**: vendor/fringe_desktop/symbolic_encoding_graph_summary.json — https://github.com/dappalumbo91/FSOT-2.1-Lean/tree/main/vendor/fringe_desktop/symbolic_encoding_graph_summary.json
docs/BENCHMARK_DATA_CITATIONS.md	801	text	url	https://github.com/dappalumbo91/FSOT-2.1-Lean/tree/main/vendor/fringe_desktop/vibrafsot_progress_summary.json	OK(200):self_link			| vendor_cache | vendor/fringe_desktop/vibrafsot_progress_summary.json | https://github.com/dappalumbo91/FSOT-2.1-Lean/tree/main/vendor/fringe_desktop/vibrafsot_progress_summary.json | 1 |
docs/BENCHMARK_DATA_CITATIONS.md	1644	text	url	https://github.com/dappalumbo91/FSOT-2.1-Lean/tree/main/vendor/fringe_desktop/vibrafsot_progress_summary.json	OK(200):self_link			- **vendor_cache**: vendor/fringe_desktop/vibrafsot_progress_summary.json — https://github.com/dappalumbo91/FSOT-2.1-Lean/tree/main/vendor/fringe_desktop/vibrafsot_progress_summary.json
docs/BENCHMARK_DATA_CITATIONS.md	802	text	url	https://github.com/dappalumbo91/FSOT-2.1-Lean/tree/main/vendor/fsot_aggregate/FSOT_Mathematical_Database_Unified.json	OK(200):self_link			| vendor_cache | vendor/fsot_aggregate/FSOT_Mathematical_Database_Unified.json | https://github.com/dappalumbo91/FSOT-2.1-Lean/tree/main/vendor/fsot_aggregate/FSOT_Mathematical_Database_Unified.json | 2 |
docs/BENCHMARK_DATA_CITATIONS.md	2240	text	url	https://github.com/dappalumbo91/FSOT-2.1-Lean/tree/main/vendor/fsot_aggregate/FSOT_Mathematical_Database_Unified.json	OK(200):self_link			- **vendor_cache**: vendor/fsot_aggregate/FSOT_Mathematical_Database_Unified.json — https://github.com/dappalumbo91/FSOT-2.1-Lean/tree/main/vendor/fsot_aggregate/FSOT_Mathematical_Database_Unified.json
docs/BENCHMARK_DATA_CITATIONS.md	803	text	url	https://github.com/dappalumbo91/FSOT-2.1-Lean/tree/main/vendor/fsot_aggregate/FSOT_UNIFIED.db	OK(200):self_link			| vendor_cache | vendor/fsot_aggregate/FSOT_UNIFIED.db | https://github.com/dappalumbo91/FSOT-2.1-Lean/tree/main/vendor/fsot_aggregate/FSOT_UNIFIED.db | 1 |
docs/BENCHMARK_DATA_CITATIONS.md	4041	text	url	https://github.com/dappalumbo91/FSOT-2.1-Lean/tree/main/vendor/fsot_aggregate/FSOT_UNIFIED.db	OK(200):self_link			- **vendor_cache**: vendor/fsot_aggregate/FSOT_UNIFIED.db — https://github.com/dappalumbo91/FSOT-2.1-Lean/tree/main/vendor/fsot_aggregate/FSOT_UNIFIED.db
docs/BENCHMARK_DATA_CITATIONS.md	804	text	url	https://github.com/dappalumbo91/FSOT-2.1-Lean/tree/main/vendor/fsot_aggregate/prediction_rederivation_summary.json	OK(200):self_link			| vendor_cache | vendor/fsot_aggregate/prediction_rederivation_summary.json | https://github.com/dappalumbo91/FSOT-2.1-Lean/tree/main/vendor/fsot_aggregate/prediction_rederivation_summary.json | 2 |
docs/BENCHMARK_DATA_CITATIONS.md	4060	text	url	https://github.com/dappalumbo91/FSOT-2.1-Lean/tree/main/vendor/fsot_aggregate/prediction_rederivation_summary.json	OK(200):self_link			- **vendor_cache**: vendor/fsot_aggregate/prediction_rederivation_summary.json — https://github.com/dappalumbo91/FSOT-2.1-Lean/tree/main/vendor/fsot_aggregate/prediction_rederivation_summary.json
docs/BENCHMARK_DATA_CITATIONS.md	805	text	url	https://github.com/dappalumbo91/FSOT-2.1-Lean/tree/main/vendor/fuel/public_fuel_property_catalog.json	OK(200):self_link			| vendor_cache | vendor/fuel/public_fuel_property_catalog.json | https://github.com/dappalumbo91/FSOT-2.1-Lean/tree/main/vendor/fuel/public_fuel_property_catalog.json | 1 |
docs/BENCHMARK_DATA_CITATIONS.md	4210	text	url	https://github.com/dappalumbo91/FSOT-2.1-Lean/tree/main/vendor/fuel/public_fuel_property_catalog.json	OK(200):self_link			- **vendor_cache**: vendor/fuel/public_fuel_property_catalog.json — https://github.com/dappalumbo91/FSOT-2.1-Lean/tree/main/vendor/fuel/public_fuel_property_catalog.json
docs/BENCHMARK_DATA_CITATIONS.md	806	text	url	https://github.com/dappalumbo91/FSOT-2.1-Lean/tree/main/vendor/github_oss/adversarial/broken_memcpy_chain.c	OK(200):self_link			| vendor_cache | vendor/github_oss/adversarial/broken_memcpy_chain.c | https://github.com/dappalumbo91/FSOT-2.1-Lean/tree/main/vendor/github_oss/adversarial/broken_memcpy_chain.c | 1 |
docs/BENCHMARK_DATA_CITATIONS.md	956	text	url	https://github.com/dappalumbo91/FSOT-2.1-Lean/tree/main/vendor/github_oss/adversarial/broken_memcpy_chain.c	OK(200):self_link			- **vendor_cache**: vendor/github_oss/adversarial/broken_memcpy_chain.c — https://github.com/dappalumbo91/FSOT-2.1-Lean/tree/main/vendor/github_oss/adversarial/broken_memcpy_chain.c
docs/BENCHMARK_DATA_CITATIONS.md	807	text	url	https://github.com/dappalumbo91/FSOT-2.1-Lean/tree/main/vendor/github_oss/adversarial/double_free_pattern.c	OK(200):self_link			| vendor_cache | vendor/github_oss/adversarial/double_free_pattern.c | https://github.com/dappalumbo91/FSOT-2.1-Lean/tree/main/vendor/github_oss/adversarial/double_free_pattern.c | 1 |
docs/BENCHMARK_DATA_CITATIONS.md	958	text	url	https://github.com/dappalumbo91/FSOT-2.1-Lean/tree/main/vendor/github_oss/adversarial/double_free_pattern.c	OK(200):self_link			- **vendor_cache**: vendor/github_oss/adversarial/double_free_pattern.c — https://github.com/dappalumbo91/FSOT-2.1-Lean/tree/main/vendor/github_oss/adversarial/double_free_pattern.c
docs/BENCHMARK_DATA_CITATIONS.md	808	text	url	https://github.com/dappalumbo91/FSOT-2.1-Lean/tree/main/vendor/github_oss/adversarial/prototype_pollution.js	OK(200):self_link			| vendor_cache | vendor/github_oss/adversarial/prototype_pollution.js | https://github.com/dappalumbo91/FSOT-2.1-Lean/tree/main/vendor/github_oss/adversarial/prototype_pollution.js | 1 |
docs/BENCHMARK_DATA_CITATIONS.md	960	text	url	https://github.com/dappalumbo91/FSOT-2.1-Lean/tree/main/vendor/github_oss/adversarial/prototype_pollution.js	OK(200):self_link			- **vendor_cache**: vendor/github_oss/adversarial/prototype_pollution.js — https://github.com/dappalumbo91/FSOT-2.1-Lean/tree/main/vendor/github_oss/adversarial/prototype_pollution.js
docs/BENCHMARK_DATA_CITATIONS.md	809	text	url	https://github.com/dappalumbo91/FSOT-2.1-Lean/tree/main/vendor/github_oss/adversarial/race_unsafe.go	OK(200):self_link			| vendor_cache | vendor/github_oss/adversarial/race_unsafe.go | https://github.com/dappalumbo91/FSOT-2.1-Lean/tree/main/vendor/github_oss/adversarial/race_unsafe.go | 1 |
docs/BENCHMARK_DATA_CITATIONS.md	961	text	url	https://github.com/dappalumbo91/FSOT-2.1-Lean/tree/main/vendor/github_oss/adversarial/race_unsafe.go	OK(200):self_link			- **vendor_cache**: vendor/github_oss/adversarial/race_unsafe.go — https://github.com/dappalumbo91/FSOT-2.1-Lean/tree/main/vendor/github_oss/adversarial/race_unsafe.go
docs/BENCHMARK_DATA_CITATIONS.md	810	text	url	https://github.com/dappalumbo91/FSOT-2.1-Lean/tree/main/vendor/github_oss/adversarial/xss_eval_sink.js	OK(200):self_link			| vendor_cache | vendor/github_oss/adversarial/xss_eval_sink.js | https://github.com/dappalumbo91/FSOT-2.1-Lean/tree/main/vendor/github_oss/adversarial/xss_eval_sink.js | 1 |
docs/BENCHMARK_DATA_CITATIONS.md	959	text	url	https://github.com/dappalumbo91/FSOT-2.1-Lean/tree/main/vendor/github_oss/adversarial/xss_eval_sink.js	OK(200):self_link			- **vendor_cache**: vendor/github_oss/adversarial/xss_eval_sink.js — https://github.com/dappalumbo91/FSOT-2.1-Lean/tree/main/vendor/github_oss/adversarial/xss_eval_sink.js
docs/BENCHMARK_DATA_CITATIONS.md	811	text	url	https://github.com/dappalumbo91/FSOT-2.1-Lean/tree/main/vendor/igem/fastas	OK(200):self_link			| vendor_cache | vendor/igem/fastas | https://github.com/dappalumbo91/FSOT-2.1-Lean/tree/main/vendor/igem/fastas | 2 |
docs/BENCHMARK_DATA_CITATIONS.md	4046	text	url	https://github.com/dappalumbo91/FSOT-2.1-Lean/tree/main/vendor/igem/fastas	OK(200):self_link			- **vendor_cache**: vendor/igem/fastas — https://github.com/dappalumbo91/FSOT-2.1-Lean/tree/main/vendor/igem/fastas
docs/BENCHMARK_DATA_CITATIONS.md	5497	text	url	https://github.com/dappalumbo91/FSOT-2.1-Lean/tree/main/vendor/igem/fastas	OK(200):self_link			- **vendor_cache**: vendor/igem/fastas — https://github.com/dappalumbo91/FSOT-2.1-Lean/tree/main/vendor/igem/fastas
docs/BENCHMARK_DATA_CITATIONS.md	812	text	url	https://github.com/dappalumbo91/FSOT-2.1-Lean/tree/main/vendor/igem/igem_parts_registry.json	OK(200):self_link			| vendor_cache | vendor/igem/igem_parts_registry.json | https://github.com/dappalumbo91/FSOT-2.1-Lean/tree/main/vendor/igem/igem_parts_registry.json | 3 |
docs/BENCHMARK_DATA_CITATIONS.md	4039	text	url	https://github.com/dappalumbo91/FSOT-2.1-Lean/tree/main/vendor/igem/igem_parts_registry.json	OK(200):self_link			- **vendor_cache**: vendor/igem/igem_parts_registry.json — https://github.com/dappalumbo91/FSOT-2.1-Lean/tree/main/vendor/igem/igem_parts_registry.json
docs/BENCHMARK_DATA_CITATIONS.md	5496	text	url	https://github.com/dappalumbo91/FSOT-2.1-Lean/tree/main/vendor/igem/igem_parts_registry.json	OK(200):self_link			- **vendor_cache**: vendor/igem/igem_parts_registry.json — https://github.com/dappalumbo91/FSOT-2.1-Lean/tree/main/vendor/igem/igem_parts_registry.json
docs/BENCHMARK_DATA_CITATIONS.md	5503	text	url	https://github.com/dappalumbo91/FSOT-2.1-Lean/tree/main/vendor/igem/igem_parts_registry.json	OK(200):self_link			- **vendor_cache**: vendor/igem/igem_parts_registry.json — https://github.com/dappalumbo91/FSOT-2.1-Lean/tree/main/vendor/igem/igem_parts_registry.json
docs/BENCHMARK_DATA_CITATIONS.md	813	text	url	https://github.com/dappalumbo91/FSOT-2.1-Lean/tree/main/vendor/intrinsic_llm/benchmark_results_final.json	OK(200):self_link			| vendor_cache | vendor/intrinsic_llm/benchmark_results_final.json | https://github.com/dappalumbo91/FSOT-2.1-Lean/tree/main/vendor/intrinsic_llm/benchmark_results_final.json | 2 |
docs/BENCHMARK_DATA_CITATIONS.md	2976	text	url	https://github.com/dappalumbo91/FSOT-2.1-Lean/tree/main/vendor/intrinsic_llm/benchmark_results_final.json	OK(200):self_link			- **vendor_cache**: vendor/intrinsic_llm/benchmark_results_final.json — https://github.com/dappalumbo91/FSOT-2.1-Lean/tree/main/vendor/intrinsic_llm/benchmark_results_final.json
docs/BENCHMARK_DATA_CITATIONS.md	4052	text	url	https://github.com/dappalumbo91/FSOT-2.1-Lean/tree/main/vendor/intrinsic_llm/benchmark_results_final.json	OK(200):self_link			- **vendor_cache**: vendor/intrinsic_llm/benchmark_results_final.json — https://github.com/dappalumbo91/FSOT-2.1-Lean/tree/main/vendor/intrinsic_llm/benchmark_results_final.json
docs/BENCHMARK_DATA_CITATIONS.md	814	text	url	https://github.com/dappalumbo91/FSOT-2.1-Lean/tree/main/vendor/knowledge_base/kb_portable_summary.json	OK(200):self_link			| vendor_cache | vendor/knowledge_base/kb_portable_summary.json | https://github.com/dappalumbo91/FSOT-2.1-Lean/tree/main/vendor/knowledge_base/kb_portable_summary.json | 1 |
docs/BENCHMARK_DATA_CITATIONS.md	4043	text	url	https://github.com/dappalumbo91/FSOT-2.1-Lean/tree/main/vendor/knowledge_base/kb_portable_summary.json	OK(200):self_link			- **vendor_cache**: vendor/knowledge_base/kb_portable_summary.json — https://github.com/dappalumbo91/FSOT-2.1-Lean/tree/main/vendor/knowledge_base/kb_portable_summary.json
docs/BENCHMARK_DATA_CITATIONS.md	815	text	url	https://github.com/dappalumbo91/FSOT-2.1-Lean/tree/main/vendor/linguistics/data/LINGUISTIC_TARGETS.csv	OK(200):self_link			| vendor_cache | vendor/linguistics/data/LINGUISTIC_TARGETS.csv | https://github.com/dappalumbo91/FSOT-2.1-Lean/tree/main/vendor/linguistics/data/LINGUISTIC_TARGETS.csv | 1 |
docs/BENCHMARK_DATA_CITATIONS.md	4033	text	url	https://github.com/dappalumbo91/FSOT-2.1-Lean/tree/main/vendor/linguistics/data/LINGUISTIC_TARGETS.csv	OK(200):self_link			- **vendor_cache**: vendor/linguistics/data/LINGUISTIC_TARGETS.csv — https://github.com/dappalumbo91/FSOT-2.1-Lean/tree/main/vendor/linguistics/data/LINGUISTIC_TARGETS.csv
docs/BENCHMARK_DATA_CITATIONS.md	816	text	url	https://github.com/dappalumbo91/FSOT-2.1-Lean/tree/main/vendor/linguistics/linguistics_derivations.json	OK(200):self_link			| vendor_cache | vendor/linguistics/linguistics_derivations.json | https://github.com/dappalumbo91/FSOT-2.1-Lean/tree/main/vendor/linguistics/linguistics_derivations.json | 1 |
docs/BENCHMARK_DATA_CITATIONS.md	4034	text	url	https://github.com/dappalumbo91/FSOT-2.1-Lean/tree/main/vendor/linguistics/linguistics_derivations.json	OK(200):self_link			- **vendor_cache**: vendor/linguistics/linguistics_derivations.json — https://github.com/dappalumbo91/FSOT-2.1-Lean/tree/main/vendor/linguistics/linguistics_derivations.json
docs/BENCHMARK_DATA_CITATIONS.md	817	text	url	https://github.com/dappalumbo91/FSOT-2.1-Lean/tree/main/vendor/materials_live/materials_project_bundled.json	OK(200):self_link			| vendor_cache | vendor/materials_live/materials_project_bundled.json | https://github.com/dappalumbo91/FSOT-2.1-Lean/tree/main/vendor/materials_live/materials_project_bundled.json | 1 |
docs/BENCHMARK_DATA_CITATIONS.md	3322	text	url	https://github.com/dappalumbo91/FSOT-2.1-Lean/tree/main/vendor/materials_live/materials_project_bundled.json	OK(200):self_link			- **vendor_cache**: vendor/materials_live/materials_project_bundled.json — https://github.com/dappalumbo91/FSOT-2.1-Lean/tree/main/vendor/materials_live/materials_project_bundled.json
docs/BENCHMARK_DATA_CITATIONS.md	818	text	url	https://github.com/dappalumbo91/FSOT-2.1-Lean/tree/main/vendor/math_generator/benchmark_reports	OK(200):self_link			| vendor_cache | vendor/math_generator/benchmark_reports | https://github.com/dappalumbo91/FSOT-2.1-Lean/tree/main/vendor/math_generator/benchmark_reports | 2 |
docs/BENCHMARK_DATA_CITATIONS.md	3362	text	url	https://github.com/dappalumbo91/FSOT-2.1-Lean/tree/main/vendor/math_generator/benchmark_reports	OK(200):self_link			- **vendor_cache**: vendor/math_generator/benchmark_reports — https://github.com/dappalumbo91/FSOT-2.1-Lean/tree/main/vendor/math_generator/benchmark_reports
docs/BENCHMARK_DATA_CITATIONS.md	4044	text	url	https://github.com/dappalumbo91/FSOT-2.1-Lean/tree/main/vendor/math_generator/benchmark_reports	OK(200):self_link			- **vendor_cache**: vendor/math_generator/benchmark_reports — https://github.com/dappalumbo91/FSOT-2.1-Lean/tree/main/vendor/math_generator/benchmark_reports
docs/BENCHMARK_DATA_CITATIONS.md	819	text	url	https://github.com/dappalumbo91/FSOT-2.1-Lean/tree/main/vendor/math_generator/benchmark_reports/airfoil_three_seed_report.json	OK(200):self_link			| vendor_cache | vendor/math_generator/benchmark_reports/airfoil_three_seed_report.json | https://github.com/dappalumbo91/FSOT-2.1-Lean/tree/main/vendor/math_generator/benchmark_reports/airfoil_three_seed_report.json | 1 |
docs/BENCHMARK_DATA_CITATIONS.md	3342	text	url	https://github.com/dappalumbo91/FSOT-2.1-Lean/tree/main/vendor/math_generator/benchmark_reports/airfoil_three_seed_report.json	OK(200):self_link			- **vendor_cache**: vendor/math_generator/benchmark_reports/airfoil_three_seed_report.json — https://github.com/dappalumbo91/FSOT-2.1-Lean/tree/main/vendor/math_generator/benchmark_reports/airfoil_three_seed_report.json
docs/BENCHMARK_DATA_CITATIONS.md	820	text	url	https://github.com/dappalumbo91/FSOT-2.1-Lean/tree/main/vendor/math_generator/benchmark_reports/hubble_report.json	OK(200):self_link			| vendor_cache | vendor/math_generator/benchmark_reports/hubble_report.json | https://github.com/dappalumbo91/FSOT-2.1-Lean/tree/main/vendor/math_generator/benchmark_reports/hubble_report.json | 1 |
docs/BENCHMARK_DATA_CITATIONS.md	2765	text	url	https://github.com/dappalumbo91/FSOT-2.1-Lean/tree/main/vendor/math_generator/benchmark_reports/hubble_report.json	OK(200):self_link			- **vendor_cache**: vendor/math_generator/benchmark_reports/hubble_report.json — https://github.com/dappalumbo91/FSOT-2.1-Lean/tree/main/vendor/math_generator/benchmark_reports/hubble_report.json
docs/BENCHMARK_DATA_CITATIONS.md	821	text	url	https://github.com/dappalumbo91/FSOT-2.1-Lean/tree/main/vendor/math_generator/datasets/airfoil_self_noise.csv	OK(200):self_link			| vendor_cache | vendor/math_generator/datasets/airfoil_self_noise.csv | https://github.com/dappalumbo91/FSOT-2.1-Lean/tree/main/vendor/math_generator/datasets/airfoil_self_noise.csv | 2 |
docs/BENCHMARK_DATA_CITATIONS.md	3341	text	url	https://github.com/dappalumbo91/FSOT-2.1-Lean/tree/main/vendor/math_generator/datasets/airfoil_self_noise.csv	OK(200):self_link			- **vendor_cache**: vendor/math_generator/datasets/airfoil_self_noise.csv — https://github.com/dappalumbo91/FSOT-2.1-Lean/tree/main/vendor/math_generator/datasets/airfoil_self_noise.csv
docs/BENCHMARK_DATA_CITATIONS.md	4047	text	url	https://github.com/dappalumbo91/FSOT-2.1-Lean/tree/main/vendor/math_generator/datasets/airfoil_self_noise.csv	OK(200):self_link			- **vendor_cache**: vendor/math_generator/datasets/airfoil_self_noise.csv — https://github.com/dappalumbo91/FSOT-2.1-Lean/tree/main/vendor/math_generator/datasets/airfoil_self_noise.csv
docs/BENCHMARK_DATA_CITATIONS.md	822	text	url	https://github.com/dappalumbo91/FSOT-2.1-Lean/tree/main/vendor/math_generator/generated_formula_comparison_report.json	OK(200):self_link			| vendor_cache | vendor/math_generator/generated_formula_comparison_report.json | https://github.com/dappalumbo91/FSOT-2.1-Lean/tree/main/vendor/math_generator/generated_formula_comparison_report.json | 1 |
docs/BENCHMARK_DATA_CITATIONS.md	4035	text	url	https://github.com/dappalumbo91/FSOT-2.1-Lean/tree/main/vendor/math_generator/generated_formula_comparison_report.json	OK(200):self_link			- **vendor_cache**: vendor/math_generator/generated_formula_comparison_report.json — https://github.com/dappalumbo91/FSOT-2.1-Lean/tree/main/vendor/math_generator/generated_formula_comparison_report.json
docs/BENCHMARK_DATA_CITATIONS.md	823	text	url	https://github.com/dappalumbo91/FSOT-2.1-Lean/tree/main/vendor/math_generator/rules	OK(200):self_link			| vendor_cache | vendor/math_generator/rules | https://github.com/dappalumbo91/FSOT-2.1-Lean/tree/main/vendor/math_generator/rules | 3 |
docs/BENCHMARK_DATA_CITATIONS.md	3361	text	url	https://github.com/dappalumbo91/FSOT-2.1-Lean/tree/main/vendor/math_generator/rules	OK(200):self_link			- **vendor_cache**: vendor/math_generator/rules — https://github.com/dappalumbo91/FSOT-2.1-Lean/tree/main/vendor/math_generator/rules
docs/BENCHMARK_DATA_CITATIONS.md	4036	text	url	https://github.com/dappalumbo91/FSOT-2.1-Lean/tree/main/vendor/math_generator/rules	OK(200):self_link			- **vendor_cache**: vendor/math_generator/rules — https://github.com/dappalumbo91/FSOT-2.1-Lean/tree/main/vendor/math_generator/rules
docs/BENCHMARK_DATA_CITATIONS.md	5542	text	url	https://github.com/dappalumbo91/FSOT-2.1-Lean/tree/main/vendor/math_generator/rules	OK(200):self_link			- **vendor_cache**: vendor/math_generator/rules — https://github.com/dappalumbo91/FSOT-2.1-Lean/tree/main/vendor/math_generator/rules
docs/BENCHMARK_DATA_CITATIONS.md	855	text	url	https://github.com/dappalumbo91/FSOT-2.1-Lean/tree/main/vendor/neuron_cohort/cells.json	OK(200):self_link			| vendor_cache | vendor\neuron_cohort\cells.json | https://github.com/dappalumbo91/FSOT-2.1-Lean/tree/main/vendor/neuron_cohort/cells.json | 2 |
docs/BENCHMARK_DATA_CITATIONS.md	4042	text	url	https://github.com/dappalumbo91/FSOT-2.1-Lean/tree/main/vendor/neuron_cohort/cells.json	OK(200):self_link			- **vendor_cache**: vendor/neuron_cohort/cells.json — https://github.com/dappalumbo91/FSOT-2.1-Lean/tree/main/vendor/neuron_cohort/cells.json
docs/BENCHMARK_DATA_CITATIONS.md	5554	text	url	https://github.com/dappalumbo91/FSOT-2.1-Lean/tree/main/vendor/neuron_cohort/cells.json	OK(200):self_link			- **vendor_cache**: vendor\neuron_cohort\cells.json — https://github.com/dappalumbo91/FSOT-2.1-Lean/tree/main/vendor/neuron_cohort/cells.json
docs/BENCHMARK_DATA_CITATIONS.md	824	text	url	https://github.com/dappalumbo91/FSOT-2.1-Lean/tree/main/vendor/neuron_cohort/inconsistency_rerun_report.json	OK(200):self_link			| vendor_cache | vendor/neuron_cohort/inconsistency_rerun_report.json | https://github.com/dappalumbo91/FSOT-2.1-Lean/tree/main/vendor/neuron_cohort/inconsistency_rerun_report.json | 1 |
docs/BENCHMARK_DATA_CITATIONS.md	2869	text	url	https://github.com/dappalumbo91/FSOT-2.1-Lean/tree/main/vendor/neuron_cohort/inconsistency_rerun_report.json	OK(200):self_link			- **vendor_cache**: vendor/neuron_cohort/inconsistency_rerun_report.json — https://github.com/dappalumbo91/FSOT-2.1-Lean/tree/main/vendor/neuron_cohort/inconsistency_rerun_report.json
docs/BENCHMARK_DATA_CITATIONS.md	825	text	url	https://github.com/dappalumbo91/FSOT-2.1-Lean/tree/main/vendor/omni_theory/analysis/genesis/genesis_per_verse_summary.json	OK(200):self_link			| vendor_cache | vendor/omni_theory/analysis/genesis/genesis_per_verse_summary.json | https://github.com/dappalumbo91/FSOT-2.1-Lean/tree/main/vendor/omni_theory/analysis/genesis/genesis_per_verse_summary.json | 2 |
docs/BENCHMARK_DATA_CITATIONS.md	5569	text	url	https://github.com/dappalumbo91/FSOT-2.1-Lean/tree/main/vendor/omni_theory/analysis/genesis/genesis_per_verse_summary.json	OK(200):self_link			- **vendor_cache**: vendor/omni_theory/analysis/genesis/genesis_per_verse_summary.json — https://github.com/dappalumbo91/FSOT-2.1-Lean/tree/main/vendor/omni_theory/analysis/genesis/genesis_per_verse_summary.json
docs/BENCHMARK_DATA_CITATIONS.md	826	text	url	https://github.com/dappalumbo91/FSOT-2.1-Lean/tree/main/vendor/physarum/genome_data/cuda_benchmark_results.json	OK(200):self_link			| vendor_cache | vendor/physarum/genome_data/cuda_benchmark_results.json | https://github.com/dappalumbo91/FSOT-2.1-Lean/tree/main/vendor/physarum/genome_data/cuda_benchmark_results.json | 1 |
docs/BENCHMARK_DATA_CITATIONS.md	5381	text	url	https://github.com/dappalumbo91/FSOT-2.1-Lean/tree/main/vendor/physarum/genome_data/cuda_benchmark_results.json	OK(200):self_link			- **vendor_cache**: vendor/physarum/genome_data/cuda_benchmark_results.json — https://github.com/dappalumbo91/FSOT-2.1-Lean/tree/main/vendor/physarum/genome_data/cuda_benchmark_results.json
docs/BENCHMARK_DATA_CITATIONS.md	827	text	url	https://github.com/dappalumbo91/FSOT-2.1-Lean/tree/main/vendor/physarum/genome_data/genomics_slime_mold_refined.json	OK(200):self_link			| vendor_cache | vendor/physarum/genome_data/genomics_slime_mold_refined.json | https://github.com/dappalumbo91/FSOT-2.1-Lean/tree/main/vendor/physarum/genome_data/genomics_slime_mold_refined.json | 1 |
docs/BENCHMARK_DATA_CITATIONS.md	5383	text	url	https://github.com/dappalumbo91/FSOT-2.1-Lean/tree/main/vendor/physarum/genome_data/genomics_slime_mold_refined.json	OK(200):self_link			- **vendor_cache**: vendor/physarum/genome_data/genomics_slime_mold_refined.json — https://github.com/dappalumbo91/FSOT-2.1-Lean/tree/main/vendor/physarum/genome_data/genomics_slime_mold_refined.json
docs/BENCHMARK_DATA_CITATIONS.md	828	text	url	https://github.com/dappalumbo91/FSOT-2.1-Lean/tree/main/vendor/physarum/genome_data/physarum_codon_weights.json	OK(200):self_link			| vendor_cache | vendor/physarum/genome_data/physarum_codon_weights.json | https://github.com/dappalumbo91/FSOT-2.1-Lean/tree/main/vendor/physarum/genome_data/physarum_codon_weights.json | 1 |
docs/BENCHMARK_DATA_CITATIONS.md	5384	text	url	https://github.com/dappalumbo91/FSOT-2.1-Lean/tree/main/vendor/physarum/genome_data/physarum_codon_weights.json	OK(200):self_link			- **vendor_cache**: vendor/physarum/genome_data/physarum_codon_weights.json — https://github.com/dappalumbo91/FSOT-2.1-Lean/tree/main/vendor/physarum/genome_data/physarum_codon_weights.json
docs/BENCHMARK_DATA_CITATIONS.md	829	text	url	https://github.com/dappalumbo91/FSOT-2.1-Lean/tree/main/vendor/physarum/physarum_v5_states.json	OK(200):self_link			| vendor_cache | vendor/physarum/physarum_v5_states.json | https://github.com/dappalumbo91/FSOT-2.1-Lean/tree/main/vendor/physarum/physarum_v5_states.json | 1 |
docs/BENCHMARK_DATA_CITATIONS.md	5382	text	url	https://github.com/dappalumbo91/FSOT-2.1-Lean/tree/main/vendor/physarum/physarum_v5_states.json	OK(200):self_link			- **vendor_cache**: vendor/physarum/physarum_v5_states.json — https://github.com/dappalumbo91/FSOT-2.1-Lean/tree/main/vendor/physarum/physarum_v5_states.json
docs/BENCHMARK_DATA_CITATIONS.md	830	text	url	https://github.com/dappalumbo91/FSOT-2.1-Lean/tree/main/vendor/public_data/consciousness/openneuro_summary.json	OK(200):self_link			| vendor_cache | vendor/public_data/consciousness/openneuro_summary.json | https://github.com/dappalumbo91/FSOT-2.1-Lean/tree/main/vendor/public_data/consciousness/openneuro_summary.json | 1 |
docs/BENCHMARK_DATA_CITATIONS.md	3797	text	url	https://github.com/dappalumbo91/FSOT-2.1-Lean/tree/main/vendor/public_data/consciousness/openneuro_summary.json	OK(200):self_link			- **vendor_cache**: vendor/public_data/consciousness/openneuro_summary.json — https://github.com/dappalumbo91/FSOT-2.1-Lean/tree/main/vendor/public_data/consciousness/openneuro_summary.json
docs/BENCHMARK_DATA_CITATIONS.md	831	text	url	https://github.com/dappalumbo91/FSOT-2.1-Lean/tree/main/vendor/public_data/nasa_exoplanet/nasa_exoplanet_summary.json	OK(200):self_link			| vendor_cache | vendor/public_data/nasa_exoplanet/nasa_exoplanet_summary.json | https://github.com/dappalumbo91/FSOT-2.1-Lean/tree/main/vendor/public_data/nasa_exoplanet/nasa_exoplanet_summary.json | 1 |
docs/BENCHMARK_DATA_CITATIONS.md	2142	text	url	https://github.com/dappalumbo91/FSOT-2.1-Lean/tree/main/vendor/public_data/nasa_exoplanet/nasa_exoplanet_summary.json	OK(200):self_link			- **vendor_cache**: vendor/public_data/nasa_exoplanet/nasa_exoplanet_summary.json — https://github.com/dappalumbo91/FSOT-2.1-Lean/tree/main/vendor/public_data/nasa_exoplanet/nasa_exoplanet_summary.json
docs/BENCHMARK_DATA_CITATIONS.md	856	text	url	https://github.com/dappalumbo91/FSOT-2.1-Lean/tree/main/vendor/public_data/oph_challenge_public_anchors.json	OK(200):self_link			| vendor_cache | vendor\public_data\oph_challenge_public_anchors.json | https://github.com/dappalumbo91/FSOT-2.1-Lean/tree/main/vendor/public_data/oph_challenge_public_anchors.json | 1 |
docs/BENCHMARK_DATA_CITATIONS.md	3718	text	url	https://github.com/dappalumbo91/FSOT-2.1-Lean/tree/main/vendor/public_data/oph_challenge_public_anchors.json	OK(200):self_link			- **vendor_cache**: vendor\public_data\oph_challenge_public_anchors.json — https://github.com/dappalumbo91/FSOT-2.1-Lean/tree/main/vendor/public_data/oph_challenge_public_anchors.json
docs/BENCHMARK_DATA_CITATIONS.md	832	text	url	https://github.com/dappalumbo91/FSOT-2.1-Lean/tree/main/vendor/public_data/pubchem/pubchem_auto_expansion.json	OK(200):self_link			| vendor_cache | vendor/public_data/pubchem/pubchem_auto_expansion.json | https://github.com/dappalumbo91/FSOT-2.1-Lean/tree/main/vendor/public_data/pubchem/pubchem_auto_expansion.json | 1 |
docs/BENCHMARK_DATA_CITATIONS.md	4181	text	url	https://github.com/dappalumbo91/FSOT-2.1-Lean/tree/main/vendor/public_data/pubchem/pubchem_auto_expansion.json	OK(200):self_link			- **vendor_cache**: vendor/public_data/pubchem/pubchem_auto_expansion.json — https://github.com/dappalumbo91/FSOT-2.1-Lean/tree/main/vendor/public_data/pubchem/pubchem_auto_expansion.json
docs/BENCHMARK_DATA_CITATIONS.md	833	text	url	https://github.com/dappalumbo91/FSOT-2.1-Lean/tree/main/vendor/public_data/pubchem/pubchem_auto_seed_manifest.json	OK(200):self_link			| vendor_cache | vendor/public_data/pubchem/pubchem_auto_seed_manifest.json | https://github.com/dappalumbo91/FSOT-2.1-Lean/tree/main/vendor/public_data/pubchem/pubchem_auto_seed_manifest.json | 1 |
docs/BENCHMARK_DATA_CITATIONS.md	4182	text	url	https://github.com/dappalumbo91/FSOT-2.1-Lean/tree/main/vendor/public_data/pubchem/pubchem_auto_seed_manifest.json	OK(200):self_link			- **vendor_cache**: vendor/public_data/pubchem/pubchem_auto_seed_manifest.json — https://github.com/dappalumbo91/FSOT-2.1-Lean/tree/main/vendor/public_data/pubchem/pubchem_auto_seed_manifest.json
docs/BENCHMARK_DATA_CITATIONS.md	834	text	url	https://github.com/dappalumbo91/FSOT-2.1-Lean/tree/main/vendor/public_data/pubchem/pubchem_culinary_expansion.json	OK(200):self_link			| vendor_cache | vendor/public_data/pubchem/pubchem_culinary_expansion.json | https://github.com/dappalumbo91/FSOT-2.1-Lean/tree/main/vendor/public_data/pubchem/pubchem_culinary_expansion.json | 1 |
docs/BENCHMARK_DATA_CITATIONS.md	4180	text	url	https://github.com/dappalumbo91/FSOT-2.1-Lean/tree/main/vendor/public_data/pubchem/pubchem_culinary_expansion.json	OK(200):self_link			- **vendor_cache**: vendor/public_data/pubchem/pubchem_culinary_expansion.json — https://github.com/dappalumbo91/FSOT-2.1-Lean/tree/main/vendor/public_data/pubchem/pubchem_culinary_expansion.json
docs/BENCHMARK_DATA_CITATIONS.md	835	text	url	https://github.com/dappalumbo91/FSOT-2.1-Lean/tree/main/vendor/public_data/pubchem/pubchem_preregistered_panel.json	OK(200):self_link			| vendor_cache | vendor/public_data/pubchem/pubchem_preregistered_panel.json | https://github.com/dappalumbo91/FSOT-2.1-Lean/tree/main/vendor/public_data/pubchem/pubchem_preregistered_panel.json | 1 |
docs/BENCHMARK_DATA_CITATIONS.md	4179	text	url	https://github.com/dappalumbo91/FSOT-2.1-Lean/tree/main/vendor/public_data/pubchem/pubchem_preregistered_panel.json	OK(200):self_link			- **vendor_cache**: vendor/public_data/pubchem/pubchem_preregistered_panel.json — https://github.com/dappalumbo91/FSOT-2.1-Lean/tree/main/vendor/public_data/pubchem/pubchem_preregistered_panel.json
docs/BENCHMARK_DATA_CITATIONS.md	836	text	url	https://github.com/dappalumbo91/FSOT-2.1-Lean/tree/main/vendor/public_data/pubchem/pubchem_summary.json	OK(200):self_link			| vendor_cache | vendor/public_data/pubchem/pubchem_summary.json | https://github.com/dappalumbo91/FSOT-2.1-Lean/tree/main/vendor/public_data/pubchem/pubchem_summary.json | 1 |
docs/BENCHMARK_DATA_CITATIONS.md	4195	text	url	https://github.com/dappalumbo91/FSOT-2.1-Lean/tree/main/vendor/public_data/pubchem/pubchem_summary.json	OK(200):self_link			- **vendor_cache**: vendor/public_data/pubchem/pubchem_summary.json — https://github.com/dappalumbo91/FSOT-2.1-Lean/tree/main/vendor/public_data/pubchem/pubchem_summary.json
docs/BENCHMARK_DATA_CITATIONS.md	837	text	url	https://github.com/dappalumbo91/FSOT-2.1-Lean/tree/main/vendor/rust_lean_bridge/rust_lean_bridge_summary.json	OK(200):self_link			| vendor_cache | vendor/rust_lean_bridge/rust_lean_bridge_summary.json | https://github.com/dappalumbo91/FSOT-2.1-Lean/tree/main/vendor/rust_lean_bridge/rust_lean_bridge_summary.json | 1 |
docs/BENCHMARK_DATA_CITATIONS.md	5616	text	url	https://github.com/dappalumbo91/FSOT-2.1-Lean/tree/main/vendor/rust_lean_bridge/rust_lean_bridge_summary.json	OK(200):self_link			- **vendor_cache**: vendor/rust_lean_bridge/rust_lean_bridge_summary.json — https://github.com/dappalumbo91/FSOT-2.1-Lean/tree/main/vendor/rust_lean_bridge/rust_lean_bridge_summary.json
docs/BENCHMARK_DATA_CITATIONS.md	838	text	url	https://github.com/dappalumbo91/FSOT-2.1-Lean/tree/main/vendor/smiles/FSOT_SMILES_Lab_Dataset.json	OK(200):self_link			| vendor_cache | vendor/smiles/FSOT_SMILES_Lab_Dataset.json | https://github.com/dappalumbo91/FSOT-2.1-Lean/tree/main/vendor/smiles/FSOT_SMILES_Lab_Dataset.json | 5 |
docs/BENCHMARK_DATA_CITATIONS.md	2115	text	url	https://github.com/dappalumbo91/FSOT-2.1-Lean/tree/main/vendor/smiles/FSOT_SMILES_Lab_Dataset.json	OK(200):self_link			- **vendor_cache**: vendor/smiles/FSOT_SMILES_Lab_Dataset.json — https://github.com/dappalumbo91/FSOT-2.1-Lean/tree/main/vendor/smiles/FSOT_SMILES_Lab_Dataset.json
docs/BENCHMARK_DATA_CITATIONS.md	4031	text	url	https://github.com/dappalumbo91/FSOT-2.1-Lean/tree/main/vendor/smiles/FSOT_SMILES_Lab_Dataset.json	OK(200):self_link			- **vendor_cache**: vendor/smiles/FSOT_SMILES_Lab_Dataset.json — https://github.com/dappalumbo91/FSOT-2.1-Lean/tree/main/vendor/smiles/FSOT_SMILES_Lab_Dataset.json
docs/BENCHMARK_DATA_CITATIONS.md	5428	text	url	https://github.com/dappalumbo91/FSOT-2.1-Lean/tree/main/vendor/smiles/FSOT_SMILES_Lab_Dataset.json	OK(200):self_link			- **vendor_cache**: vendor/smiles/FSOT_SMILES_Lab_Dataset.json — https://github.com/dappalumbo91/FSOT-2.1-Lean/tree/main/vendor/smiles/FSOT_SMILES_Lab_Dataset.json
docs/BENCHMARK_DATA_CITATIONS.md	5459	text	url	https://github.com/dappalumbo91/FSOT-2.1-Lean/tree/main/vendor/smiles/FSOT_SMILES_Lab_Dataset.json	OK(200):self_link			- **vendor_cache**: vendor/smiles/FSOT_SMILES_Lab_Dataset.json — https://github.com/dappalumbo91/FSOT-2.1-Lean/tree/main/vendor/smiles/FSOT_SMILES_Lab_Dataset.json
docs/BENCHMARK_DATA_CITATIONS.md	5535	text	url	https://github.com/dappalumbo91/FSOT-2.1-Lean/tree/main/vendor/smiles/FSOT_SMILES_Lab_Dataset.json	OK(200):self_link			- **vendor_cache**: vendor/smiles/FSOT_SMILES_Lab_Dataset.json — https://github.com/dappalumbo91/FSOT-2.1-Lean/tree/main/vendor/smiles/FSOT_SMILES_Lab_Dataset.json
docs/BENCHMARK_DATA_CITATIONS.md	839	text	url	https://github.com/dappalumbo91/FSOT-2.1-Lean/tree/main/vendor/species/fsot_species_catalog.json	OK(200):self_link			| vendor_cache | vendor/species/fsot_species_catalog.json | https://github.com/dappalumbo91/FSOT-2.1-Lean/tree/main/vendor/species/fsot_species_catalog.json | 2 |
docs/BENCHMARK_DATA_CITATIONS.md	4038	text	url	https://github.com/dappalumbo91/FSOT-2.1-Lean/tree/main/vendor/species/fsot_species_catalog.json	OK(200):self_link			- **vendor_cache**: vendor/species/fsot_species_catalog.json — https://github.com/dappalumbo91/FSOT-2.1-Lean/tree/main/vendor/species/fsot_species_catalog.json
docs/BENCHMARK_DATA_CITATIONS.md	5536	text	url	https://github.com/dappalumbo91/FSOT-2.1-Lean/tree/main/vendor/species/fsot_species_catalog.json	OK(200):self_link			- **vendor_cache**: vendor/species/fsot_species_catalog.json — https://github.com/dappalumbo91/FSOT-2.1-Lean/tree/main/vendor/species/fsot_species_catalog.json
docs/BENCHMARK_DATA_CITATIONS.md	840	text	url	https://github.com/dappalumbo91/FSOT-2.1-Lean/tree/main/vendor/stellar_structures/galactic_structure_sample.json	OK(200):self_link			| vendor_cache | vendor/stellar_structures/galactic_structure_sample.json | https://github.com/dappalumbo91/FSOT-2.1-Lean/tree/main/vendor/stellar_structures/galactic_structure_sample.json | 1 |
docs/BENCHMARK_DATA_CITATIONS.md	2731	text	url	https://github.com/dappalumbo91/FSOT-2.1-Lean/tree/main/vendor/stellar_structures/galactic_structure_sample.json	OK(200):self_link			- **vendor_cache**: vendor/stellar_structures/galactic_structure_sample.json — https://github.com/dappalumbo91/FSOT-2.1-Lean/tree/main/vendor/stellar_structures/galactic_structure_sample.json
docs/BENCHMARK_DATA_CITATIONS.md	841	text	url	https://github.com/dappalumbo91/FSOT-2.1-Lean/tree/main/vendor/stellar_structures/gwosc_public_events.json	OK(200):self_link			| vendor_cache | vendor/stellar_structures/gwosc_public_events.json | https://github.com/dappalumbo91/FSOT-2.1-Lean/tree/main/vendor/stellar_structures/gwosc_public_events.json | 1 |
docs/BENCHMARK_DATA_CITATIONS.md	1525	text	url	https://github.com/dappalumbo91/FSOT-2.1-Lean/tree/main/vendor/stellar_structures/gwosc_public_events.json	OK(200):self_link			- **vendor_cache**: vendor/stellar_structures/gwosc_public_events.json — https://github.com/dappalumbo91/FSOT-2.1-Lean/tree/main/vendor/stellar_structures/gwosc_public_events.json
docs/BENCHMARK_DATA_CITATIONS.md	842	text	url	https://github.com/dappalumbo91/FSOT-2.1-Lean/tree/main/vendor/stellar_structures/public_multiplicity_catalog.json	OK(200):self_link			| vendor_cache | vendor/stellar_structures/public_multiplicity_catalog.json | https://github.com/dappalumbo91/FSOT-2.1-Lean/tree/main/vendor/stellar_structures/public_multiplicity_catalog.json | 2 |
docs/BENCHMARK_DATA_CITATIONS.md	1074	text	url	https://github.com/dappalumbo91/FSOT-2.1-Lean/tree/main/vendor/stellar_structures/public_multiplicity_catalog.json	OK(200):self_link			- **vendor_cache**: vendor/stellar_structures/public_multiplicity_catalog.json — https://github.com/dappalumbo91/FSOT-2.1-Lean/tree/main/vendor/stellar_structures/public_multiplicity_catalog.json
docs/BENCHMARK_DATA_CITATIONS.md	4684	text	url	https://github.com/dappalumbo91/FSOT-2.1-Lean/tree/main/vendor/stellar_structures/public_multiplicity_catalog.json	OK(200):self_link			- **vendor_cache**: vendor/stellar_structures/public_multiplicity_catalog.json — https://github.com/dappalumbo91/FSOT-2.1-Lean/tree/main/vendor/stellar_structures/public_multiplicity_catalog.json
docs/BENCHMARK_DATA_CITATIONS.md	843	text	url	https://github.com/dappalumbo91/FSOT-2.1-Lean/tree/main/vendor/tokenization/smoke_cases.json	OK(200):self_link			| vendor_cache | vendor/tokenization/smoke_cases.json | https://github.com/dappalumbo91/FSOT-2.1-Lean/tree/main/vendor/tokenization/smoke_cases.json | 1 |
docs/BENCHMARK_DATA_CITATIONS.md	4992	text	url	https://github.com/dappalumbo91/FSOT-2.1-Lean/tree/main/vendor/tokenization/smoke_cases.json	OK(200):self_link			- **vendor_cache**: vendor/tokenization/smoke_cases.json — https://github.com/dappalumbo91/FSOT-2.1-Lean/tree/main/vendor/tokenization/smoke_cases.json
docs/BENCHMARK_DATA_CITATIONS.md	844	text	url	https://github.com/dappalumbo91/FSOT-2.1-Lean/tree/main/vendor/tokenization/vocab.json	OK(200):self_link			| vendor_cache | vendor/tokenization/vocab.json | https://github.com/dappalumbo91/FSOT-2.1-Lean/tree/main/vendor/tokenization/vocab.json | 1 |
docs/BENCHMARK_DATA_CITATIONS.md	4993	text	url	https://github.com/dappalumbo91/FSOT-2.1-Lean/tree/main/vendor/tokenization/vocab.json	OK(200):self_link			- **vendor_cache**: vendor/tokenization/vocab.json — https://github.com/dappalumbo91/FSOT-2.1-Lean/tree/main/vendor/tokenization/vocab.json
docs/BENCHMARK_DATA_CITATIONS.md	845	text	url	https://github.com/dappalumbo91/FSOT-2.1-Lean/tree/main/vendor/trinary_hardware/motif_influence_profile_stable.json	OK(200):self_link			| vendor_cache | vendor/trinary_hardware/motif_influence_profile_stable.json | https://github.com/dappalumbo91/FSOT-2.1-Lean/tree/main/vendor/trinary_hardware/motif_influence_profile_stable.json | 2 |
docs/BENCHMARK_DATA_CITATIONS.md	4051	text	url	https://github.com/dappalumbo91/FSOT-2.1-Lean/tree/main/vendor/trinary_hardware/motif_influence_profile_stable.json	OK(200):self_link			- **vendor_cache**: vendor/trinary_hardware/motif_influence_profile_stable.json — https://github.com/dappalumbo91/FSOT-2.1-Lean/tree/main/vendor/trinary_hardware/motif_influence_profile_stable.json
docs/BENCHMARK_DATA_CITATIONS.md	5032	text	url	https://github.com/dappalumbo91/FSOT-2.1-Lean/tree/main/vendor/trinary_hardware/motif_influence_profile_stable.json	OK(200):self_link			- **vendor_cache**: vendor/trinary_hardware/motif_influence_profile_stable.json — https://github.com/dappalumbo91/FSOT-2.1-Lean/tree/main/vendor/trinary_hardware/motif_influence_profile_stable.json
docs/BENCHMARK_DATA_CITATIONS.md	846	text	url	https://github.com/dappalumbo91/FSOT-2.1-Lean/tree/main/vendor/trinary_os/fixtures	OK(200):self_link			| vendor_cache | vendor/trinary_os/fixtures | https://github.com/dappalumbo91/FSOT-2.1-Lean/tree/main/vendor/trinary_os/fixtures | 1 |
docs/BENCHMARK_DATA_CITATIONS.md	4048	text	url	https://github.com/dappalumbo91/FSOT-2.1-Lean/tree/main/vendor/trinary_os/fixtures	OK(200):self_link			- **vendor_cache**: vendor/trinary_os/fixtures — https://github.com/dappalumbo91/FSOT-2.1-Lean/tree/main/vendor/trinary_os/fixtures
docs/BENCHMARK_DATA_CITATIONS.md	847	text	url	https://github.com/dappalumbo91/FSOT-2.1-Lean/tree/main/vendor/trinary_os/isa/fsotb_opcode_registry.json	OK(200):self_link			| vendor_cache | vendor/trinary_os/isa/fsotb_opcode_registry.json | https://github.com/dappalumbo91/FSOT-2.1-Lean/tree/main/vendor/trinary_os/isa/fsotb_opcode_registry.json | 4 |
docs/BENCHMARK_DATA_CITATIONS.md	3640	text	url	https://github.com/dappalumbo91/FSOT-2.1-Lean/tree/main/vendor/trinary_os/isa/fsotb_opcode_registry.json	OK(200):self_link			- **vendor_cache**: vendor/trinary_os/isa/fsotb_opcode_registry.json — https://github.com/dappalumbo91/FSOT-2.1-Lean/tree/main/vendor/trinary_os/isa/fsotb_opcode_registry.json
docs/BENCHMARK_DATA_CITATIONS.md	4045	text	url	https://github.com/dappalumbo91/FSOT-2.1-Lean/tree/main/vendor/trinary_os/isa/fsotb_opcode_registry.json	OK(200):self_link			- **vendor_cache**: vendor/trinary_os/isa/fsotb_opcode_registry.json — https://github.com/dappalumbo91/FSOT-2.1-Lean/tree/main/vendor/trinary_os/isa/fsotb_opcode_registry.json
docs/BENCHMARK_DATA_CITATIONS.md	5651	text	url	https://github.com/dappalumbo91/FSOT-2.1-Lean/tree/main/vendor/trinary_os/isa/fsotb_opcode_registry.json	OK(200):self_link			- **vendor_cache**: vendor/trinary_os/isa/fsotb_opcode_registry.json — https://github.com/dappalumbo91/FSOT-2.1-Lean/tree/main/vendor/trinary_os/isa/fsotb_opcode_registry.json
docs/BENCHMARK_DATA_CITATIONS.md	5658	text	url	https://github.com/dappalumbo91/FSOT-2.1-Lean/tree/main/vendor/trinary_os/isa/fsotb_opcode_registry.json	OK(200):self_link			- **vendor_cache**: vendor/trinary_os/isa/fsotb_opcode_registry.json — https://github.com/dappalumbo91/FSOT-2.1-Lean/tree/main/vendor/trinary_os/isa/fsotb_opcode_registry.json
docs/BENCHMARK_DATA_CITATIONS.md	848	text	url	https://github.com/dappalumbo91/FSOT-2.1-Lean/tree/main/vendor/trinary_os/round_trip	OK(200):self_link			| vendor_cache | vendor/trinary_os/round_trip | https://github.com/dappalumbo91/FSOT-2.1-Lean/tree/main/vendor/trinary_os/round_trip | 1 |
docs/BENCHMARK_DATA_CITATIONS.md	4049	text	url	https://github.com/dappalumbo91/FSOT-2.1-Lean/tree/main/vendor/trinary_os/round_trip	OK(200):self_link			- **vendor_cache**: vendor/trinary_os/round_trip — https://github.com/dappalumbo91/FSOT-2.1-Lean/tree/main/vendor/trinary_os/round_trip
docs/BENCHMARK_DATA_CITATIONS.md	849	text	url	https://github.com/dappalumbo91/FSOT-2.1-Lean/tree/main/vendor/trinary_os/target	OK(200):self_link			| vendor_cache | vendor/trinary_os/target | https://github.com/dappalumbo91/FSOT-2.1-Lean/tree/main/vendor/trinary_os/target | 1 |
docs/BENCHMARK_DATA_CITATIONS.md	4037	text	url	https://github.com/dappalumbo91/FSOT-2.1-Lean/tree/main/vendor/trinary_os/target	OK(200):self_link			- **vendor_cache**: vendor/trinary_os/target — https://github.com/dappalumbo91/FSOT-2.1-Lean/tree/main/vendor/trinary_os/target
docs/BENCHMARK_DATA_CITATIONS.md	850	text	url	https://github.com/dappalumbo91/FSOT-2.1-Lean/tree/main/vendor/trinary_os/target/	OK(200):self_link			| vendor_cache | vendor/trinary_os/target/ | https://github.com/dappalumbo91/FSOT-2.1-Lean/tree/main/vendor/trinary_os/target/ | 1 |
docs/BENCHMARK_DATA_CITATIONS.md	3641	text	url	https://github.com/dappalumbo91/FSOT-2.1-Lean/tree/main/vendor/trinary_os/target/	OK(200):self_link			- **vendor_cache**: vendor/trinary_os/target/ — https://github.com/dappalumbo91/FSOT-2.1-Lean/tree/main/vendor/trinary_os/target/
docs/BENCHMARK_DATA_CITATIONS.md	851	text	url	https://github.com/dappalumbo91/FSOT-2.1-Lean/tree/main/vendor/vl_distill/distill_dataset.meta.json	OK(200):self_link			| vendor_cache | vendor/vl_distill/distill_dataset.meta.json | https://github.com/dappalumbo91/FSOT-2.1-Lean/tree/main/vendor/vl_distill/distill_dataset.meta.json | 1 |
docs/BENCHMARK_DATA_CITATIONS.md	5152	text	url	https://github.com/dappalumbo91/FSOT-2.1-Lean/tree/main/vendor/vl_distill/distill_dataset.meta.json	OK(200):self_link			- **vendor_cache**: vendor/vl_distill/distill_dataset.meta.json — https://github.com/dappalumbo91/FSOT-2.1-Lean/tree/main/vendor/vl_distill/distill_dataset.meta.json
docs/BENCHMARK_DATA_CITATIONS.md	852	text	url	https://github.com/dappalumbo91/FSOT-2.1-Lean/tree/main/vendor/vl_distill/fsot_atlas_summary.json	OK(200):self_link			| vendor_cache | vendor/vl_distill/fsot_atlas_summary.json | https://github.com/dappalumbo91/FSOT-2.1-Lean/tree/main/vendor/vl_distill/fsot_atlas_summary.json | 1 |
docs/BENCHMARK_DATA_CITATIONS.md	5150	text	url	https://github.com/dappalumbo91/FSOT-2.1-Lean/tree/main/vendor/vl_distill/fsot_atlas_summary.json	OK(200):self_link			- **vendor_cache**: vendor/vl_distill/fsot_atlas_summary.json — https://github.com/dappalumbo91/FSOT-2.1-Lean/tree/main/vendor/vl_distill/fsot_atlas_summary.json
docs/BENCHMARK_DATA_CITATIONS.md	853	text	url	https://github.com/dappalumbo91/FSOT-2.1-Lean/tree/main/vendor/vl_distill/fsot_competitive_report.json	OK(200):self_link			| vendor_cache | vendor/vl_distill/fsot_competitive_report.json | https://github.com/dappalumbo91/FSOT-2.1-Lean/tree/main/vendor/vl_distill/fsot_competitive_report.json | 1 |
docs/BENCHMARK_DATA_CITATIONS.md	5153	text	url	https://github.com/dappalumbo91/FSOT-2.1-Lean/tree/main/vendor/vl_distill/fsot_competitive_report.json	OK(200):self_link			- **vendor_cache**: vendor/vl_distill/fsot_competitive_report.json — https://github.com/dappalumbo91/FSOT-2.1-Lean/tree/main/vendor/vl_distill/fsot_competitive_report.json
docs/BENCHMARK_DATA_CITATIONS.md	854	text	url	https://github.com/dappalumbo91/FSOT-2.1-Lean/tree/main/vendor/vl_distill/fsot_domain_registry.json	OK(200):self_link			| vendor_cache | vendor/vl_distill/fsot_domain_registry.json | https://github.com/dappalumbo91/FSOT-2.1-Lean/tree/main/vendor/vl_distill/fsot_domain_registry.json | 1 |
docs/BENCHMARK_DATA_CITATIONS.md	5151	text	url	https://github.com/dappalumbo91/FSOT-2.1-Lean/tree/main/vendor/vl_distill/fsot_domain_registry.json	OK(200):self_link			- **vendor_cache**: vendor/vl_distill/fsot_domain_registry.json — https://github.com/dappalumbo91/FSOT-2.1-Lean/tree/main/vendor/vl_distill/fsot_domain_registry.json
docs/BENCHMARK_DATA_CITATIONS.md	857	text	url	https://github.com/dappalumbo91/FSOT-2.1-Lean/tree/main/wds_live_multiplicity_deep_benchmark.json	HTTP_ERROR(404):self_link			| vendor_cache | wds_live_multiplicity_deep_benchmark.json | https://github.com/dappalumbo91/FSOT-2.1-Lean/tree/main/wds_live_multiplicity_deep_benchmark.json | 1 |
docs/BENCHMARK_DATA_CITATIONS.md	5204	text	url	https://github.com/dappalumbo91/FSOT-2.1-Lean/tree/main/wds_live_multiplicity_deep_benchmark.json	HTTP_ERROR(404):self_link			- **vendor_cache**: wds_live_multiplicity_deep_benchmark.json — https://github.com/dappalumbo91/FSOT-2.1-Lean/tree/main/wds_live_multiplicity_deep_benchmark.json
docs/BENCHMARK_DATA_CITATIONS.md	858	text	url	https://github.com/dappalumbo91/FSOT-2.1-Lean/tree/main/wds_multiplicity_expanded.json	HTTP_ERROR(404):self_link			| vendor_cache | wds_multiplicity_expanded.json | https://github.com/dappalumbo91/FSOT-2.1-Lean/tree/main/wds_multiplicity_expanded.json | 1 |
docs/BENCHMARK_DATA_CITATIONS.md	4685	text	url	https://github.com/dappalumbo91/FSOT-2.1-Lean/tree/main/wds_multiplicity_expanded.json	HTTP_ERROR(404):self_link			- **vendor_cache**: wds_multiplicity_expanded.json — https://github.com/dappalumbo91/FSOT-2.1-Lean/tree/main/wds_multiplicity_expanded.json
README.md	130	text	url	https://github.com/dappalumbo91/FSOT-2.1-Neural	OK(200):self_link			| **Neural monorepo (Allen / wet-lab)** | https://github.com/dappalumbo91/FSOT-2.1-Neural |
RELATED_EMBODIMENTS.md	12	text	url	https://github.com/dappalumbo91/FSOT-2.1-Neural	OK(200):self_link			| **Neural monorepo** | https://github.com/dappalumbo91/FSOT-2.1-Neural | Allen wet-lab, scalpel, Python battery |
README.md	128	text	url	https://github.com/dappalumbo91/FSOT-Genetics	OK(200):self_link			| **FSOT-Genetics (formula structure branch)** | https://github.com/dappalumbo91/FSOT-Genetics |
RELATED_EMBODIMENTS.md	10	text	url	https://github.com/dappalumbo91/FSOT-Genetics	OK(200):self_link			| **FSOT-Genetics** | https://github.com/dappalumbo91/FSOT-Genetics | Protein / codon **formula** branch. Product freeze **2026-08-17**: same-data median **0.13 Å** vs AF **0.47 Å** (10/10). Hemoglobin alpha on that freeze is **0.21 Å** vs AF **0.27 Å**. Medical panel **2026-09-21**: **0.26 Å** vs A
docs/CONCEPTS.md	152	text	url	https://github.com/dappalumbo91/FSOT-Genetics	OK(200):self_link			Two regimes, keep them separate. Freeze **2026-08-17** in [FSOT-Genetics](https://github.com/dappalumbo91/FSOT-Genetics):
docs/GENETICS_CLAIM_EVIDENCE.md	5	text	url	https://github.com/dappalumbo91/FSOT-Genetics	OK(200):self_link			**Pin:** **D1D38A** (byte-identical in [FSOT-Genetics](https://github.com/dappalumbo91/FSOT-Genetics))
docs/GENETICS_CLAIM_EVIDENCE.md	86	text	url	https://github.com/dappalumbo91/FSOT-Genetics	OK(200):self_link			- Genetics repo: https://github.com/dappalumbo91/FSOT-Genetics
docs/SIBLING_APPLICATION_GAPS.md	39	text	url	https://github.com/dappalumbo91/FSOT-Genetics	OK(200):self_link			| [FSOT-Genetics](https://github.com/dappalumbo91/FSOT-Genetics) | Protein product 0.13 Å vs AF 0.47 Å | Quote 0.13 Å as sequence-only; CASP still OPEN |
docs/SICKNESS_TWO_SYSTEM.md	3	text	url	https://github.com/dappalumbo91/FSOT-Genetics	OK(200):self_link			**Pin:** AEB2AD · **Product:** [FSOT-Genetics](https://github.com/dappalumbo91/FSOT-Genetics) · **Hub:** `products/sickness_coupling.py`
docs/SYSTEM_DIRECTORY.md	102	text	url	https://github.com/dappalumbo91/FSOT-Genetics	OK(200):self_link			| [FSOT-Genetics](https://github.com/dappalumbo91/FSOT-Genetics) | Protein / codon product 0.13 Å (2026-08-17); no-map MDS retired |
docs/WORKED_EXAMPLES.md	81	text	url	https://github.com/dappalumbo91/FSOT-Genetics	OK(200):self_link			[FSOT-Genetics](https://github.com/dappalumbo91/FSOT-Genetics). Do not quote it as this NCBI panel.
predictions/reports/FSOT_VS_ALPHAFOLD_STRUCTURE.md	4	text	url	https://github.com/dappalumbo91/FSOT-Genetics	OK(200):self_link			> Current **product** freeze (same-data homologs, **2026-08-17**) lives in [FSOT-Genetics](https://github.com/dappalumbo91/FSOT-Genetics): median **0.13 Å** vs AlphaFold **0.47 Å** on 10 proteins. 3-D MDS bulk is **retired** — this table is that old path only.
RELATED_EMBODIMENTS.md	14	text	url	https://github.com/dappalumbo91/FSOT-GPU	OK(200):self_link			| **FSOT-GPU (CUDA operators)** | https://github.com/dappalumbo91/FSOT-GPU | Collapse/consensus CUDA, multi-lang parity, industry-host layer swap — **not** free-param weight physics |
docs/SYSTEM_DIRECTORY.md	105	text	url	https://github.com/dappalumbo91/FSOT-GPU	OK(200):self_link			| [FSOT-GPU](https://github.com/dappalumbo91/FSOT-GPU) | Owned operators |
RELATED_EMBODIMENTS.md	15	text	url	https://github.com/dappalumbo91/FSOT-Materials	OK(200):self_link			| **FSOT-Materials** | https://github.com/dappalumbo91/FSOT-Materials | Forward **design** lab (fuels + synthetic lattices). Hub keeps PRED-034 residual green panels. Product freeze is a property vector, not a 477-domain headline. |
docs/CURRENT_STATUS.md	132	text	url	https://github.com/dappalumbo91/FSOT-Materials	OK(200):self_link			- Materials/fuels design sibling: https://github.com/dappalumbo91/FSOT-Materials
docs/SIBLING_APPLICATION_GAPS.md	41	text	url	https://github.com/dappalumbo91/FSOT-Materials	OK(200):self_link			| [FSOT-Materials](https://github.com/dappalumbo91/FSOT-Materials) | Forward fuel / lattice **design** | Stuff design vectors into the 477 headline |
docs/WHY_NOT_CLAIMED.md	74	text	url	https://github.com/dappalumbo91/FSOT-Materials	OK(200):self_link			| Fuel / lattice **forward design** as a 477 headline | Product, not a residual file | Sibling [FSOT-Materials](https://github.com/dappalumbo91/FSOT-Materials); hub keeps PRED-034 green |
docs/MILLENNIUM_MEASURED_LAB.md	4	text	url	https://github.com/dappalumbo91/fsot-millennium-measured	OK(200):self_link			[https://github.com/dappalumbo91/fsot-millennium-measured](https://github.com/dappalumbo91/fsot-millennium-measured)
docs/MILLENNIUM_MEASURED_LAB.md	4	text	url	https://github.com/dappalumbo91/fsot-millennium-measured	OK(200):self_link			[https://github.com/dappalumbo91/fsot-millennium-measured](https://github.com/dappalumbo91/fsot-millennium-measured)
docs/MILLENNIUM_MEASURED_LAB.md	18	text	url	https://github.com/dappalumbo91/fsot-millennium-measured.git	OK(200):self_link			git clone https://github.com/dappalumbo91/fsot-millennium-measured.git
README.md	129	text	url	https://github.com/dappalumbo91/fsot-neuron-zig	OK(200):self_link			| **Zig neural mind** | https://github.com/dappalumbo91/fsot-neuron-zig |
RELATED_EMBODIMENTS.md	13	text	url	https://github.com/dappalumbo91/fsot-neuron-zig	OK(200):self_link			| **Zig neural mind** | https://github.com/dappalumbo91/fsot-neuron-zig | Fixed-lattice **neuroscience-domain engine** under D1D38A |
docs/BENCHMARK_DATA_CITATIONS.md	563	text	url	https://github.com/dappalumbo91/fsot-neuron-zig	OK(200):self_link			| url | https://github.com/dappalumbo91/fsot-neuron-zig | https://github.com/dappalumbo91/fsot-neuron-zig | 1 |
docs/BENCHMARK_DATA_CITATIONS.md	563	text	url	https://github.com/dappalumbo91/fsot-neuron-zig	OK(200):self_link			| url | https://github.com/dappalumbo91/fsot-neuron-zig | https://github.com/dappalumbo91/fsot-neuron-zig | 1 |
docs/BENCHMARK_DATA_CITATIONS.md	3645	text	url	https://github.com/dappalumbo91/fsot-neuron-zig	OK(200):self_link			- **url**: https://github.com/dappalumbo91/fsot-neuron-zig — https://github.com/dappalumbo91/fsot-neuron-zig
docs/BENCHMARK_DATA_CITATIONS.md	3645	text	url	https://github.com/dappalumbo91/fsot-neuron-zig	OK(200):self_link			- **url**: https://github.com/dappalumbo91/fsot-neuron-zig — https://github.com/dappalumbo91/fsot-neuron-zig
docs/ENGINEERING_HARDWARE_CODE_DIRECTION.md	12	text	url	https://github.com/dappalumbo91/fsot-neuron-zig	OK(200):self_link			3. **Neuron-zig → OS path** — fixed-lattice mind ([fsot-neuron-zig](https://github.com/dappalumbo91/fsot-neuron-zig)) under D1D38A, sitting on **trinary FSOTB ABI** (`vendor/trinary_os/`) + QEMU bare metal + hardware laws. Roadmap: [`NEURON_ZIG_TO_OS_ROADMAP.md`](NEURON_ZIG_TO_OS_ROADMAP.md) · panel
docs/NEURON_ZIG_CROSS_VERIFY.md	4	text	url	https://github.com/dappalumbo91/fsot-neuron-zig	OK(200):self_link			**Sibling:** [fsot-neuron-zig](https://github.com/dappalumbo91/fsot-neuron-zig)
docs/NEURON_ZIG_TO_OS_ROADMAP.md	80	text	url	https://github.com/dappalumbo91/fsot-neuron-zig	OK(200):self_link			[fsot-neuron-zig](https://github.com/dappalumbo91/fsot-neuron-zig) is the **neuroscience-domain fixed-lattice mind** under D1D38A — not a free-param LLM.
docs/START_HERE.md	107	text	url	https://github.com/dappalumbo91/fsot-neuron-zig	OK(200):self_link			5. **Neuron-zig mind** — sibling repo [fsot-neuron-zig](https://github.com/dappalumbo91/fsot-neuron-zig) (fixed-lattice neural engine under D1D38A)
docs/SYSTEM_DIRECTORY.md	104	text	url	https://github.com/dappalumbo91/fsot-neuron-zig	OK(200):self_link			| [fsot-neuron-zig](https://github.com/dappalumbo91/fsot-neuron-zig) | Neural mind |
RELATED_EMBODIMENTS.md	11	text	url	https://github.com/dappalumbo91/FSOT-Quantum	OK(200):self_link			| **FSOT-Quantum** | https://github.com/dappalumbo91/FSOT-Quantum | QM / QC **fold** — jobs without Hilbert \(2^n\). Bleed \(\kappa_{ij}\), observe path QC→QO→QM, BH→WH H₀ replay. |
RELATED_EMBODIMENTS.md	20	text	url	https://github.com/dappalumbo91/FSOT-Quantum	OK(200):self_link			**Do not** copy Quantum Gset scores into neuron-zig wrap language — living Quantum STATUS is **11/11 under 1%** (G17 0.427%). Point at [FSOT-Quantum STATUS](https://github.com/dappalumbo91/FSOT-Quantum), do not freeze a copied 10/11.
data/cosmology_anomalies_benchmark.json	271	citation	url	https://github.com/dappalumbo91/FSOT-Quantum	OK(200):self_link			"citation": "https://github.com/dappalumbo91/FSOT-Quantum"
data/cosmology_anomalies_benchmark.json	283	citation	url	https://github.com/dappalumbo91/FSOT-Quantum	OK(200):self_link			"citation": "https://github.com/dappalumbo91/FSOT-Quantum"
data/cosmology_anomalies_benchmark.json	295	citation	url	https://github.com/dappalumbo91/FSOT-Quantum	OK(200):self_link			"citation": "https://github.com/dappalumbo91/FSOT-Quantum"
data/cosmology_anomalies_benchmark.json	307	citation	url	https://github.com/dappalumbo91/FSOT-Quantum	OK(200):self_link			"citation": "https://github.com/dappalumbo91/FSOT-Quantum"
data/cosmology_anomalies_benchmark.json	319	citation	url	https://github.com/dappalumbo91/FSOT-Quantum	OK(200):self_link			"citation": "https://github.com/dappalumbo91/FSOT-Quantum"
data/cosmology_anomalies_benchmark.json	331	citation	url	https://github.com/dappalumbo91/FSOT-Quantum	OK(200):self_link			"citation": "https://github.com/dappalumbo91/FSOT-Quantum"
data/cosmology_anomalies_benchmark.json	343	citation	url	https://github.com/dappalumbo91/FSOT-Quantum	OK(200):self_link			"citation": "https://github.com/dappalumbo91/FSOT-Quantum"
data/cosmology_anomalies_benchmark.json	355	citation	url	https://github.com/dappalumbo91/FSOT-Quantum	OK(200):self_link			"citation": "https://github.com/dappalumbo91/FSOT-Quantum"
data/cosmology_anomalies_benchmark.json	367	citation	url	https://github.com/dappalumbo91/FSOT-Quantum	OK(200):self_link			"citation": "https://github.com/dappalumbo91/FSOT-Quantum"
data/cosmology_anomalies_benchmark.json	379	citation	url	https://github.com/dappalumbo91/FSOT-Quantum	OK(200):self_link			"citation": "https://github.com/dappalumbo91/FSOT-Quantum"
data/cosmology_anomalies_benchmark.json	391	citation	url	https://github.com/dappalumbo91/FSOT-Quantum	OK(200):self_link			"citation": "https://github.com/dappalumbo91/FSOT-Quantum"
data/cosmology_anomalies_benchmark.json	403	citation	url	https://github.com/dappalumbo91/FSOT-Quantum	OK(200):self_link			"citation": "https://github.com/dappalumbo91/FSOT-Quantum"
data/cosmology_anomalies_benchmark.json	415	citation	url	https://github.com/dappalumbo91/FSOT-Quantum	OK(200):self_link			"citation": "https://github.com/dappalumbo91/FSOT-Quantum"
data/cosmology_anomalies_benchmark.json	427	citation	url	https://github.com/dappalumbo91/FSOT-Quantum	OK(200):self_link			"citation": "https://github.com/dappalumbo91/FSOT-Quantum"
data/cosmology_anomalies_benchmark.json	439	citation	url	https://github.com/dappalumbo91/FSOT-Quantum	OK(200):self_link			"citation": "https://github.com/dappalumbo91/FSOT-Quantum"
data/cosmology_anomalies_benchmark.json	451	citation	url	https://github.com/dappalumbo91/FSOT-Quantum	OK(200):self_link			"citation": "https://github.com/dappalumbo91/FSOT-Quantum"
data/dark_energy_cpl_benchmark.json	314	citation	url	https://github.com/dappalumbo91/FSOT-Quantum	OK(200):self_link			"citation": "https://github.com/dappalumbo91/FSOT-Quantum"
data/dark_energy_cpl_benchmark.json	326	citation	url	https://github.com/dappalumbo91/FSOT-Quantum	OK(200):self_link			"citation": "https://github.com/dappalumbo91/FSOT-Quantum"
data/dark_energy_cpl_benchmark.json	338	citation	url	https://github.com/dappalumbo91/FSOT-Quantum	OK(200):self_link			"citation": "https://github.com/dappalumbo91/FSOT-Quantum"
data/dark_energy_cpl_benchmark.json	350	citation	url	https://github.com/dappalumbo91/FSOT-Quantum	OK(200):self_link			"citation": "https://github.com/dappalumbo91/FSOT-Quantum"
data/dark_energy_cpl_benchmark.json	362	citation	url	https://github.com/dappalumbo91/FSOT-Quantum	OK(200):self_link			"citation": "https://github.com/dappalumbo91/FSOT-Quantum"
data/dark_energy_cpl_benchmark.json	374	citation	url	https://github.com/dappalumbo91/FSOT-Quantum	OK(200):self_link			"citation": "https://github.com/dappalumbo91/FSOT-Quantum"
data/desi_edr_table_slice_open_benchmark.json	359	citation	url	https://github.com/dappalumbo91/FSOT-Quantum	OK(200):self_link			"citation": "https://github.com/dappalumbo91/FSOT-Quantum"
data/desi_edr_table_slice_open_benchmark.json	371	citation	url	https://github.com/dappalumbo91/FSOT-Quantum	OK(200):self_link			"citation": "https://github.com/dappalumbo91/FSOT-Quantum"
data/desi_edr_table_slice_open_benchmark.json	383	citation	url	https://github.com/dappalumbo91/FSOT-Quantum	OK(200):self_link			"citation": "https://github.com/dappalumbo91/FSOT-Quantum"
data/desi_edr_table_slice_open_benchmark.json	395	citation	url	https://github.com/dappalumbo91/FSOT-Quantum	OK(200):self_link			"citation": "https://github.com/dappalumbo91/FSOT-Quantum"
data/desi_public_depth_open_benchmark.json	235	citation	url	https://github.com/dappalumbo91/FSOT-Quantum	OK(200):self_link			"citation": "https://github.com/dappalumbo91/FSOT-Quantum"
data/desi_public_depth_open_benchmark.json	247	citation	url	https://github.com/dappalumbo91/FSOT-Quantum	OK(200):self_link			"citation": "https://github.com/dappalumbo91/FSOT-Quantum"
data/desi_public_depth_open_benchmark.json	259	citation	url	https://github.com/dappalumbo91/FSOT-Quantum	OK(200):self_link			"citation": "https://github.com/dappalumbo91/FSOT-Quantum"
data/desi_public_depth_open_benchmark.json	271	citation	url	https://github.com/dappalumbo91/FSOT-Quantum	OK(200):self_link			"citation": "https://github.com/dappalumbo91/FSOT-Quantum"
data/desi_public_depth_open_benchmark.json	283	citation	url	https://github.com/dappalumbo91/FSOT-Quantum	OK(200):self_link			"citation": "https://github.com/dappalumbo91/FSOT-Quantum"
data/desi_public_depth_open_benchmark.json	295	citation	url	https://github.com/dappalumbo91/FSOT-Quantum	OK(200):self_link			"citation": "https://github.com/dappalumbo91/FSOT-Quantum"
data/desi_public_depth_open_benchmark.json	307	citation	url	https://github.com/dappalumbo91/FSOT-Quantum	OK(200):self_link			"citation": "https://github.com/dappalumbo91/FSOT-Quantum"
data/desi_public_depth_open_benchmark.json	319	citation	url	https://github.com/dappalumbo91/FSOT-Quantum	OK(200):self_link			"citation": "https://github.com/dappalumbo91/FSOT-Quantum"
data/desi_public_depth_open_benchmark.json	331	citation	url	https://github.com/dappalumbo91/FSOT-Quantum	OK(200):self_link			"citation": "https://github.com/dappalumbo91/FSOT-Quantum"
data/desi_public_depth_open_benchmark.json	343	citation	url	https://github.com/dappalumbo91/FSOT-Quantum	OK(200):self_link			"citation": "https://github.com/dappalumbo91/FSOT-Quantum"
data/higgs_mass_benchmark.json	232	citation	url	https://github.com/dappalumbo91/FSOT-Quantum	OK(200):self_link			"citation": "https://github.com/dappalumbo91/FSOT-Quantum"
data/higgs_mass_benchmark.json	244	citation	url	https://github.com/dappalumbo91/FSOT-Quantum	OK(200):self_link			"citation": "https://github.com/dappalumbo91/FSOT-Quantum"
data/higgs_mass_benchmark.json	256	citation	url	https://github.com/dappalumbo91/FSOT-Quantum	OK(200):self_link			"citation": "https://github.com/dappalumbo91/FSOT-Quantum"
data/higgs_mass_benchmark.json	268	citation	url	https://github.com/dappalumbo91/FSOT-Quantum	OK(200):self_link			"citation": "https://github.com/dappalumbo91/FSOT-Quantum"
data/higgs_mass_benchmark.json	280	citation	url	https://github.com/dappalumbo91/FSOT-Quantum	OK(200):self_link			"citation": "https://github.com/dappalumbo91/FSOT-Quantum"
data/higgs_mass_benchmark.json	292	citation	url	https://github.com/dappalumbo91/FSOT-Quantum	OK(200):self_link			"citation": "https://github.com/dappalumbo91/FSOT-Quantum"
data/higgs_mass_benchmark.json	304	citation	url	https://github.com/dappalumbo91/FSOT-Quantum	OK(200):self_link			"citation": "https://github.com/dappalumbo91/FSOT-Quantum"
data/higgs_mass_benchmark.json	316	citation	url	https://github.com/dappalumbo91/FSOT-Quantum	OK(200):self_link			"citation": "https://github.com/dappalumbo91/FSOT-Quantum"
data/higgs_mass_benchmark.json	328	citation	url	https://github.com/dappalumbo91/FSOT-Quantum	OK(200):self_link			"citation": "https://github.com/dappalumbo91/FSOT-Quantum"
data/higgs_mass_benchmark.json	340	citation	url	https://github.com/dappalumbo91/FSOT-Quantum	OK(200):self_link			"citation": "https://github.com/dappalumbo91/FSOT-Quantum"
data/higgs_mass_benchmark.json	352	citation	url	https://github.com/dappalumbo91/FSOT-Quantum	OK(200):self_link			"citation": "https://github.com/dappalumbo91/FSOT-Quantum"
data/matter_antimatter_benchmark.json	354	citation	url	https://github.com/dappalumbo91/FSOT-Quantum	OK(200):self_link			"citation": "https://github.com/dappalumbo91/FSOT-Quantum"
data/matter_antimatter_benchmark.json	366	citation	url	https://github.com/dappalumbo91/FSOT-Quantum	OK(200):self_link			"citation": "https://github.com/dappalumbo91/FSOT-Quantum"
data/matter_antimatter_benchmark.json	378	citation	url	https://github.com/dappalumbo91/FSOT-Quantum	OK(200):self_link			"citation": "https://github.com/dappalumbo91/FSOT-Quantum"
data/matter_antimatter_benchmark.json	390	citation	url	https://github.com/dappalumbo91/FSOT-Quantum	OK(200):self_link			"citation": "https://github.com/dappalumbo91/FSOT-Quantum"
data/matter_antimatter_benchmark.json	402	citation	url	https://github.com/dappalumbo91/FSOT-Quantum	OK(200):self_link			"citation": "https://github.com/dappalumbo91/FSOT-Quantum"
data/matter_antimatter_benchmark.json	414	citation	url	https://github.com/dappalumbo91/FSOT-Quantum	OK(200):self_link			"citation": "https://github.com/dappalumbo91/FSOT-Quantum"
data/matter_antimatter_benchmark.json	426	citation	url	https://github.com/dappalumbo91/FSOT-Quantum	OK(200):self_link			"citation": "https://github.com/dappalumbo91/FSOT-Quantum"
data/matter_antimatter_benchmark.json	438	citation	url	https://github.com/dappalumbo91/FSOT-Quantum	OK(200):self_link			"citation": "https://github.com/dappalumbo91/FSOT-Quantum"
data/matter_antimatter_benchmark.json	450	citation	url	https://github.com/dappalumbo91/FSOT-Quantum	OK(200):self_link			"citation": "https://github.com/dappalumbo91/FSOT-Quantum"
data/matter_antimatter_benchmark.json	462	citation	url	https://github.com/dappalumbo91/FSOT-Quantum	OK(200):self_link			"citation": "https://github.com/dappalumbo91/FSOT-Quantum"
data/nist_codata_constants_benchmark.json	163	citation	url	https://github.com/dappalumbo91/FSOT-Quantum	OK(200):self_link			"citation": "https://github.com/dappalumbo91/FSOT-Quantum"
data/nist_codata_constants_benchmark.json	175	citation	url	https://github.com/dappalumbo91/FSOT-Quantum	OK(200):self_link			"citation": "https://github.com/dappalumbo91/FSOT-Quantum"
data/nist_codata_constants_benchmark.json	187	citation	url	https://github.com/dappalumbo91/FSOT-Quantum	OK(200):self_link			"citation": "https://github.com/dappalumbo91/FSOT-Quantum"
data/nist_codata_constants_benchmark.json	199	citation	url	https://github.com/dappalumbo91/FSOT-Quantum	OK(200):self_link			"citation": "https://github.com/dappalumbo91/FSOT-Quantum"
data/nist_codata_constants_benchmark.json	211	citation	url	https://github.com/dappalumbo91/FSOT-Quantum	OK(200):self_link			"citation": "https://github.com/dappalumbo91/FSOT-Quantum"
data/nist_codata_constants_benchmark.json	223	citation	url	https://github.com/dappalumbo91/FSOT-Quantum	OK(200):self_link			"citation": "https://github.com/dappalumbo91/FSOT-Quantum"
data/nist_codata_constants_benchmark.json	235	citation	url	https://github.com/dappalumbo91/FSOT-Quantum	OK(200):self_link			"citation": "https://github.com/dappalumbo91/FSOT-Quantum"
data/nist_codata_constants_benchmark.json	247	citation	url	https://github.com/dappalumbo91/FSOT-Quantum	OK(200):self_link			"citation": "https://github.com/dappalumbo91/FSOT-Quantum"
data/nist_codata_constants_benchmark.json	259	citation	url	https://github.com/dappalumbo91/FSOT-Quantum	OK(200):self_link			"citation": "https://github.com/dappalumbo91/FSOT-Quantum"
data/nist_codata_constants_benchmark.json	271	citation	url	https://github.com/dappalumbo91/FSOT-Quantum	OK(200):self_link			"citation": "https://github.com/dappalumbo91/FSOT-Quantum"
data/nist_codata_constants_benchmark.json	283	citation	url	https://github.com/dappalumbo91/FSOT-Quantum	OK(200):self_link			"citation": "https://github.com/dappalumbo91/FSOT-Quantum"
data/nist_codata_constants_benchmark.json	295	citation	url	https://github.com/dappalumbo91/FSOT-Quantum	OK(200):self_link			"citation": "https://github.com/dappalumbo91/FSOT-Quantum"
data/nufit_neutrino_open_benchmark.json	245	citation	url	https://github.com/dappalumbo91/FSOT-Quantum	OK(200):self_link			"citation": "https://github.com/dappalumbo91/FSOT-Quantum"
data/nufit_neutrino_open_benchmark.json	257	citation	url	https://github.com/dappalumbo91/FSOT-Quantum	OK(200):self_link			"citation": "https://github.com/dappalumbo91/FSOT-Quantum"
data/nufit_neutrino_open_benchmark.json	269	citation	url	https://github.com/dappalumbo91/FSOT-Quantum	OK(200):self_link			"citation": "https://github.com/dappalumbo91/FSOT-Quantum"
data/nufit_neutrino_open_benchmark.json	281	citation	url	https://github.com/dappalumbo91/FSOT-Quantum	OK(200):self_link			"citation": "https://github.com/dappalumbo91/FSOT-Quantum"
data/nufit_neutrino_open_benchmark.json	293	citation	url	https://github.com/dappalumbo91/FSOT-Quantum	OK(200):self_link			"citation": "https://github.com/dappalumbo91/FSOT-Quantum"
data/nufit_neutrino_open_benchmark.json	305	citation	url	https://github.com/dappalumbo91/FSOT-Quantum	OK(200):self_link			"citation": "https://github.com/dappalumbo91/FSOT-Quantum"
data/nufit_neutrino_open_benchmark.json	317	citation	url	https://github.com/dappalumbo91/FSOT-Quantum	OK(200):self_link			"citation": "https://github.com/dappalumbo91/FSOT-Quantum"
data/nufit_neutrino_open_benchmark.json	329	citation	url	https://github.com/dappalumbo91/FSOT-Quantum	OK(200):self_link			"citation": "https://github.com/dappalumbo91/FSOT-Quantum"
data/nufit_neutrino_open_benchmark.json	341	citation	url	https://github.com/dappalumbo91/FSOT-Quantum	OK(200):self_link			"citation": "https://github.com/dappalumbo91/FSOT-Quantum"
data/nufit_neutrino_open_benchmark.json	353	citation	url	https://github.com/dappalumbo91/FSOT-Quantum	OK(200):self_link			"citation": "https://github.com/dappalumbo91/FSOT-Quantum"
data/pdg_particle_properties_benchmark.json	226	citation	url	https://github.com/dappalumbo91/FSOT-Quantum	OK(200):self_link			"citation": "https://github.com/dappalumbo91/FSOT-Quantum"
data/pdg_particle_properties_benchmark.json	238	citation	url	https://github.com/dappalumbo91/FSOT-Quantum	OK(200):self_link			"citation": "https://github.com/dappalumbo91/FSOT-Quantum"
data/pdg_particle_properties_benchmark.json	250	citation	url	https://github.com/dappalumbo91/FSOT-Quantum	OK(200):self_link			"citation": "https://github.com/dappalumbo91/FSOT-Quantum"
data/pdg_particle_properties_benchmark.json	262	citation	url	https://github.com/dappalumbo91/FSOT-Quantum	OK(200):self_link			"citation": "https://github.com/dappalumbo91/FSOT-Quantum"
data/pdg_particle_properties_benchmark.json	274	citation	url	https://github.com/dappalumbo91/FSOT-Quantum	OK(200):self_link			"citation": "https://github.com/dappalumbo91/FSOT-Quantum"
data/pdg_particle_properties_benchmark.json	286	citation	url	https://github.com/dappalumbo91/FSOT-Quantum	OK(200):self_link			"citation": "https://github.com/dappalumbo91/FSOT-Quantum"
data/pdg_particle_properties_benchmark.json	298	citation	url	https://github.com/dappalumbo91/FSOT-Quantum	OK(200):self_link			"citation": "https://github.com/dappalumbo91/FSOT-Quantum"
data/pdg_particle_properties_benchmark.json	310	citation	url	https://github.com/dappalumbo91/FSOT-Quantum	OK(200):self_link			"citation": "https://github.com/dappalumbo91/FSOT-Quantum"
data/pdg_particle_properties_benchmark.json	322	citation	url	https://github.com/dappalumbo91/FSOT-Quantum	OK(200):self_link			"citation": "https://github.com/dappalumbo91/FSOT-Quantum"
data/pdg_particle_properties_benchmark.json	334	citation	url	https://github.com/dappalumbo91/FSOT-Quantum	OK(200):self_link			"citation": "https://github.com/dappalumbo91/FSOT-Quantum"
data/pdg_particle_properties_benchmark.json	346	citation	url	https://github.com/dappalumbo91/FSOT-Quantum	OK(200):self_link			"citation": "https://github.com/dappalumbo91/FSOT-Quantum"
data/pdg_particle_properties_benchmark.json	358	citation	url	https://github.com/dappalumbo91/FSOT-Quantum	OK(200):self_link			"citation": "https://github.com/dappalumbo91/FSOT-Quantum"
data/pdg_particle_properties_benchmark.json	370	citation	url	https://github.com/dappalumbo91/FSOT-Quantum	OK(200):self_link			"citation": "https://github.com/dappalumbo91/FSOT-Quantum"
data/pdg_particle_properties_benchmark.json	382	citation	url	https://github.com/dappalumbo91/FSOT-Quantum	OK(200):self_link			"citation": "https://github.com/dappalumbo91/FSOT-Quantum"
data/pdg_particle_properties_benchmark.json	394	citation	url	https://github.com/dappalumbo91/FSOT-Quantum	OK(200):self_link			"citation": "https://github.com/dappalumbo91/FSOT-Quantum"
data/pdg_particle_properties_benchmark.json	406	citation	url	https://github.com/dappalumbo91/FSOT-Quantum	OK(200):self_link			"citation": "https://github.com/dappalumbo91/FSOT-Quantum"
docs/CONCEPTS.md	140	text	url	https://github.com/dappalumbo91/FSOT-Quantum	OK(200):self_link			**Repo:** [FSOT-Quantum](https://github.com/dappalumbo91/FSOT-Quantum) · ledger [`../results/siblings/`](../results/siblings/)
docs/SIBLING_APPLICATION_GAPS.md	40	text	url	https://github.com/dappalumbo91/FSOT-Quantum	OK(200):self_link			| [FSOT-Quantum](https://github.com/dappalumbo91/FSOT-Quantum) | QM/QC fold jobs without Hilbert \(2^n\) | Copy Gset scores into neuron-zig wrap language |
docs/SYSTEM_DIRECTORY.md	103	text	url	https://github.com/dappalumbo91/FSOT-Quantum	OK(200):self_link			| [FSOT-Quantum](https://github.com/dappalumbo91/FSOT-Quantum) | QM/QC folds, not Hilbert \(2^n\) |
docs/CURRENT_STATUS.md	124	text	url	https://github.com/dappalumbo91/FSOT-Reality-OS	OK(200):self_link			- Reality OS sibling (FSOT-native kernel lab): https://github.com/dappalumbo91/FSOT-Reality-OS
docs/REALITY_OS_SIBLING_REPO.md	7	text	url	https://github.com/dappalumbo91/FSOT-Reality-OS	OK(200):self_link			| **GitHub** | https://github.com/dappalumbo91/FSOT-Reality-OS |
docs/BENCHMARK_DATA_CITATIONS.md	74	text	url	https://github.com/data/acoustic_resonance_materials_benchmark.json	HTTP_ERROR(404):web_reference			| dataset | GitHub OSS corpus data/acoustic_resonance_materials_benchmark.json | https://github.com/data/acoustic_resonance_materials_benchmark.json | 3 |
docs/BENCHMARK_DATA_CITATIONS.md	1971	text	url	https://github.com/data/acoustic_resonance_materials_benchmark.json	HTTP_ERROR(404):web_reference			- **dataset**: GitHub OSS corpus data/acoustic_resonance_materials_benchmark.json — https://github.com/data/acoustic_resonance_materials_benchmark.json
docs/BENCHMARK_DATA_CITATIONS.md	1988	text	url	https://github.com/data/acoustic_resonance_materials_benchmark.json	HTTP_ERROR(404):web_reference			- **dataset**: GitHub OSS corpus data/acoustic_resonance_materials_benchmark.json — https://github.com/data/acoustic_resonance_materials_benchmark.json
docs/BENCHMARK_DATA_CITATIONS.md	3917	text	url	https://github.com/data/acoustic_resonance_materials_benchmark.json	HTTP_ERROR(404):web_reference			- **dataset**: GitHub OSS corpus data/acoustic_resonance_materials_benchmark.json — https://github.com/data/acoustic_resonance_materials_benchmark.json
docs/BENCHMARK_DATA_CITATIONS.md	75	text	url	https://github.com/data/adjacent_rung_coupling_benchmark.json	HTTP_ERROR(404):web_reference			| dataset | GitHub OSS corpus data/adjacent_rung_coupling_benchmark.json | https://github.com/data/adjacent_rung_coupling_benchmark.json | 2 |
docs/BENCHMARK_DATA_CITATIONS.md	3411	text	url	https://github.com/data/adjacent_rung_coupling_benchmark.json	HTTP_ERROR(404):web_reference			- **dataset**: GitHub OSS corpus data/adjacent_rung_coupling_benchmark.json — https://github.com/data/adjacent_rung_coupling_benchmark.json
docs/BENCHMARK_DATA_CITATIONS.md	3918	text	url	https://github.com/data/adjacent_rung_coupling_benchmark.json	HTTP_ERROR(404):web_reference			- **dataset**: GitHub OSS corpus data/adjacent_rung_coupling_benchmark.json — https://github.com/data/adjacent_rung_coupling_benchmark.json
docs/BENCHMARK_DATA_CITATIONS.md	76	text	url	https://github.com/data/adversarial_fractal_break_benchmark.json	HTTP_ERROR(404):web_reference			| dataset | GitHub OSS corpus data/adversarial_fractal_break_benchmark.json | https://github.com/data/adversarial_fractal_break_benchmark.json | 2 |
docs/BENCHMARK_DATA_CITATIONS.md	919	text	url	https://github.com/data/adversarial_fractal_break_benchmark.json	HTTP_ERROR(404):web_reference			- **dataset**: GitHub OSS corpus data/adversarial_fractal_break_benchmark.json — https://github.com/data/adversarial_fractal_break_benchmark.json
docs/BENCHMARK_DATA_CITATIONS.md	3412	text	url	https://github.com/data/adversarial_fractal_break_benchmark.json	HTTP_ERROR(404):web_reference			- **dataset**: GitHub OSS corpus data/adversarial_fractal_break_benchmark.json — https://github.com/data/adversarial_fractal_break_benchmark.json
docs/BENCHMARK_DATA_CITATIONS.md	77	text	url	https://github.com/data/agriculture_agroecology_gap_fill_benchmark.json	HTTP_ERROR(404):web_reference			| dataset | GitHub OSS corpus data/agriculture_agroecology_gap_fill_benchmark.json | https://github.com/data/agriculture_agroecology_gap_fill_benchmark.json | 2 |
docs/BENCHMARK_DATA_CITATIONS.md	1972	text	url	https://github.com/data/agriculture_agroecology_gap_fill_benchmark.json	HTTP_ERROR(404):web_reference			- **dataset**: GitHub OSS corpus data/agriculture_agroecology_gap_fill_benchmark.json — https://github.com/data/agriculture_agroecology_gap_fill_benchmark.json
docs/BENCHMARK_DATA_CITATIONS.md	1989	text	url	https://github.com/data/agriculture_agroecology_gap_fill_benchmark.json	HTTP_ERROR(404):web_reference			- **dataset**: GitHub OSS corpus data/agriculture_agroecology_gap_fill_benchmark.json — https://github.com/data/agriculture_agroecology_gap_fill_benchmark.json
docs/BENCHMARK_DATA_CITATIONS.md	78	text	url	https://github.com/data/ai_galactic_orbital_bridge_benchmark.json	HTTP_ERROR(404):web_reference			| dataset | GitHub OSS corpus data/ai_galactic_orbital_bridge_benchmark.json | https://github.com/data/ai_galactic_orbital_bridge_benchmark.json | 1 |
docs/BENCHMARK_DATA_CITATIONS.md	918	text	url	https://github.com/data/ai_galactic_orbital_bridge_benchmark.json	HTTP_ERROR(404):web_reference			- **dataset**: GitHub OSS corpus data/ai_galactic_orbital_bridge_benchmark.json — https://github.com/data/ai_galactic_orbital_bridge_benchmark.json
docs/BENCHMARK_DATA_CITATIONS.md	79	text	url	https://github.com/data/alternate_base_mathematics_explorer_panel_benchmark.json	HTTP_ERROR(404):web_reference			| dataset | GitHub OSS corpus data/alternate_base_mathematics_explorer_panel_benchmark.json | https://github.com/data/alternate_base_mathematics_explorer_panel_benchmark.json | 1 |
docs/BENCHMARK_DATA_CITATIONS.md	920	text	url	https://github.com/data/alternate_base_mathematics_explorer_panel_benchmark.json	HTTP_ERROR(404):web_reference			- **dataset**: GitHub OSS corpus data/alternate_base_mathematics_explorer_panel_benchmark.json — https://github.com/data/alternate_base_mathematics_explorer_panel_benchmark.json
docs/BENCHMARK_DATA_CITATIONS.md	80	text	url	https://github.com/data/alternate_base_mathematics_spine_benchmark.json	HTTP_ERROR(404):web_reference			| dataset | GitHub OSS corpus data/alternate_base_mathematics_spine_benchmark.json | https://github.com/data/alternate_base_mathematics_spine_benchmark.json | 1 |
docs/BENCHMARK_DATA_CITATIONS.md	921	text	url	https://github.com/data/alternate_base_mathematics_spine_benchmark.json	HTTP_ERROR(404):web_reference			- **dataset**: GitHub OSS corpus data/alternate_base_mathematics_spine_benchmark.json — https://github.com/data/alternate_base_mathematics_spine_benchmark.json
docs/BENCHMARK_DATA_CITATIONS.md	81	text	url	https://github.com/data/anthropology_extension_benchmark.json	HTTP_ERROR(404):web_reference			| dataset | GitHub OSS corpus data/anthropology_extension_benchmark.json | https://github.com/data/anthropology_extension_benchmark.json | 1 |
docs/BENCHMARK_DATA_CITATIONS.md	1600	text	url	https://github.com/data/anthropology_extension_benchmark.json	HTTP_ERROR(404):web_reference			- **dataset**: GitHub OSS corpus data/anthropology_extension_benchmark.json — https://github.com/data/anthropology_extension_benchmark.json
docs/BENCHMARK_DATA_CITATIONS.md	82	text	url	https://github.com/data/architecture_building_science_gap_fill_benchmark.json	HTTP_ERROR(404):web_reference			| dataset | GitHub OSS corpus data/architecture_building_science_gap_fill_benchmark.json | https://github.com/data/architecture_building_science_gap_fill_benchmark.json | 2 |
docs/BENCHMARK_DATA_CITATIONS.md	1973	text	url	https://github.com/data/architecture_building_science_gap_fill_benchmark.json	HTTP_ERROR(404):web_reference			- **dataset**: GitHub OSS corpus data/architecture_building_science_gap_fill_benchmark.json — https://github.com/data/architecture_building_science_gap_fill_benchmark.json
docs/BENCHMARK_DATA_CITATIONS.md	1990	text	url	https://github.com/data/architecture_building_science_gap_fill_benchmark.json	HTTP_ERROR(404):web_reference			- **dataset**: GitHub OSS corpus data/architecture_building_science_gap_fill_benchmark.json — https://github.com/data/architecture_building_science_gap_fill_benchmark.json
docs/BENCHMARK_DATA_CITATIONS.md	83	text	url	https://github.com/data/arxiv_brain_knowledge_panel_benchmark.json	HTTP_ERROR(404):web_reference			| dataset | GitHub OSS corpus data/arxiv_brain_knowledge_panel_benchmark.json | https://github.com/data/arxiv_brain_knowledge_panel_benchmark.json | 1 |
docs/BENCHMARK_DATA_CITATIONS.md	3593	text	url	https://github.com/data/arxiv_brain_knowledge_panel_benchmark.json	HTTP_ERROR(404):web_reference			- **dataset**: GitHub OSS corpus data/arxiv_brain_knowledge_panel_benchmark.json — https://github.com/data/arxiv_brain_knowledge_panel_benchmark.json
docs/BENCHMARK_DATA_CITATIONS.md	84	text	url	https://github.com/data/arxiv_primitives_panel_benchmark.json	HTTP_ERROR(404):web_reference			| dataset | GitHub OSS corpus data/arxiv_primitives_panel_benchmark.json | https://github.com/data/arxiv_primitives_panel_benchmark.json | 1 |
docs/BENCHMARK_DATA_CITATIONS.md	3594	text	url	https://github.com/data/arxiv_primitives_panel_benchmark.json	HTTP_ERROR(404):web_reference			- **dataset**: GitHub OSS corpus data/arxiv_primitives_panel_benchmark.json — https://github.com/data/arxiv_primitives_panel_benchmark.json
docs/BENCHMARK_DATA_CITATIONS.md	85	text	url	https://github.com/data/arxiv_primitives_v14_benchmark.json	HTTP_ERROR(404):web_reference			| dataset | GitHub OSS corpus data/arxiv_primitives_v14_benchmark.json | https://github.com/data/arxiv_primitives_v14_benchmark.json | 2 |
docs/BENCHMARK_DATA_CITATIONS.md	1601	text	url	https://github.com/data/arxiv_primitives_v14_benchmark.json	HTTP_ERROR(404):web_reference			- **dataset**: GitHub OSS corpus data/arxiv_primitives_v14_benchmark.json — https://github.com/data/arxiv_primitives_v14_benchmark.json
docs/BENCHMARK_DATA_CITATIONS.md	3595	text	url	https://github.com/data/arxiv_primitives_v14_benchmark.json	HTTP_ERROR(404):web_reference			- **dataset**: GitHub OSS corpus data/arxiv_primitives_v14_benchmark.json — https://github.com/data/arxiv_primitives_v14_benchmark.json
docs/BENCHMARK_DATA_CITATIONS.md	86	text	url	https://github.com/data/astrophysical_structure_crosswalk_benchmark.json	HTTP_ERROR(404):web_reference			| dataset | GitHub OSS corpus data/astrophysical_structure_crosswalk_benchmark.json | https://github.com/data/astrophysical_structure_crosswalk_benchmark.json | 1 |
docs/BENCHMARK_DATA_CITATIONS.md	3919	text	url	https://github.com/data/astrophysical_structure_crosswalk_benchmark.json	HTTP_ERROR(404):web_reference			- **dataset**: GitHub OSS corpus data/astrophysical_structure_crosswalk_benchmark.json — https://github.com/data/astrophysical_structure_crosswalk_benchmark.json
docs/BENCHMARK_DATA_CITATIONS.md	87	text	url	https://github.com/data/atomic_physics_gap_fill_benchmark.json	HTTP_ERROR(404):web_reference			| dataset | GitHub OSS corpus data/atomic_physics_gap_fill_benchmark.json | https://github.com/data/atomic_physics_gap_fill_benchmark.json | 1 |
docs/BENCHMARK_DATA_CITATIONS.md	1535	text	url	https://github.com/data/atomic_physics_gap_fill_benchmark.json	HTTP_ERROR(404):web_reference			- **dataset**: GitHub OSS corpus data/atomic_physics_gap_fill_benchmark.json — https://github.com/data/atomic_physics_gap_fill_benchmark.json
docs/BENCHMARK_DATA_CITATIONS.md	88	text	url	https://github.com/data/bibliography_lean_corpus_benchmark.json	HTTP_ERROR(404):web_reference			| dataset | GitHub OSS corpus data/bibliography_lean_corpus_benchmark.json | https://github.com/data/bibliography_lean_corpus_benchmark.json | 1 |
docs/BENCHMARK_DATA_CITATIONS.md	3920	text	url	https://github.com/data/bibliography_lean_corpus_benchmark.json	HTTP_ERROR(404):web_reference			- **dataset**: GitHub OSS corpus data/bibliography_lean_corpus_benchmark.json — https://github.com/data/bibliography_lean_corpus_benchmark.json
docs/BENCHMARK_DATA_CITATIONS.md	89	text	url	https://github.com/data/binary_decoder_rendlesham_benchmark.json	HTTP_ERROR(404):web_reference			| dataset | GitHub OSS corpus data/binary_decoder_rendlesham_benchmark.json | https://github.com/data/binary_decoder_rendlesham_benchmark.json | 2 |
docs/BENCHMARK_DATA_CITATIONS.md	1602	text	url	https://github.com/data/binary_decoder_rendlesham_benchmark.json	HTTP_ERROR(404):web_reference			- **dataset**: GitHub OSS corpus data/binary_decoder_rendlesham_benchmark.json — https://github.com/data/binary_decoder_rendlesham_benchmark.json
docs/BENCHMARK_DATA_CITATIONS.md	3596	text	url	https://github.com/data/binary_decoder_rendlesham_benchmark.json	HTTP_ERROR(404):web_reference			- **dataset**: GitHub OSS corpus data/binary_decoder_rendlesham_benchmark.json — https://github.com/data/binary_decoder_rendlesham_benchmark.json
docs/BENCHMARK_DATA_CITATIONS.md	90	text	url	https://github.com/data/biological_cuda_physarum_benchmark.json	HTTP_ERROR(404):web_reference			| dataset | GitHub OSS corpus data/biological_cuda_physarum_benchmark.json | https://github.com/data/biological_cuda_physarum_benchmark.json | 1 |
docs/BENCHMARK_DATA_CITATIONS.md	3413	text	url	https://github.com/data/biological_cuda_physarum_benchmark.json	HTTP_ERROR(404):web_reference			- **dataset**: GitHub OSS corpus data/biological_cuda_physarum_benchmark.json — https://github.com/data/biological_cuda_physarum_benchmark.json
docs/BENCHMARK_DATA_CITATIONS.md	91	text	url	https://github.com/data/biology_developmental_structural_depth_panel_benchmark.json	HTTP_ERROR(404):web_reference			| dataset | GitHub OSS corpus data/biology_developmental_structural_depth_panel_benchmark.json | https://github.com/data/biology_developmental_structural_depth_panel_benchmark.json | 1 |
docs/BENCHMARK_DATA_CITATIONS.md	3414	text	url	https://github.com/data/biology_developmental_structural_depth_panel_benchmark.json	HTTP_ERROR(404):web_reference			- **dataset**: GitHub OSS corpus data/biology_developmental_structural_depth_panel_benchmark.json — https://github.com/data/biology_developmental_structural_depth_panel_benchmark.json
docs/BENCHMARK_DATA_CITATIONS.md	92	text	url	https://github.com/data/biology_strict_empirical.json	HTTP_ERROR(404):web_reference			| dataset | GitHub OSS corpus data/biology_strict_empirical.json | https://github.com/data/biology_strict_empirical.json | 1 |
docs/BENCHMARK_DATA_CITATIONS.md	5504	text	url	https://github.com/data/biology_strict_empirical.json	HTTP_ERROR(404):web_reference			- **dataset**: GitHub OSS corpus data/biology_strict_empirical.json — https://github.com/data/biology_strict_empirical.json
docs/BENCHMARK_DATA_CITATIONS.md	93	text	url	https://github.com/data/boundary_partition_tightening_benchmark.json	HTTP_ERROR(404):web_reference			| dataset | GitHub OSS corpus data/boundary_partition_tightening_benchmark.json | https://github.com/data/boundary_partition_tightening_benchmark.json | 1 |
docs/BENCHMARK_DATA_CITATIONS.md	1603	text	url	https://github.com/data/boundary_partition_tightening_benchmark.json	HTTP_ERROR(404):web_reference			- **dataset**: GitHub OSS corpus data/boundary_partition_tightening_benchmark.json — https://github.com/data/boundary_partition_tightening_benchmark.json
docs/BENCHMARK_DATA_CITATIONS.md	94	text	url	https://github.com/data/breakthrough_discoveries_2024_2026_benchmark.json	HTTP_ERROR(404):web_reference			| dataset | GitHub OSS corpus data/breakthrough_discoveries_2024_2026_benchmark.json | https://github.com/data/breakthrough_discoveries_2024_2026_benchmark.json | 1 |
docs/BENCHMARK_DATA_CITATIONS.md	1540	text	url	https://github.com/data/breakthrough_discoveries_2024_2026_benchmark.json	HTTP_ERROR(404):web_reference			- **dataset**: GitHub OSS corpus data/breakthrough_discoveries_2024_2026_benchmark.json — https://github.com/data/breakthrough_discoveries_2024_2026_benchmark.json
docs/BENCHMARK_DATA_CITATIONS.md	95	text	url	https://github.com/data/canonical_constants.json	HTTP_ERROR(404):web_reference			| dataset | GitHub OSS corpus data/canonical_constants.json | https://github.com/data/canonical_constants.json | 1 |
docs/BENCHMARK_DATA_CITATIONS.md	3443	text	url	https://github.com/data/canonical_constants.json	HTTP_ERROR(404):web_reference			- **dataset**: GitHub OSS corpus data/canonical_constants.json — https://github.com/data/canonical_constants.json
docs/BENCHMARK_DATA_CITATIONS.md	96	text	url	https://github.com/data/chaos_mediated_phase_transitions_benchmark.json	HTTP_ERROR(404):web_reference			| dataset | GitHub OSS corpus data/chaos_mediated_phase_transitions_benchmark.json | https://github.com/data/chaos_mediated_phase_transitions_benchmark.json | 2 |
docs/BENCHMARK_DATA_CITATIONS.md	1974	text	url	https://github.com/data/chaos_mediated_phase_transitions_benchmark.json	HTTP_ERROR(404):web_reference			- **dataset**: GitHub OSS corpus data/chaos_mediated_phase_transitions_benchmark.json — https://github.com/data/chaos_mediated_phase_transitions_benchmark.json
docs/BENCHMARK_DATA_CITATIONS.md	1991	text	url	https://github.com/data/chaos_mediated_phase_transitions_benchmark.json	HTTP_ERROR(404):web_reference			- **dataset**: GitHub OSS corpus data/chaos_mediated_phase_transitions_benchmark.json — https://github.com/data/chaos_mediated_phase_transitions_benchmark.json
docs/BENCHMARK_DATA_CITATIONS.md	97	text	url	https://github.com/data/climate_observed_benchmark.json	HTTP_ERROR(404):web_reference			| dataset | GitHub OSS corpus data/climate_observed_benchmark.json | https://github.com/data/climate_observed_benchmark.json | 1 |
docs/BENCHMARK_DATA_CITATIONS.md	1541	text	url	https://github.com/data/climate_observed_benchmark.json	HTTP_ERROR(404):web_reference			- **dataset**: GitHub OSS corpus data/climate_observed_benchmark.json — https://github.com/data/climate_observed_benchmark.json
docs/BENCHMARK_DATA_CITATIONS.md	98	text	url	https://github.com/data/consciousness_econ_benchmark.json	HTTP_ERROR(404):web_reference			| dataset | GitHub OSS corpus data/consciousness_econ_benchmark.json | https://github.com/data/consciousness_econ_benchmark.json | 1 |
docs/BENCHMARK_DATA_CITATIONS.md	3439	text	url	https://github.com/data/consciousness_econ_benchmark.json	HTTP_ERROR(404):web_reference			- **dataset**: GitHub OSS corpus data/consciousness_econ_benchmark.json — https://github.com/data/consciousness_econ_benchmark.json
docs/BENCHMARK_DATA_CITATIONS.md	99	text	url	https://github.com/data/consciousness_reference_observables.json	HTTP_ERROR(404):web_reference			| dataset | GitHub OSS corpus data/consciousness_reference_observables.json | https://github.com/data/consciousness_reference_observables.json | 2 |
docs/BENCHMARK_DATA_CITATIONS.md	1576	text	url	https://github.com/data/consciousness_reference_observables.json	HTTP_ERROR(404):web_reference			- **dataset**: GitHub OSS corpus data/consciousness_reference_observables.json — https://github.com/data/consciousness_reference_observables.json
docs/BENCHMARK_DATA_CITATIONS.md	3752	text	url	https://github.com/data/consciousness_reference_observables.json	HTTP_ERROR(404):web_reference			- **dataset**: GitHub OSS corpus data/consciousness_reference_observables.json — https://github.com/data/consciousness_reference_observables.json
docs/BENCHMARK_DATA_CITATIONS.md	100	text	url	https://github.com/data/consciousness_resonance_reference.json	HTTP_ERROR(404):web_reference			| dataset | GitHub OSS corpus data/consciousness_resonance_reference.json | https://github.com/data/consciousness_resonance_reference.json | 1 |
docs/BENCHMARK_DATA_CITATIONS.md	1577	text	url	https://github.com/data/consciousness_resonance_reference.json	HTTP_ERROR(404):web_reference			- **dataset**: GitHub OSS corpus data/consciousness_resonance_reference.json — https://github.com/data/consciousness_resonance_reference.json
docs/BENCHMARK_DATA_CITATIONS.md	101	text	url	https://github.com/data/consciousness_soul_bridge_reference.json	HTTP_ERROR(404):web_reference			| dataset | GitHub OSS corpus data/consciousness_soul_bridge_reference.json | https://github.com/data/consciousness_soul_bridge_reference.json | 1 |
docs/BENCHMARK_DATA_CITATIONS.md	1641	text	url	https://github.com/data/consciousness_soul_bridge_reference.json	HTTP_ERROR(404):web_reference			- **dataset**: GitHub OSS corpus data/consciousness_soul_bridge_reference.json — https://github.com/data/consciousness_soul_bridge_reference.json
docs/BENCHMARK_DATA_CITATIONS.md	102	text	url	https://github.com/data/cosmology_extended_benchmark.json	HTTP_ERROR(404):web_reference			| dataset | GitHub OSS corpus data/cosmology_extended_benchmark.json | https://github.com/data/cosmology_extended_benchmark.json | 1 |
docs/BENCHMARK_DATA_CITATIONS.md	1542	text	url	https://github.com/data/cosmology_extended_benchmark.json	HTTP_ERROR(404):web_reference			- **dataset**: GitHub OSS corpus data/cosmology_extended_benchmark.json — https://github.com/data/cosmology_extended_benchmark.json
docs/BENCHMARK_DATA_CITATIONS.md	103	text	url	https://github.com/data/culinary_recipe_observables.json	HTTP_ERROR(404):web_reference			| dataset | GitHub OSS corpus data/culinary_recipe_observables.json | https://github.com/data/culinary_recipe_observables.json | 1 |
docs/BENCHMARK_DATA_CITATIONS.md	5429	text	url	https://github.com/data/culinary_recipe_observables.json	HTTP_ERROR(404):web_reference			- **dataset**: GitHub OSS corpus data/culinary_recipe_observables.json — https://github.com/data/culinary_recipe_observables.json
docs/BENCHMARK_DATA_CITATIONS.md	104	text	url	https://github.com/data/dark_energy_cpl_reference.json	HTTP_ERROR(404):web_reference			| dataset | GitHub OSS corpus data/dark_energy_cpl_reference.json | https://github.com/data/dark_energy_cpl_reference.json | 1 |
docs/BENCHMARK_DATA_CITATIONS.md	1746	text	url	https://github.com/data/dark_energy_cpl_reference.json	HTTP_ERROR(404):web_reference			- **dataset**: GitHub OSS corpus data/dark_energy_cpl_reference.json — https://github.com/data/dark_energy_cpl_reference.json
docs/BENCHMARK_DATA_CITATIONS.md	105	text	url	https://github.com/data/external_oss_code_genome_benchmark.json	HTTP_ERROR(404):web_reference			| dataset | GitHub OSS corpus data/external_oss_code_genome_benchmark.json | https://github.com/data/external_oss_code_genome_benchmark.json | 1 |
docs/BENCHMARK_DATA_CITATIONS.md	1488	text	url	https://github.com/data/external_oss_code_genome_benchmark.json	HTTP_ERROR(404):web_reference			- **dataset**: GitHub OSS corpus data/external_oss_code_genome_benchmark.json — https://github.com/data/external_oss_code_genome_benchmark.json
docs/BENCHMARK_DATA_CITATIONS.md	106	text	url	https://github.com/data/founding_unmapped_laws_reference.json	HTTP_ERROR(404):web_reference			| dataset | GitHub OSS corpus data/founding_unmapped_laws_reference.json | https://github.com/data/founding_unmapped_laws_reference.json | 7 |
docs/BENCHMARK_DATA_CITATIONS.md	2557	text	url	https://github.com/data/founding_unmapped_laws_reference.json	HTTP_ERROR(404):web_reference			- **dataset**: GitHub OSS corpus data/founding_unmapped_laws_reference.json — https://github.com/data/founding_unmapped_laws_reference.json
docs/BENCHMARK_DATA_CITATIONS.md	2565	text	url	https://github.com/data/founding_unmapped_laws_reference.json	HTTP_ERROR(404):web_reference			- **dataset**: GitHub OSS corpus data/founding_unmapped_laws_reference.json — https://github.com/data/founding_unmapped_laws_reference.json
docs/BENCHMARK_DATA_CITATIONS.md	2573	text	url	https://github.com/data/founding_unmapped_laws_reference.json	HTTP_ERROR(404):web_reference			- **dataset**: GitHub OSS corpus data/founding_unmapped_laws_reference.json — https://github.com/data/founding_unmapped_laws_reference.json
docs/BENCHMARK_DATA_CITATIONS.md	2581	text	url	https://github.com/data/founding_unmapped_laws_reference.json	HTTP_ERROR(404):web_reference			- **dataset**: GitHub OSS corpus data/founding_unmapped_laws_reference.json — https://github.com/data/founding_unmapped_laws_reference.json
docs/BENCHMARK_DATA_CITATIONS.md	2589	text	url	https://github.com/data/founding_unmapped_laws_reference.json	HTTP_ERROR(404):web_reference			- **dataset**: GitHub OSS corpus data/founding_unmapped_laws_reference.json — https://github.com/data/founding_unmapped_laws_reference.json
docs/BENCHMARK_DATA_CITATIONS.md	2597	text	url	https://github.com/data/founding_unmapped_laws_reference.json	HTTP_ERROR(404):web_reference			- **dataset**: GitHub OSS corpus data/founding_unmapped_laws_reference.json — https://github.com/data/founding_unmapped_laws_reference.json
docs/BENCHMARK_DATA_CITATIONS.md	2605	text	url	https://github.com/data/founding_unmapped_laws_reference.json	HTTP_ERROR(404):web_reference			- **dataset**: GitHub OSS corpus data/founding_unmapped_laws_reference.json — https://github.com/data/founding_unmapped_laws_reference.json
docs/BENCHMARK_DATA_CITATIONS.md	107	text	url	https://github.com/data/higgs_mass_benchmark.json	HTTP_ERROR(404):web_reference			| dataset | GitHub OSS corpus data/higgs_mass_benchmark.json | https://github.com/data/higgs_mass_benchmark.json | 1 |
docs/BENCHMARK_DATA_CITATIONS.md	1533	text	url	https://github.com/data/higgs_mass_benchmark.json	HTTP_ERROR(404):web_reference			- **dataset**: GitHub OSS corpus data/higgs_mass_benchmark.json — https://github.com/data/higgs_mass_benchmark.json
docs/BENCHMARK_DATA_CITATIONS.md	108	text	url	https://github.com/data/higgs_mass_reference_observables.json	HTTP_ERROR(404):web_reference			| dataset | GitHub OSS corpus data/higgs_mass_reference_observables.json | https://github.com/data/higgs_mass_reference_observables.json | 1 |
docs/BENCHMARK_DATA_CITATIONS.md	5461	text	url	https://github.com/data/higgs_mass_reference_observables.json	HTTP_ERROR(404):web_reference			- **dataset**: GitHub OSS corpus data/higgs_mass_reference_observables.json — https://github.com/data/higgs_mass_reference_observables.json
docs/BENCHMARK_DATA_CITATIONS.md	109	text	url	https://github.com/data/immunology_benchmark.json	HTTP_ERROR(404):web_reference			| dataset | GitHub OSS corpus data/immunology_benchmark.json | https://github.com/data/immunology_benchmark.json | 1 |
docs/BENCHMARK_DATA_CITATIONS.md	1538	text	url	https://github.com/data/immunology_benchmark.json	HTTP_ERROR(404):web_reference			- **dataset**: GitHub OSS corpus data/immunology_benchmark.json — https://github.com/data/immunology_benchmark.json
docs/BENCHMARK_DATA_CITATIONS.md	110	text	url	https://github.com/data/materials_species_bridge_benchmark.json	HTTP_ERROR(404):web_reference			| dataset | GitHub OSS corpus data/materials_species_bridge_benchmark.json | https://github.com/data/materials_species_bridge_benchmark.json | 1 |
docs/BENCHMARK_DATA_CITATIONS.md	1536	text	url	https://github.com/data/materials_species_bridge_benchmark.json	HTTP_ERROR(404):web_reference			- **dataset**: GitHub OSS corpus data/materials_species_bridge_benchmark.json — https://github.com/data/materials_species_bridge_benchmark.json
docs/BENCHMARK_DATA_CITATIONS.md	111	text	url	https://github.com/data/observer_channel_derivation_benchmark.json	HTTP_ERROR(404):web_reference			| dataset | GitHub OSS corpus data/observer_channel_derivation_benchmark.json | https://github.com/data/observer_channel_derivation_benchmark.json | 2 |
docs/BENCHMARK_DATA_CITATIONS.md	3441	text	url	https://github.com/data/observer_channel_derivation_benchmark.json	HTTP_ERROR(404):web_reference			- **dataset**: GitHub OSS corpus data/observer_channel_derivation_benchmark.json — https://github.com/data/observer_channel_derivation_benchmark.json
docs/BENCHMARK_DATA_CITATIONS.md	3753	text	url	https://github.com/data/observer_channel_derivation_benchmark.json	HTTP_ERROR(404):web_reference			- **dataset**: GitHub OSS corpus data/observer_channel_derivation_benchmark.json — https://github.com/data/observer_channel_derivation_benchmark.json
docs/BENCHMARK_DATA_CITATIONS.md	112	text	url	https://github.com/data/particle_physics_gap_fill_benchmark.json	HTTP_ERROR(404):web_reference			| dataset | GitHub OSS corpus data/particle_physics_gap_fill_benchmark.json | https://github.com/data/particle_physics_gap_fill_benchmark.json | 1 |
docs/BENCHMARK_DATA_CITATIONS.md	1534	text	url	https://github.com/data/particle_physics_gap_fill_benchmark.json	HTTP_ERROR(404):web_reference			- **dataset**: GitHub OSS corpus data/particle_physics_gap_fill_benchmark.json — https://github.com/data/particle_physics_gap_fill_benchmark.json
docs/BENCHMARK_DATA_CITATIONS.md	113	text	url	https://github.com/data/planetary_jpl_cache.json	HTTP_ERROR(404):web_reference			| dataset | GitHub OSS corpus data/planetary_jpl_cache.json | https://github.com/data/planetary_jpl_cache.json | 1 |
docs/BENCHMARK_DATA_CITATIONS.md	4597	text	url	https://github.com/data/planetary_jpl_cache.json	HTTP_ERROR(404):web_reference			- **dataset**: GitHub OSS corpus data/planetary_jpl_cache.json — https://github.com/data/planetary_jpl_cache.json
docs/BENCHMARK_DATA_CITATIONS.md	114	text	url	https://github.com/data/planetary_structure_benchmark.json	HTTP_ERROR(404):web_reference			| dataset | GitHub OSS corpus data/planetary_structure_benchmark.json | https://github.com/data/planetary_structure_benchmark.json | 1 |
docs/BENCHMARK_DATA_CITATIONS.md	1539	text	url	https://github.com/data/planetary_structure_benchmark.json	HTTP_ERROR(404):web_reference			- **dataset**: GitHub OSS corpus data/planetary_structure_benchmark.json — https://github.com/data/planetary_structure_benchmark.json
docs/BENCHMARK_DATA_CITATIONS.md	115	text	url	https://github.com/data/programming_language_laws_benchmark.json	HTTP_ERROR(404):web_reference			| dataset | GitHub OSS corpus data/programming_language_laws_benchmark.json | https://github.com/data/programming_language_laws_benchmark.json | 1 |
docs/BENCHMARK_DATA_CITATIONS.md	1487	text	url	https://github.com/data/programming_language_laws_benchmark.json	HTTP_ERROR(404):web_reference			- **dataset**: GitHub OSS corpus data/programming_language_laws_benchmark.json — https://github.com/data/programming_language_laws_benchmark.json
docs/BENCHMARK_DATA_CITATIONS.md	116	text	url	https://github.com/data/quantum_computing_math_depth_panel_benchmark.json	HTTP_ERROR(404):web_reference			| dataset | GitHub OSS corpus data/quantum_computing_math_depth_panel_benchmark.json | https://github.com/data/quantum_computing_math_depth_panel_benchmark.json | 1 |
docs/BENCHMARK_DATA_CITATIONS.md	3440	text	url	https://github.com/data/quantum_computing_math_depth_panel_benchmark.json	HTTP_ERROR(404):web_reference			- **dataset**: GitHub OSS corpus data/quantum_computing_math_depth_panel_benchmark.json — https://github.com/data/quantum_computing_math_depth_panel_benchmark.json
docs/BENCHMARK_DATA_CITATIONS.md	118	text	url	https://github.com/data/sh0es_host_coordinates.json	HTTP_ERROR(404):web_reference			| dataset | GitHub OSS corpus data/sh0es_host_coordinates.json | https://github.com/data/sh0es_host_coordinates.json | 1 |
docs/BENCHMARK_DATA_CITATIONS.md	4429	text	url	https://github.com/data/sh0es_host_coordinates.json	HTTP_ERROR(404):web_reference			- **dataset**: GitHub OSS corpus data/sh0es_host_coordinates.json — https://github.com/data/sh0es_host_coordinates.json
docs/BENCHMARK_DATA_CITATIONS.md	119	text	url	https://github.com/data/stumped_observables_reference.json	HTTP_ERROR(404):web_reference			| dataset | GitHub OSS corpus data/stumped_observables_reference.json | https://github.com/data/stumped_observables_reference.json | 2 |
docs/BENCHMARK_DATA_CITATIONS.md	1757	text	url	https://github.com/data/stumped_observables_reference.json	HTTP_ERROR(404):web_reference			- **dataset**: GitHub OSS corpus data/stumped_observables_reference.json — https://github.com/data/stumped_observables_reference.json
docs/BENCHMARK_DATA_CITATIONS.md	4702	text	url	https://github.com/data/stumped_observables_reference.json	HTTP_ERROR(404):web_reference			- **dataset**: GitHub OSS corpus data/stumped_observables_reference.json — https://github.com/data/stumped_observables_reference.json
docs/BENCHMARK_DATA_CITATIONS.md	120	text	url	https://github.com/data/symbolic_archetype_reference.json	HTTP_ERROR(404):web_reference			| dataset | GitHub OSS corpus data/symbolic_archetype_reference.json | https://github.com/data/symbolic_archetype_reference.json | 1 |
docs/BENCHMARK_DATA_CITATIONS.md	4792	text	url	https://github.com/data/symbolic_archetype_reference.json	HTTP_ERROR(404):web_reference			- **dataset**: GitHub OSS corpus data/symbolic_archetype_reference.json — https://github.com/data/symbolic_archetype_reference.json
docs/BENCHMARK_DATA_CITATIONS.md	121	text	url	https://github.com/data/synthetic_biology_benchmark.json	HTTP_ERROR(404):web_reference			| dataset | GitHub OSS corpus data/synthetic_biology_benchmark.json | https://github.com/data/synthetic_biology_benchmark.json | 1 |
docs/BENCHMARK_DATA_CITATIONS.md	1537	text	url	https://github.com/data/synthetic_biology_benchmark.json	HTTP_ERROR(404):web_reference			- **dataset**: GitHub OSS corpus data/synthetic_biology_benchmark.json — https://github.com/data/synthetic_biology_benchmark.json
docs/BENCHMARK_DATA_CITATIONS.md	122	text	url	https://github.com/data/trinary_os_isa_rebuild_benchmark.json	HTTP_ERROR(404):web_reference			| dataset | GitHub OSS corpus data/trinary_os_isa_rebuild_benchmark.json | https://github.com/data/trinary_os_isa_rebuild_benchmark.json | 1 |
docs/BENCHMARK_DATA_CITATIONS.md	5073	text	url	https://github.com/data/trinary_os_isa_rebuild_benchmark.json	HTTP_ERROR(404):web_reference			- **dataset**: GitHub OSS corpus data/trinary_os_isa_rebuild_benchmark.json — https://github.com/data/trinary_os_isa_rebuild_benchmark.json
docs/BENCHMARK_DATA_CITATIONS.md	123	text	url	https://github.com/data/trinary_os_manifest.yaml	HTTP_ERROR(404):web_reference			| dataset | GitHub OSS corpus data/trinary_os_manifest.yaml | https://github.com/data/trinary_os_manifest.yaml | 1 |
docs/BENCHMARK_DATA_CITATIONS.md	5052	text	url	https://github.com/data/trinary_os_manifest.yaml	HTTP_ERROR(404):web_reference			- **dataset**: GitHub OSS corpus data/trinary_os_manifest.yaml — https://github.com/data/trinary_os_manifest.yaml
docs/BENCHMARK_DATA_CITATIONS.md	124	text	url	https://github.com/data/trinary_os_portable_benchmark.json	HTTP_ERROR(404):web_reference			| dataset | GitHub OSS corpus data/trinary_os_portable_benchmark.json | https://github.com/data/trinary_os_portable_benchmark.json | 1 |
docs/BENCHMARK_DATA_CITATIONS.md	5072	text	url	https://github.com/data/trinary_os_portable_benchmark.json	HTTP_ERROR(404):web_reference			- **dataset**: GitHub OSS corpus data/trinary_os_portable_benchmark.json — https://github.com/data/trinary_os_portable_benchmark.json
docs/BENCHMARK_DATA_CITATIONS.md	125	text	url	https://github.com/data/trinary_os_round_trip_benchmark.json	HTTP_ERROR(404):web_reference			| dataset | GitHub OSS corpus data/trinary_os_round_trip_benchmark.json | https://github.com/data/trinary_os_round_trip_benchmark.json | 1 |
docs/BENCHMARK_DATA_CITATIONS.md	5074	text	url	https://github.com/data/trinary_os_round_trip_benchmark.json	HTTP_ERROR(404):web_reference			- **dataset**: GitHub OSS corpus data/trinary_os_round_trip_benchmark.json — https://github.com/data/trinary_os_round_trip_benchmark.json
docs/BENCHMARK_DATA_CITATIONS.md	126	text	url	https://github.com/docs/CONSCIOUSNESS_OBSERVER_ARCHITECTURE.md	HTTP_ERROR(404):web_reference			| dataset | GitHub OSS corpus docs/CONSCIOUSNESS_OBSERVER_ARCHITECTURE.md | https://github.com/docs/CONSCIOUSNESS_OBSERVER_ARCHITECTURE.md | 1 |
docs/BENCHMARK_DATA_CITATIONS.md	3723	text	url	https://github.com/docs/CONSCIOUSNESS_OBSERVER_ARCHITECTURE.md	HTTP_ERROR(404):web_reference			- **dataset**: GitHub OSS corpus docs/CONSCIOUSNESS_OBSERVER_ARCHITECTURE.md — https://github.com/docs/CONSCIOUSNESS_OBSERVER_ARCHITECTURE.md
docs/BENCHMARK_DATA_CITATIONS.md	127	text	url	https://github.com/docs/ENGINEERING_HARDWARE_CODE_DIRECTION.md	HTTP_ERROR(404):web_reference			| dataset | GitHub OSS corpus docs/ENGINEERING_HARDWARE_CODE_DIRECTION.md | https://github.com/docs/ENGINEERING_HARDWARE_CODE_DIRECTION.md | 1 |
docs/BENCHMARK_DATA_CITATIONS.md	3643	text	url	https://github.com/docs/ENGINEERING_HARDWARE_CODE_DIRECTION.md	HTTP_ERROR(404):web_reference			- **dataset**: GitHub OSS corpus docs/ENGINEERING_HARDWARE_CODE_DIRECTION.md — https://github.com/docs/ENGINEERING_HARDWARE_CODE_DIRECTION.md
docs/BENCHMARK_DATA_CITATIONS.md	128	text	url	https://github.com/docs/NEURON_ZIG_TO_OS_ROADMAP.md	HTTP_ERROR(404):web_reference			| dataset | GitHub OSS corpus docs/NEURON_ZIG_TO_OS_ROADMAP.md | https://github.com/docs/NEURON_ZIG_TO_OS_ROADMAP.md | 1 |
docs/BENCHMARK_DATA_CITATIONS.md	3642	text	url	https://github.com/docs/NEURON_ZIG_TO_OS_ROADMAP.md	HTTP_ERROR(404):web_reference			- **dataset**: GitHub OSS corpus docs/NEURON_ZIG_TO_OS_ROADMAP.md — https://github.com/docs/NEURON_ZIG_TO_OS_ROADMAP.md
docs/BENCHMARK_DATA_CITATIONS.md	129	text	url	https://github.com/docs/OPH_FSOT_CHALLENGE_RESPONSE.md	HTTP_ERROR(404):web_reference			| dataset | GitHub OSS corpus docs/OPH_FSOT_CHALLENGE_RESPONSE.md | https://github.com/docs/OPH_FSOT_CHALLENGE_RESPONSE.md | 1 |
docs/BENCHMARK_DATA_CITATIONS.md	3721	text	url	https://github.com/docs/OPH_FSOT_CHALLENGE_RESPONSE.md	HTTP_ERROR(404):web_reference			- **dataset**: GitHub OSS corpus docs/OPH_FSOT_CHALLENGE_RESPONSE.md — https://github.com/docs/OPH_FSOT_CHALLENGE_RESPONSE.md
docs/BENCHMARK_DATA_CITATIONS.md	130	text	url	https://github.com/docs/T3_T4_GR_SM_DEEPENING.md	HTTP_ERROR(404):web_reference			| dataset | GitHub OSS corpus docs/T3_T4_GR_SM_DEEPENING.md | https://github.com/docs/T3_T4_GR_SM_DEEPENING.md | 1 |
docs/BENCHMARK_DATA_CITATIONS.md	3722	text	url	https://github.com/docs/T3_T4_GR_SM_DEEPENING.md	HTTP_ERROR(404):web_reference			- **dataset**: GitHub OSS corpus docs/T3_T4_GR_SM_DEEPENING.md — https://github.com/docs/T3_T4_GR_SM_DEEPENING.md
docs/BENCHMARK_DATA_CITATIONS.md	131	text	url	https://github.com/docs/TOE_CLAIM_BOUNDARIES.md	HTTP_ERROR(404):web_reference			| dataset | GitHub OSS corpus docs/TOE_CLAIM_BOUNDARIES.md | https://github.com/docs/TOE_CLAIM_BOUNDARIES.md | 1 |
docs/BENCHMARK_DATA_CITATIONS.md	3724	text	url	https://github.com/docs/TOE_CLAIM_BOUNDARIES.md	HTTP_ERROR(404):web_reference			- **dataset**: GitHub OSS corpus docs/TOE_CLAIM_BOUNDARIES.md — https://github.com/docs/TOE_CLAIM_BOUNDARIES.md
docs/BENCHMARK_DATA_CITATIONS.md	132	text	url	https://github.com/expressjs/express	OK(200):web_reference			| dataset | GitHub OSS corpus expressjs/express | https://github.com/expressjs/express | 1 |
docs/BENCHMARK_DATA_CITATIONS.md	2167	text	url	https://github.com/expressjs/express	OK(200):web_reference			- **dataset**: GitHub OSS corpus expressjs/express — https://github.com/expressjs/express
docs/BENCHMARK_DATA_CITATIONS.md	133	text	url	https://github.com/facebook/react	OK(200):web_reference			| dataset | GitHub OSS corpus facebook/react | https://github.com/facebook/react | 1 |
docs/BENCHMARK_DATA_CITATIONS.md	2175	text	url	https://github.com/facebook/react	OK(200):web_reference			- **dataset**: GitHub OSS corpus facebook/react — https://github.com/facebook/react
docs/BENCHMARK_DATA_CITATIONS.md	562	text	url	https://github.com/FloatingPragma/observer-patch-holography	OK(200):web_reference			| url | https://github.com/FloatingPragma/observer-patch-holography | https://github.com/FloatingPragma/observer-patch-holography | 1 |
docs/BENCHMARK_DATA_CITATIONS.md	562	text	url	https://github.com/FloatingPragma/observer-patch-holography	OK(200):web_reference			| url | https://github.com/FloatingPragma/observer-patch-holography | https://github.com/FloatingPragma/observer-patch-holography | 1 |
docs/BENCHMARK_DATA_CITATIONS.md	3720	text	url	https://github.com/FloatingPragma/observer-patch-holography	OK(200):web_reference			- **url**: https://github.com/FloatingPragma/observer-patch-holography — https://github.com/FloatingPragma/observer-patch-holography
docs/BENCHMARK_DATA_CITATIONS.md	3720	text	url	https://github.com/FloatingPragma/observer-patch-holography	OK(200):web_reference			- **url**: https://github.com/FloatingPragma/observer-patch-holography — https://github.com/FloatingPragma/observer-patch-holography
docs/OPH_FSOT_CHALLENGE_RESPONSE.md	4	text	url	https://github.com/FloatingPragma/observer-patch-holography	OK(200):web_reference			**Context:** A follower pointed at the open [OPH](https://x.com/muellerberndt/status/2079877767416709231) program ([FloatingPragma/observer-patch-holography](https://github.com/FloatingPragma/observer-patch-holography)).
docs/BENCHMARK_DATA_CITATIONS.md	134	text	url	https://github.com/golang/go	OK(200):web_reference			| dataset | GitHub OSS corpus golang/go | https://github.com/golang/go | 1 |
docs/BENCHMARK_DATA_CITATIONS.md	2168	text	url	https://github.com/golang/go	OK(200):web_reference			- **dataset**: GitHub OSS corpus golang/go — https://github.com/golang/go
docs/BENCHMARK_DATA_CITATIONS.md	135	text	url	https://github.com/haskell/bytestring	OK(200):web_reference			| dataset | GitHub OSS corpus haskell/bytestring | https://github.com/haskell/bytestring | 1 |
docs/BENCHMARK_DATA_CITATIONS.md	2179	text	url	https://github.com/haskell/bytestring	OK(200):web_reference			- **dataset**: GitHub OSS corpus haskell/bytestring — https://github.com/haskell/bytestring
docs/BENCHMARK_DATA_CITATIONS.md	70	text	url	https://github.com/JetBrains/kotlin	OK(200):web_reference			| dataset | GitHub OSS corpus JetBrains/kotlin | https://github.com/JetBrains/kotlin | 1 |
docs/BENCHMARK_DATA_CITATIONS.md	2177	text	url	https://github.com/JetBrains/kotlin	OK(200):web_reference			- **dataset**: GitHub OSS corpus JetBrains/kotlin — https://github.com/JetBrains/kotlin
docs/BENCHMARK_DATA_CITATIONS.md	136	text	url	https://github.com/kubernetes/client-go	OK(200):web_reference			| dataset | GitHub OSS corpus kubernetes/client-go | https://github.com/kubernetes/client-go | 1 |
docs/BENCHMARK_DATA_CITATIONS.md	2174	text	url	https://github.com/kubernetes/client-go	OK(200):web_reference			- **dataset**: GitHub OSS corpus kubernetes/client-go — https://github.com/kubernetes/client-go
REPRODUCE.md	11	text	url	https://github.com/leanprover/elan	OK(200):web_reference			- **Lean 4** via [elan](https://github.com/leanprover/elan): toolchain `leanprover/lean4:v4.31.0` (see `lean-toolchain`)
docs/BENCHMARK_DATA_CITATIONS.md	137	text	url	https://github.com/leanprover/lean4	OK(200):web_reference			| dataset | GitHub OSS corpus leanprover/lean4 | https://github.com/leanprover/lean4 | 1 |
docs/BENCHMARK_DATA_CITATIONS.md	2170	text	url	https://github.com/leanprover/lean4	OK(200):web_reference			- **dataset**: GitHub OSS corpus leanprover/lean4 — https://github.com/leanprover/lean4
docs/BENCHMARK_DATA_CITATIONS.md	138	text	url	https://github.com/nodejs/node	OK(200):web_reference			| dataset | GitHub OSS corpus nodejs/node | https://github.com/nodejs/node | 2 |
docs/BENCHMARK_DATA_CITATIONS.md	1496	text	url	https://github.com/nodejs/node	OK(200):web_reference			- **dataset**: GitHub OSS corpus nodejs/node — https://github.com/nodejs/node
docs/BENCHMARK_DATA_CITATIONS.md	2166	text	url	https://github.com/nodejs/node	OK(200):web_reference			- **dataset**: GitHub OSS corpus nodejs/node — https://github.com/nodejs/node
docs/BENCHMARK_DATA_CITATIONS.md	139	text	url	https://github.com/openjdk/jdk	OK(200):web_reference			| dataset | GitHub OSS corpus openjdk/jdk | https://github.com/openjdk/jdk | 1 |
docs/BENCHMARK_DATA_CITATIONS.md	2176	text	url	https://github.com/openjdk/jdk	OK(200):web_reference			- **dataset**: GitHub OSS corpus openjdk/jdk — https://github.com/openjdk/jdk
docs/BENCHMARK_DATA_CITATIONS.md	140	text	url	https://github.com/openssl/openssl	OK(200):web_reference			| dataset | GitHub OSS corpus openssl/openssl | https://github.com/openssl/openssl | 5 |
docs/BENCHMARK_DATA_CITATIONS.md	1285	text	url	https://github.com/openssl/openssl	OK(200):web_reference			- **dataset**: OpenSSL source corpus (GitHub OSS genome) — https://github.com/openssl/openssl
docs/BENCHMARK_DATA_CITATIONS.md	1492	text	url	https://github.com/openssl/openssl	OK(200):web_reference			- **dataset**: GitHub OSS corpus openssl/openssl — https://github.com/openssl/openssl
docs/BENCHMARK_DATA_CITATIONS.md	2002	text	url	https://github.com/openssl/openssl	OK(200):web_reference			- **dataset**: GitHub OSS corpus openssl/openssl — https://github.com/openssl/openssl
docs/BENCHMARK_DATA_CITATIONS.md	2162	text	url	https://github.com/openssl/openssl	OK(200):web_reference			- **dataset**: GitHub OSS corpus openssl/openssl — https://github.com/openssl/openssl
docs/BENCHMARK_DATA_CITATIONS.md	2294	text	url	https://github.com/openssl/openssl	OK(200):web_reference			- **dataset**: GitHub OSS corpus openssl/openssl — https://github.com/openssl/openssl
docs/BENCHMARK_DATA_CITATIONS.md	141	text	url	https://github.com/parity/golden.json	HTTP_ERROR(404):web_reference			| dataset | GitHub OSS corpus parity/golden.json | https://github.com/parity/golden.json | 4 |
docs/BENCHMARK_DATA_CITATIONS.md	2005	text	url	https://github.com/parity/golden.json	HTTP_ERROR(404):web_reference			- **dataset**: GitHub OSS corpus parity/golden.json — https://github.com/parity/golden.json
docs/BENCHMARK_DATA_CITATIONS.md	2278	text	url	https://github.com/parity/golden.json	HTTP_ERROR(404):web_reference			- **dataset**: GitHub OSS corpus parity/golden.json — https://github.com/parity/golden.json
docs/BENCHMARK_DATA_CITATIONS.md	2292	text	url	https://github.com/parity/golden.json	HTTP_ERROR(404):web_reference			- **dataset**: GitHub OSS corpus parity/golden.json — https://github.com/parity/golden.json
docs/BENCHMARK_DATA_CITATIONS.md	2352	text	url	https://github.com/parity/golden.json	HTTP_ERROR(404):web_reference			- **dataset**: GitHub OSS corpus parity/golden.json — https://github.com/parity/golden.json
docs/BENCHMARK_DATA_CITATIONS.md	117	text	url	https://github.com/predictions/sector_h0_seed.json	HTTP_ERROR(404):web_reference			| dataset | GitHub OSS corpus predictions/sector_h0_seed.json | https://github.com/predictions/sector_h0_seed.json | 3 |
docs/BENCHMARK_DATA_CITATIONS.md	2840	text	url	https://github.com/predictions/sector_h0_seed.json	HTTP_ERROR(404):web_reference			- **dataset**: GitHub OSS corpus predictions/sector_h0_seed.json — https://github.com/predictions/sector_h0_seed.json
docs/BENCHMARK_DATA_CITATIONS.md	4430	text	url	https://github.com/predictions/sector_h0_seed.json	HTTP_ERROR(404):web_reference			- **dataset**: GitHub OSS corpus predictions/sector_h0_seed.json — https://github.com/predictions/sector_h0_seed.json
docs/BENCHMARK_DATA_CITATIONS.md	4705	text	url	https://github.com/predictions/sector_h0_seed.json	HTTP_ERROR(404):web_reference			- **dataset**: GitHub OSS corpus predictions/sector_h0_seed.json — https://github.com/predictions/sector_h0_seed.json
docs/BENCHMARK_DATA_CITATIONS.md	142	text	url	https://github.com/psutil/host	HTTP_ERROR(404):web_reference			| dataset | GitHub OSS corpus psutil/host | https://github.com/psutil/host | 2 |
docs/BENCHMARK_DATA_CITATIONS.md	2318	text	url	https://github.com/psutil/host	HTTP_ERROR(404):web_reference			- **dataset**: GitHub OSS corpus psutil/host — https://github.com/psutil/host
docs/BENCHMARK_DATA_CITATIONS.md	2339	text	url	https://github.com/psutil/host	HTTP_ERROR(404):web_reference			- **dataset**: GitHub OSS corpus psutil/host — https://github.com/psutil/host
docs/BENCHMARK_DATA_CITATIONS.md	143	text	url	https://github.com/python/cpython	OK(200):web_reference			| dataset | GitHub OSS corpus python/cpython | https://github.com/python/cpython | 2 |
docs/BENCHMARK_DATA_CITATIONS.md	1495	text	url	https://github.com/python/cpython	OK(200):web_reference			- **dataset**: GitHub OSS corpus python/cpython — https://github.com/python/cpython
docs/BENCHMARK_DATA_CITATIONS.md	2165	text	url	https://github.com/python/cpython	OK(200):web_reference			- **dataset**: GitHub OSS corpus python/cpython — https://github.com/python/cpython
docs/BENCHMARK_DATA_CITATIONS.md	144	text	url	https://github.com/pytorch/pytorch	OK(200):web_reference			| dataset | GitHub OSS corpus pytorch/pytorch | https://github.com/pytorch/pytorch | 1 |
docs/BENCHMARK_DATA_CITATIONS.md	2173	text	url	https://github.com/pytorch/pytorch	OK(200):web_reference			- **dataset**: GitHub OSS corpus pytorch/pytorch — https://github.com/pytorch/pytorch
docs/BENCHMARK_DATA_CITATIONS.md	145	text	url	https://github.com/redis/redis	OK(200):web_reference			| dataset | GitHub OSS corpus redis/redis | https://github.com/redis/redis | 1 |
docs/BENCHMARK_DATA_CITATIONS.md	2172	text	url	https://github.com/redis/redis	OK(200):web_reference			- **dataset**: GitHub OSS corpus redis/redis — https://github.com/redis/redis
docs/BENCHMARK_DATA_CITATIONS.md	146	text	url	https://github.com/rust-lang/rust	OK(200):web_reference			| dataset | GitHub OSS corpus rust-lang/rust | https://github.com/rust-lang/rust | 3 |
docs/BENCHMARK_DATA_CITATIONS.md	1494	text	url	https://github.com/rust-lang/rust	OK(200):web_reference			- **dataset**: GitHub OSS corpus rust-lang/rust — https://github.com/rust-lang/rust
docs/BENCHMARK_DATA_CITATIONS.md	2004	text	url	https://github.com/rust-lang/rust	OK(200):web_reference			- **dataset**: GitHub OSS corpus rust-lang/rust — https://github.com/rust-lang/rust
docs/BENCHMARK_DATA_CITATIONS.md	2164	text	url	https://github.com/rust-lang/rust	OK(200):web_reference			- **dataset**: GitHub OSS corpus rust-lang/rust — https://github.com/rust-lang/rust
docs/BENCHMARK_DATA_CITATIONS.md	147	text	url	https://github.com/scripts/build_cosmology_bubble_bleed_benchmark.py	HTTP_ERROR(404):web_reference			| dataset | GitHub OSS corpus scripts/build_cosmology_bubble_bleed_benchmark.py | https://github.com/scripts/build_cosmology_bubble_bleed_benchmark.py | 1 |
docs/BENCHMARK_DATA_CITATIONS.md	2841	text	url	https://github.com/scripts/build_cosmology_bubble_bleed_benchmark.py	HTTP_ERROR(404):web_reference			- **dataset**: GitHub OSS corpus scripts/build_cosmology_bubble_bleed_benchmark.py — https://github.com/scripts/build_cosmology_bubble_bleed_benchmark.py
docs/BENCHMARK_DATA_CITATIONS.md	148	text	url	https://github.com/scripts/consciousness_econ_lib.py	HTTP_ERROR(404):web_reference			| dataset | GitHub OSS corpus scripts/consciousness_econ_lib.py | https://github.com/scripts/consciousness_econ_lib.py | 1 |
docs/BENCHMARK_DATA_CITATIONS.md	1579	text	url	https://github.com/scripts/consciousness_econ_lib.py	HTTP_ERROR(404):web_reference			- **dataset**: GitHub OSS corpus scripts/consciousness_econ_lib.py — https://github.com/scripts/consciousness_econ_lib.py
docs/BENCHMARK_DATA_CITATIONS.md	149	text	url	https://github.com/scripts/consciousness_soul_bridge_lib.py	HTTP_ERROR(404):web_reference			| dataset | GitHub OSS corpus scripts/consciousness_soul_bridge_lib.py | https://github.com/scripts/consciousness_soul_bridge_lib.py | 1 |
docs/BENCHMARK_DATA_CITATIONS.md	1645	text	url	https://github.com/scripts/consciousness_soul_bridge_lib.py	HTTP_ERROR(404):web_reference			- **dataset**: GitHub OSS corpus scripts/consciousness_soul_bridge_lib.py — https://github.com/scripts/consciousness_soul_bridge_lib.py
docs/BENCHMARK_DATA_CITATIONS.md	150	text	url	https://github.com/scripts/dark_energy_dual_readout_lib.py	HTTP_ERROR(404):web_reference			| dataset | GitHub OSS corpus scripts/dark_energy_dual_readout_lib.py | https://github.com/scripts/dark_energy_dual_readout_lib.py | 3 |
docs/BENCHMARK_DATA_CITATIONS.md	1738	text	url	https://github.com/scripts/dark_energy_dual_readout_lib.py	HTTP_ERROR(404):web_reference			- **dataset**: GitHub OSS corpus scripts/dark_energy_dual_readout_lib.py — https://github.com/scripts/dark_energy_dual_readout_lib.py
docs/BENCHMARK_DATA_CITATIONS.md	1748	text	url	https://github.com/scripts/dark_energy_dual_readout_lib.py	HTTP_ERROR(404):web_reference			- **dataset**: GitHub OSS corpus scripts/dark_energy_dual_readout_lib.py — https://github.com/scripts/dark_energy_dual_readout_lib.py
docs/BENCHMARK_DATA_CITATIONS.md	1758	text	url	https://github.com/scripts/dark_energy_dual_readout_lib.py	HTTP_ERROR(404):web_reference			- **dataset**: GitHub OSS corpus scripts/dark_energy_dual_readout_lib.py — https://github.com/scripts/dark_energy_dual_readout_lib.py
docs/BENCHMARK_DATA_CITATIONS.md	151	text	url	https://github.com/scripts/higgs_mass_formula_eval.py	HTTP_ERROR(404):web_reference			| dataset | GitHub OSS corpus scripts/higgs_mass_formula_eval.py | https://github.com/scripts/higgs_mass_formula_eval.py | 2 |
docs/BENCHMARK_DATA_CITATIONS.md	4704	text	url	https://github.com/scripts/higgs_mass_formula_eval.py	HTTP_ERROR(404):web_reference			- **dataset**: GitHub OSS corpus scripts/higgs_mass_formula_eval.py — https://github.com/scripts/higgs_mass_formula_eval.py
docs/BENCHMARK_DATA_CITATIONS.md	5460	text	url	https://github.com/scripts/higgs_mass_formula_eval.py	HTTP_ERROR(404):web_reference			- **dataset**: GitHub OSS corpus scripts/higgs_mass_formula_eval.py — https://github.com/scripts/higgs_mass_formula_eval.py
docs/BENCHMARK_DATA_CITATIONS.md	152	text	url	https://github.com/scripts/math_generator_benchmark_formula_eval.py	HTTP_ERROR(404):web_reference			| dataset | GitHub OSS corpus scripts/math_generator_benchmark_formula_eval.py | https://github.com/scripts/math_generator_benchmark_formula_eval.py | 1 |
docs/BENCHMARK_DATA_CITATIONS.md	2766	text	url	https://github.com/scripts/math_generator_benchmark_formula_eval.py	HTTP_ERROR(404):web_reference			- **dataset**: GitHub OSS corpus scripts/math_generator_benchmark_formula_eval.py — https://github.com/scripts/math_generator_benchmark_formula_eval.py
docs/BENCHMARK_DATA_CITATIONS.md	153	text	url	https://github.com/scripts/symbolic_archetype_lib.py	HTTP_ERROR(404):web_reference			| dataset | GitHub OSS corpus scripts/symbolic_archetype_lib.py | https://github.com/scripts/symbolic_archetype_lib.py | 1 |
docs/BENCHMARK_DATA_CITATIONS.md	4795	text	url	https://github.com/scripts/symbolic_archetype_lib.py	HTTP_ERROR(404):web_reference			- **dataset**: GitHub OSS corpus scripts/symbolic_archetype_lib.py — https://github.com/scripts/symbolic_archetype_lib.py
docs/BENCHMARK_DATA_CITATIONS.md	154	text	url	https://github.com/simonmar/async	OK(200):web_reference			| dataset | GitHub OSS corpus simonmar/async | https://github.com/simonmar/async | 1 |
docs/BENCHMARK_DATA_CITATIONS.md	2180	text	url	https://github.com/simonmar/async	OK(200):web_reference			- **dataset**: GitHub OSS corpus simonmar/async — https://github.com/simonmar/async
docs/BENCHMARK_DATA_CITATIONS.md	155	text	url	https://github.com/sqlite/sqlite	OK(200):web_reference			| dataset | GitHub OSS corpus sqlite/sqlite | https://github.com/sqlite/sqlite | 1 |
docs/BENCHMARK_DATA_CITATIONS.md	2171	text	url	https://github.com/sqlite/sqlite	OK(200):web_reference			- **dataset**: GitHub OSS corpus sqlite/sqlite — https://github.com/sqlite/sqlite
docs/BENCHMARK_DATA_CITATIONS.md	156	text	url	https://github.com/torvalds/linux	OK(200):web_reference			| dataset | GitHub OSS corpus torvalds/linux | https://github.com/torvalds/linux | 4 |
docs/BENCHMARK_DATA_CITATIONS.md	1493	text	url	https://github.com/torvalds/linux	OK(200):web_reference			- **dataset**: GitHub OSS corpus torvalds/linux — https://github.com/torvalds/linux
docs/BENCHMARK_DATA_CITATIONS.md	2003	text	url	https://github.com/torvalds/linux	OK(200):web_reference			- **dataset**: GitHub OSS corpus torvalds/linux — https://github.com/torvalds/linux
docs/BENCHMARK_DATA_CITATIONS.md	2163	text	url	https://github.com/torvalds/linux	OK(200):web_reference			- **dataset**: GitHub OSS corpus torvalds/linux — https://github.com/torvalds/linux
docs/BENCHMARK_DATA_CITATIONS.md	2295	text	url	https://github.com/torvalds/linux	OK(200):web_reference			- **dataset**: GitHub OSS corpus torvalds/linux — https://github.com/torvalds/linux
docs/BENCHMARK_DATA_CITATIONS.md	71	text	url	https://github.com/USGS/GVP	HTTP_ERROR(404):web_reference			| dataset | GitHub OSS corpus USGS/GVP | https://github.com/USGS/GVP | 1 |
docs/BENCHMARK_DATA_CITATIONS.md	5214	text	url	https://github.com/USGS/GVP	HTTP_ERROR(404):web_reference			- **dataset**: GitHub OSS corpus USGS/GVP — https://github.com/USGS/GVP
docs/BENCHMARK_DATA_CITATIONS.md	157	text	url	https://github.com/vendor/bibliography_corpus	HTTP_ERROR(404):web_reference			| dataset | GitHub OSS corpus vendor/bibliography_corpus | https://github.com/vendor/bibliography_corpus | 1 |
docs/BENCHMARK_DATA_CITATIONS.md	158	text	url	https://github.com/vendor/certified_agent	HTTP_ERROR(404):web_reference			| dataset | GitHub OSS corpus vendor/certified_agent | https://github.com/vendor/certified_agent | 1 |
docs/BENCHMARK_DATA_CITATIONS.md	159	text	url	https://github.com/vendor/cybersecurity	HTTP_ERROR(404):web_reference			| dataset | GitHub OSS corpus vendor/cybersecurity | https://github.com/vendor/cybersecurity | 1 |
docs/BENCHMARK_DATA_CITATIONS.md	160	text	url	https://github.com/vendor/formula_corpus_cnc	HTTP_ERROR(404):web_reference			| dataset | GitHub OSS corpus vendor/formula_corpus_cnc | https://github.com/vendor/formula_corpus_cnc | 1 |
docs/BENCHMARK_DATA_CITATIONS.md	161	text	url	https://github.com/vendor/fsot_compute.py	HTTP_ERROR(404):web_reference			| dataset | GitHub OSS corpus vendor/fsot_compute.py | https://github.com/vendor/fsot_compute.py | 9 |
docs/BENCHMARK_DATA_CITATIONS.md	1747	text	url	https://github.com/vendor/fsot_compute.py	HTTP_ERROR(404):web_reference			- **dataset**: GitHub OSS corpus vendor/fsot_compute.py — https://github.com/vendor/fsot_compute.py
docs/BENCHMARK_DATA_CITATIONS.md	1756	text	url	https://github.com/vendor/fsot_compute.py	HTTP_ERROR(404):web_reference			- **dataset**: GitHub OSS corpus vendor/fsot_compute.py — https://github.com/vendor/fsot_compute.py
docs/BENCHMARK_DATA_CITATIONS.md	1782	text	url	https://github.com/vendor/fsot_compute.py	HTTP_ERROR(404):web_reference			- **dataset**: GitHub OSS corpus vendor/fsot_compute.py — https://github.com/vendor/fsot_compute.py
docs/BENCHMARK_DATA_CITATIONS.md	2259	text	url	https://github.com/vendor/fsot_compute.py	HTTP_ERROR(404):web_reference			- **dataset**: GitHub OSS corpus vendor/fsot_compute.py — https://github.com/vendor/fsot_compute.py
docs/BENCHMARK_DATA_CITATIONS.md	4030	text	url	https://github.com/vendor/fsot_compute.py	HTTP_ERROR(404):web_reference			- **dataset**: GitHub OSS corpus vendor/fsot_compute.py — https://github.com/vendor/fsot_compute.py
docs/BENCHMARK_DATA_CITATIONS.md	4703	text	url	https://github.com/vendor/fsot_compute.py	HTTP_ERROR(404):web_reference			- **dataset**: GitHub OSS corpus vendor/fsot_compute.py — https://github.com/vendor/fsot_compute.py
docs/BENCHMARK_DATA_CITATIONS.md	4905	text	url	https://github.com/vendor/fsot_compute.py	HTTP_ERROR(404):web_reference			- **dataset**: GitHub OSS corpus vendor/fsot_compute.py — https://github.com/vendor/fsot_compute.py
docs/BENCHMARK_DATA_CITATIONS.md	4926	text	url	https://github.com/vendor/fsot_compute.py	HTTP_ERROR(404):web_reference			- **dataset**: GitHub OSS corpus vendor/fsot_compute.py — https://github.com/vendor/fsot_compute.py
docs/BENCHMARK_DATA_CITATIONS.md	5462	text	url	https://github.com/vendor/fsot_compute.py	HTTP_ERROR(404):web_reference			- **dataset**: GitHub OSS corpus vendor/fsot_compute.py — https://github.com/vendor/fsot_compute.py
docs/BENCHMARK_DATA_CITATIONS.md	162	text	url	https://github.com/vendor/physarum	HTTP_ERROR(404):web_reference			| dataset | GitHub OSS corpus vendor/physarum | https://github.com/vendor/physarum | 1 |
docs/BENCHMARK_DATA_CITATIONS.md	163	text	url	https://github.com/vendor/propulsion_electrical	HTTP_ERROR(404):web_reference			| dataset | GitHub OSS corpus vendor/propulsion_electrical | https://github.com/vendor/propulsion_electrical | 1 |
docs/BENCHMARK_DATA_CITATIONS.md	164	text	url	https://github.com/vendor/public_data	HTTP_ERROR(404):web_reference			| dataset | GitHub OSS corpus vendor/public_data | https://github.com/vendor/public_data | 1 |
docs/BENCHMARK_DATA_CITATIONS.md	165	text	url	https://github.com/vendor/reference_anchors	HTTP_ERROR(404):web_reference			| dataset | GitHub OSS corpus vendor/reference_anchors | https://github.com/vendor/reference_anchors | 1 |
docs/BENCHMARK_DATA_CITATIONS.md	4040	text	url	https://github.com/vendor/reference_anchors	HTTP_ERROR(404):web_reference			- **dataset**: GitHub OSS corpus vendor/reference_anchors — https://github.com/vendor/reference_anchors
docs/BENCHMARK_DATA_CITATIONS.md	166	text	url	https://github.com/vendor/rust_lean_bridge	HTTP_ERROR(404):web_reference			| dataset | GitHub OSS corpus vendor/rust_lean_bridge | https://github.com/vendor/rust_lean_bridge | 1 |
docs/BENCHMARK_DATA_CITATIONS.md	167	text	url	https://github.com/vendor/thesis	HTTP_ERROR(404):web_reference			| dataset | GitHub OSS corpus vendor/thesis | https://github.com/vendor/thesis | 1 |
docs/BENCHMARK_DATA_CITATIONS.md	168	text	url	https://github.com/vendor/tokenization	HTTP_ERROR(404):web_reference			| dataset | GitHub OSS corpus vendor/tokenization | https://github.com/vendor/tokenization | 1 |
docs/BENCHMARK_DATA_CITATIONS.md	4050	text	url	https://github.com/vendor/tokenization	HTTP_ERROR(404):web_reference			- **dataset**: GitHub OSS corpus vendor/tokenization — https://github.com/vendor/tokenization
docs/BENCHMARK_DATA_CITATIONS.md	169	text	url	https://github.com/vendor/trinary_os	HTTP_ERROR(404):web_reference			| dataset | GitHub OSS corpus vendor/trinary_os | https://github.com/vendor/trinary_os | 4 |
docs/BENCHMARK_DATA_CITATIONS.md	5051	text	url	https://github.com/vendor/trinary_os	HTTP_ERROR(404):web_reference			- **dataset**: GitHub OSS corpus vendor/trinary_os — https://github.com/vendor/trinary_os
docs/BENCHMARK_DATA_CITATIONS.md	5071	text	url	https://github.com/vendor/trinary_os	HTTP_ERROR(404):web_reference			- **dataset**: GitHub OSS corpus vendor/trinary_os — https://github.com/vendor/trinary_os
docs/BENCHMARK_DATA_CITATIONS.md	5652	text	url	https://github.com/vendor/trinary_os	HTTP_ERROR(404):web_reference			- **dataset**: GitHub OSS corpus vendor/trinary_os — https://github.com/vendor/trinary_os
docs/BENCHMARK_DATA_CITATIONS.md	5659	text	url	https://github.com/vendor/trinary_os	HTTP_ERROR(404):web_reference			- **dataset**: GitHub OSS corpus vendor/trinary_os — https://github.com/vendor/trinary_os
docs/BENCHMARK_DATA_CITATIONS.md	170	text	url	https://github.com/vendor/vl_distill	HTTP_ERROR(404):web_reference			| dataset | GitHub OSS corpus vendor/vl_distill | https://github.com/vendor/vl_distill | 1 |
docs/BENCHMARK_DATA_CITATIONS.md	72	text	url	https://github.com/WDS/literature	HTTP_ERROR(404):web_reference			| dataset | GitHub OSS corpus WDS/literature | https://github.com/WDS/literature | 1 |
docs/BENCHMARK_DATA_CITATIONS.md	1076	text	url	https://github.com/WDS/literature	HTTP_ERROR(404):web_reference			- **dataset**: GitHub OSS corpus WDS/literature — https://github.com/WDS/literature
docs/BENCHMARK_DATA_CITATIONS.md	171	text	url	https://github.com/ziglang/zig	OK(200):web_reference			| dataset | GitHub OSS corpus ziglang/zig | https://github.com/ziglang/zig | 1 |
docs/BENCHMARK_DATA_CITATIONS.md	2169	text	url	https://github.com/ziglang/zig	OK(200):web_reference			- **dataset**: GitHub OSS corpus ziglang/zig — https://github.com/ziglang/zig
docs/BENCHMARK_DATA_CITATIONS.md	564	text	url	https://huggingface.co/collections/polymathic-ai/the-well	OK(200):web_reference			| url | https://huggingface.co/collections/polymathic-ai/the-well | https://huggingface.co/collections/polymathic-ai/the-well | 1 |
docs/BENCHMARK_DATA_CITATIONS.md	564	text	url	https://huggingface.co/collections/polymathic-ai/the-well	OK(200):web_reference			| url | https://huggingface.co/collections/polymathic-ai/the-well | https://huggingface.co/collections/polymathic-ai/the-well | 1 |
docs/BENCHMARK_DATA_CITATIONS.md	4815	text	url	https://huggingface.co/collections/polymathic-ai/the-well	OK(200):web_reference			- **url**: https://huggingface.co/collections/polymathic-ai/the-well — https://huggingface.co/collections/polymathic-ai/the-well
docs/BENCHMARK_DATA_CITATIONS.md	4815	text	url	https://huggingface.co/collections/polymathic-ai/the-well	OK(200):web_reference			- **url**: https://huggingface.co/collections/polymathic-ai/the-well — https://huggingface.co/collections/polymathic-ai/the-well
docs/BENCHMARK_DATA_CITATIONS.md	5722	text	url	https://kauai.ccmc.gsfc.nasa.gov/DONKI/WS/get/FLR?startDate=2024-06-01&endDate=2024-06-14	OK(200):api_endpoint_or_template			- `nasa_donki_flares`: NASA DONKI solar flare events (no key) — https://kauai.ccmc.gsfc.nasa.gov/DONKI/WS/get/FLR?startDate=2024-06-01&endDate=2024-06-14
docs/BENCHMARK_DATA_CITATIONS.md	5702	text	url	https://mast.stsci.edu/api/v0/invoke	HTTP_ERROR(500):api_endpoint_or_template			- `stsci_mast` (astrophysics_catalogs): https://mast.stsci.edu/api/v0/invoke [auth=none]
docs/BENCHMARK_DATA_CITATIONS.md	173	text	url	https://minorplanetcenter.net/	OK(200):web_reference			| dataset | Minor Planet Center data services | https://minorplanetcenter.net/ | 7 |
docs/BENCHMARK_DATA_CITATIONS.md	1930	text	url	https://minorplanetcenter.net/	OK(200):web_reference			- **dataset**: Minor Planet Center data services — https://minorplanetcenter.net/
docs/BENCHMARK_DATA_CITATIONS.md	1931	text	url	https://minorplanetcenter.net/	OK(200):web_reference			- **dataset**: Minor Planet Center data services — https://minorplanetcenter.net/
docs/BENCHMARK_DATA_CITATIONS.md	1933	text	url	https://minorplanetcenter.net/	OK(200):web_reference			- **dataset**: Minor Planet Center data services — https://minorplanetcenter.net/
docs/BENCHMARK_DATA_CITATIONS.md	1937	text	url	https://minorplanetcenter.net/	OK(200):web_reference			- **dataset**: Minor Planet Center data services — https://minorplanetcenter.net/
docs/BENCHMARK_DATA_CITATIONS.md	1939	text	url	https://minorplanetcenter.net/	OK(200):web_reference			- **dataset**: Minor Planet Center data services — https://minorplanetcenter.net/
docs/BENCHMARK_DATA_CITATIONS.md	1948	text	url	https://minorplanetcenter.net/	OK(200):web_reference			- **dataset**: Minor Planet Center data services — https://minorplanetcenter.net/
docs/BENCHMARK_DATA_CITATIONS.md	2079	text	url	https://minorplanetcenter.net/	OK(200):web_reference			- **dataset**: Minor Planet Center data services — https://minorplanetcenter.net/
docs/BENCHMARK_DATA_CITATIONS.md	2082	text	url	https://minorplanetcenter.net/	OK(200):web_reference			- **dataset**: Minor Planet Center data services — https://minorplanetcenter.net/
docs/BENCHMARK_DATA_CITATIONS.md	2774	text	url	https://minorplanetcenter.net/	OK(200):web_reference			- **dataset**: Minor Planet Center data services — https://minorplanetcenter.net/
docs/BENCHMARK_DATA_CITATIONS.md	2778	text	url	https://minorplanetcenter.net/	OK(200):web_reference			- **dataset**: Minor Planet Center data services — https://minorplanetcenter.net/
docs/BENCHMARK_DATA_CITATIONS.md	2779	text	url	https://minorplanetcenter.net/	OK(200):web_reference			- **dataset**: Minor Planet Center data services — https://minorplanetcenter.net/
docs/BENCHMARK_DATA_CITATIONS.md	2780	text	url	https://minorplanetcenter.net/	OK(200):web_reference			- **dataset**: Minor Planet Center data services — https://minorplanetcenter.net/
docs/BENCHMARK_DATA_CITATIONS.md	2787	text	url	https://minorplanetcenter.net/	OK(200):web_reference			- **dataset**: Minor Planet Center data services — https://minorplanetcenter.net/
docs/BENCHMARK_DATA_CITATIONS.md	3211	text	url	https://minorplanetcenter.net/	OK(200):web_reference			- **dataset**: Minor Planet Center data services — https://minorplanetcenter.net/
docs/BENCHMARK_DATA_CITATIONS.md	4547	text	url	https://minorplanetcenter.net/	OK(200):web_reference			- **dataset**: Minor Planet Center data services — https://minorplanetcenter.net/
docs/BENCHMARK_DATA_CITATIONS.md	4552	text	url	https://minorplanetcenter.net/	OK(200):web_reference			- **dataset**: Minor Planet Center data services — https://minorplanetcenter.net/
docs/BENCHMARK_DATA_CITATIONS.md	4554	text	url	https://minorplanetcenter.net/	OK(200):web_reference			- **dataset**: Minor Planet Center data services — https://minorplanetcenter.net/
docs/BENCHMARK_DATA_CITATIONS.md	4557	text	url	https://minorplanetcenter.net/	OK(200):web_reference			- **dataset**: Minor Planet Center data services — https://minorplanetcenter.net/
docs/BENCHMARK_DATA_CITATIONS.md	4560	text	url	https://minorplanetcenter.net/	OK(200):web_reference			- **dataset**: Minor Planet Center data services — https://minorplanetcenter.net/
docs/BENCHMARK_DATA_CITATIONS.md	5390	text	url	https://minorplanetcenter.net/	OK(200):web_reference			- **dataset**: Minor Planet Center data services — https://minorplanetcenter.net/
docs/BENCHMARK_DATA_CITATIONS.md	5392	text	url	https://minorplanetcenter.net/	OK(200):web_reference			- **dataset**: Minor Planet Center data services — https://minorplanetcenter.net/
docs/BENCHMARK_DATA_CITATIONS.md	5395	text	url	https://minorplanetcenter.net/	OK(200):web_reference			- **dataset**: Minor Planet Center data services — https://minorplanetcenter.net/
docs/BENCHMARK_DATA_CITATIONS.md	5396	text	url	https://minorplanetcenter.net/	OK(200):web_reference			- **dataset**: Minor Planet Center data services — https://minorplanetcenter.net/
docs/BENCHMARK_DATA_CITATIONS.md	5472	text	url	https://minorplanetcenter.net/	OK(200):web_reference			- **dataset**: Minor Planet Center data services — https://minorplanetcenter.net/
docs/BENCHMARK_DATA_CITATIONS.md	5474	text	url	https://minorplanetcenter.net/	OK(200):web_reference			- **dataset**: Minor Planet Center data services — https://minorplanetcenter.net/
docs/BENCHMARK_DATA_CITATIONS.md	5480	text	url	https://minorplanetcenter.net/	OK(200):web_reference			- **dataset**: Minor Planet Center data services — https://minorplanetcenter.net/
docs/BENCHMARK_DATA_CITATIONS.md	172	text	url	https://minorplanetcenter.net/data	BLOCKED_OR_AUTH(403):web_reference			| dataset | Minor Planet Center Orbit Database (MPCORB) | https://minorplanetcenter.net/data | 7 |
docs/BENCHMARK_DATA_CITATIONS.md	1934	text	url	https://minorplanetcenter.net/data	BLOCKED_OR_AUTH(403):web_reference			- **dataset**: Minor Planet Center Orbit Database (MPCORB) — https://minorplanetcenter.net/data
docs/BENCHMARK_DATA_CITATIONS.md	1935	text	url	https://minorplanetcenter.net/data	BLOCKED_OR_AUTH(403):web_reference			- **dataset**: Minor Planet Center Orbit Database (MPCORB) — https://minorplanetcenter.net/data
docs/BENCHMARK_DATA_CITATIONS.md	1940	text	url	https://minorplanetcenter.net/data	BLOCKED_OR_AUTH(403):web_reference			- **dataset**: Minor Planet Center Orbit Database (MPCORB) — https://minorplanetcenter.net/data
docs/BENCHMARK_DATA_CITATIONS.md	1941	text	url	https://minorplanetcenter.net/data	BLOCKED_OR_AUTH(403):web_reference			- **dataset**: Minor Planet Center Orbit Database (MPCORB) — https://minorplanetcenter.net/data
docs/BENCHMARK_DATA_CITATIONS.md	1950	text	url	https://minorplanetcenter.net/data	BLOCKED_OR_AUTH(403):web_reference			- **dataset**: Minor Planet Center Orbit Database (MPCORB) — https://minorplanetcenter.net/data
docs/BENCHMARK_DATA_CITATIONS.md	2080	text	url	https://minorplanetcenter.net/data	BLOCKED_OR_AUTH(403):web_reference			- **dataset**: Minor Planet Center Orbit Database (MPCORB) — https://minorplanetcenter.net/data
docs/BENCHMARK_DATA_CITATIONS.md	2081	text	url	https://minorplanetcenter.net/data	BLOCKED_OR_AUTH(403):web_reference			- **dataset**: Minor Planet Center Orbit Database (MPCORB) — https://minorplanetcenter.net/data
docs/BENCHMARK_DATA_CITATIONS.md	2777	text	url	https://minorplanetcenter.net/data	BLOCKED_OR_AUTH(403):web_reference			- **dataset**: Minor Planet Center Orbit Database (MPCORB) — https://minorplanetcenter.net/data
docs/BENCHMARK_DATA_CITATIONS.md	2786	text	url	https://minorplanetcenter.net/data	BLOCKED_OR_AUTH(403):web_reference			- **dataset**: Minor Planet Center Orbit Database (MPCORB) — https://minorplanetcenter.net/data
docs/BENCHMARK_DATA_CITATIONS.md	2789	text	url	https://minorplanetcenter.net/data	BLOCKED_OR_AUTH(403):web_reference			- **dataset**: Minor Planet Center Orbit Database (MPCORB) — https://minorplanetcenter.net/data
docs/BENCHMARK_DATA_CITATIONS.md	2790	text	url	https://minorplanetcenter.net/data	BLOCKED_OR_AUTH(403):web_reference			- **dataset**: Minor Planet Center Orbit Database (MPCORB) — https://minorplanetcenter.net/data
docs/BENCHMARK_DATA_CITATIONS.md	3210	text	url	https://minorplanetcenter.net/data	BLOCKED_OR_AUTH(403):web_reference			- **dataset**: Minor Planet Center Orbit Database (MPCORB) — https://minorplanetcenter.net/data
docs/BENCHMARK_DATA_CITATIONS.md	3216	text	url	https://minorplanetcenter.net/data	BLOCKED_OR_AUTH(403):web_reference			- **dataset**: Minor Planet Center Orbit Database (MPCORB) — https://minorplanetcenter.net/data
docs/BENCHMARK_DATA_CITATIONS.md	3217	text	url	https://minorplanetcenter.net/data	BLOCKED_OR_AUTH(403):web_reference			- **dataset**: Minor Planet Center Orbit Database (MPCORB) — https://minorplanetcenter.net/data
docs/BENCHMARK_DATA_CITATIONS.md	3219	text	url	https://minorplanetcenter.net/data	BLOCKED_OR_AUTH(403):web_reference			- **dataset**: Minor Planet Center Orbit Database (MPCORB) — https://minorplanetcenter.net/data
docs/BENCHMARK_DATA_CITATIONS.md	4546	text	url	https://minorplanetcenter.net/data	BLOCKED_OR_AUTH(403):web_reference			- **dataset**: Minor Planet Center Orbit Database (MPCORB) — https://minorplanetcenter.net/data
docs/BENCHMARK_DATA_CITATIONS.md	4550	text	url	https://minorplanetcenter.net/data	BLOCKED_OR_AUTH(403):web_reference			- **dataset**: Minor Planet Center Orbit Database (MPCORB) — https://minorplanetcenter.net/data
docs/BENCHMARK_DATA_CITATIONS.md	4551	text	url	https://minorplanetcenter.net/data	BLOCKED_OR_AUTH(403):web_reference			- **dataset**: Minor Planet Center Orbit Database (MPCORB) — https://minorplanetcenter.net/data
docs/BENCHMARK_DATA_CITATIONS.md	4556	text	url	https://minorplanetcenter.net/data	BLOCKED_OR_AUTH(403):web_reference			- **dataset**: Minor Planet Center Orbit Database (MPCORB) — https://minorplanetcenter.net/data
docs/BENCHMARK_DATA_CITATIONS.md	4558	text	url	https://minorplanetcenter.net/data	BLOCKED_OR_AUTH(403):web_reference			- **dataset**: Minor Planet Center Orbit Database (MPCORB) — https://minorplanetcenter.net/data
docs/BENCHMARK_DATA_CITATIONS.md	5391	text	url	https://minorplanetcenter.net/data	BLOCKED_OR_AUTH(403):web_reference			- **dataset**: Minor Planet Center Orbit Database (MPCORB) — https://minorplanetcenter.net/data
docs/BENCHMARK_DATA_CITATIONS.md	5394	text	url	https://minorplanetcenter.net/data	BLOCKED_OR_AUTH(403):web_reference			- **dataset**: Minor Planet Center Orbit Database (MPCORB) — https://minorplanetcenter.net/data
docs/BENCHMARK_DATA_CITATIONS.md	5400	text	url	https://minorplanetcenter.net/data	BLOCKED_OR_AUTH(403):web_reference			- **dataset**: Minor Planet Center Orbit Database (MPCORB) — https://minorplanetcenter.net/data
docs/BENCHMARK_DATA_CITATIONS.md	5401	text	url	https://minorplanetcenter.net/data	BLOCKED_OR_AUTH(403):web_reference			- **dataset**: Minor Planet Center Orbit Database (MPCORB) — https://minorplanetcenter.net/data
docs/BENCHMARK_DATA_CITATIONS.md	5477	text	url	https://minorplanetcenter.net/data	BLOCKED_OR_AUTH(403):web_reference			- **dataset**: Minor Planet Center Orbit Database (MPCORB) — https://minorplanetcenter.net/data
data/lab_registry.json	902	reference_url	url	https://neuromorpho.org/	OK(200):web_reference			"reference_url": "https://neuromorpho.org/",
docs/BENCHMARK_DATA_CITATIONS.md	52	text	url	https://open-meteo.com/	OK(200):web_reference			| api | Open-Meteo weather API / archive | https://open-meteo.com/ | 6 |
docs/BENCHMARK_DATA_CITATIONS.md	1089	text	url	https://open-meteo.com/	OK(200):web_reference			- **api**: Open-Meteo weather API / archive — https://open-meteo.com/
docs/BENCHMARK_DATA_CITATIONS.md	1945	text	url	https://open-meteo.com/	OK(200):web_reference			- **api**: Open-Meteo weather API / archive — https://open-meteo.com/
docs/BENCHMARK_DATA_CITATIONS.md	3429	text	url	https://open-meteo.com/	OK(200):web_reference			- **api**: Open-Meteo weather API / archive — https://open-meteo.com/
docs/BENCHMARK_DATA_CITATIONS.md	3807	text	url	https://open-meteo.com/	OK(200):web_reference			- **api**: Open-Meteo weather API / archive — https://open-meteo.com/
docs/BENCHMARK_DATA_CITATIONS.md	3886	text	url	https://open-meteo.com/	OK(200):web_reference			- **api**: Open-Meteo weather API / archive — https://open-meteo.com/
docs/BENCHMARK_DATA_CITATIONS.md	5665	text	url	https://open-meteo.com/	OK(200):web_reference			- **api**: Open-Meteo weather API / archive — https://open-meteo.com/
docs/BENCHMARK_DATA_CITATIONS.md	69	text	url	https://opendata.cern.ch/	OK(200):web_reference			| dataset | CERN Open Data | https://opendata.cern.ch/ | 3 |
docs/BENCHMARK_DATA_CITATIONS.md	1262	text	url	https://opendata.cern.ch/	OK(200):web_reference			- **dataset**: CERN Open Data — https://opendata.cern.ch/
docs/BENCHMARK_DATA_CITATIONS.md	3833	text	url	https://opendata.cern.ch/	OK(200):web_reference			- **dataset**: CERN Open Data — https://opendata.cern.ch/
docs/BENCHMARK_DATA_CITATIONS.md	4252	text	url	https://opendata.cern.ch/	OK(200):web_reference			- **dataset**: CERN Open Data — https://opendata.cern.ch/
docs/BENCHMARK_DATA_CITATIONS.md	5679	text	url	https://opendata.cern.ch/api/records/	OK(200):api_endpoint_or_template			- `cern_opendata` (tier38_public_apis): https://opendata.cern.ch/api/records/ [auth=none]
docs/BENCHMARK_DATA_CITATIONS.md	5731	text	url	https://opendata.cern.ch/api/records/?q=collision&size=3	OK(200):api_endpoint_or_template			- `cern_opendata_records`: CERN Open Data records search — https://opendata.cern.ch/api/records/?q=collision&size=3
data/lab_registry.json	929	reference_url	url	https://openneuro.org/	OK(200):web_reference			"reference_url": "https://openneuro.org/",
docs/BENCHMARK_DATA_CITATIONS.md	67	text	url	https://openneuro.org/crn/graphql	HTTP_ERROR(400):web_reference			| api | openneuro | https://openneuro.org/crn/graphql | 2 |
docs/BENCHMARK_DATA_CITATIONS.md	1589	text	url	https://openneuro.org/crn/graphql	HTTP_ERROR(400):web_reference			- **api**: openneuro — https://openneuro.org/crn/graphql
docs/BENCHMARK_DATA_CITATIONS.md	3661	text	url	https://openneuro.org/crn/graphql	HTTP_ERROR(400):web_reference			- **api**: openneuro — https://openneuro.org/crn/graphql
docs/BENCHMARK_DATA_CITATIONS.md	5690	text	url	https://openneuro.org/crn/graphql	HTTP_ERROR(400):web_reference			- `openneuro` (biology_genomics): https://openneuro.org/crn/graphql [auth=none]
docs/THESIS_APPENDIX_XI.md	116	text	url	https://openneuro.org/crn/graphql	HTTP_ERROR(400):web_reference			- `openneuro`: https://openneuro.org/crn/graphql
docs/BENCHMARK_DATA_CITATIONS.md	5692	text	url	https://paleobiodb.org/data1.2/occs/list.json	HTTP_ERROR(400):web_reference			- `paleobiodb` (tier_f_gaps): https://paleobiodb.org/data1.2/occs/list.json [auth=none]
docs/THESIS_APPENDIX_XI.md	120	text	url	https://paleobiodb.org/data1.2/occs/list.json	HTTP_ERROR(400):web_reference			- `paleobiodb`: https://paleobiodb.org/data1.2/occs/list.json
docs/BENCHMARK_DATA_CITATIONS.md	5689	text	url	https://parts.igem.org/fasta/parts/{part_id	BLOCKED_OR_AUTH(403):api_endpoint_or_template			- `igem_parts` (biology_genomics): https://parts.igem.org/fasta/parts/{part_id} [auth=none]
docs/THESIS_APPENDIX_XI.md	115	text	url	https://parts.igem.org/fasta/parts/{part_id	BLOCKED_OR_AUTH(403):api_endpoint_or_template			- `igem_parts`: https://parts.igem.org/fasta/parts/{part_id}
data/pdg_live_depth_open_benchmark.json	68	citation	url	https://pdg.lbl.gov/	OK(200):web_reference			"citation": "Particle Data Group, Review of Particle Physics (open tables); https://pdg.lbl.gov/",
data/pdg_live_depth_open_benchmark.json	84	citation	url	https://pdg.lbl.gov/	OK(200):web_reference			"citation": "Particle Data Group, Review of Particle Physics (open tables); https://pdg.lbl.gov/",
data/pdg_live_depth_open_benchmark.json	100	citation	url	https://pdg.lbl.gov/	OK(200):web_reference			"citation": "Particle Data Group, Review of Particle Physics (open tables); https://pdg.lbl.gov/",
data/pdg_live_depth_open_benchmark.json	116	citation	url	https://pdg.lbl.gov/	OK(200):web_reference			"citation": "Particle Data Group, Review of Particle Physics (open tables); https://pdg.lbl.gov/",
data/pdg_live_depth_open_benchmark.json	132	citation	url	https://pdg.lbl.gov/	OK(200):web_reference			"citation": "Particle Data Group, Review of Particle Physics (open tables); https://pdg.lbl.gov/",
data/pdg_live_depth_open_benchmark.json	148	citation	url	https://pdg.lbl.gov/	OK(200):web_reference			"citation": "Particle Data Group, Review of Particle Physics (open tables); https://pdg.lbl.gov/",
data/pdg_live_depth_open_benchmark.json	164	citation	url	https://pdg.lbl.gov/	OK(200):web_reference			"citation": "Particle Data Group, Review of Particle Physics (open tables); https://pdg.lbl.gov/",
data/pdg_live_depth_open_benchmark.json	180	citation	url	https://pdg.lbl.gov/	OK(200):web_reference			"citation": "Particle Data Group, Review of Particle Physics (open tables); https://pdg.lbl.gov/",
data/pdg_live_depth_open_benchmark.json	196	citation	url	https://pdg.lbl.gov/	OK(200):web_reference			"citation": "Particle Data Group, Review of Particle Physics (open tables); https://pdg.lbl.gov/",
data/pdg_live_depth_open_benchmark.json	212	citation	url	https://pdg.lbl.gov/	OK(200):web_reference			"citation": "Particle Data Group, Review of Particle Physics (open tables); https://pdg.lbl.gov/",
data/pdg_live_depth_open_benchmark.json	228	citation	url	https://pdg.lbl.gov/	OK(200):web_reference			"citation": "Particle Data Group, Review of Particle Physics (open tables); https://pdg.lbl.gov/",
data/pdg_live_depth_open_benchmark.json	244	citation	url	https://pdg.lbl.gov/	OK(200):web_reference			"citation": "Particle Data Group, Review of Particle Physics (open tables); https://pdg.lbl.gov/",
data/pdg_live_depth_open_benchmark.json	260	citation	url	https://pdg.lbl.gov/	OK(200):web_reference			"citation": "Particle Data Group, Review of Particle Physics (open tables); https://pdg.lbl.gov/",
data/pdg_live_depth_open_benchmark.json	276	citation	url	https://pdg.lbl.gov/	OK(200):web_reference			"citation": "Particle Data Group, Review of Particle Physics (open tables); https://pdg.lbl.gov/",
data/pdg_live_depth_open_benchmark.json	292	citation	url	https://pdg.lbl.gov/	OK(200):web_reference			"citation": "Particle Data Group, Review of Particle Physics (open tables); https://pdg.lbl.gov/",
data/pdg_live_depth_open_benchmark.json	308	citation	url	https://pdg.lbl.gov/	OK(200):web_reference			"citation": "Particle Data Group, Review of Particle Physics (open tables); https://pdg.lbl.gov/",
data/pdg_live_depth_open_benchmark.json	324	citation	url	https://pdg.lbl.gov/	OK(200):web_reference			"citation": "Particle Data Group, Review of Particle Physics (open tables); https://pdg.lbl.gov/",
data/pdg_live_depth_open_benchmark.json	340	citation	url	https://pdg.lbl.gov/	OK(200):web_reference			"citation": "Particle Data Group, Review of Particle Physics (open tables); https://pdg.lbl.gov/",
data/pdg_live_depth_open_benchmark.json	356	citation	url	https://pdg.lbl.gov/	OK(200):web_reference			"citation": "Particle Data Group, Review of Particle Physics (open tables); https://pdg.lbl.gov/",
data/pdg_live_depth_open_benchmark.json	372	citation	url	https://pdg.lbl.gov/	OK(200):web_reference			"citation": "Particle Data Group, Review of Particle Physics (open tables); https://pdg.lbl.gov/",
data/pdg_live_depth_open_benchmark.json	388	citation	url	https://pdg.lbl.gov/	OK(200):web_reference			"citation": "Particle Data Group, Review of Particle Physics (open tables); https://pdg.lbl.gov/",
data/pdg_live_depth_open_benchmark.json	404	citation	url	https://pdg.lbl.gov/	OK(200):web_reference			"citation": "Particle Data Group, Review of Particle Physics (open tables); https://pdg.lbl.gov/",
data/pdg_live_depth_open_benchmark.json	420	citation	url	https://pdg.lbl.gov/	OK(200):web_reference			"citation": "Particle Data Group, Review of Particle Physics (open tables); https://pdg.lbl.gov/",
data/pdg_live_depth_open_benchmark.json	436	citation	url	https://pdg.lbl.gov/	OK(200):web_reference			"citation": "Particle Data Group, Review of Particle Physics (open tables); https://pdg.lbl.gov/",
data/pdg_live_depth_open_benchmark.json	452	citation	url	https://pdg.lbl.gov/	OK(200):web_reference			"citation": "Particle Data Group, Review of Particle Physics (open tables); https://pdg.lbl.gov/",
data/pdg_live_depth_open_benchmark.json	468	citation	url	https://pdg.lbl.gov/	OK(200):web_reference			"citation": "Particle Data Group, Review of Particle Physics (open tables); https://pdg.lbl.gov/",
data/pdg_live_depth_open_benchmark.json	484	citation	url	https://pdg.lbl.gov/	OK(200):web_reference			"citation": "Particle Data Group, Review of Particle Physics (open tables); https://pdg.lbl.gov/",
data/pdg_live_depth_open_benchmark.json	500	citation	url	https://pdg.lbl.gov/	OK(200):web_reference			"citation": "Particle Data Group, Review of Particle Physics (open tables); https://pdg.lbl.gov/",
data/pdg_live_depth_open_benchmark.json	516	citation	url	https://pdg.lbl.gov/	OK(200):web_reference			"citation": "Particle Data Group, Review of Particle Physics (open tables); https://pdg.lbl.gov/",
data/pdg_live_depth_open_benchmark.json	532	citation	url	https://pdg.lbl.gov/	OK(200):web_reference			"citation": "Particle Data Group, Review of Particle Physics (open tables); https://pdg.lbl.gov/",
data/pdg_live_depth_open_benchmark.json	548	citation	url	https://pdg.lbl.gov/	OK(200):web_reference			"citation": "Particle Data Group, Review of Particle Physics (open tables); https://pdg.lbl.gov/",
data/pdg_live_depth_open_benchmark.json	564	citation	url	https://pdg.lbl.gov/	OK(200):web_reference			"citation": "Particle Data Group, Review of Particle Physics (open tables); https://pdg.lbl.gov/",
data/pdg_live_depth_open_benchmark.json	580	citation	url	https://pdg.lbl.gov/	OK(200):web_reference			"citation": "Particle Data Group, Review of Particle Physics (open tables); https://pdg.lbl.gov/",
docs/BENCHMARK_DATA_CITATIONS.md	178	text	url	https://pdg.lbl.gov/	OK(200):web_reference			| dataset | Particle Data Group Review of Particle Physics | https://pdg.lbl.gov/ | 9 |
docs/BENCHMARK_DATA_CITATIONS.md	1942	text	url	https://pdg.lbl.gov/	OK(200):web_reference			- **dataset**: Particle Data Group Review of Particle Physics — https://pdg.lbl.gov/
docs/BENCHMARK_DATA_CITATIONS.md	1953	text	url	https://pdg.lbl.gov/	OK(200):web_reference			- **dataset**: Particle Data Group Review of Particle Physics — https://pdg.lbl.gov/
docs/BENCHMARK_DATA_CITATIONS.md	2788	text	url	https://pdg.lbl.gov/	OK(200):web_reference			- **dataset**: Particle Data Group Review of Particle Physics — https://pdg.lbl.gov/
docs/BENCHMARK_DATA_CITATIONS.md	3222	text	url	https://pdg.lbl.gov/	OK(200):web_reference			- **dataset**: Particle Data Group Review of Particle Physics — https://pdg.lbl.gov/
docs/BENCHMARK_DATA_CITATIONS.md	3671	text	url	https://pdg.lbl.gov/	OK(200):web_reference			- **dataset**: Particle Data Group Review of Particle Physics — https://pdg.lbl.gov/
docs/BENCHMARK_DATA_CITATIONS.md	3725	text	url	https://pdg.lbl.gov/	OK(200):web_reference			- **dataset**: Particle Data Group Review of Particle Physics — https://pdg.lbl.gov/
docs/BENCHMARK_DATA_CITATIONS.md	3867	text	url	https://pdg.lbl.gov/	OK(200):web_reference			- **dataset**: Particle Data Group Review of Particle Physics — https://pdg.lbl.gov/
docs/BENCHMARK_DATA_CITATIONS.md	4530	text	url	https://pdg.lbl.gov/	OK(200):web_reference			- **dataset**: Particle Data Group Review of Particle Physics — https://pdg.lbl.gov/
docs/BENCHMARK_DATA_CITATIONS.md	5397	text	url	https://pdg.lbl.gov/	OK(200):web_reference			- **dataset**: Particle Data Group Review of Particle Physics — https://pdg.lbl.gov/
docs/BENCHMARK_DATA_CITATIONS.md	5470	text	url	https://pdg.lbl.gov/	OK(200):web_reference			- **dataset**: Particle Data Group Review of Particle Physics — https://pdg.lbl.gov/
docs/BENCHMARK_DATA_CITATIONS.md	175	text	url	https://physics.nist.gov/cuu/Constants/	OK(200):web_reference			| dataset | NIST CODATA / Constants | https://physics.nist.gov/cuu/Constants/ | 107 |
docs/BENCHMARK_DATA_CITATIONS.md	992	text	url	https://physics.nist.gov/cuu/Constants/	OK(200):web_reference			- **dataset**: NIST CODATA / Constants — https://physics.nist.gov/cuu/Constants/
docs/BENCHMARK_DATA_CITATIONS.md	993	text	url	https://physics.nist.gov/cuu/Constants/	OK(200):web_reference			- **dataset**: NIST CODATA / Constants — https://physics.nist.gov/cuu/Constants/
docs/BENCHMARK_DATA_CITATIONS.md	997	text	url	https://physics.nist.gov/cuu/Constants/	OK(200):web_reference			- **dataset**: NIST CODATA / Constants — https://physics.nist.gov/cuu/Constants/
docs/BENCHMARK_DATA_CITATIONS.md	1058	text	url	https://physics.nist.gov/cuu/Constants/	OK(200):web_reference			- **dataset**: NIST CODATA / Constants — https://physics.nist.gov/cuu/Constants/
docs/BENCHMARK_DATA_CITATIONS.md	1059	text	url	https://physics.nist.gov/cuu/Constants/	OK(200):web_reference			- **dataset**: NIST CODATA / Constants — https://physics.nist.gov/cuu/Constants/
docs/BENCHMARK_DATA_CITATIONS.md	1063	text	url	https://physics.nist.gov/cuu/Constants/	OK(200):web_reference			- **dataset**: NIST CODATA / Constants — https://physics.nist.gov/cuu/Constants/
docs/BENCHMARK_DATA_CITATIONS.md	1066	text	url	https://physics.nist.gov/cuu/Constants/	OK(200):web_reference			- **dataset**: NIST CODATA / Constants — https://physics.nist.gov/cuu/Constants/
docs/BENCHMARK_DATA_CITATIONS.md	1096	text	url	https://physics.nist.gov/cuu/Constants/	OK(200):web_reference			- **dataset**: NIST CODATA / Constants — https://physics.nist.gov/cuu/Constants/
docs/BENCHMARK_DATA_CITATIONS.md	1098	text	url	https://physics.nist.gov/cuu/Constants/	OK(200):web_reference			- **dataset**: NIST CODATA / Constants — https://physics.nist.gov/cuu/Constants/
docs/BENCHMARK_DATA_CITATIONS.md	1108	text	url	https://physics.nist.gov/cuu/Constants/	OK(200):web_reference			- **dataset**: NIST CODATA / Constants — https://physics.nist.gov/cuu/Constants/
docs/BENCHMARK_DATA_CITATIONS.md	1109	text	url	https://physics.nist.gov/cuu/Constants/	OK(200):web_reference			- **dataset**: NIST CODATA / Constants — https://physics.nist.gov/cuu/Constants/
docs/BENCHMARK_DATA_CITATIONS.md	1119	text	url	https://physics.nist.gov/cuu/Constants/	OK(200):web_reference			- **dataset**: NIST CODATA / Constants — https://physics.nist.gov/cuu/Constants/
docs/BENCHMARK_DATA_CITATIONS.md	1120	text	url	https://physics.nist.gov/cuu/Constants/	OK(200):web_reference			- **dataset**: NIST CODATA / Constants — https://physics.nist.gov/cuu/Constants/
docs/BENCHMARK_DATA_CITATIONS.md	1124	text	url	https://physics.nist.gov/cuu/Constants/	OK(200):web_reference			- **dataset**: NIST CODATA / Constants — https://physics.nist.gov/cuu/Constants/
docs/BENCHMARK_DATA_CITATIONS.md	1127	text	url	https://physics.nist.gov/cuu/Constants/	OK(200):web_reference			- **dataset**: NIST CODATA / Constants — https://physics.nist.gov/cuu/Constants/
docs/BENCHMARK_DATA_CITATIONS.md	1129	text	url	https://physics.nist.gov/cuu/Constants/	OK(200):web_reference			- **dataset**: NIST CODATA / Constants — https://physics.nist.gov/cuu/Constants/
docs/BENCHMARK_DATA_CITATIONS.md	1140	text	url	https://physics.nist.gov/cuu/Constants/	OK(200):web_reference			- **dataset**: NIST CODATA / Constants — https://physics.nist.gov/cuu/Constants/
docs/BENCHMARK_DATA_CITATIONS.md	1141	text	url	https://physics.nist.gov/cuu/Constants/	OK(200):web_reference			- **dataset**: NIST CODATA / Constants — https://physics.nist.gov/cuu/Constants/
docs/BENCHMARK_DATA_CITATIONS.md	1145	text	url	https://physics.nist.gov/cuu/Constants/	OK(200):web_reference			- **dataset**: NIST CODATA / Constants — https://physics.nist.gov/cuu/Constants/
docs/BENCHMARK_DATA_CITATIONS.md	1156	text	url	https://physics.nist.gov/cuu/Constants/	OK(200):web_reference			- **dataset**: NIST CODATA / Constants — https://physics.nist.gov/cuu/Constants/
docs/BENCHMARK_DATA_CITATIONS.md	1157	text	url	https://physics.nist.gov/cuu/Constants/	OK(200):web_reference			- **dataset**: NIST CODATA / Constants — https://physics.nist.gov/cuu/Constants/
docs/BENCHMARK_DATA_CITATIONS.md	1161	text	url	https://physics.nist.gov/cuu/Constants/	OK(200):web_reference			- **dataset**: NIST CODATA / Constants — https://physics.nist.gov/cuu/Constants/
docs/BENCHMARK_DATA_CITATIONS.md	1164	text	url	https://physics.nist.gov/cuu/Constants/	OK(200):web_reference			- **dataset**: NIST CODATA / Constants — https://physics.nist.gov/cuu/Constants/
docs/BENCHMARK_DATA_CITATIONS.md	1176	text	url	https://physics.nist.gov/cuu/Constants/	OK(200):web_reference			- **dataset**: NIST CODATA / Constants — https://physics.nist.gov/cuu/Constants/
docs/BENCHMARK_DATA_CITATIONS.md	1177	text	url	https://physics.nist.gov/cuu/Constants/	OK(200):web_reference			- **dataset**: NIST CODATA / Constants — https://physics.nist.gov/cuu/Constants/
docs/BENCHMARK_DATA_CITATIONS.md	1181	text	url	https://physics.nist.gov/cuu/Constants/	OK(200):web_reference			- **dataset**: NIST CODATA / Constants — https://physics.nist.gov/cuu/Constants/
docs/BENCHMARK_DATA_CITATIONS.md	1191	text	url	https://physics.nist.gov/cuu/Constants/	OK(200):web_reference			- **dataset**: NIST CODATA / Constants — https://physics.nist.gov/cuu/Constants/
docs/BENCHMARK_DATA_CITATIONS.md	1192	text	url	https://physics.nist.gov/cuu/Constants/	OK(200):web_reference			- **dataset**: NIST CODATA / Constants — https://physics.nist.gov/cuu/Constants/
docs/BENCHMARK_DATA_CITATIONS.md	1196	text	url	https://physics.nist.gov/cuu/Constants/	OK(200):web_reference			- **dataset**: NIST CODATA / Constants — https://physics.nist.gov/cuu/Constants/
docs/BENCHMARK_DATA_CITATIONS.md	1226	text	url	https://physics.nist.gov/cuu/Constants/	OK(200):web_reference			- **dataset**: NIST CODATA / Constants — https://physics.nist.gov/cuu/Constants/
docs/BENCHMARK_DATA_CITATIONS.md	1227	text	url	https://physics.nist.gov/cuu/Constants/	OK(200):web_reference			- **dataset**: NIST CODATA / Constants — https://physics.nist.gov/cuu/Constants/
docs/BENCHMARK_DATA_CITATIONS.md	1231	text	url	https://physics.nist.gov/cuu/Constants/	OK(200):web_reference			- **dataset**: NIST CODATA / Constants — https://physics.nist.gov/cuu/Constants/
docs/BENCHMARK_DATA_CITATIONS.md	1234	text	url	https://physics.nist.gov/cuu/Constants/	OK(200):web_reference			- **dataset**: NIST CODATA / Constants — https://physics.nist.gov/cuu/Constants/
docs/BENCHMARK_DATA_CITATIONS.md	1270	text	url	https://physics.nist.gov/cuu/Constants/	OK(200):web_reference			- **dataset**: NIST CODATA / Constants — https://physics.nist.gov/cuu/Constants/
docs/BENCHMARK_DATA_CITATIONS.md	1303	text	url	https://physics.nist.gov/cuu/Constants/	OK(200):web_reference			- **dataset**: NIST CODATA / Constants — https://physics.nist.gov/cuu/Constants/
docs/BENCHMARK_DATA_CITATIONS.md	1304	text	url	https://physics.nist.gov/cuu/Constants/	OK(200):web_reference			- **dataset**: NIST CODATA / Constants — https://physics.nist.gov/cuu/Constants/
docs/BENCHMARK_DATA_CITATIONS.md	1308	text	url	https://physics.nist.gov/cuu/Constants/	OK(200):web_reference			- **dataset**: NIST CODATA / Constants — https://physics.nist.gov/cuu/Constants/
docs/BENCHMARK_DATA_CITATIONS.md	1311	text	url	https://physics.nist.gov/cuu/Constants/	OK(200):web_reference			- **dataset**: NIST CODATA / Constants — https://physics.nist.gov/cuu/Constants/
docs/BENCHMARK_DATA_CITATIONS.md	1354	text	url	https://physics.nist.gov/cuu/Constants/	OK(200):web_reference			- **dataset**: NIST CODATA / Constants — https://physics.nist.gov/cuu/Constants/
docs/BENCHMARK_DATA_CITATIONS.md	1355	text	url	https://physics.nist.gov/cuu/Constants/	OK(200):web_reference			- **dataset**: NIST CODATA / Constants — https://physics.nist.gov/cuu/Constants/
docs/BENCHMARK_DATA_CITATIONS.md	1368	text	url	https://physics.nist.gov/cuu/Constants/	OK(200):web_reference			- **dataset**: NIST CODATA / Constants — https://physics.nist.gov/cuu/Constants/
docs/BENCHMARK_DATA_CITATIONS.md	1369	text	url	https://physics.nist.gov/cuu/Constants/	OK(200):web_reference			- **dataset**: NIST CODATA / Constants — https://physics.nist.gov/cuu/Constants/
docs/BENCHMARK_DATA_CITATIONS.md	1373	text	url	https://physics.nist.gov/cuu/Constants/	OK(200):web_reference			- **dataset**: NIST CODATA / Constants — https://physics.nist.gov/cuu/Constants/
docs/BENCHMARK_DATA_CITATIONS.md	1376	text	url	https://physics.nist.gov/cuu/Constants/	OK(200):web_reference			- **dataset**: NIST CODATA / Constants — https://physics.nist.gov/cuu/Constants/
docs/BENCHMARK_DATA_CITATIONS.md	1507	text	url	https://physics.nist.gov/cuu/Constants/	OK(200):web_reference			- **dataset**: NIST CODATA / Constants — https://physics.nist.gov/cuu/Constants/
docs/BENCHMARK_DATA_CITATIONS.md	1508	text	url	https://physics.nist.gov/cuu/Constants/	OK(200):web_reference			- **dataset**: NIST CODATA / Constants — https://physics.nist.gov/cuu/Constants/
docs/BENCHMARK_DATA_CITATIONS.md	1563	text	url	https://physics.nist.gov/cuu/Constants/	OK(200):web_reference			- **dataset**: NIST CODATA / Constants — https://physics.nist.gov/cuu/Constants/
docs/BENCHMARK_DATA_CITATIONS.md	1564	text	url	https://physics.nist.gov/cuu/Constants/	OK(200):web_reference			- **dataset**: NIST CODATA / Constants — https://physics.nist.gov/cuu/Constants/
docs/BENCHMARK_DATA_CITATIONS.md	1591	text	url	https://physics.nist.gov/cuu/Constants/	OK(200):web_reference			- **dataset**: NIST CODATA / Constants — https://physics.nist.gov/cuu/Constants/
docs/BENCHMARK_DATA_CITATIONS.md	1592	text	url	https://physics.nist.gov/cuu/Constants/	OK(200):web_reference			- **dataset**: NIST CODATA / Constants — https://physics.nist.gov/cuu/Constants/
docs/BENCHMARK_DATA_CITATIONS.md	1614	text	url	https://physics.nist.gov/cuu/Constants/	OK(200):web_reference			- **dataset**: NIST CODATA / Constants — https://physics.nist.gov/cuu/Constants/
docs/BENCHMARK_DATA_CITATIONS.md	1615	text	url	https://physics.nist.gov/cuu/Constants/	OK(200):web_reference			- **dataset**: NIST CODATA / Constants — https://physics.nist.gov/cuu/Constants/
docs/BENCHMARK_DATA_CITATIONS.md	1667	text	url	https://physics.nist.gov/cuu/Constants/	OK(200):web_reference			- **dataset**: NIST CODATA / Constants — https://physics.nist.gov/cuu/Constants/
docs/BENCHMARK_DATA_CITATIONS.md	1668	text	url	https://physics.nist.gov/cuu/Constants/	OK(200):web_reference			- **dataset**: NIST CODATA / Constants — https://physics.nist.gov/cuu/Constants/
docs/BENCHMARK_DATA_CITATIONS.md	1679	text	url	https://physics.nist.gov/cuu/Constants/	OK(200):web_reference			- **dataset**: NIST CODATA / Constants — https://physics.nist.gov/cuu/Constants/
docs/BENCHMARK_DATA_CITATIONS.md	1680	text	url	https://physics.nist.gov/cuu/Constants/	OK(200):web_reference			- **dataset**: NIST CODATA / Constants — https://physics.nist.gov/cuu/Constants/
docs/BENCHMARK_DATA_CITATIONS.md	1684	text	url	https://physics.nist.gov/cuu/Constants/	OK(200):web_reference			- **dataset**: NIST CODATA / Constants — https://physics.nist.gov/cuu/Constants/
docs/BENCHMARK_DATA_CITATIONS.md	1687	text	url	https://physics.nist.gov/cuu/Constants/	OK(200):web_reference			- **dataset**: NIST CODATA / Constants — https://physics.nist.gov/cuu/Constants/
docs/BENCHMARK_DATA_CITATIONS.md	1689	text	url	https://physics.nist.gov/cuu/Constants/	OK(200):web_reference			- **dataset**: NIST CODATA / Constants — https://physics.nist.gov/cuu/Constants/
docs/BENCHMARK_DATA_CITATIONS.md	1715	text	url	https://physics.nist.gov/cuu/Constants/	OK(200):web_reference			- **dataset**: NIST CODATA / Constants — https://physics.nist.gov/cuu/Constants/
docs/BENCHMARK_DATA_CITATIONS.md	1760	text	url	https://physics.nist.gov/cuu/Constants/	OK(200):web_reference			- **dataset**: NIST CODATA / Constants — https://physics.nist.gov/cuu/Constants/
docs/BENCHMARK_DATA_CITATIONS.md	1761	text	url	https://physics.nist.gov/cuu/Constants/	OK(200):web_reference			- **dataset**: NIST CODATA / Constants — https://physics.nist.gov/cuu/Constants/
docs/BENCHMARK_DATA_CITATIONS.md	1765	text	url	https://physics.nist.gov/cuu/Constants/	OK(200):web_reference			- **dataset**: NIST CODATA / Constants — https://physics.nist.gov/cuu/Constants/
docs/BENCHMARK_DATA_CITATIONS.md	1801	text	url	https://physics.nist.gov/cuu/Constants/	OK(200):web_reference			- **dataset**: NIST CODATA / Constants — https://physics.nist.gov/cuu/Constants/
docs/BENCHMARK_DATA_CITATIONS.md	1802	text	url	https://physics.nist.gov/cuu/Constants/	OK(200):web_reference			- **dataset**: NIST CODATA / Constants — https://physics.nist.gov/cuu/Constants/
docs/BENCHMARK_DATA_CITATIONS.md	1861	text	url	https://physics.nist.gov/cuu/Constants/	OK(200):web_reference			- **dataset**: NIST CODATA / Constants — https://physics.nist.gov/cuu/Constants/
docs/BENCHMARK_DATA_CITATIONS.md	1862	text	url	https://physics.nist.gov/cuu/Constants/	OK(200):web_reference			- **dataset**: NIST CODATA / Constants — https://physics.nist.gov/cuu/Constants/
docs/BENCHMARK_DATA_CITATIONS.md	1875	text	url	https://physics.nist.gov/cuu/Constants/	OK(200):web_reference			- **dataset**: NIST CODATA / Constants — https://physics.nist.gov/cuu/Constants/
docs/BENCHMARK_DATA_CITATIONS.md	1876	text	url	https://physics.nist.gov/cuu/Constants/	OK(200):web_reference			- **dataset**: NIST CODATA / Constants — https://physics.nist.gov/cuu/Constants/
docs/BENCHMARK_DATA_CITATIONS.md	1880	text	url	https://physics.nist.gov/cuu/Constants/	OK(200):web_reference			- **dataset**: NIST CODATA / Constants — https://physics.nist.gov/cuu/Constants/
docs/BENCHMARK_DATA_CITATIONS.md	1916	text	url	https://physics.nist.gov/cuu/Constants/	OK(200):web_reference			- **dataset**: NIST CODATA / Constants — https://physics.nist.gov/cuu/Constants/
docs/BENCHMARK_DATA_CITATIONS.md	1917	text	url	https://physics.nist.gov/cuu/Constants/	OK(200):web_reference			- **dataset**: NIST CODATA / Constants — https://physics.nist.gov/cuu/Constants/
docs/BENCHMARK_DATA_CITATIONS.md	1921	text	url	https://physics.nist.gov/cuu/Constants/	OK(200):web_reference			- **dataset**: NIST CODATA / Constants — https://physics.nist.gov/cuu/Constants/
docs/BENCHMARK_DATA_CITATIONS.md	1932	text	url	https://physics.nist.gov/cuu/Constants/	OK(200):web_reference			- **dataset**: NIST CODATA / Constants — https://physics.nist.gov/cuu/Constants/
docs/BENCHMARK_DATA_CITATIONS.md	1954	text	url	https://physics.nist.gov/cuu/Constants/	OK(200):web_reference			- **dataset**: NIST CODATA / Constants — https://physics.nist.gov/cuu/Constants/
docs/BENCHMARK_DATA_CITATIONS.md	2058	text	url	https://physics.nist.gov/cuu/Constants/	OK(200):web_reference			- **dataset**: NIST CODATA / Constants — https://physics.nist.gov/cuu/Constants/
docs/BENCHMARK_DATA_CITATIONS.md	2059	text	url	https://physics.nist.gov/cuu/Constants/	OK(200):web_reference			- **dataset**: NIST CODATA / Constants — https://physics.nist.gov/cuu/Constants/
docs/BENCHMARK_DATA_CITATIONS.md	2087	text	url	https://physics.nist.gov/cuu/Constants/	OK(200):web_reference			- **dataset**: NIST CODATA / Constants — https://physics.nist.gov/cuu/Constants/
docs/BENCHMARK_DATA_CITATIONS.md	2088	text	url	https://physics.nist.gov/cuu/Constants/	OK(200):web_reference			- **dataset**: NIST CODATA / Constants — https://physics.nist.gov/cuu/Constants/
docs/BENCHMARK_DATA_CITATIONS.md	2099	text	url	https://physics.nist.gov/cuu/Constants/	OK(200):web_reference			- **dataset**: NIST CODATA / Constants — https://physics.nist.gov/cuu/Constants/
docs/BENCHMARK_DATA_CITATIONS.md	2100	text	url	https://physics.nist.gov/cuu/Constants/	OK(200):web_reference			- **dataset**: NIST CODATA / Constants — https://physics.nist.gov/cuu/Constants/
docs/BENCHMARK_DATA_CITATIONS.md	2104	text	url	https://physics.nist.gov/cuu/Constants/	OK(200):web_reference			- **dataset**: NIST CODATA / Constants — https://physics.nist.gov/cuu/Constants/
docs/BENCHMARK_DATA_CITATIONS.md	2107	text	url	https://physics.nist.gov/cuu/Constants/	OK(200):web_reference			- **dataset**: NIST CODATA / Constants — https://physics.nist.gov/cuu/Constants/
docs/BENCHMARK_DATA_CITATIONS.md	2193	text	url	https://physics.nist.gov/cuu/Constants/	OK(200):web_reference			- **dataset**: NIST CODATA / Constants — https://physics.nist.gov/cuu/Constants/
docs/BENCHMARK_DATA_CITATIONS.md	2194	text	url	https://physics.nist.gov/cuu/Constants/	OK(200):web_reference			- **dataset**: NIST CODATA / Constants — https://physics.nist.gov/cuu/Constants/
docs/BENCHMARK_DATA_CITATIONS.md	2198	text	url	https://physics.nist.gov/cuu/Constants/	OK(200):web_reference			- **dataset**: NIST CODATA / Constants — https://physics.nist.gov/cuu/Constants/
docs/BENCHMARK_DATA_CITATIONS.md	2208	text	url	https://physics.nist.gov/cuu/Constants/	OK(200):web_reference			- **dataset**: NIST CODATA / Constants — https://physics.nist.gov/cuu/Constants/
docs/BENCHMARK_DATA_CITATIONS.md	2209	text	url	https://physics.nist.gov/cuu/Constants/	OK(200):web_reference			- **dataset**: NIST CODATA / Constants — https://physics.nist.gov/cuu/Constants/
docs/BENCHMARK_DATA_CITATIONS.md	2213	text	url	https://physics.nist.gov/cuu/Constants/	OK(200):web_reference			- **dataset**: NIST CODATA / Constants — https://physics.nist.gov/cuu/Constants/
docs/BENCHMARK_DATA_CITATIONS.md	2216	text	url	https://physics.nist.gov/cuu/Constants/	OK(200):web_reference			- **dataset**: NIST CODATA / Constants — https://physics.nist.gov/cuu/Constants/
docs/BENCHMARK_DATA_CITATIONS.md	2226	text	url	https://physics.nist.gov/cuu/Constants/	OK(200):web_reference			- **dataset**: NIST CODATA / Constants — https://physics.nist.gov/cuu/Constants/
docs/BENCHMARK_DATA_CITATIONS.md	2227	text	url	https://physics.nist.gov/cuu/Constants/	OK(200):web_reference			- **dataset**: NIST CODATA / Constants — https://physics.nist.gov/cuu/Constants/
docs/BENCHMARK_DATA_CITATIONS.md	2231	text	url	https://physics.nist.gov/cuu/Constants/	OK(200):web_reference			- **dataset**: NIST CODATA / Constants — https://physics.nist.gov/cuu/Constants/
docs/BENCHMARK_DATA_CITATIONS.md	2242	text	url	https://physics.nist.gov/cuu/Constants/	OK(200):web_reference			- **dataset**: NIST CODATA / Constants — https://physics.nist.gov/cuu/Constants/
docs/BENCHMARK_DATA_CITATIONS.md	2243	text	url	https://physics.nist.gov/cuu/Constants/	OK(200):web_reference			- **dataset**: NIST CODATA / Constants — https://physics.nist.gov/cuu/Constants/
docs/BENCHMARK_DATA_CITATIONS.md	2247	text	url	https://physics.nist.gov/cuu/Constants/	OK(200):web_reference			- **dataset**: NIST CODATA / Constants — https://physics.nist.gov/cuu/Constants/
docs/BENCHMARK_DATA_CITATIONS.md	2250	text	url	https://physics.nist.gov/cuu/Constants/	OK(200):web_reference			- **dataset**: NIST CODATA / Constants — https://physics.nist.gov/cuu/Constants/
docs/BENCHMARK_DATA_CITATIONS.md	2252	text	url	https://physics.nist.gov/cuu/Constants/	OK(200):web_reference			- **dataset**: NIST CODATA / Constants — https://physics.nist.gov/cuu/Constants/
docs/BENCHMARK_DATA_CITATIONS.md	2260	text	url	https://physics.nist.gov/cuu/Constants/	OK(200):web_reference			- **dataset**: NIST CODATA / Constants — https://physics.nist.gov/cuu/Constants/
docs/BENCHMARK_DATA_CITATIONS.md	2261	text	url	https://physics.nist.gov/cuu/Constants/	OK(200):web_reference			- **dataset**: NIST CODATA / Constants — https://physics.nist.gov/cuu/Constants/
docs/BENCHMARK_DATA_CITATIONS.md	2340	text	url	https://physics.nist.gov/cuu/Constants/	OK(200):web_reference			- **dataset**: NIST CODATA / Constants — https://physics.nist.gov/cuu/Constants/
docs/BENCHMARK_DATA_CITATIONS.md	2341	text	url	https://physics.nist.gov/cuu/Constants/	OK(200):web_reference			- **dataset**: NIST CODATA / Constants — https://physics.nist.gov/cuu/Constants/
docs/BENCHMARK_DATA_CITATIONS.md	2363	text	url	https://physics.nist.gov/cuu/Constants/	OK(200):web_reference			- **dataset**: NIST CODATA / Constants — https://physics.nist.gov/cuu/Constants/
docs/BENCHMARK_DATA_CITATIONS.md	2364	text	url	https://physics.nist.gov/cuu/Constants/	OK(200):web_reference			- **dataset**: NIST CODATA / Constants — https://physics.nist.gov/cuu/Constants/
docs/BENCHMARK_DATA_CITATIONS.md	2414	text	url	https://physics.nist.gov/cuu/Constants/	OK(200):web_reference			- **dataset**: NIST CODATA / Constants — https://physics.nist.gov/cuu/Constants/
docs/BENCHMARK_DATA_CITATIONS.md	2415	text	url	https://physics.nist.gov/cuu/Constants/	OK(200):web_reference			- **dataset**: NIST CODATA / Constants — https://physics.nist.gov/cuu/Constants/
docs/BENCHMARK_DATA_CITATIONS.md	2419	text	url	https://physics.nist.gov/cuu/Constants/	OK(200):web_reference			- **dataset**: NIST CODATA / Constants — https://physics.nist.gov/cuu/Constants/
docs/BENCHMARK_DATA_CITATIONS.md	2422	text	url	https://physics.nist.gov/cuu/Constants/	OK(200):web_reference			- **dataset**: NIST CODATA / Constants — https://physics.nist.gov/cuu/Constants/
docs/BENCHMARK_DATA_CITATIONS.md	2443	text	url	https://physics.nist.gov/cuu/Constants/	OK(200):web_reference			- **dataset**: NIST CODATA / Constants — https://physics.nist.gov/cuu/Constants/
docs/BENCHMARK_DATA_CITATIONS.md	2444	text	url	https://physics.nist.gov/cuu/Constants/	OK(200):web_reference			- **dataset**: NIST CODATA / Constants — https://physics.nist.gov/cuu/Constants/
docs/BENCHMARK_DATA_CITATIONS.md	2493	text	url	https://physics.nist.gov/cuu/Constants/	OK(200):web_reference			- **dataset**: NIST CODATA / Constants — https://physics.nist.gov/cuu/Constants/
docs/BENCHMARK_DATA_CITATIONS.md	2494	text	url	https://physics.nist.gov/cuu/Constants/	OK(200):web_reference			- **dataset**: NIST CODATA / Constants — https://physics.nist.gov/cuu/Constants/
docs/BENCHMARK_DATA_CITATIONS.md	2498	text	url	https://physics.nist.gov/cuu/Constants/	OK(200):web_reference			- **dataset**: NIST CODATA / Constants — https://physics.nist.gov/cuu/Constants/
docs/BENCHMARK_DATA_CITATIONS.md	2501	text	url	https://physics.nist.gov/cuu/Constants/	OK(200):web_reference			- **dataset**: NIST CODATA / Constants — https://physics.nist.gov/cuu/Constants/
docs/BENCHMARK_DATA_CITATIONS.md	2503	text	url	https://physics.nist.gov/cuu/Constants/	OK(200):web_reference			- **dataset**: NIST CODATA / Constants — https://physics.nist.gov/cuu/Constants/
docs/BENCHMARK_DATA_CITATIONS.md	2647	text	url	https://physics.nist.gov/cuu/Constants/	OK(200):web_reference			- **dataset**: NIST CODATA / Constants — https://physics.nist.gov/cuu/Constants/
docs/BENCHMARK_DATA_CITATIONS.md	2648	text	url	https://physics.nist.gov/cuu/Constants/	OK(200):web_reference			- **dataset**: NIST CODATA / Constants — https://physics.nist.gov/cuu/Constants/
docs/BENCHMARK_DATA_CITATIONS.md	2661	text	url	https://physics.nist.gov/cuu/Constants/	OK(200):web_reference			- **dataset**: NIST CODATA / Constants — https://physics.nist.gov/cuu/Constants/
docs/BENCHMARK_DATA_CITATIONS.md	2662	text	url	https://physics.nist.gov/cuu/Constants/	OK(200):web_reference			- **dataset**: NIST CODATA / Constants — https://physics.nist.gov/cuu/Constants/
docs/BENCHMARK_DATA_CITATIONS.md	2686	text	url	https://physics.nist.gov/cuu/Constants/	OK(200):web_reference			- **dataset**: NIST CODATA / Constants — https://physics.nist.gov/cuu/Constants/
docs/BENCHMARK_DATA_CITATIONS.md	2687	text	url	https://physics.nist.gov/cuu/Constants/	OK(200):web_reference			- **dataset**: NIST CODATA / Constants — https://physics.nist.gov/cuu/Constants/
docs/BENCHMARK_DATA_CITATIONS.md	2741	text	url	https://physics.nist.gov/cuu/Constants/	OK(200):web_reference			- **dataset**: NIST CODATA / Constants — https://physics.nist.gov/cuu/Constants/
docs/BENCHMARK_DATA_CITATIONS.md	2742	text	url	https://physics.nist.gov/cuu/Constants/	OK(200):web_reference			- **dataset**: NIST CODATA / Constants — https://physics.nist.gov/cuu/Constants/
docs/BENCHMARK_DATA_CITATIONS.md	2775	text	url	https://physics.nist.gov/cuu/Constants/	OK(200):web_reference			- **dataset**: NIST CODATA / Constants — https://physics.nist.gov/cuu/Constants/
docs/BENCHMARK_DATA_CITATIONS.md	2793	text	url	https://physics.nist.gov/cuu/Constants/	OK(200):web_reference			- **dataset**: NIST CODATA / Constants — https://physics.nist.gov/cuu/Constants/
docs/BENCHMARK_DATA_CITATIONS.md	2794	text	url	https://physics.nist.gov/cuu/Constants/	OK(200):web_reference			- **dataset**: NIST CODATA / Constants — https://physics.nist.gov/cuu/Constants/
docs/BENCHMARK_DATA_CITATIONS.md	2798	text	url	https://physics.nist.gov/cuu/Constants/	OK(200):web_reference			- **dataset**: NIST CODATA / Constants — https://physics.nist.gov/cuu/Constants/
docs/BENCHMARK_DATA_CITATIONS.md	2843	text	url	https://physics.nist.gov/cuu/Constants/	OK(200):web_reference			- **dataset**: NIST CODATA / Constants — https://physics.nist.gov/cuu/Constants/
docs/BENCHMARK_DATA_CITATIONS.md	2844	text	url	https://physics.nist.gov/cuu/Constants/	OK(200):web_reference			- **dataset**: NIST CODATA / Constants — https://physics.nist.gov/cuu/Constants/
docs/BENCHMARK_DATA_CITATIONS.md	2848	text	url	https://physics.nist.gov/cuu/Constants/	OK(200):web_reference			- **dataset**: NIST CODATA / Constants — https://physics.nist.gov/cuu/Constants/
docs/BENCHMARK_DATA_CITATIONS.md	2851	text	url	https://physics.nist.gov/cuu/Constants/	OK(200):web_reference			- **dataset**: NIST CODATA / Constants — https://physics.nist.gov/cuu/Constants/
docs/BENCHMARK_DATA_CITATIONS.md	2880	text	url	https://physics.nist.gov/cuu/Constants/	OK(200):web_reference			- **dataset**: NIST CODATA / Constants — https://physics.nist.gov/cuu/Constants/
docs/BENCHMARK_DATA_CITATIONS.md	2881	text	url	https://physics.nist.gov/cuu/Constants/	OK(200):web_reference			- **dataset**: NIST CODATA / Constants — https://physics.nist.gov/cuu/Constants/
docs/BENCHMARK_DATA_CITATIONS.md	2912	text	url	https://physics.nist.gov/cuu/Constants/	OK(200):web_reference			- **dataset**: NIST CODATA / Constants — https://physics.nist.gov/cuu/Constants/
docs/BENCHMARK_DATA_CITATIONS.md	2913	text	url	https://physics.nist.gov/cuu/Constants/	OK(200):web_reference			- **dataset**: NIST CODATA / Constants — https://physics.nist.gov/cuu/Constants/
docs/BENCHMARK_DATA_CITATIONS.md	2926	text	url	https://physics.nist.gov/cuu/Constants/	OK(200):web_reference			- **dataset**: NIST CODATA / Constants — https://physics.nist.gov/cuu/Constants/
docs/BENCHMARK_DATA_CITATIONS.md	2927	text	url	https://physics.nist.gov/cuu/Constants/	OK(200):web_reference			- **dataset**: NIST CODATA / Constants — https://physics.nist.gov/cuu/Constants/
docs/BENCHMARK_DATA_CITATIONS.md	2940	text	url	https://physics.nist.gov/cuu/Constants/	OK(200):web_reference			- **dataset**: NIST CODATA / Constants — https://physics.nist.gov/cuu/Constants/
docs/BENCHMARK_DATA_CITATIONS.md	2941	text	url	https://physics.nist.gov/cuu/Constants/	OK(200):web_reference			- **dataset**: NIST CODATA / Constants — https://physics.nist.gov/cuu/Constants/
docs/BENCHMARK_DATA_CITATIONS.md	2945	text	url	https://physics.nist.gov/cuu/Constants/	OK(200):web_reference			- **dataset**: NIST CODATA / Constants — https://physics.nist.gov/cuu/Constants/
docs/BENCHMARK_DATA_CITATIONS.md	2965	text	url	https://physics.nist.gov/cuu/Constants/	OK(200):web_reference			- **dataset**: NIST CODATA / Constants — https://physics.nist.gov/cuu/Constants/
docs/BENCHMARK_DATA_CITATIONS.md	2966	text	url	https://physics.nist.gov/cuu/Constants/	OK(200):web_reference			- **dataset**: NIST CODATA / Constants — https://physics.nist.gov/cuu/Constants/
docs/BENCHMARK_DATA_CITATIONS.md	2979	text	url	https://physics.nist.gov/cuu/Constants/	OK(200):web_reference			- **dataset**: NIST CODATA / Constants — https://physics.nist.gov/cuu/Constants/
docs/BENCHMARK_DATA_CITATIONS.md	2980	text	url	https://physics.nist.gov/cuu/Constants/	OK(200):web_reference			- **dataset**: NIST CODATA / Constants — https://physics.nist.gov/cuu/Constants/
docs/BENCHMARK_DATA_CITATIONS.md	2984	text	url	https://physics.nist.gov/cuu/Constants/	OK(200):web_reference			- **dataset**: NIST CODATA / Constants — https://physics.nist.gov/cuu/Constants/
docs/BENCHMARK_DATA_CITATIONS.md	2987	text	url	https://physics.nist.gov/cuu/Constants/	OK(200):web_reference			- **dataset**: NIST CODATA / Constants — https://physics.nist.gov/cuu/Constants/
docs/BENCHMARK_DATA_CITATIONS.md	3028	text	url	https://physics.nist.gov/cuu/Constants/	OK(200):web_reference			- **dataset**: NIST CODATA / Constants — https://physics.nist.gov/cuu/Constants/
docs/BENCHMARK_DATA_CITATIONS.md	3029	text	url	https://physics.nist.gov/cuu/Constants/	OK(200):web_reference			- **dataset**: NIST CODATA / Constants — https://physics.nist.gov/cuu/Constants/
docs/BENCHMARK_DATA_CITATIONS.md	3033	text	url	https://physics.nist.gov/cuu/Constants/	OK(200):web_reference			- **dataset**: NIST CODATA / Constants — https://physics.nist.gov/cuu/Constants/
docs/BENCHMARK_DATA_CITATIONS.md	3083	text	url	https://physics.nist.gov/cuu/Constants/	OK(200):web_reference			- **dataset**: NIST CODATA / Constants — https://physics.nist.gov/cuu/Constants/
docs/BENCHMARK_DATA_CITATIONS.md	3084	text	url	https://physics.nist.gov/cuu/Constants/	OK(200):web_reference			- **dataset**: NIST CODATA / Constants — https://physics.nist.gov/cuu/Constants/
docs/BENCHMARK_DATA_CITATIONS.md	3088	text	url	https://physics.nist.gov/cuu/Constants/	OK(200):web_reference			- **dataset**: NIST CODATA / Constants — https://physics.nist.gov/cuu/Constants/
docs/BENCHMARK_DATA_CITATIONS.md	3091	text	url	https://physics.nist.gov/cuu/Constants/	OK(200):web_reference			- **dataset**: NIST CODATA / Constants — https://physics.nist.gov/cuu/Constants/
docs/BENCHMARK_DATA_CITATIONS.md	3093	text	url	https://physics.nist.gov/cuu/Constants/	OK(200):web_reference			- **dataset**: NIST CODATA / Constants — https://physics.nist.gov/cuu/Constants/
docs/BENCHMARK_DATA_CITATIONS.md	3214	text	url	https://physics.nist.gov/cuu/Constants/	OK(200):web_reference			- **dataset**: NIST CODATA / Constants — https://physics.nist.gov/cuu/Constants/
docs/BENCHMARK_DATA_CITATIONS.md	3223	text	url	https://physics.nist.gov/cuu/Constants/	OK(200):web_reference			- **dataset**: NIST CODATA / Constants — https://physics.nist.gov/cuu/Constants/
docs/BENCHMARK_DATA_CITATIONS.md	3224	text	url	https://physics.nist.gov/cuu/Constants/	OK(200):web_reference			- **dataset**: NIST CODATA / Constants — https://physics.nist.gov/cuu/Constants/
docs/BENCHMARK_DATA_CITATIONS.md	3228	text	url	https://physics.nist.gov/cuu/Constants/	OK(200):web_reference			- **dataset**: NIST CODATA / Constants — https://physics.nist.gov/cuu/Constants/
docs/BENCHMARK_DATA_CITATIONS.md	3231	text	url	https://physics.nist.gov/cuu/Constants/	OK(200):web_reference			- **dataset**: NIST CODATA / Constants — https://physics.nist.gov/cuu/Constants/
docs/BENCHMARK_DATA_CITATIONS.md	3344	text	url	https://physics.nist.gov/cuu/Constants/	OK(200):web_reference			- **dataset**: NIST CODATA / Constants — https://physics.nist.gov/cuu/Constants/
docs/BENCHMARK_DATA_CITATIONS.md	3345	text	url	https://physics.nist.gov/cuu/Constants/	OK(200):web_reference			- **dataset**: NIST CODATA / Constants — https://physics.nist.gov/cuu/Constants/
docs/BENCHMARK_DATA_CITATIONS.md	3349	text	url	https://physics.nist.gov/cuu/Constants/	OK(200):web_reference			- **dataset**: NIST CODATA / Constants — https://physics.nist.gov/cuu/Constants/
docs/BENCHMARK_DATA_CITATIONS.md	3352	text	url	https://physics.nist.gov/cuu/Constants/	OK(200):web_reference			- **dataset**: NIST CODATA / Constants — https://physics.nist.gov/cuu/Constants/
docs/BENCHMARK_DATA_CITATIONS.md	3354	text	url	https://physics.nist.gov/cuu/Constants/	OK(200):web_reference			- **dataset**: NIST CODATA / Constants — https://physics.nist.gov/cuu/Constants/
docs/BENCHMARK_DATA_CITATIONS.md	3364	text	url	https://physics.nist.gov/cuu/Constants/	OK(200):web_reference			- **dataset**: NIST CODATA / Constants — https://physics.nist.gov/cuu/Constants/
docs/BENCHMARK_DATA_CITATIONS.md	3365	text	url	https://physics.nist.gov/cuu/Constants/	OK(200):web_reference			- **dataset**: NIST CODATA / Constants — https://physics.nist.gov/cuu/Constants/
docs/BENCHMARK_DATA_CITATIONS.md	3369	text	url	https://physics.nist.gov/cuu/Constants/	OK(200):web_reference			- **dataset**: NIST CODATA / Constants — https://physics.nist.gov/cuu/Constants/
docs/BENCHMARK_DATA_CITATIONS.md	3372	text	url	https://physics.nist.gov/cuu/Constants/	OK(200):web_reference			- **dataset**: NIST CODATA / Constants — https://physics.nist.gov/cuu/Constants/
docs/BENCHMARK_DATA_CITATIONS.md	3374	text	url	https://physics.nist.gov/cuu/Constants/	OK(200):web_reference			- **dataset**: NIST CODATA / Constants — https://physics.nist.gov/cuu/Constants/
docs/BENCHMARK_DATA_CITATIONS.md	3454	text	url	https://physics.nist.gov/cuu/Constants/	OK(200):web_reference			- **dataset**: NIST CODATA / Constants — https://physics.nist.gov/cuu/Constants/
docs/BENCHMARK_DATA_CITATIONS.md	3455	text	url	https://physics.nist.gov/cuu/Constants/	OK(200):web_reference			- **dataset**: NIST CODATA / Constants — https://physics.nist.gov/cuu/Constants/
docs/BENCHMARK_DATA_CITATIONS.md	3525	text	url	https://physics.nist.gov/cuu/Constants/	OK(200):web_reference			- **dataset**: NIST CODATA / Constants — https://physics.nist.gov/cuu/Constants/
docs/BENCHMARK_DATA_CITATIONS.md	3533	text	url	https://physics.nist.gov/cuu/Constants/	OK(200):web_reference			- **dataset**: NIST CODATA / Constants — https://physics.nist.gov/cuu/Constants/
docs/BENCHMARK_DATA_CITATIONS.md	3581	text	url	https://physics.nist.gov/cuu/Constants/	OK(200):web_reference			- **dataset**: NIST CODATA / Constants — https://physics.nist.gov/cuu/Constants/
docs/BENCHMARK_DATA_CITATIONS.md	3582	text	url	https://physics.nist.gov/cuu/Constants/	OK(200):web_reference			- **dataset**: NIST CODATA / Constants — https://physics.nist.gov/cuu/Constants/
docs/BENCHMARK_DATA_CITATIONS.md	3684	text	url	https://physics.nist.gov/cuu/Constants/	OK(200):web_reference			- **dataset**: NIST CODATA / Constants — https://physics.nist.gov/cuu/Constants/
docs/BENCHMARK_DATA_CITATIONS.md	3685	text	url	https://physics.nist.gov/cuu/Constants/	OK(200):web_reference			- **dataset**: NIST CODATA / Constants — https://physics.nist.gov/cuu/Constants/
docs/BENCHMARK_DATA_CITATIONS.md	3689	text	url	https://physics.nist.gov/cuu/Constants/	OK(200):web_reference			- **dataset**: NIST CODATA / Constants — https://physics.nist.gov/cuu/Constants/
docs/BENCHMARK_DATA_CITATIONS.md	3692	text	url	https://physics.nist.gov/cuu/Constants/	OK(200):web_reference			- **dataset**: NIST CODATA / Constants — https://physics.nist.gov/cuu/Constants/
docs/BENCHMARK_DATA_CITATIONS.md	3699	text	url	https://physics.nist.gov/cuu/Constants/	OK(200):web_reference			- **dataset**: NIST CODATA / Constants — https://physics.nist.gov/cuu/Constants/
docs/BENCHMARK_DATA_CITATIONS.md	3700	text	url	https://physics.nist.gov/cuu/Constants/	OK(200):web_reference			- **dataset**: NIST CODATA / Constants — https://physics.nist.gov/cuu/Constants/
docs/BENCHMARK_DATA_CITATIONS.md	3704	text	url	https://physics.nist.gov/cuu/Constants/	OK(200):web_reference			- **dataset**: NIST CODATA / Constants — https://physics.nist.gov/cuu/Constants/
docs/BENCHMARK_DATA_CITATIONS.md	3707	text	url	https://physics.nist.gov/cuu/Constants/	OK(200):web_reference			- **dataset**: NIST CODATA / Constants — https://physics.nist.gov/cuu/Constants/
docs/BENCHMARK_DATA_CITATIONS.md	3829	text	url	https://physics.nist.gov/cuu/Constants/	OK(200):web_reference			- **dataset**: NIST CODATA / Constants — https://physics.nist.gov/cuu/Constants/
docs/BENCHMARK_DATA_CITATIONS.md	3840	text	url	https://physics.nist.gov/cuu/Constants/	OK(200):web_reference			- **dataset**: NIST CODATA / Constants — https://physics.nist.gov/cuu/Constants/
docs/BENCHMARK_DATA_CITATIONS.md	3946	text	url	https://physics.nist.gov/cuu/Constants/	OK(200):web_reference			- **dataset**: NIST CODATA / Constants — https://physics.nist.gov/cuu/Constants/
docs/BENCHMARK_DATA_CITATIONS.md	3947	text	url	https://physics.nist.gov/cuu/Constants/	OK(200):web_reference			- **dataset**: NIST CODATA / Constants — https://physics.nist.gov/cuu/Constants/
docs/BENCHMARK_DATA_CITATIONS.md	4013	text	url	https://physics.nist.gov/cuu/Constants/	OK(200):web_reference			- **dataset**: NIST CODATA / Constants — https://physics.nist.gov/cuu/Constants/
docs/BENCHMARK_DATA_CITATIONS.md	4014	text	url	https://physics.nist.gov/cuu/Constants/	OK(200):web_reference			- **dataset**: NIST CODATA / Constants — https://physics.nist.gov/cuu/Constants/
docs/BENCHMARK_DATA_CITATIONS.md	4018	text	url	https://physics.nist.gov/cuu/Constants/	OK(200):web_reference			- **dataset**: NIST CODATA / Constants — https://physics.nist.gov/cuu/Constants/
docs/BENCHMARK_DATA_CITATIONS.md	4062	text	url	https://physics.nist.gov/cuu/Constants/	OK(200):web_reference			- **dataset**: NIST CODATA / Constants — https://physics.nist.gov/cuu/Constants/
docs/BENCHMARK_DATA_CITATIONS.md	4063	text	url	https://physics.nist.gov/cuu/Constants/	OK(200):web_reference			- **dataset**: NIST CODATA / Constants — https://physics.nist.gov/cuu/Constants/
docs/BENCHMARK_DATA_CITATIONS.md	4067	text	url	https://physics.nist.gov/cuu/Constants/	OK(200):web_reference			- **dataset**: NIST CODATA / Constants — https://physics.nist.gov/cuu/Constants/
docs/BENCHMARK_DATA_CITATIONS.md	4070	text	url	https://physics.nist.gov/cuu/Constants/	OK(200):web_reference			- **dataset**: NIST CODATA / Constants — https://physics.nist.gov/cuu/Constants/
docs/BENCHMARK_DATA_CITATIONS.md	4072	text	url	https://physics.nist.gov/cuu/Constants/	OK(200):web_reference			- **dataset**: NIST CODATA / Constants — https://physics.nist.gov/cuu/Constants/
docs/BENCHMARK_DATA_CITATIONS.md	4154	text	url	https://physics.nist.gov/cuu/Constants/	OK(200):web_reference			- **dataset**: NIST CODATA / Constants — https://physics.nist.gov/cuu/Constants/
docs/BENCHMARK_DATA_CITATIONS.md	4155	text	url	https://physics.nist.gov/cuu/Constants/	OK(200):web_reference			- **dataset**: NIST CODATA / Constants — https://physics.nist.gov/cuu/Constants/
docs/BENCHMARK_DATA_CITATIONS.md	4159	text	url	https://physics.nist.gov/cuu/Constants/	OK(200):web_reference			- **dataset**: NIST CODATA / Constants — https://physics.nist.gov/cuu/Constants/
docs/BENCHMARK_DATA_CITATIONS.md	4211	text	url	https://physics.nist.gov/cuu/Constants/	OK(200):web_reference			- **dataset**: NIST CODATA / Constants — https://physics.nist.gov/cuu/Constants/
docs/BENCHMARK_DATA_CITATIONS.md	4221	text	url	https://physics.nist.gov/cuu/Constants/	OK(200):web_reference			- **dataset**: NIST CODATA / Constants — https://physics.nist.gov/cuu/Constants/
docs/BENCHMARK_DATA_CITATIONS.md	4231	text	url	https://physics.nist.gov/cuu/Constants/	OK(200):web_reference			- **dataset**: NIST CODATA / Constants — https://physics.nist.gov/cuu/Constants/
docs/BENCHMARK_DATA_CITATIONS.md	4232	text	url	https://physics.nist.gov/cuu/Constants/	OK(200):web_reference			- **dataset**: NIST CODATA / Constants — https://physics.nist.gov/cuu/Constants/
docs/BENCHMARK_DATA_CITATIONS.md	4251	text	url	https://physics.nist.gov/cuu/Constants/	OK(200):web_reference			- **dataset**: NIST CODATA / Constants — https://physics.nist.gov/cuu/Constants/
docs/BENCHMARK_DATA_CITATIONS.md	4275	text	url	https://physics.nist.gov/cuu/Constants/	OK(200):web_reference			- **dataset**: NIST CODATA / Constants — https://physics.nist.gov/cuu/Constants/
docs/BENCHMARK_DATA_CITATIONS.md	4276	text	url	https://physics.nist.gov/cuu/Constants/	OK(200):web_reference			- **dataset**: NIST CODATA / Constants — https://physics.nist.gov/cuu/Constants/
docs/BENCHMARK_DATA_CITATIONS.md	4283	text	url	https://physics.nist.gov/cuu/Constants/	OK(200):web_reference			- **dataset**: NIST CODATA / Constants — https://physics.nist.gov/cuu/Constants/
docs/BENCHMARK_DATA_CITATIONS.md	4284	text	url	https://physics.nist.gov/cuu/Constants/	OK(200):web_reference			- **dataset**: NIST CODATA / Constants — https://physics.nist.gov/cuu/Constants/
docs/BENCHMARK_DATA_CITATIONS.md	4296	text	url	https://physics.nist.gov/cuu/Constants/	OK(200):web_reference			- **dataset**: NIST CODATA / Constants — https://physics.nist.gov/cuu/Constants/
docs/BENCHMARK_DATA_CITATIONS.md	4297	text	url	https://physics.nist.gov/cuu/Constants/	OK(200):web_reference			- **dataset**: NIST CODATA / Constants — https://physics.nist.gov/cuu/Constants/
docs/BENCHMARK_DATA_CITATIONS.md	4308	text	url	https://physics.nist.gov/cuu/Constants/	OK(200):web_reference			- **dataset**: NIST CODATA / Constants — https://physics.nist.gov/cuu/Constants/
docs/BENCHMARK_DATA_CITATIONS.md	4309	text	url	https://physics.nist.gov/cuu/Constants/	OK(200):web_reference			- **dataset**: NIST CODATA / Constants — https://physics.nist.gov/cuu/Constants/
docs/BENCHMARK_DATA_CITATIONS.md	4329	text	url	https://physics.nist.gov/cuu/Constants/	OK(200):web_reference			- **dataset**: NIST CODATA / Constants — https://physics.nist.gov/cuu/Constants/
docs/BENCHMARK_DATA_CITATIONS.md	4330	text	url	https://physics.nist.gov/cuu/Constants/	OK(200):web_reference			- **dataset**: NIST CODATA / Constants — https://physics.nist.gov/cuu/Constants/
docs/BENCHMARK_DATA_CITATIONS.md	4334	text	url	https://physics.nist.gov/cuu/Constants/	OK(200):web_reference			- **dataset**: NIST CODATA / Constants — https://physics.nist.gov/cuu/Constants/
docs/BENCHMARK_DATA_CITATIONS.md	4361	text	url	https://physics.nist.gov/cuu/Constants/	OK(200):web_reference			- **dataset**: NIST CODATA / Constants — https://physics.nist.gov/cuu/Constants/
docs/BENCHMARK_DATA_CITATIONS.md	4362	text	url	https://physics.nist.gov/cuu/Constants/	OK(200):web_reference			- **dataset**: NIST CODATA / Constants — https://physics.nist.gov/cuu/Constants/
docs/BENCHMARK_DATA_CITATIONS.md	4366	text	url	https://physics.nist.gov/cuu/Constants/	OK(200):web_reference			- **dataset**: NIST CODATA / Constants — https://physics.nist.gov/cuu/Constants/
docs/BENCHMARK_DATA_CITATIONS.md	4369	text	url	https://physics.nist.gov/cuu/Constants/	OK(200):web_reference			- **dataset**: NIST CODATA / Constants — https://physics.nist.gov/cuu/Constants/
docs/BENCHMARK_DATA_CITATIONS.md	4399	text	url	https://physics.nist.gov/cuu/Constants/	OK(200):web_reference			- **dataset**: NIST CODATA / Constants — https://physics.nist.gov/cuu/Constants/
docs/BENCHMARK_DATA_CITATIONS.md	4400	text	url	https://physics.nist.gov/cuu/Constants/	OK(200):web_reference			- **dataset**: NIST CODATA / Constants — https://physics.nist.gov/cuu/Constants/
docs/BENCHMARK_DATA_CITATIONS.md	4413	text	url	https://physics.nist.gov/cuu/Constants/	OK(200):web_reference			- **dataset**: NIST CODATA / Constants — https://physics.nist.gov/cuu/Constants/
docs/BENCHMARK_DATA_CITATIONS.md	4414	text	url	https://physics.nist.gov/cuu/Constants/	OK(200):web_reference			- **dataset**: NIST CODATA / Constants — https://physics.nist.gov/cuu/Constants/
docs/BENCHMARK_DATA_CITATIONS.md	4418	text	url	https://physics.nist.gov/cuu/Constants/	OK(200):web_reference			- **dataset**: NIST CODATA / Constants — https://physics.nist.gov/cuu/Constants/
docs/BENCHMARK_DATA_CITATIONS.md	4464	text	url	https://physics.nist.gov/cuu/Constants/	OK(200):web_reference			- **dataset**: NIST CODATA / Constants — https://physics.nist.gov/cuu/Constants/
docs/BENCHMARK_DATA_CITATIONS.md	4465	text	url	https://physics.nist.gov/cuu/Constants/	OK(200):web_reference			- **dataset**: NIST CODATA / Constants — https://physics.nist.gov/cuu/Constants/
docs/BENCHMARK_DATA_CITATIONS.md	4531	text	url	https://physics.nist.gov/cuu/Constants/	OK(200):web_reference			- **dataset**: NIST CODATA / Constants — https://physics.nist.gov/cuu/Constants/
docs/BENCHMARK_DATA_CITATIONS.md	4532	text	url	https://physics.nist.gov/cuu/Constants/	OK(200):web_reference			- **dataset**: NIST CODATA / Constants — https://physics.nist.gov/cuu/Constants/
docs/BENCHMARK_DATA_CITATIONS.md	4536	text	url	https://physics.nist.gov/cuu/Constants/	OK(200):web_reference			- **dataset**: NIST CODATA / Constants — https://physics.nist.gov/cuu/Constants/
docs/BENCHMARK_DATA_CITATIONS.md	4555	text	url	https://physics.nist.gov/cuu/Constants/	OK(200):web_reference			- **dataset**: NIST CODATA / Constants — https://physics.nist.gov/cuu/Constants/
docs/BENCHMARK_DATA_CITATIONS.md	4562	text	url	https://physics.nist.gov/cuu/Constants/	OK(200):web_reference			- **dataset**: NIST CODATA / Constants — https://physics.nist.gov/cuu/Constants/
docs/BENCHMARK_DATA_CITATIONS.md	4563	text	url	https://physics.nist.gov/cuu/Constants/	OK(200):web_reference			- **dataset**: NIST CODATA / Constants — https://physics.nist.gov/cuu/Constants/
docs/BENCHMARK_DATA_CITATIONS.md	4567	text	url	https://physics.nist.gov/cuu/Constants/	OK(200):web_reference			- **dataset**: NIST CODATA / Constants — https://physics.nist.gov/cuu/Constants/
docs/BENCHMARK_DATA_CITATIONS.md	4630	text	url	https://physics.nist.gov/cuu/Constants/	OK(200):web_reference			- **dataset**: NIST CODATA / Constants — https://physics.nist.gov/cuu/Constants/
docs/BENCHMARK_DATA_CITATIONS.md	4631	text	url	https://physics.nist.gov/cuu/Constants/	OK(200):web_reference			- **dataset**: NIST CODATA / Constants — https://physics.nist.gov/cuu/Constants/
docs/BENCHMARK_DATA_CITATIONS.md	4635	text	url	https://physics.nist.gov/cuu/Constants/	OK(200):web_reference			- **dataset**: NIST CODATA / Constants — https://physics.nist.gov/cuu/Constants/
docs/BENCHMARK_DATA_CITATIONS.md	4670	text	url	https://physics.nist.gov/cuu/Constants/	OK(200):web_reference			- **dataset**: NIST CODATA / Constants — https://physics.nist.gov/cuu/Constants/
docs/BENCHMARK_DATA_CITATIONS.md	4671	text	url	https://physics.nist.gov/cuu/Constants/	OK(200):web_reference			- **dataset**: NIST CODATA / Constants — https://physics.nist.gov/cuu/Constants/
docs/BENCHMARK_DATA_CITATIONS.md	4675	text	url	https://physics.nist.gov/cuu/Constants/	OK(200):web_reference			- **dataset**: NIST CODATA / Constants — https://physics.nist.gov/cuu/Constants/
docs/BENCHMARK_DATA_CITATIONS.md	4707	text	url	https://physics.nist.gov/cuu/Constants/	OK(200):web_reference			- **dataset**: NIST CODATA / Constants — https://physics.nist.gov/cuu/Constants/
docs/BENCHMARK_DATA_CITATIONS.md	4708	text	url	https://physics.nist.gov/cuu/Constants/	OK(200):web_reference			- **dataset**: NIST CODATA / Constants — https://physics.nist.gov/cuu/Constants/
docs/BENCHMARK_DATA_CITATIONS.md	4725	text	url	https://physics.nist.gov/cuu/Constants/	OK(200):web_reference			- **dataset**: NIST CODATA / Constants — https://physics.nist.gov/cuu/Constants/
docs/BENCHMARK_DATA_CITATIONS.md	4726	text	url	https://physics.nist.gov/cuu/Constants/	OK(200):web_reference			- **dataset**: NIST CODATA / Constants — https://physics.nist.gov/cuu/Constants/
docs/BENCHMARK_DATA_CITATIONS.md	4730	text	url	https://physics.nist.gov/cuu/Constants/	OK(200):web_reference			- **dataset**: NIST CODATA / Constants — https://physics.nist.gov/cuu/Constants/
docs/BENCHMARK_DATA_CITATIONS.md	4733	text	url	https://physics.nist.gov/cuu/Constants/	OK(200):web_reference			- **dataset**: NIST CODATA / Constants — https://physics.nist.gov/cuu/Constants/
docs/BENCHMARK_DATA_CITATIONS.md	4828	text	url	https://physics.nist.gov/cuu/Constants/	OK(200):web_reference			- **dataset**: NIST CODATA / Constants — https://physics.nist.gov/cuu/Constants/
docs/BENCHMARK_DATA_CITATIONS.md	4829	text	url	https://physics.nist.gov/cuu/Constants/	OK(200):web_reference			- **dataset**: NIST CODATA / Constants — https://physics.nist.gov/cuu/Constants/
docs/BENCHMARK_DATA_CITATIONS.md	4833	text	url	https://physics.nist.gov/cuu/Constants/	OK(200):web_reference			- **dataset**: NIST CODATA / Constants — https://physics.nist.gov/cuu/Constants/
docs/BENCHMARK_DATA_CITATIONS.md	4845	text	url	https://physics.nist.gov/cuu/Constants/	OK(200):web_reference			- **dataset**: NIST CODATA / Constants — https://physics.nist.gov/cuu/Constants/
docs/BENCHMARK_DATA_CITATIONS.md	4846	text	url	https://physics.nist.gov/cuu/Constants/	OK(200):web_reference			- **dataset**: NIST CODATA / Constants — https://physics.nist.gov/cuu/Constants/
docs/BENCHMARK_DATA_CITATIONS.md	4850	text	url	https://physics.nist.gov/cuu/Constants/	OK(200):web_reference			- **dataset**: NIST CODATA / Constants — https://physics.nist.gov/cuu/Constants/
docs/BENCHMARK_DATA_CITATIONS.md	4860	text	url	https://physics.nist.gov/cuu/Constants/	OK(200):web_reference			- **dataset**: NIST CODATA / Constants — https://physics.nist.gov/cuu/Constants/
docs/BENCHMARK_DATA_CITATIONS.md	4870	text	url	https://physics.nist.gov/cuu/Constants/	OK(200):web_reference			- **dataset**: NIST CODATA / Constants — https://physics.nist.gov/cuu/Constants/
docs/BENCHMARK_DATA_CITATIONS.md	4871	text	url	https://physics.nist.gov/cuu/Constants/	OK(200):web_reference			- **dataset**: NIST CODATA / Constants — https://physics.nist.gov/cuu/Constants/
docs/BENCHMARK_DATA_CITATIONS.md	4888	text	url	https://physics.nist.gov/cuu/Constants/	OK(200):web_reference			- **dataset**: NIST CODATA / Constants — https://physics.nist.gov/cuu/Constants/
docs/BENCHMARK_DATA_CITATIONS.md	4889	text	url	https://physics.nist.gov/cuu/Constants/	OK(200):web_reference			- **dataset**: NIST CODATA / Constants — https://physics.nist.gov/cuu/Constants/
docs/BENCHMARK_DATA_CITATIONS.md	4914	text	url	https://physics.nist.gov/cuu/Constants/	OK(200):web_reference			- **dataset**: NIST CODATA / Constants — https://physics.nist.gov/cuu/Constants/
docs/BENCHMARK_DATA_CITATIONS.md	4915	text	url	https://physics.nist.gov/cuu/Constants/	OK(200):web_reference			- **dataset**: NIST CODATA / Constants — https://physics.nist.gov/cuu/Constants/
docs/BENCHMARK_DATA_CITATIONS.md	4923	text	url	https://physics.nist.gov/cuu/Constants/	OK(200):web_reference			- **dataset**: NIST CODATA / Constants — https://physics.nist.gov/cuu/Constants/
docs/BENCHMARK_DATA_CITATIONS.md	4928	text	url	https://physics.nist.gov/cuu/Constants/	OK(200):web_reference			- **dataset**: NIST CODATA / Constants — https://physics.nist.gov/cuu/Constants/
docs/BENCHMARK_DATA_CITATIONS.md	4933	text	url	https://physics.nist.gov/cuu/Constants/	OK(200):web_reference			- **dataset**: NIST CODATA / Constants — https://physics.nist.gov/cuu/Constants/
docs/BENCHMARK_DATA_CITATIONS.md	4996	text	url	https://physics.nist.gov/cuu/Constants/	OK(200):web_reference			- **dataset**: NIST CODATA / Constants — https://physics.nist.gov/cuu/Constants/
docs/BENCHMARK_DATA_CITATIONS.md	4997	text	url	https://physics.nist.gov/cuu/Constants/	OK(200):web_reference			- **dataset**: NIST CODATA / Constants — https://physics.nist.gov/cuu/Constants/
docs/BENCHMARK_DATA_CITATIONS.md	5001	text	url	https://physics.nist.gov/cuu/Constants/	OK(200):web_reference			- **dataset**: NIST CODATA / Constants — https://physics.nist.gov/cuu/Constants/
docs/BENCHMARK_DATA_CITATIONS.md	5004	text	url	https://physics.nist.gov/cuu/Constants/	OK(200):web_reference			- **dataset**: NIST CODATA / Constants — https://physics.nist.gov/cuu/Constants/
docs/BENCHMARK_DATA_CITATIONS.md	5035	text	url	https://physics.nist.gov/cuu/Constants/	OK(200):web_reference			- **dataset**: NIST CODATA / Constants — https://physics.nist.gov/cuu/Constants/
docs/BENCHMARK_DATA_CITATIONS.md	5036	text	url	https://physics.nist.gov/cuu/Constants/	OK(200):web_reference			- **dataset**: NIST CODATA / Constants — https://physics.nist.gov/cuu/Constants/
docs/BENCHMARK_DATA_CITATIONS.md	5040	text	url	https://physics.nist.gov/cuu/Constants/	OK(200):web_reference			- **dataset**: NIST CODATA / Constants — https://physics.nist.gov/cuu/Constants/
docs/BENCHMARK_DATA_CITATIONS.md	5043	text	url	https://physics.nist.gov/cuu/Constants/	OK(200):web_reference			- **dataset**: NIST CODATA / Constants — https://physics.nist.gov/cuu/Constants/
docs/BENCHMARK_DATA_CITATIONS.md	5055	text	url	https://physics.nist.gov/cuu/Constants/	OK(200):web_reference			- **dataset**: NIST CODATA / Constants — https://physics.nist.gov/cuu/Constants/
docs/BENCHMARK_DATA_CITATIONS.md	5056	text	url	https://physics.nist.gov/cuu/Constants/	OK(200):web_reference			- **dataset**: NIST CODATA / Constants — https://physics.nist.gov/cuu/Constants/
docs/BENCHMARK_DATA_CITATIONS.md	5060	text	url	https://physics.nist.gov/cuu/Constants/	OK(200):web_reference			- **dataset**: NIST CODATA / Constants — https://physics.nist.gov/cuu/Constants/
docs/BENCHMARK_DATA_CITATIONS.md	5063	text	url	https://physics.nist.gov/cuu/Constants/	OK(200):web_reference			- **dataset**: NIST CODATA / Constants — https://physics.nist.gov/cuu/Constants/
docs/BENCHMARK_DATA_CITATIONS.md	5138	text	url	https://physics.nist.gov/cuu/Constants/	OK(200):web_reference			- **dataset**: NIST CODATA / Constants — https://physics.nist.gov/cuu/Constants/
docs/BENCHMARK_DATA_CITATIONS.md	5139	text	url	https://physics.nist.gov/cuu/Constants/	OK(200):web_reference			- **dataset**: NIST CODATA / Constants — https://physics.nist.gov/cuu/Constants/
docs/BENCHMARK_DATA_CITATIONS.md	5156	text	url	https://physics.nist.gov/cuu/Constants/	OK(200):web_reference			- **dataset**: NIST CODATA / Constants — https://physics.nist.gov/cuu/Constants/
docs/BENCHMARK_DATA_CITATIONS.md	5157	text	url	https://physics.nist.gov/cuu/Constants/	OK(200):web_reference			- **dataset**: NIST CODATA / Constants — https://physics.nist.gov/cuu/Constants/
docs/BENCHMARK_DATA_CITATIONS.md	5161	text	url	https://physics.nist.gov/cuu/Constants/	OK(200):web_reference			- **dataset**: NIST CODATA / Constants — https://physics.nist.gov/cuu/Constants/
docs/BENCHMARK_DATA_CITATIONS.md	5164	text	url	https://physics.nist.gov/cuu/Constants/	OK(200):web_reference			- **dataset**: NIST CODATA / Constants — https://physics.nist.gov/cuu/Constants/
docs/BENCHMARK_DATA_CITATIONS.md	5186	text	url	https://physics.nist.gov/cuu/Constants/	OK(200):web_reference			- **dataset**: NIST CODATA / Constants — https://physics.nist.gov/cuu/Constants/
docs/BENCHMARK_DATA_CITATIONS.md	5187	text	url	https://physics.nist.gov/cuu/Constants/	OK(200):web_reference			- **dataset**: NIST CODATA / Constants — https://physics.nist.gov/cuu/Constants/
docs/BENCHMARK_DATA_CITATIONS.md	5191	text	url	https://physics.nist.gov/cuu/Constants/	OK(200):web_reference			- **dataset**: NIST CODATA / Constants — https://physics.nist.gov/cuu/Constants/
docs/BENCHMARK_DATA_CITATIONS.md	5194	text	url	https://physics.nist.gov/cuu/Constants/	OK(200):web_reference			- **dataset**: NIST CODATA / Constants — https://physics.nist.gov/cuu/Constants/
docs/BENCHMARK_DATA_CITATIONS.md	5235	text	url	https://physics.nist.gov/cuu/Constants/	OK(200):web_reference			- **dataset**: NIST CODATA / Constants — https://physics.nist.gov/cuu/Constants/
docs/BENCHMARK_DATA_CITATIONS.md	5236	text	url	https://physics.nist.gov/cuu/Constants/	OK(200):web_reference			- **dataset**: NIST CODATA / Constants — https://physics.nist.gov/cuu/Constants/
docs/BENCHMARK_DATA_CITATIONS.md	5240	text	url	https://physics.nist.gov/cuu/Constants/	OK(200):web_reference			- **dataset**: NIST CODATA / Constants — https://physics.nist.gov/cuu/Constants/
docs/BENCHMARK_DATA_CITATIONS.md	5277	text	url	https://physics.nist.gov/cuu/Constants/	OK(200):web_reference			- **dataset**: NIST CODATA / Constants — https://physics.nist.gov/cuu/Constants/
docs/BENCHMARK_DATA_CITATIONS.md	5278	text	url	https://physics.nist.gov/cuu/Constants/	OK(200):web_reference			- **dataset**: NIST CODATA / Constants — https://physics.nist.gov/cuu/Constants/
docs/BENCHMARK_DATA_CITATIONS.md	5282	text	url	https://physics.nist.gov/cuu/Constants/	OK(200):web_reference			- **dataset**: NIST CODATA / Constants — https://physics.nist.gov/cuu/Constants/
docs/BENCHMARK_DATA_CITATIONS.md	5285	text	url	https://physics.nist.gov/cuu/Constants/	OK(200):web_reference			- **dataset**: NIST CODATA / Constants — https://physics.nist.gov/cuu/Constants/
docs/BENCHMARK_DATA_CITATIONS.md	5317	text	url	https://physics.nist.gov/cuu/Constants/	OK(200):web_reference			- **dataset**: NIST CODATA / Constants — https://physics.nist.gov/cuu/Constants/
docs/BENCHMARK_DATA_CITATIONS.md	5318	text	url	https://physics.nist.gov/cuu/Constants/	OK(200):web_reference			- **dataset**: NIST CODATA / Constants — https://physics.nist.gov/cuu/Constants/
docs/BENCHMARK_DATA_CITATIONS.md	5341	text	url	https://physics.nist.gov/cuu/Constants/	OK(200):web_reference			- **dataset**: NIST CODATA / Constants — https://physics.nist.gov/cuu/Constants/
docs/BENCHMARK_DATA_CITATIONS.md	5342	text	url	https://physics.nist.gov/cuu/Constants/	OK(200):web_reference			- **dataset**: NIST CODATA / Constants — https://physics.nist.gov/cuu/Constants/
docs/BENCHMARK_DATA_CITATIONS.md	5346	text	url	https://physics.nist.gov/cuu/Constants/	OK(200):web_reference			- **dataset**: NIST CODATA / Constants — https://physics.nist.gov/cuu/Constants/
docs/BENCHMARK_DATA_CITATIONS.md	5349	text	url	https://physics.nist.gov/cuu/Constants/	OK(200):web_reference			- **dataset**: NIST CODATA / Constants — https://physics.nist.gov/cuu/Constants/
docs/BENCHMARK_DATA_CITATIONS.md	5469	text	url	https://physics.nist.gov/cuu/Constants/	OK(200):web_reference			- **dataset**: NIST CODATA / Constants — https://physics.nist.gov/cuu/Constants/
docs/BENCHMARK_DATA_CITATIONS.md	5639	text	url	https://physics.nist.gov/cuu/Constants/	OK(200):web_reference			- **dataset**: NIST CODATA / Constants — https://physics.nist.gov/cuu/Constants/
docs/BENCHMARK_DATA_CITATIONS.md	176	text	url	https://physics.nist.gov/cuu/Constants/Table/allascii.txt	OK(200):web_reference			| dataset | NIST CODATA recommended values (ASCII table) | https://physics.nist.gov/cuu/Constants/Table/allascii.txt | 7 |
docs/BENCHMARK_DATA_CITATIONS.md	1936	text	url	https://physics.nist.gov/cuu/Constants/Table/allascii.txt	OK(200):web_reference			- **dataset**: NIST CODATA recommended values (ASCII table) — https://physics.nist.gov/cuu/Constants/Table/allascii.txt
docs/BENCHMARK_DATA_CITATIONS.md	2083	text	url	https://physics.nist.gov/cuu/Constants/Table/allascii.txt	OK(200):web_reference			- **dataset**: NIST CODATA recommended values (ASCII table) — https://physics.nist.gov/cuu/Constants/Table/allascii.txt
docs/BENCHMARK_DATA_CITATIONS.md	2781	text	url	https://physics.nist.gov/cuu/Constants/Table/allascii.txt	OK(200):web_reference			- **dataset**: NIST CODATA recommended values (ASCII table) — https://physics.nist.gov/cuu/Constants/Table/allascii.txt
docs/BENCHMARK_DATA_CITATIONS.md	3212	text	url	https://physics.nist.gov/cuu/Constants/Table/allascii.txt	OK(200):web_reference			- **dataset**: NIST CODATA recommended values (ASCII table) — https://physics.nist.gov/cuu/Constants/Table/allascii.txt
docs/BENCHMARK_DATA_CITATIONS.md	3213	text	url	https://physics.nist.gov/cuu/Constants/Table/allascii.txt	OK(200):web_reference			- **dataset**: NIST CODATA recommended values (ASCII table) — https://physics.nist.gov/cuu/Constants/Table/allascii.txt
docs/BENCHMARK_DATA_CITATIONS.md	4548	text	url	https://physics.nist.gov/cuu/Constants/Table/allascii.txt	OK(200):web_reference			- **dataset**: NIST CODATA recommended values (ASCII table) — https://physics.nist.gov/cuu/Constants/Table/allascii.txt
docs/BENCHMARK_DATA_CITATIONS.md	4559	text	url	https://physics.nist.gov/cuu/Constants/Table/allascii.txt	OK(200):web_reference			- **dataset**: NIST CODATA recommended values (ASCII table) — https://physics.nist.gov/cuu/Constants/Table/allascii.txt
docs/BENCHMARK_DATA_CITATIONS.md	5393	text	url	https://physics.nist.gov/cuu/Constants/Table/allascii.txt	OK(200):web_reference			- **dataset**: NIST CODATA recommended values (ASCII table) — https://physics.nist.gov/cuu/Constants/Table/allascii.txt
docs/BENCHMARK_DATA_CITATIONS.md	5399	text	url	https://physics.nist.gov/cuu/Constants/Table/allascii.txt	OK(200):web_reference			- **dataset**: NIST CODATA recommended values (ASCII table) — https://physics.nist.gov/cuu/Constants/Table/allascii.txt
docs/BENCHMARK_DATA_CITATIONS.md	5471	text	url	https://physics.nist.gov/cuu/Constants/Table/allascii.txt	OK(200):web_reference			- **dataset**: NIST CODATA recommended values (ASCII table) — https://physics.nist.gov/cuu/Constants/Table/allascii.txt
docs/BENCHMARK_DATA_CITATIONS.md	5475	text	url	https://physics.nist.gov/cuu/Constants/Table/allascii.txt	OK(200):web_reference			- **dataset**: NIST CODATA recommended values (ASCII table) — https://physics.nist.gov/cuu/Constants/Table/allascii.txt
docs/BENCHMARK_DATA_CITATIONS.md	5671	text	url	https://physics.nist.gov/cuu/Constants/Table/allascii.txt	OK(200):web_reference			- `nist_codata` (tier38_public_apis): https://physics.nist.gov/cuu/Constants/Table/allascii.txt [auth=none]
docs/BENCHMARK_DATA_CITATIONS.md	5727	text	url	https://physics.nist.gov/cuu/Constants/Table/allascii.txt	OK(200):web_reference			- `nist_codata_ascii`: NIST CODATA constants table — https://physics.nist.gov/cuu/Constants/Table/allascii.txt
docs/THESIS_APPENDIX_XI.md	98	text	url	https://physics.nist.gov/cuu/Constants/Table/allascii.txt	OK(200):web_reference			- `nist_codata`: https://physics.nist.gov/cuu/Constants/Table/allascii.txt
data/lab_registry.json	875	reference_url	url	https://portal.brain-map.org/	OK(200):web_reference			"reference_url": "https://portal.brain-map.org/",
data/lab_registry.json	1010	reference_url	url	https://portal.brain-map.org/	OK(200):web_reference			"reference_url": "https://portal.brain-map.org/",
data/lab_registry.json	1037	reference_url	url	https://portal.brain-map.org/	OK(200):web_reference			"reference_url": "https://portal.brain-map.org/",
data/lab_registry.json	1064	reference_url	url	https://portal.brain-map.org/	OK(200):web_reference			"reference_url": "https://portal.brain-map.org/",
data/lab_registry.json	1091	reference_url	url	https://portal.brain-map.org/	OK(200):web_reference			"reference_url": "https://portal.brain-map.org/",
data/lab_registry.json	1118	reference_url	url	https://portal.brain-map.org/	OK(200):web_reference			"reference_url": "https://portal.brain-map.org/",
docs/BENCHMARK_DATA_CITATIONS.md	55	text	url	https://pubchem.ncbi.nlm.nih.gov/docs/pug-rest	OK(200):web_reference			| api | PubChem PUG REST | https://pubchem.ncbi.nlm.nih.gov/docs/pug-rest | 13 |
docs/BENCHMARK_DATA_CITATIONS.md	1393	text	url	https://pubchem.ncbi.nlm.nih.gov/docs/pug-rest	OK(200):web_reference			- **api**: PubChem PUG REST — https://pubchem.ncbi.nlm.nih.gov/docs/pug-rest
docs/BENCHMARK_DATA_CITATIONS.md	1396	text	url	https://pubchem.ncbi.nlm.nih.gov/docs/pug-rest	OK(200):web_reference			- **api**: PubChem PUG REST — https://pubchem.ncbi.nlm.nih.gov/docs/pug-rest
docs/BENCHMARK_DATA_CITATIONS.md	1729	text	url	https://pubchem.ncbi.nlm.nih.gov/docs/pug-rest	OK(200):web_reference			- **api**: PubChem PUG REST — https://pubchem.ncbi.nlm.nih.gov/docs/pug-rest
docs/BENCHMARK_DATA_CITATIONS.md	1949	text	url	https://pubchem.ncbi.nlm.nih.gov/docs/pug-rest	OK(200):web_reference			- **api**: PubChem PUG REST — https://pubchem.ncbi.nlm.nih.gov/docs/pug-rest
docs/BENCHMARK_DATA_CITATIONS.md	2776	text	url	https://pubchem.ncbi.nlm.nih.gov/docs/pug-rest	OK(200):web_reference			- **api**: PubChem PUG REST — https://pubchem.ncbi.nlm.nih.gov/docs/pug-rest
docs/BENCHMARK_DATA_CITATIONS.md	2901	text	url	https://pubchem.ncbi.nlm.nih.gov/docs/pug-rest	OK(200):web_reference			- **api**: PubChem PUG REST — https://pubchem.ncbi.nlm.nih.gov/docs/pug-rest
docs/BENCHMARK_DATA_CITATIONS.md	3245	text	url	https://pubchem.ncbi.nlm.nih.gov/docs/pug-rest	OK(200):web_reference			- **api**: PubChem PUG REST — https://pubchem.ncbi.nlm.nih.gov/docs/pug-rest
docs/BENCHMARK_DATA_CITATIONS.md	3832	text	url	https://pubchem.ncbi.nlm.nih.gov/docs/pug-rest	OK(200):web_reference			- **api**: PubChem PUG REST — https://pubchem.ncbi.nlm.nih.gov/docs/pug-rest
docs/BENCHMARK_DATA_CITATIONS.md	4169	text	url	https://pubchem.ncbi.nlm.nih.gov/docs/pug-rest	OK(200):web_reference			- **api**: PubChem PUG REST — https://pubchem.ncbi.nlm.nih.gov/docs/pug-rest
docs/BENCHMARK_DATA_CITATIONS.md	4549	text	url	https://pubchem.ncbi.nlm.nih.gov/docs/pug-rest	OK(200):web_reference			- **api**: PubChem PUG REST — https://pubchem.ncbi.nlm.nih.gov/docs/pug-rest
docs/BENCHMARK_DATA_CITATIONS.md	5014	text	url	https://pubchem.ncbi.nlm.nih.gov/docs/pug-rest	OK(200):web_reference			- **api**: PubChem PUG REST — https://pubchem.ncbi.nlm.nih.gov/docs/pug-rest
docs/BENCHMARK_DATA_CITATIONS.md	5174	text	url	https://pubchem.ncbi.nlm.nih.gov/docs/pug-rest	OK(200):web_reference			- **api**: PubChem PUG REST — https://pubchem.ncbi.nlm.nih.gov/docs/pug-rest
docs/BENCHMARK_DATA_CITATIONS.md	5398	text	url	https://pubchem.ncbi.nlm.nih.gov/docs/pug-rest	OK(200):web_reference			- **api**: PubChem PUG REST — https://pubchem.ncbi.nlm.nih.gov/docs/pug-rest
docs/BENCHMARK_DATA_CITATIONS.md	5402	text	url	https://pubchem.ncbi.nlm.nih.gov/docs/pug-rest	OK(200):web_reference			- **api**: PubChem PUG REST — https://pubchem.ncbi.nlm.nih.gov/docs/pug-rest
docs/BENCHMARK_DATA_CITATIONS.md	5468	text	url	https://pubchem.ncbi.nlm.nih.gov/docs/pug-rest	OK(200):web_reference			- **api**: PubChem PUG REST — https://pubchem.ncbi.nlm.nih.gov/docs/pug-rest
docs/BENCHMARK_DATA_CITATIONS.md	5478	text	url	https://pubchem.ncbi.nlm.nih.gov/docs/pug-rest	OK(200):web_reference			- **api**: PubChem PUG REST — https://pubchem.ncbi.nlm.nih.gov/docs/pug-rest
docs/BENCHMARK_DATA_CITATIONS.md	5730	text	url	https://pubchem.ncbi.nlm.nih.gov/rest/pug/compound/cid/2244/property/MolecularWeight	HTTP_ERROR(400):api_endpoint_or_template			- `pubchem_cid_2244`: PubChem aspirin (CID 2244) properties — https://pubchem.ncbi.nlm.nih.gov/rest/pug/compound/cid/2244/property/MolecularWeight,IUPACName,CanonicalSMILES/JSON
docs/BENCHMARK_DATA_CITATIONS.md	5678	text	url	https://pubchem.ncbi.nlm.nih.gov/rest/pug/compound/cid/{cid	HTTP_ERROR(400):api_endpoint_or_template			- `pubchem` (tier38_public_apis): https://pubchem.ncbi.nlm.nih.gov/rest/pug/compound/cid/{cid}/property/MolecularWeight,CanonicalSMILES/JSON [auth=none]
docs/BENCHMARK_DATA_CITATIONS.md	54	text	url	https://raw.githubusercontent.com/owid/co2-data/master/owid-co2-codebook.csv	OK(200):web_reference			| api | Our World in Data CO2 codebook (GitHub raw) | https://raw.githubusercontent.com/owid/co2-data/master/owid-co2-codebook.csv | 1 |
docs/BENCHMARK_DATA_CITATIONS.md	3820	text	url	https://raw.githubusercontent.com/owid/co2-data/master/owid-co2-codebook.csv	OK(200):web_reference			- **api**: Our World in Data CO2 codebook (GitHub raw) — https://raw.githubusercontent.com/owid/co2-data/master/owid-co2-codebook.csv
docs/BENCHMARK_DATA_CITATIONS.md	5718	text	url	https://raw.githubusercontent.com/owid/co2-data/master/owid-co2-codebook.csv	OK(200):web_reference			- `owid_co2_codebook`: Our World in Data CO2 codebook (GitHub raw) — https://raw.githubusercontent.com/owid/co2-data/master/owid-co2-codebook.csv
docs/BENCHMARK_DATA_CITATIONS.md	5705	text	url	https://raw.githubusercontent.com/PantheonPlusSH0ES/DataRelease/main	HTTP_ERROR(404):web_reference			- `sh0es_github` (misc): https://raw.githubusercontent.com/PantheonPlusSH0ES/DataRelease/main [auth=none]
docs/BENCHMARK_DATA_CITATIONS.md	41	text	url	https://rest.ensembl.org/	OK(200):web_reference			| api | Ensembl REST API | https://rest.ensembl.org/ | 1 |
docs/BENCHMARK_DATA_CITATIONS.md	3815	text	url	https://rest.ensembl.org/	OK(200):web_reference			- **api**: Ensembl REST API — https://rest.ensembl.org/
docs/BENCHMARK_DATA_CITATIONS.md	5713	text	url	https://rest.ensembl.org/lookup/id/ENSG00000139618?content-type=application/json	OK(200):api_endpoint_or_template			- `ensembl_brca2`: Ensembl gene lookup (BRCA2) — https://rest.ensembl.org/lookup/id/ENSG00000139618?content-type=application/json
docs/BENCHMARK_DATA_CITATIONS.md	5680	text	url	https://rest.uniprot.org/uniprotkb/{accession	HTTP_ERROR(400):api_endpoint_or_template			- `uniprot` (tier38_public_apis): https://rest.uniprot.org/uniprotkb/{accession}.json [auth=none]
docs/BENCHMARK_DATA_CITATIONS.md	713	text	url	https://services.swpc.noaa.gov/json/goes/primary/xrays-6-hour.json	OK(200):web_reference			| vendor_cache | https://services.swpc.noaa.gov/json/goes/primary/xrays-6-hour.json | https://github.com/dappalumbo91/FSOT-2.1-Lean/tree/main/https://services.swpc.noaa.gov/json/goes/primary/xrays-6-hour.json | 1 |
docs/BENCHMARK_DATA_CITATIONS.md	3487	text	url	https://services.swpc.noaa.gov/json/goes/primary/xrays-6-hour.json	OK(200):web_reference			- **vendor_cache**: https://services.swpc.noaa.gov/json/goes/primary/xrays-6-hour.json — https://github.com/dappalumbo91/FSOT-2.1-Lean/tree/main/https://services.swpc.noaa.gov/json/goes/primary/xrays-6-hour.json
docs/BENCHMARK_DATA_CITATIONS.md	46	text	url	https://ssd.jpl.nasa.gov/	OK(200):web_reference			| api | JPL Solar System Dynamics / Horizons | https://ssd.jpl.nasa.gov/ | 5 |
docs/BENCHMARK_DATA_CITATIONS.md	4545	text	url	https://ssd.jpl.nasa.gov/	OK(200):web_reference			- **api**: JPL Solar System Dynamics / Horizons — https://ssd.jpl.nasa.gov/
docs/BENCHMARK_DATA_CITATIONS.md	4598	text	url	https://ssd.jpl.nasa.gov/	OK(200):web_reference			- **api**: JPL Solar System Dynamics / Horizons — https://ssd.jpl.nasa.gov/
docs/BENCHMARK_DATA_CITATIONS.md	5584	text	url	https://ssd.jpl.nasa.gov/	OK(200):web_reference			- **api**: JPL Solar System Dynamics / Horizons — https://ssd.jpl.nasa.gov/
docs/BENCHMARK_DATA_CITATIONS.md	5597	text	url	https://ssd.jpl.nasa.gov/	OK(200):web_reference			- **api**: JPL Solar System Dynamics / Horizons — https://ssd.jpl.nasa.gov/
docs/BENCHMARK_DATA_CITATIONS.md	5604	text	url	https://ssd.jpl.nasa.gov/	OK(200):web_reference			- **api**: JPL Solar System Dynamics / Horizons — https://ssd.jpl.nasa.gov/
docs/BENCHMARK_DATA_CITATIONS.md	5681	text	url	https://ssd.jpl.nasa.gov/api/horizons.api	OK(200):api_endpoint_or_template			- `jpl_horizons` (geophysics_space_weather): https://ssd.jpl.nasa.gov/api/horizons.api [auth=none]
docs/THESIS_APPENDIX_XI.md	106	text	url	https://ssd.jpl.nasa.gov/api/horizons.api	OK(200):api_endpoint_or_template			- `jpl_horizons`: https://ssd.jpl.nasa.gov/api/horizons.api
docs/BENCHMARK_DATA_CITATIONS.md	45	text	url	https://ssd.jpl.nasa.gov/horizons/	OK(200):web_reference			| api | JPL Horizons system | https://ssd.jpl.nasa.gov/horizons/ | 2 |
docs/BENCHMARK_DATA_CITATIONS.md	3220	text	url	https://ssd.jpl.nasa.gov/horizons/	OK(200):web_reference			- **api**: JPL Horizons system — https://ssd.jpl.nasa.gov/horizons/
docs/BENCHMARK_DATA_CITATIONS.md	4553	text	url	https://ssd.jpl.nasa.gov/horizons/	OK(200):web_reference			- **api**: JPL Horizons system — https://ssd.jpl.nasa.gov/horizons/
docs/BENCHMARK_DATA_CITATIONS.md	57	text	url	https://string-db.org/api/json/version	OK(200):api_endpoint_or_template			| api | STRING protein network API version | https://string-db.org/api/json/version | 1 |
docs/BENCHMARK_DATA_CITATIONS.md	3831	text	url	https://string-db.org/api/json/version	OK(200):api_endpoint_or_template			- **api**: STRING protein network API version — https://string-db.org/api/json/version
docs/BENCHMARK_DATA_CITATIONS.md	5729	text	url	https://string-db.org/api/json/version	OK(200):api_endpoint_or_template			- `stringdb_version`: STRING protein network API version — https://string-db.org/api/json/version
docs/BENCHMARK_DATA_CITATIONS.md	184	text	url	https://ui.adsabs.harvard.edu/	OK(202):web_reference			| literature | Long & Greenwood (1997) — materials / thermoelectric class reference | https://ui.adsabs.harvard.edu/ | 71 |
docs/BENCHMARK_DATA_CITATIONS.md	995	text	url	https://ui.adsabs.harvard.edu/	OK(202):web_reference			- **literature**: Long & Greenwood (1997) — materials / thermoelectric class reference — https://ui.adsabs.harvard.edu/
docs/BENCHMARK_DATA_CITATIONS.md	998	text	url	https://ui.adsabs.harvard.edu/	OK(202):web_reference			- **literature**: Anderson (1966) — localization / condensed-matter classic — https://ui.adsabs.harvard.edu/
docs/BENCHMARK_DATA_CITATIONS.md	1061	text	url	https://ui.adsabs.harvard.edu/	OK(202):web_reference			- **literature**: Long & Greenwood (1997) — materials / thermoelectric class reference — https://ui.adsabs.harvard.edu/
docs/BENCHMARK_DATA_CITATIONS.md	1064	text	url	https://ui.adsabs.harvard.edu/	OK(202):web_reference			- **literature**: Anderson (1966) — localization / condensed-matter classic — https://ui.adsabs.harvard.edu/
docs/BENCHMARK_DATA_CITATIONS.md	1122	text	url	https://ui.adsabs.harvard.edu/	OK(202):web_reference			- **literature**: Long & Greenwood (1997) — materials / thermoelectric class reference — https://ui.adsabs.harvard.edu/
docs/BENCHMARK_DATA_CITATIONS.md	1125	text	url	https://ui.adsabs.harvard.edu/	OK(202):web_reference			- **literature**: Anderson (1966) — localization / condensed-matter classic — https://ui.adsabs.harvard.edu/
docs/BENCHMARK_DATA_CITATIONS.md	1143	text	url	https://ui.adsabs.harvard.edu/	OK(202):web_reference			- **literature**: Long & Greenwood (1997) — materials / thermoelectric class reference — https://ui.adsabs.harvard.edu/
docs/BENCHMARK_DATA_CITATIONS.md	1159	text	url	https://ui.adsabs.harvard.edu/	OK(202):web_reference			- **literature**: Long & Greenwood (1997) — materials / thermoelectric class reference — https://ui.adsabs.harvard.edu/
docs/BENCHMARK_DATA_CITATIONS.md	1162	text	url	https://ui.adsabs.harvard.edu/	OK(202):web_reference			- **literature**: Anderson (1966) — localization / condensed-matter classic — https://ui.adsabs.harvard.edu/
docs/BENCHMARK_DATA_CITATIONS.md	1179	text	url	https://ui.adsabs.harvard.edu/	OK(202):web_reference			- **literature**: Long & Greenwood (1997) — materials / thermoelectric class reference — https://ui.adsabs.harvard.edu/
docs/BENCHMARK_DATA_CITATIONS.md	1194	text	url	https://ui.adsabs.harvard.edu/	OK(202):web_reference			- **literature**: Long & Greenwood (1997) — materials / thermoelectric class reference — https://ui.adsabs.harvard.edu/
docs/BENCHMARK_DATA_CITATIONS.md	1197	text	url	https://ui.adsabs.harvard.edu/	OK(202):web_reference			- **literature**: Anderson (1966) — localization / condensed-matter classic — https://ui.adsabs.harvard.edu/
docs/BENCHMARK_DATA_CITATIONS.md	1229	text	url	https://ui.adsabs.harvard.edu/	OK(202):web_reference			- **literature**: Long & Greenwood (1997) — materials / thermoelectric class reference — https://ui.adsabs.harvard.edu/
docs/BENCHMARK_DATA_CITATIONS.md	1232	text	url	https://ui.adsabs.harvard.edu/	OK(202):web_reference			- **literature**: Anderson (1966) — localization / condensed-matter classic — https://ui.adsabs.harvard.edu/
docs/BENCHMARK_DATA_CITATIONS.md	1306	text	url	https://ui.adsabs.harvard.edu/	OK(202):web_reference			- **literature**: Long & Greenwood (1997) — materials / thermoelectric class reference — https://ui.adsabs.harvard.edu/
docs/BENCHMARK_DATA_CITATIONS.md	1309	text	url	https://ui.adsabs.harvard.edu/	OK(202):web_reference			- **literature**: Anderson (1966) — localization / condensed-matter classic — https://ui.adsabs.harvard.edu/
docs/BENCHMARK_DATA_CITATIONS.md	1371	text	url	https://ui.adsabs.harvard.edu/	OK(202):web_reference			- **literature**: Long & Greenwood (1997) — materials / thermoelectric class reference — https://ui.adsabs.harvard.edu/
docs/BENCHMARK_DATA_CITATIONS.md	1374	text	url	https://ui.adsabs.harvard.edu/	OK(202):web_reference			- **literature**: Anderson (1966) — localization / condensed-matter classic — https://ui.adsabs.harvard.edu/
docs/BENCHMARK_DATA_CITATIONS.md	1566	text	url	https://ui.adsabs.harvard.edu/	OK(202):web_reference			- **literature**: Long & Greenwood (1997) — materials / thermoelectric class reference — https://ui.adsabs.harvard.edu/
docs/BENCHMARK_DATA_CITATIONS.md	1670	text	url	https://ui.adsabs.harvard.edu/	OK(202):web_reference			- **literature**: Long & Greenwood (1997) — materials / thermoelectric class reference — https://ui.adsabs.harvard.edu/
docs/BENCHMARK_DATA_CITATIONS.md	1682	text	url	https://ui.adsabs.harvard.edu/	OK(202):web_reference			- **literature**: Long & Greenwood (1997) — materials / thermoelectric class reference — https://ui.adsabs.harvard.edu/
docs/BENCHMARK_DATA_CITATIONS.md	1685	text	url	https://ui.adsabs.harvard.edu/	OK(202):web_reference			- **literature**: Anderson (1966) — localization / condensed-matter classic — https://ui.adsabs.harvard.edu/
docs/BENCHMARK_DATA_CITATIONS.md	1763	text	url	https://ui.adsabs.harvard.edu/	OK(202):web_reference			- **literature**: Long & Greenwood (1997) — materials / thermoelectric class reference — https://ui.adsabs.harvard.edu/
docs/BENCHMARK_DATA_CITATIONS.md	1766	text	url	https://ui.adsabs.harvard.edu/	OK(202):web_reference			- **literature**: Anderson (1966) — localization / condensed-matter classic — https://ui.adsabs.harvard.edu/
docs/BENCHMARK_DATA_CITATIONS.md	1804	text	url	https://ui.adsabs.harvard.edu/	OK(202):web_reference			- **literature**: Long & Greenwood (1997) — materials / thermoelectric class reference — https://ui.adsabs.harvard.edu/
docs/BENCHMARK_DATA_CITATIONS.md	1864	text	url	https://ui.adsabs.harvard.edu/	OK(202):web_reference			- **literature**: Long & Greenwood (1997) — materials / thermoelectric class reference — https://ui.adsabs.harvard.edu/
docs/BENCHMARK_DATA_CITATIONS.md	1878	text	url	https://ui.adsabs.harvard.edu/	OK(202):web_reference			- **literature**: Long & Greenwood (1997) — materials / thermoelectric class reference — https://ui.adsabs.harvard.edu/
docs/BENCHMARK_DATA_CITATIONS.md	1881	text	url	https://ui.adsabs.harvard.edu/	OK(202):web_reference			- **literature**: Anderson (1966) — localization / condensed-matter classic — https://ui.adsabs.harvard.edu/
docs/BENCHMARK_DATA_CITATIONS.md	1919	text	url	https://ui.adsabs.harvard.edu/	OK(202):web_reference			- **literature**: Long & Greenwood (1997) — materials / thermoelectric class reference — https://ui.adsabs.harvard.edu/
docs/BENCHMARK_DATA_CITATIONS.md	1922	text	url	https://ui.adsabs.harvard.edu/	OK(202):web_reference			- **literature**: Anderson (1966) — localization / condensed-matter classic — https://ui.adsabs.harvard.edu/
docs/BENCHMARK_DATA_CITATIONS.md	1943	text	url	https://ui.adsabs.harvard.edu/	OK(202):web_reference			- **literature**: SH0ES / local distance ladder H0 (Riess et al. series) — https://ui.adsabs.harvard.edu/
docs/BENCHMARK_DATA_CITATIONS.md	1946	text	url	https://ui.adsabs.harvard.edu/	OK(202):web_reference			- **literature**: Anderson (1966) — localization / condensed-matter classic — https://ui.adsabs.harvard.edu/
docs/BENCHMARK_DATA_CITATIONS.md	2061	text	url	https://ui.adsabs.harvard.edu/	OK(202):web_reference			- **literature**: Long & Greenwood (1997) — materials / thermoelectric class reference — https://ui.adsabs.harvard.edu/
docs/BENCHMARK_DATA_CITATIONS.md	2084	text	url	https://ui.adsabs.harvard.edu/	OK(202):web_reference			- **literature**: SH0ES / local distance ladder H0 (Riess et al. series) — https://ui.adsabs.harvard.edu/
docs/BENCHMARK_DATA_CITATIONS.md	2085	text	url	https://ui.adsabs.harvard.edu/	OK(202):web_reference			- **literature**: Anderson (1966) — localization / condensed-matter classic — https://ui.adsabs.harvard.edu/
docs/BENCHMARK_DATA_CITATIONS.md	2086	text	url	https://ui.adsabs.harvard.edu/	OK(202):web_reference			- **literature**: Anderson (1966) — localization / condensed-matter classic — https://ui.adsabs.harvard.edu/
docs/BENCHMARK_DATA_CITATIONS.md	2102	text	url	https://ui.adsabs.harvard.edu/	OK(202):web_reference			- **literature**: Long & Greenwood (1997) — materials / thermoelectric class reference — https://ui.adsabs.harvard.edu/
docs/BENCHMARK_DATA_CITATIONS.md	2105	text	url	https://ui.adsabs.harvard.edu/	OK(202):web_reference			- **literature**: Anderson (1966) — localization / condensed-matter classic — https://ui.adsabs.harvard.edu/
docs/BENCHMARK_DATA_CITATIONS.md	2196	text	url	https://ui.adsabs.harvard.edu/	OK(202):web_reference			- **literature**: Long & Greenwood (1997) — materials / thermoelectric class reference — https://ui.adsabs.harvard.edu/
docs/BENCHMARK_DATA_CITATIONS.md	2211	text	url	https://ui.adsabs.harvard.edu/	OK(202):web_reference			- **literature**: Long & Greenwood (1997) — materials / thermoelectric class reference — https://ui.adsabs.harvard.edu/
docs/BENCHMARK_DATA_CITATIONS.md	2214	text	url	https://ui.adsabs.harvard.edu/	OK(202):web_reference			- **literature**: Anderson (1966) — localization / condensed-matter classic — https://ui.adsabs.harvard.edu/
docs/BENCHMARK_DATA_CITATIONS.md	2229	text	url	https://ui.adsabs.harvard.edu/	OK(202):web_reference			- **literature**: Long & Greenwood (1997) — materials / thermoelectric class reference — https://ui.adsabs.harvard.edu/
docs/BENCHMARK_DATA_CITATIONS.md	2232	text	url	https://ui.adsabs.harvard.edu/	OK(202):web_reference			- **literature**: Anderson (1966) — localization / condensed-matter classic — https://ui.adsabs.harvard.edu/
docs/BENCHMARK_DATA_CITATIONS.md	2245	text	url	https://ui.adsabs.harvard.edu/	OK(202):web_reference			- **literature**: Long & Greenwood (1997) — materials / thermoelectric class reference — https://ui.adsabs.harvard.edu/
docs/BENCHMARK_DATA_CITATIONS.md	2248	text	url	https://ui.adsabs.harvard.edu/	OK(202):web_reference			- **literature**: Anderson (1966) — localization / condensed-matter classic — https://ui.adsabs.harvard.edu/
docs/BENCHMARK_DATA_CITATIONS.md	2366	text	url	https://ui.adsabs.harvard.edu/	OK(202):web_reference			- **literature**: Long & Greenwood (1997) — materials / thermoelectric class reference — https://ui.adsabs.harvard.edu/
docs/BENCHMARK_DATA_CITATIONS.md	2417	text	url	https://ui.adsabs.harvard.edu/	OK(202):web_reference			- **literature**: Long & Greenwood (1997) — materials / thermoelectric class reference — https://ui.adsabs.harvard.edu/
docs/BENCHMARK_DATA_CITATIONS.md	2420	text	url	https://ui.adsabs.harvard.edu/	OK(202):web_reference			- **literature**: Anderson (1966) — localization / condensed-matter classic — https://ui.adsabs.harvard.edu/
docs/BENCHMARK_DATA_CITATIONS.md	2496	text	url	https://ui.adsabs.harvard.edu/	OK(202):web_reference			- **literature**: Long & Greenwood (1997) — materials / thermoelectric class reference — https://ui.adsabs.harvard.edu/
docs/BENCHMARK_DATA_CITATIONS.md	2499	text	url	https://ui.adsabs.harvard.edu/	OK(202):web_reference			- **literature**: Anderson (1966) — localization / condensed-matter classic — https://ui.adsabs.harvard.edu/
docs/BENCHMARK_DATA_CITATIONS.md	2650	text	url	https://ui.adsabs.harvard.edu/	OK(202):web_reference			- **literature**: Long & Greenwood (1997) — materials / thermoelectric class reference — https://ui.adsabs.harvard.edu/
docs/BENCHMARK_DATA_CITATIONS.md	2782	text	url	https://ui.adsabs.harvard.edu/	OK(202):web_reference			- **literature**: Anderson (1966) — localization / condensed-matter classic — https://ui.adsabs.harvard.edu/
docs/BENCHMARK_DATA_CITATIONS.md	2783	text	url	https://ui.adsabs.harvard.edu/	OK(202):web_reference			- **literature**: SH0ES / local distance ladder H0 (Riess et al. series) — https://ui.adsabs.harvard.edu/
docs/BENCHMARK_DATA_CITATIONS.md	2784	text	url	https://ui.adsabs.harvard.edu/	OK(202):web_reference			- **literature**: Anderson (1966) — localization / condensed-matter classic — https://ui.adsabs.harvard.edu/
docs/BENCHMARK_DATA_CITATIONS.md	2796	text	url	https://ui.adsabs.harvard.edu/	OK(202):web_reference			- **literature**: Long & Greenwood (1997) — materials / thermoelectric class reference — https://ui.adsabs.harvard.edu/
docs/BENCHMARK_DATA_CITATIONS.md	2846	text	url	https://ui.adsabs.harvard.edu/	OK(202):web_reference			- **literature**: Long & Greenwood (1997) — materials / thermoelectric class reference — https://ui.adsabs.harvard.edu/
docs/BENCHMARK_DATA_CITATIONS.md	2849	text	url	https://ui.adsabs.harvard.edu/	OK(202):web_reference			- **literature**: Anderson (1966) — localization / condensed-matter classic — https://ui.adsabs.harvard.edu/
docs/BENCHMARK_DATA_CITATIONS.md	2915	text	url	https://ui.adsabs.harvard.edu/	OK(202):web_reference			- **literature**: Long & Greenwood (1997) — materials / thermoelectric class reference — https://ui.adsabs.harvard.edu/
docs/BENCHMARK_DATA_CITATIONS.md	2929	text	url	https://ui.adsabs.harvard.edu/	OK(202):web_reference			- **literature**: Long & Greenwood (1997) — materials / thermoelectric class reference — https://ui.adsabs.harvard.edu/
docs/BENCHMARK_DATA_CITATIONS.md	2943	text	url	https://ui.adsabs.harvard.edu/	OK(202):web_reference			- **literature**: Long & Greenwood (1997) — materials / thermoelectric class reference — https://ui.adsabs.harvard.edu/
docs/BENCHMARK_DATA_CITATIONS.md	2946	text	url	https://ui.adsabs.harvard.edu/	OK(202):web_reference			- **literature**: Anderson (1966) — localization / condensed-matter classic — https://ui.adsabs.harvard.edu/
docs/BENCHMARK_DATA_CITATIONS.md	2968	text	url	https://ui.adsabs.harvard.edu/	OK(202):web_reference			- **literature**: Long & Greenwood (1997) — materials / thermoelectric class reference — https://ui.adsabs.harvard.edu/
docs/BENCHMARK_DATA_CITATIONS.md	2982	text	url	https://ui.adsabs.harvard.edu/	OK(202):web_reference			- **literature**: Long & Greenwood (1997) — materials / thermoelectric class reference — https://ui.adsabs.harvard.edu/
docs/BENCHMARK_DATA_CITATIONS.md	2985	text	url	https://ui.adsabs.harvard.edu/	OK(202):web_reference			- **literature**: Anderson (1966) — localization / condensed-matter classic — https://ui.adsabs.harvard.edu/
docs/BENCHMARK_DATA_CITATIONS.md	3031	text	url	https://ui.adsabs.harvard.edu/	OK(202):web_reference			- **literature**: Long & Greenwood (1997) — materials / thermoelectric class reference — https://ui.adsabs.harvard.edu/
docs/BENCHMARK_DATA_CITATIONS.md	3086	text	url	https://ui.adsabs.harvard.edu/	OK(202):web_reference			- **literature**: Long & Greenwood (1997) — materials / thermoelectric class reference — https://ui.adsabs.harvard.edu/
docs/BENCHMARK_DATA_CITATIONS.md	3089	text	url	https://ui.adsabs.harvard.edu/	OK(202):web_reference			- **literature**: Anderson (1966) — localization / condensed-matter classic — https://ui.adsabs.harvard.edu/
docs/BENCHMARK_DATA_CITATIONS.md	3226	text	url	https://ui.adsabs.harvard.edu/	OK(202):web_reference			- **literature**: Long & Greenwood (1997) — materials / thermoelectric class reference — https://ui.adsabs.harvard.edu/
docs/BENCHMARK_DATA_CITATIONS.md	3229	text	url	https://ui.adsabs.harvard.edu/	OK(202):web_reference			- **literature**: Anderson (1966) — localization / condensed-matter classic — https://ui.adsabs.harvard.edu/
docs/BENCHMARK_DATA_CITATIONS.md	3347	text	url	https://ui.adsabs.harvard.edu/	OK(202):web_reference			- **literature**: Long & Greenwood (1997) — materials / thermoelectric class reference — https://ui.adsabs.harvard.edu/
docs/BENCHMARK_DATA_CITATIONS.md	3350	text	url	https://ui.adsabs.harvard.edu/	OK(202):web_reference			- **literature**: Anderson (1966) — localization / condensed-matter classic — https://ui.adsabs.harvard.edu/
docs/BENCHMARK_DATA_CITATIONS.md	3367	text	url	https://ui.adsabs.harvard.edu/	OK(202):web_reference			- **literature**: Long & Greenwood (1997) — materials / thermoelectric class reference — https://ui.adsabs.harvard.edu/
docs/BENCHMARK_DATA_CITATIONS.md	3370	text	url	https://ui.adsabs.harvard.edu/	OK(202):web_reference			- **literature**: Anderson (1966) — localization / condensed-matter classic — https://ui.adsabs.harvard.edu/
docs/BENCHMARK_DATA_CITATIONS.md	3584	text	url	https://ui.adsabs.harvard.edu/	OK(202):web_reference			- **literature**: Long & Greenwood (1997) — materials / thermoelectric class reference — https://ui.adsabs.harvard.edu/
docs/BENCHMARK_DATA_CITATIONS.md	3687	text	url	https://ui.adsabs.harvard.edu/	OK(202):web_reference			- **literature**: Long & Greenwood (1997) — materials / thermoelectric class reference — https://ui.adsabs.harvard.edu/
docs/BENCHMARK_DATA_CITATIONS.md	3690	text	url	https://ui.adsabs.harvard.edu/	OK(202):web_reference			- **literature**: Anderson (1966) — localization / condensed-matter classic — https://ui.adsabs.harvard.edu/
docs/BENCHMARK_DATA_CITATIONS.md	3702	text	url	https://ui.adsabs.harvard.edu/	OK(202):web_reference			- **literature**: Long & Greenwood (1997) — materials / thermoelectric class reference — https://ui.adsabs.harvard.edu/
docs/BENCHMARK_DATA_CITATIONS.md	3705	text	url	https://ui.adsabs.harvard.edu/	OK(202):web_reference			- **literature**: Anderson (1966) — localization / condensed-matter classic — https://ui.adsabs.harvard.edu/
docs/BENCHMARK_DATA_CITATIONS.md	4016	text	url	https://ui.adsabs.harvard.edu/	OK(202):web_reference			- **literature**: Long & Greenwood (1997) — materials / thermoelectric class reference — https://ui.adsabs.harvard.edu/
docs/BENCHMARK_DATA_CITATIONS.md	4019	text	url	https://ui.adsabs.harvard.edu/	OK(202):web_reference			- **literature**: Anderson (1966) — localization / condensed-matter classic — https://ui.adsabs.harvard.edu/
docs/BENCHMARK_DATA_CITATIONS.md	4065	text	url	https://ui.adsabs.harvard.edu/	OK(202):web_reference			- **literature**: Long & Greenwood (1997) — materials / thermoelectric class reference — https://ui.adsabs.harvard.edu/
docs/BENCHMARK_DATA_CITATIONS.md	4068	text	url	https://ui.adsabs.harvard.edu/	OK(202):web_reference			- **literature**: Anderson (1966) — localization / condensed-matter classic — https://ui.adsabs.harvard.edu/
docs/BENCHMARK_DATA_CITATIONS.md	4157	text	url	https://ui.adsabs.harvard.edu/	OK(202):web_reference			- **literature**: Long & Greenwood (1997) — materials / thermoelectric class reference — https://ui.adsabs.harvard.edu/
docs/BENCHMARK_DATA_CITATIONS.md	4160	text	url	https://ui.adsabs.harvard.edu/	OK(202):web_reference			- **literature**: Anderson (1966) — localization / condensed-matter classic — https://ui.adsabs.harvard.edu/
docs/BENCHMARK_DATA_CITATIONS.md	4299	text	url	https://ui.adsabs.harvard.edu/	OK(202):web_reference			- **literature**: Long & Greenwood (1997) — materials / thermoelectric class reference — https://ui.adsabs.harvard.edu/
docs/BENCHMARK_DATA_CITATIONS.md	4332	text	url	https://ui.adsabs.harvard.edu/	OK(202):web_reference			- **literature**: Long & Greenwood (1997) — materials / thermoelectric class reference — https://ui.adsabs.harvard.edu/
docs/BENCHMARK_DATA_CITATIONS.md	4335	text	url	https://ui.adsabs.harvard.edu/	OK(202):web_reference			- **literature**: Anderson (1966) — localization / condensed-matter classic — https://ui.adsabs.harvard.edu/
docs/BENCHMARK_DATA_CITATIONS.md	4364	text	url	https://ui.adsabs.harvard.edu/	OK(202):web_reference			- **literature**: Long & Greenwood (1997) — materials / thermoelectric class reference — https://ui.adsabs.harvard.edu/
docs/BENCHMARK_DATA_CITATIONS.md	4367	text	url	https://ui.adsabs.harvard.edu/	OK(202):web_reference			- **literature**: Anderson (1966) — localization / condensed-matter classic — https://ui.adsabs.harvard.edu/
docs/BENCHMARK_DATA_CITATIONS.md	4416	text	url	https://ui.adsabs.harvard.edu/	OK(202):web_reference			- **literature**: Long & Greenwood (1997) — materials / thermoelectric class reference — https://ui.adsabs.harvard.edu/
docs/BENCHMARK_DATA_CITATIONS.md	4419	text	url	https://ui.adsabs.harvard.edu/	OK(202):web_reference			- **literature**: Anderson (1966) — localization / condensed-matter classic — https://ui.adsabs.harvard.edu/
docs/BENCHMARK_DATA_CITATIONS.md	4428	text	url	https://ui.adsabs.harvard.edu/	OK(202):web_reference			- **literature**: SH0ES / local distance ladder H0 (Riess et al. series) — https://ui.adsabs.harvard.edu/
docs/BENCHMARK_DATA_CITATIONS.md	4467	text	url	https://ui.adsabs.harvard.edu/	OK(202):web_reference			- **literature**: Long & Greenwood (1997) — materials / thermoelectric class reference — https://ui.adsabs.harvard.edu/
docs/BENCHMARK_DATA_CITATIONS.md	4534	text	url	https://ui.adsabs.harvard.edu/	OK(202):web_reference			- **literature**: Long & Greenwood (1997) — materials / thermoelectric class reference — https://ui.adsabs.harvard.edu/
docs/BENCHMARK_DATA_CITATIONS.md	4537	text	url	https://ui.adsabs.harvard.edu/	OK(202):web_reference			- **literature**: Anderson (1966) — localization / condensed-matter classic — https://ui.adsabs.harvard.edu/
docs/BENCHMARK_DATA_CITATIONS.md	4565	text	url	https://ui.adsabs.harvard.edu/	OK(202):web_reference			- **literature**: Long & Greenwood (1997) — materials / thermoelectric class reference — https://ui.adsabs.harvard.edu/
docs/BENCHMARK_DATA_CITATIONS.md	4568	text	url	https://ui.adsabs.harvard.edu/	OK(202):web_reference			- **literature**: Anderson (1966) — localization / condensed-matter classic — https://ui.adsabs.harvard.edu/
docs/BENCHMARK_DATA_CITATIONS.md	4633	text	url	https://ui.adsabs.harvard.edu/	OK(202):web_reference			- **literature**: Long & Greenwood (1997) — materials / thermoelectric class reference — https://ui.adsabs.harvard.edu/
docs/BENCHMARK_DATA_CITATIONS.md	4636	text	url	https://ui.adsabs.harvard.edu/	OK(202):web_reference			- **literature**: Anderson (1966) — localization / condensed-matter classic — https://ui.adsabs.harvard.edu/
docs/BENCHMARK_DATA_CITATIONS.md	4673	text	url	https://ui.adsabs.harvard.edu/	OK(202):web_reference			- **literature**: Long & Greenwood (1997) — materials / thermoelectric class reference — https://ui.adsabs.harvard.edu/
docs/BENCHMARK_DATA_CITATIONS.md	4676	text	url	https://ui.adsabs.harvard.edu/	OK(202):web_reference			- **literature**: Anderson (1966) — localization / condensed-matter classic — https://ui.adsabs.harvard.edu/
docs/BENCHMARK_DATA_CITATIONS.md	4728	text	url	https://ui.adsabs.harvard.edu/	OK(202):web_reference			- **literature**: Long & Greenwood (1997) — materials / thermoelectric class reference — https://ui.adsabs.harvard.edu/
docs/BENCHMARK_DATA_CITATIONS.md	4731	text	url	https://ui.adsabs.harvard.edu/	OK(202):web_reference			- **literature**: Anderson (1966) — localization / condensed-matter classic — https://ui.adsabs.harvard.edu/
docs/BENCHMARK_DATA_CITATIONS.md	4831	text	url	https://ui.adsabs.harvard.edu/	OK(202):web_reference			- **literature**: Long & Greenwood (1997) — materials / thermoelectric class reference — https://ui.adsabs.harvard.edu/
docs/BENCHMARK_DATA_CITATIONS.md	4834	text	url	https://ui.adsabs.harvard.edu/	OK(202):web_reference			- **literature**: Anderson (1966) — localization / condensed-matter classic — https://ui.adsabs.harvard.edu/
docs/BENCHMARK_DATA_CITATIONS.md	4848	text	url	https://ui.adsabs.harvard.edu/	OK(202):web_reference			- **literature**: Long & Greenwood (1997) — materials / thermoelectric class reference — https://ui.adsabs.harvard.edu/
docs/BENCHMARK_DATA_CITATIONS.md	4851	text	url	https://ui.adsabs.harvard.edu/	OK(202):web_reference			- **literature**: Anderson (1966) — localization / condensed-matter classic — https://ui.adsabs.harvard.edu/
docs/BENCHMARK_DATA_CITATIONS.md	4999	text	url	https://ui.adsabs.harvard.edu/	OK(202):web_reference			- **literature**: Long & Greenwood (1997) — materials / thermoelectric class reference — https://ui.adsabs.harvard.edu/
docs/BENCHMARK_DATA_CITATIONS.md	5002	text	url	https://ui.adsabs.harvard.edu/	OK(202):web_reference			- **literature**: Anderson (1966) — localization / condensed-matter classic — https://ui.adsabs.harvard.edu/
docs/BENCHMARK_DATA_CITATIONS.md	5038	text	url	https://ui.adsabs.harvard.edu/	OK(202):web_reference			- **literature**: Long & Greenwood (1997) — materials / thermoelectric class reference — https://ui.adsabs.harvard.edu/
docs/BENCHMARK_DATA_CITATIONS.md	5041	text	url	https://ui.adsabs.harvard.edu/	OK(202):web_reference			- **literature**: Anderson (1966) — localization / condensed-matter classic — https://ui.adsabs.harvard.edu/
docs/BENCHMARK_DATA_CITATIONS.md	5058	text	url	https://ui.adsabs.harvard.edu/	OK(202):web_reference			- **literature**: Long & Greenwood (1997) — materials / thermoelectric class reference — https://ui.adsabs.harvard.edu/
docs/BENCHMARK_DATA_CITATIONS.md	5061	text	url	https://ui.adsabs.harvard.edu/	OK(202):web_reference			- **literature**: Anderson (1966) — localization / condensed-matter classic — https://ui.adsabs.harvard.edu/
docs/BENCHMARK_DATA_CITATIONS.md	5141	text	url	https://ui.adsabs.harvard.edu/	OK(202):web_reference			- **literature**: Long & Greenwood (1997) — materials / thermoelectric class reference — https://ui.adsabs.harvard.edu/
docs/BENCHMARK_DATA_CITATIONS.md	5159	text	url	https://ui.adsabs.harvard.edu/	OK(202):web_reference			- **literature**: Long & Greenwood (1997) — materials / thermoelectric class reference — https://ui.adsabs.harvard.edu/
docs/BENCHMARK_DATA_CITATIONS.md	5162	text	url	https://ui.adsabs.harvard.edu/	OK(202):web_reference			- **literature**: Anderson (1966) — localization / condensed-matter classic — https://ui.adsabs.harvard.edu/
docs/BENCHMARK_DATA_CITATIONS.md	5189	text	url	https://ui.adsabs.harvard.edu/	OK(202):web_reference			- **literature**: Long & Greenwood (1997) — materials / thermoelectric class reference — https://ui.adsabs.harvard.edu/
docs/BENCHMARK_DATA_CITATIONS.md	5192	text	url	https://ui.adsabs.harvard.edu/	OK(202):web_reference			- **literature**: Anderson (1966) — localization / condensed-matter classic — https://ui.adsabs.harvard.edu/
docs/BENCHMARK_DATA_CITATIONS.md	5238	text	url	https://ui.adsabs.harvard.edu/	OK(202):web_reference			- **literature**: Long & Greenwood (1997) — materials / thermoelectric class reference — https://ui.adsabs.harvard.edu/
docs/BENCHMARK_DATA_CITATIONS.md	5241	text	url	https://ui.adsabs.harvard.edu/	OK(202):web_reference			- **literature**: Anderson (1966) — localization / condensed-matter classic — https://ui.adsabs.harvard.edu/
docs/BENCHMARK_DATA_CITATIONS.md	5280	text	url	https://ui.adsabs.harvard.edu/	OK(202):web_reference			- **literature**: Long & Greenwood (1997) — materials / thermoelectric class reference — https://ui.adsabs.harvard.edu/
docs/BENCHMARK_DATA_CITATIONS.md	5283	text	url	https://ui.adsabs.harvard.edu/	OK(202):web_reference			- **literature**: Anderson (1966) — localization / condensed-matter classic — https://ui.adsabs.harvard.edu/
docs/BENCHMARK_DATA_CITATIONS.md	5320	text	url	https://ui.adsabs.harvard.edu/	OK(202):web_reference			- **literature**: Long & Greenwood (1997) — materials / thermoelectric class reference — https://ui.adsabs.harvard.edu/
docs/BENCHMARK_DATA_CITATIONS.md	5344	text	url	https://ui.adsabs.harvard.edu/	OK(202):web_reference			- **literature**: Long & Greenwood (1997) — materials / thermoelectric class reference — https://ui.adsabs.harvard.edu/
docs/BENCHMARK_DATA_CITATIONS.md	5347	text	url	https://ui.adsabs.harvard.edu/	OK(202):web_reference			- **literature**: Anderson (1966) — localization / condensed-matter classic — https://ui.adsabs.harvard.edu/
data/lab_registry.json	956	reference_url	url	https://www.brainspan.org/	OK(200):web_reference			"reference_url": "https://www.brainspan.org/",
docs/BENCHMARK_DATA_CITATIONS.md	68	text	url	https://www.brenda-enzymes.org/	OK(200):web_reference			| dataset | BRENDA enzyme database | https://www.brenda-enzymes.org/ | 20 |
docs/BENCHMARK_DATA_CITATIONS.md	991	text	url	https://www.brenda-enzymes.org/	OK(200):web_reference			- **dataset**: BRENDA enzyme database — https://www.brenda-enzymes.org/
docs/BENCHMARK_DATA_CITATIONS.md	1057	text	url	https://www.brenda-enzymes.org/	OK(200):web_reference			- **dataset**: BRENDA enzyme database — https://www.brenda-enzymes.org/
docs/BENCHMARK_DATA_CITATIONS.md	1139	text	url	https://www.brenda-enzymes.org/	OK(200):web_reference			- **dataset**: BRENDA enzyme database — https://www.brenda-enzymes.org/
docs/BENCHMARK_DATA_CITATIONS.md	1155	text	url	https://www.brenda-enzymes.org/	OK(200):web_reference			- **dataset**: BRENDA enzyme database — https://www.brenda-enzymes.org/
docs/BENCHMARK_DATA_CITATIONS.md	1353	text	url	https://www.brenda-enzymes.org/	OK(200):web_reference			- **dataset**: BRENDA enzyme database — https://www.brenda-enzymes.org/
docs/BENCHMARK_DATA_CITATIONS.md	1367	text	url	https://www.brenda-enzymes.org/	OK(200):web_reference			- **dataset**: BRENDA enzyme database — https://www.brenda-enzymes.org/
docs/BENCHMARK_DATA_CITATIONS.md	1860	text	url	https://www.brenda-enzymes.org/	OK(200):web_reference			- **dataset**: BRENDA enzyme database — https://www.brenda-enzymes.org/
docs/BENCHMARK_DATA_CITATIONS.md	2925	text	url	https://www.brenda-enzymes.org/	OK(200):web_reference			- **dataset**: BRENDA enzyme database — https://www.brenda-enzymes.org/
docs/BENCHMARK_DATA_CITATIONS.md	2978	text	url	https://www.brenda-enzymes.org/	OK(200):web_reference			- **dataset**: BRENDA enzyme database — https://www.brenda-enzymes.org/
docs/BENCHMARK_DATA_CITATIONS.md	3580	text	url	https://www.brenda-enzymes.org/	OK(200):web_reference			- **dataset**: BRENDA enzyme database — https://www.brenda-enzymes.org/
docs/BENCHMARK_DATA_CITATIONS.md	3710	text	url	https://www.brenda-enzymes.org/	OK(200):web_reference			- **dataset**: BRENDA enzyme database — https://www.brenda-enzymes.org/
docs/BENCHMARK_DATA_CITATIONS.md	4274	text	url	https://www.brenda-enzymes.org/	OK(200):web_reference			- **dataset**: BRENDA enzyme database — https://www.brenda-enzymes.org/
docs/BENCHMARK_DATA_CITATIONS.md	4295	text	url	https://www.brenda-enzymes.org/	OK(200):web_reference			- **dataset**: BRENDA enzyme database — https://www.brenda-enzymes.org/
docs/BENCHMARK_DATA_CITATIONS.md	4412	text	url	https://www.brenda-enzymes.org/	OK(200):web_reference			- **dataset**: BRENDA enzyme database — https://www.brenda-enzymes.org/
docs/BENCHMARK_DATA_CITATIONS.md	4463	text	url	https://www.brenda-enzymes.org/	OK(200):web_reference			- **dataset**: BRENDA enzyme database — https://www.brenda-enzymes.org/
docs/BENCHMARK_DATA_CITATIONS.md	4995	text	url	https://www.brenda-enzymes.org/	OK(200):web_reference			- **dataset**: BRENDA enzyme database — https://www.brenda-enzymes.org/
docs/BENCHMARK_DATA_CITATIONS.md	5034	text	url	https://www.brenda-enzymes.org/	OK(200):web_reference			- **dataset**: BRENDA enzyme database — https://www.brenda-enzymes.org/
docs/BENCHMARK_DATA_CITATIONS.md	5054	text	url	https://www.brenda-enzymes.org/	OK(200):web_reference			- **dataset**: BRENDA enzyme database — https://www.brenda-enzymes.org/
docs/BENCHMARK_DATA_CITATIONS.md	5137	text	url	https://www.brenda-enzymes.org/	OK(200):web_reference			- **dataset**: BRENDA enzyme database — https://www.brenda-enzymes.org/
docs/BENCHMARK_DATA_CITATIONS.md	5155	text	url	https://www.brenda-enzymes.org/	OK(200):web_reference			- **dataset**: BRENDA enzyme database — https://www.brenda-enzymes.org/
docs/BENCHMARK_DATA_CITATIONS.md	5696	text	url	https://www.cisa.gov/sites/default/files/feeds/known_exploited_vulnerabilities.json	OK(200):web_reference			- `cisa_kev` (cybersecurity): https://www.cisa.gov/sites/default/files/feeds/known_exploited_vulnerabilities.json [auth=none]
docs/THESIS_APPENDIX_XI.md	126	text	url	https://www.cisa.gov/sites/default/files/feeds/known_exploited_vulnerabilities.json	OK(200):web_reference			- `cisa_kev`: https://www.cisa.gov/sites/default/files/feeds/known_exploited_vulnerabilities.json
docs/MILLENNIUM_PRIZE_TRACK.md	6	text	url	https://www.claymath.org/millennium-problems/	OK(200):web_reference			**Problems:** https://www.claymath.org/millennium-problems/
docs/MILLENNIUM_PRIZE_TRACK.md	4	text	url	https://www.claymath.org/millennium-problems/rules/	OK(200):web_reference			**Rules:** [CMI Millennium Prize Rules](https://www.claymath.org/millennium-problems/rules/) (Board, 26 September 2018)
docs/MILLENNIUM_PRIZE_TRACK.md	5	text	url	https://www.claymath.org/wp-content/uploads/2022/03/millennium_prize_rules_0.pdf	OK(200):web_reference			**PDF:** https://www.claymath.org/wp-content/uploads/2022/03/millennium_prize_rules_0.pdf
docs/BENCHMARK_DATA_CITATIONS.md	179	text	url	https://www.cosmos.esa.int/web/planck	OK(200):web_reference			| dataset | Planck Collaboration cosmological parameters | https://www.cosmos.esa.int/web/planck | 4 |
docs/BENCHMARK_DATA_CITATIONS.md	1951	text	url	https://www.cosmos.esa.int/web/planck	OK(200):web_reference			- **dataset**: Planck Collaboration cosmological parameters — https://www.cosmos.esa.int/web/planck
docs/BENCHMARK_DATA_CITATIONS.md	3209	text	url	https://www.cosmos.esa.int/web/planck	OK(200):web_reference			- **dataset**: Planck Collaboration cosmological parameters — https://www.cosmos.esa.int/web/planck
docs/BENCHMARK_DATA_CITATIONS.md	5403	text	url	https://www.cosmos.esa.int/web/planck	OK(200):web_reference			- **dataset**: Planck Collaboration cosmological parameters — https://www.cosmos.esa.int/web/planck
docs/BENCHMARK_DATA_CITATIONS.md	5479	text	url	https://www.cosmos.esa.int/web/planck	OK(200):web_reference			- **dataset**: Planck Collaboration cosmological parameters — https://www.cosmos.esa.int/web/planck
docs/BENCHMARK_DATA_CITATIONS.md	39	text	url	https://www.ebi.ac.uk/chembl/	OK(200):web_reference			| api | ChEMBL API | https://www.ebi.ac.uk/chembl/ | 5 |
docs/BENCHMARK_DATA_CITATIONS.md	1394	text	url	https://www.ebi.ac.uk/chembl/	OK(200):web_reference			- **api**: ChEMBL API — https://www.ebi.ac.uk/chembl/
docs/BENCHMARK_DATA_CITATIONS.md	1451	text	url	https://www.ebi.ac.uk/chembl/	OK(200):web_reference			- **api**: ChEMBL API — https://www.ebi.ac.uk/chembl/
docs/BENCHMARK_DATA_CITATIONS.md	3817	text	url	https://www.ebi.ac.uk/chembl/	OK(200):web_reference			- **api**: ChEMBL API — https://www.ebi.ac.uk/chembl/
docs/BENCHMARK_DATA_CITATIONS.md	3994	text	url	https://www.ebi.ac.uk/chembl/	OK(200):web_reference			- **api**: ChEMBL API — https://www.ebi.ac.uk/chembl/
docs/BENCHMARK_DATA_CITATIONS.md	5590	text	url	https://www.ebi.ac.uk/chembl/	OK(200):web_reference			- **api**: ChEMBL API — https://www.ebi.ac.uk/chembl/
docs/BENCHMARK_DATA_CITATIONS.md	5715	text	url	https://www.ebi.ac.uk/chembl/api/data/molecule/CHEMBL25.json	OK(200):api_endpoint_or_template			- `chembl_aspirin`: ChEMBL molecule record (aspirin) — https://www.ebi.ac.uk/chembl/api/data/molecule/CHEMBL25.json
docs/BENCHMARK_DATA_CITATIONS.md	44	text	url	https://www.ebi.ac.uk/gwas/rest/api/studies?size=5	OK(204):api_endpoint_or_template			| api | GWAS Catalog studies (EBI) | https://www.ebi.ac.uk/gwas/rest/api/studies?size=5 | 1 |
docs/BENCHMARK_DATA_CITATIONS.md	3816	text	url	https://www.ebi.ac.uk/gwas/rest/api/studies?size=5	OK(204):api_endpoint_or_template			- **api**: GWAS Catalog studies (EBI) — https://www.ebi.ac.uk/gwas/rest/api/studies?size=5
docs/BENCHMARK_DATA_CITATIONS.md	5714	text	url	https://www.ebi.ac.uk/gwas/rest/api/studies?size=5	OK(204):api_endpoint_or_template			- `gwas_catalog_studies`: GWAS Catalog studies (EBI) — https://www.ebi.ac.uk/gwas/rest/api/studies?size=5
docs/BENCHMARK_DATA_CITATIONS.md	5682	text	url	https://www.gfz.de/en/sections/geomagnetism/data-products-and-services/indices/kp-index	HTTP_ERROR(404):web_reference			- `gfz_kp` (geophysics_space_weather): https://www.gfz.de/en/sections/geomagnetism/data-products-and-services/indices/kp-index [auth=none]
docs/THESIS_APPENDIX_XI.md	107	text	url	https://www.gfz.de/en/sections/geomagnetism/data-products-and-services/indices/kp-index	HTTP_ERROR(404):web_reference			- `gfz_kp`: https://www.gfz.de/en/sections/geomagnetism/data-products-and-services/indices/kp-index
docs/BENCHMARK_DATA_CITATIONS.md	5700	text	url	https://www.gw-openscience.org/eventapi/json/	OK(200):web_reference			- `gwosc` (astrophysics_catalogs): https://www.gw-openscience.org/eventapi/json/ [auth=none]
data/lab_registry.json	983	reference_url	url	https://www.humanconnectome.org/	OK(200):web_reference			"reference_url": "https://www.humanconnectome.org/",
docs/BENCHMARK_DATA_CITATIONS.md	49	text	url	https://www.ncbi.nlm.nih.gov/books/NBK25501/	OK(200):web_reference			| api | NCBI E-utilities / Gene / datasets | https://www.ncbi.nlm.nih.gov/books/NBK25501/ | 5 |
docs/BENCHMARK_DATA_CITATIONS.md	1624	text	url	https://www.ncbi.nlm.nih.gov/books/NBK25501/	OK(200):web_reference			- **api**: NCBI E-utilities / Gene / datasets — https://www.ncbi.nlm.nih.gov/books/NBK25501/
docs/BENCHMARK_DATA_CITATIONS.md	2892	text	url	https://www.ncbi.nlm.nih.gov/books/NBK25501/	OK(200):web_reference			- **api**: NCBI E-utilities / Gene / datasets — https://www.ncbi.nlm.nih.gov/books/NBK25501/
docs/BENCHMARK_DATA_CITATIONS.md	3516	text	url	https://www.ncbi.nlm.nih.gov/books/NBK25501/	OK(200):web_reference			- **api**: NCBI E-utilities / Gene / datasets — https://www.ncbi.nlm.nih.gov/books/NBK25501/
docs/BENCHMARK_DATA_CITATIONS.md	5184	text	url	https://www.ncbi.nlm.nih.gov/books/NBK25501/	OK(200):web_reference			- **api**: NCBI E-utilities / Gene / datasets — https://www.ncbi.nlm.nih.gov/books/NBK25501/
docs/BENCHMARK_DATA_CITATIONS.md	5505	text	url	https://www.ncbi.nlm.nih.gov/books/NBK25501/	OK(200):web_reference			- **api**: NCBI E-utilities / Gene / datasets — https://www.ncbi.nlm.nih.gov/books/NBK25501/
docs/BENCHMARK_DATA_CITATIONS.md	177	text	url	https://www.ncei.noaa.gov/	OK(200):web_reference			| dataset | NOAA NCEI climate data | https://www.ncei.noaa.gov/ | 1 |
docs/BENCHMARK_DATA_CITATIONS.md	5422	text	url	https://www.ncei.noaa.gov/	OK(200):web_reference			- **dataset**: NOAA NCEI climate data — https://www.ncei.noaa.gov/
docs/BENCHMARK_DATA_CITATIONS.md	5687	text	url	https://www.ncei.noaa.gov/cdo-web/api/v2/data	HTTP_ERROR(400):api_endpoint_or_template			- `ncei_climate` (geophysics_space_weather): https://www.ncei.noaa.gov/cdo-web/api/v2/data [auth=API token via NCEI registration (optional for rebuild)]
docs/BENCHMARK_DATA_CITATIONS.md	5683	text	url	https://www.ngdc.noaa.gov/stp/space-weather/geomagnetic-data/INDICES/DST/	OK(200):web_reference			- `kyoto_dst` (geophysics_space_weather): https://www.ngdc.noaa.gov/stp/space-weather/geomagnetic-data/INDICES/DST/ [auth=none]
docs/THESIS_APPENDIX_XI.md	108	text	url	https://www.ngdc.noaa.gov/stp/space-weather/geomagnetic-data/INDICES/DST/	OK(200):web_reference			- `kyoto_dst`: https://www.ngdc.noaa.gov/stp/space-weather/geomagnetic-data/INDICES/DST/
docs/BENCHMARK_DATA_CITATIONS.md	182	text	url	https://www.nist.gov/pml/journal-physical-and-chemical-reference-data	HTTP_ERROR(404):web_reference			| literature | Andersen et al., J. Phys. Chem. Ref. Data 28 (1999) | https://www.nist.gov/pml/journal-physical-and-chemical-reference-data | 42 |
docs/BENCHMARK_DATA_CITATIONS.md	1065	text	url	https://www.nist.gov/pml/journal-physical-and-chemical-reference-data	HTTP_ERROR(404):web_reference			- **literature**: Andersen et al., J. Phys. Chem. Ref. Data 28 (1999) — https://www.nist.gov/pml/journal-physical-and-chemical-reference-data
docs/BENCHMARK_DATA_CITATIONS.md	1126	text	url	https://www.nist.gov/pml/journal-physical-and-chemical-reference-data	HTTP_ERROR(404):web_reference			- **literature**: Andersen et al., J. Phys. Chem. Ref. Data 28 (1999) — https://www.nist.gov/pml/journal-physical-and-chemical-reference-data
docs/BENCHMARK_DATA_CITATIONS.md	1163	text	url	https://www.nist.gov/pml/journal-physical-and-chemical-reference-data	HTTP_ERROR(404):web_reference			- **literature**: Andersen et al., J. Phys. Chem. Ref. Data 28 (1999) — https://www.nist.gov/pml/journal-physical-and-chemical-reference-data
docs/BENCHMARK_DATA_CITATIONS.md	1198	text	url	https://www.nist.gov/pml/journal-physical-and-chemical-reference-data	HTTP_ERROR(404):web_reference			- **literature**: Andersen et al., J. Phys. Chem. Ref. Data 28 (1999) — https://www.nist.gov/pml/journal-physical-and-chemical-reference-data
docs/BENCHMARK_DATA_CITATIONS.md	1233	text	url	https://www.nist.gov/pml/journal-physical-and-chemical-reference-data	HTTP_ERROR(404):web_reference			- **literature**: Andersen et al., J. Phys. Chem. Ref. Data 28 (1999) — https://www.nist.gov/pml/journal-physical-and-chemical-reference-data
docs/BENCHMARK_DATA_CITATIONS.md	1310	text	url	https://www.nist.gov/pml/journal-physical-and-chemical-reference-data	HTTP_ERROR(404):web_reference			- **literature**: Andersen et al., J. Phys. Chem. Ref. Data 28 (1999) — https://www.nist.gov/pml/journal-physical-and-chemical-reference-data
docs/BENCHMARK_DATA_CITATIONS.md	1375	text	url	https://www.nist.gov/pml/journal-physical-and-chemical-reference-data	HTTP_ERROR(404):web_reference			- **literature**: Andersen et al., J. Phys. Chem. Ref. Data 28 (1999) — https://www.nist.gov/pml/journal-physical-and-chemical-reference-data
docs/BENCHMARK_DATA_CITATIONS.md	1686	text	url	https://www.nist.gov/pml/journal-physical-and-chemical-reference-data	HTTP_ERROR(404):web_reference			- **literature**: Andersen et al., J. Phys. Chem. Ref. Data 28 (1999) — https://www.nist.gov/pml/journal-physical-and-chemical-reference-data
docs/BENCHMARK_DATA_CITATIONS.md	1767	text	url	https://www.nist.gov/pml/journal-physical-and-chemical-reference-data	HTTP_ERROR(404):web_reference			- **literature**: Andersen et al., J. Phys. Chem. Ref. Data 28 (1999) — https://www.nist.gov/pml/journal-physical-and-chemical-reference-data
docs/BENCHMARK_DATA_CITATIONS.md	2106	text	url	https://www.nist.gov/pml/journal-physical-and-chemical-reference-data	HTTP_ERROR(404):web_reference			- **literature**: Andersen et al., J. Phys. Chem. Ref. Data 28 (1999) — https://www.nist.gov/pml/journal-physical-and-chemical-reference-data
docs/BENCHMARK_DATA_CITATIONS.md	2215	text	url	https://www.nist.gov/pml/journal-physical-and-chemical-reference-data	HTTP_ERROR(404):web_reference			- **literature**: Andersen et al., J. Phys. Chem. Ref. Data 28 (1999) — https://www.nist.gov/pml/journal-physical-and-chemical-reference-data
docs/BENCHMARK_DATA_CITATIONS.md	2233	text	url	https://www.nist.gov/pml/journal-physical-and-chemical-reference-data	HTTP_ERROR(404):web_reference			- **literature**: Andersen et al., J. Phys. Chem. Ref. Data 28 (1999) — https://www.nist.gov/pml/journal-physical-and-chemical-reference-data
docs/BENCHMARK_DATA_CITATIONS.md	2249	text	url	https://www.nist.gov/pml/journal-physical-and-chemical-reference-data	HTTP_ERROR(404):web_reference			- **literature**: Andersen et al., J. Phys. Chem. Ref. Data 28 (1999) — https://www.nist.gov/pml/journal-physical-and-chemical-reference-data
docs/BENCHMARK_DATA_CITATIONS.md	2421	text	url	https://www.nist.gov/pml/journal-physical-and-chemical-reference-data	HTTP_ERROR(404):web_reference			- **literature**: Andersen et al., J. Phys. Chem. Ref. Data 28 (1999) — https://www.nist.gov/pml/journal-physical-and-chemical-reference-data
docs/BENCHMARK_DATA_CITATIONS.md	2500	text	url	https://www.nist.gov/pml/journal-physical-and-chemical-reference-data	HTTP_ERROR(404):web_reference			- **literature**: Andersen et al., J. Phys. Chem. Ref. Data 28 (1999) — https://www.nist.gov/pml/journal-physical-and-chemical-reference-data
docs/BENCHMARK_DATA_CITATIONS.md	2850	text	url	https://www.nist.gov/pml/journal-physical-and-chemical-reference-data	HTTP_ERROR(404):web_reference			- **literature**: Andersen et al., J. Phys. Chem. Ref. Data 28 (1999) — https://www.nist.gov/pml/journal-physical-and-chemical-reference-data
docs/BENCHMARK_DATA_CITATIONS.md	2947	text	url	https://www.nist.gov/pml/journal-physical-and-chemical-reference-data	HTTP_ERROR(404):web_reference			- **literature**: Andersen et al., J. Phys. Chem. Ref. Data 28 (1999) — https://www.nist.gov/pml/journal-physical-and-chemical-reference-data
docs/BENCHMARK_DATA_CITATIONS.md	2986	text	url	https://www.nist.gov/pml/journal-physical-and-chemical-reference-data	HTTP_ERROR(404):web_reference			- **literature**: Andersen et al., J. Phys. Chem. Ref. Data 28 (1999) — https://www.nist.gov/pml/journal-physical-and-chemical-reference-data
docs/BENCHMARK_DATA_CITATIONS.md	3090	text	url	https://www.nist.gov/pml/journal-physical-and-chemical-reference-data	HTTP_ERROR(404):web_reference			- **literature**: Andersen et al., J. Phys. Chem. Ref. Data 28 (1999) — https://www.nist.gov/pml/journal-physical-and-chemical-reference-data
docs/BENCHMARK_DATA_CITATIONS.md	3230	text	url	https://www.nist.gov/pml/journal-physical-and-chemical-reference-data	HTTP_ERROR(404):web_reference			- **literature**: Andersen et al., J. Phys. Chem. Ref. Data 28 (1999) — https://www.nist.gov/pml/journal-physical-and-chemical-reference-data
docs/BENCHMARK_DATA_CITATIONS.md	3351	text	url	https://www.nist.gov/pml/journal-physical-and-chemical-reference-data	HTTP_ERROR(404):web_reference			- **literature**: Andersen et al., J. Phys. Chem. Ref. Data 28 (1999) — https://www.nist.gov/pml/journal-physical-and-chemical-reference-data
docs/BENCHMARK_DATA_CITATIONS.md	3371	text	url	https://www.nist.gov/pml/journal-physical-and-chemical-reference-data	HTTP_ERROR(404):web_reference			- **literature**: Andersen et al., J. Phys. Chem. Ref. Data 28 (1999) — https://www.nist.gov/pml/journal-physical-and-chemical-reference-data
docs/BENCHMARK_DATA_CITATIONS.md	3691	text	url	https://www.nist.gov/pml/journal-physical-and-chemical-reference-data	HTTP_ERROR(404):web_reference			- **literature**: Andersen et al., J. Phys. Chem. Ref. Data 28 (1999) — https://www.nist.gov/pml/journal-physical-and-chemical-reference-data
docs/BENCHMARK_DATA_CITATIONS.md	3706	text	url	https://www.nist.gov/pml/journal-physical-and-chemical-reference-data	HTTP_ERROR(404):web_reference			- **literature**: Andersen et al., J. Phys. Chem. Ref. Data 28 (1999) — https://www.nist.gov/pml/journal-physical-and-chemical-reference-data
docs/BENCHMARK_DATA_CITATIONS.md	4020	text	url	https://www.nist.gov/pml/journal-physical-and-chemical-reference-data	HTTP_ERROR(404):web_reference			- **literature**: Andersen et al., J. Phys. Chem. Ref. Data 28 (1999) — https://www.nist.gov/pml/journal-physical-and-chemical-reference-data
docs/BENCHMARK_DATA_CITATIONS.md	4069	text	url	https://www.nist.gov/pml/journal-physical-and-chemical-reference-data	HTTP_ERROR(404):web_reference			- **literature**: Andersen et al., J. Phys. Chem. Ref. Data 28 (1999) — https://www.nist.gov/pml/journal-physical-and-chemical-reference-data
docs/BENCHMARK_DATA_CITATIONS.md	4368	text	url	https://www.nist.gov/pml/journal-physical-and-chemical-reference-data	HTTP_ERROR(404):web_reference			- **literature**: Andersen et al., J. Phys. Chem. Ref. Data 28 (1999) — https://www.nist.gov/pml/journal-physical-and-chemical-reference-data
docs/BENCHMARK_DATA_CITATIONS.md	4569	text	url	https://www.nist.gov/pml/journal-physical-and-chemical-reference-data	HTTP_ERROR(404):web_reference			- **literature**: Andersen et al., J. Phys. Chem. Ref. Data 28 (1999) — https://www.nist.gov/pml/journal-physical-and-chemical-reference-data
docs/BENCHMARK_DATA_CITATIONS.md	4637	text	url	https://www.nist.gov/pml/journal-physical-and-chemical-reference-data	HTTP_ERROR(404):web_reference			- **literature**: Andersen et al., J. Phys. Chem. Ref. Data 28 (1999) — https://www.nist.gov/pml/journal-physical-and-chemical-reference-data
docs/BENCHMARK_DATA_CITATIONS.md	4677	text	url	https://www.nist.gov/pml/journal-physical-and-chemical-reference-data	HTTP_ERROR(404):web_reference			- **literature**: Andersen et al., J. Phys. Chem. Ref. Data 28 (1999) — https://www.nist.gov/pml/journal-physical-and-chemical-reference-data
docs/BENCHMARK_DATA_CITATIONS.md	4732	text	url	https://www.nist.gov/pml/journal-physical-and-chemical-reference-data	HTTP_ERROR(404):web_reference			- **literature**: Andersen et al., J. Phys. Chem. Ref. Data 28 (1999) — https://www.nist.gov/pml/journal-physical-and-chemical-reference-data
docs/BENCHMARK_DATA_CITATIONS.md	4852	text	url	https://www.nist.gov/pml/journal-physical-and-chemical-reference-data	HTTP_ERROR(404):web_reference			- **literature**: Andersen et al., J. Phys. Chem. Ref. Data 28 (1999) — https://www.nist.gov/pml/journal-physical-and-chemical-reference-data
docs/BENCHMARK_DATA_CITATIONS.md	5003	text	url	https://www.nist.gov/pml/journal-physical-and-chemical-reference-data	HTTP_ERROR(404):web_reference			- **literature**: Andersen et al., J. Phys. Chem. Ref. Data 28 (1999) — https://www.nist.gov/pml/journal-physical-and-chemical-reference-data
docs/BENCHMARK_DATA_CITATIONS.md	5042	text	url	https://www.nist.gov/pml/journal-physical-and-chemical-reference-data	HTTP_ERROR(404):web_reference			- **literature**: Andersen et al., J. Phys. Chem. Ref. Data 28 (1999) — https://www.nist.gov/pml/journal-physical-and-chemical-reference-data
docs/BENCHMARK_DATA_CITATIONS.md	5062	text	url	https://www.nist.gov/pml/journal-physical-and-chemical-reference-data	HTTP_ERROR(404):web_reference			- **literature**: Andersen et al., J. Phys. Chem. Ref. Data 28 (1999) — https://www.nist.gov/pml/journal-physical-and-chemical-reference-data
docs/BENCHMARK_DATA_CITATIONS.md	5163	text	url	https://www.nist.gov/pml/journal-physical-and-chemical-reference-data	HTTP_ERROR(404):web_reference			- **literature**: Andersen et al., J. Phys. Chem. Ref. Data 28 (1999) — https://www.nist.gov/pml/journal-physical-and-chemical-reference-data
docs/BENCHMARK_DATA_CITATIONS.md	5193	text	url	https://www.nist.gov/pml/journal-physical-and-chemical-reference-data	HTTP_ERROR(404):web_reference			- **literature**: Andersen et al., J. Phys. Chem. Ref. Data 28 (1999) — https://www.nist.gov/pml/journal-physical-and-chemical-reference-data
docs/BENCHMARK_DATA_CITATIONS.md	5242	text	url	https://www.nist.gov/pml/journal-physical-and-chemical-reference-data	HTTP_ERROR(404):web_reference			- **literature**: Andersen et al., J. Phys. Chem. Ref. Data 28 (1999) — https://www.nist.gov/pml/journal-physical-and-chemical-reference-data
docs/BENCHMARK_DATA_CITATIONS.md	5284	text	url	https://www.nist.gov/pml/journal-physical-and-chemical-reference-data	HTTP_ERROR(404):web_reference			- **literature**: Andersen et al., J. Phys. Chem. Ref. Data 28 (1999) — https://www.nist.gov/pml/journal-physical-and-chemical-reference-data
docs/BENCHMARK_DATA_CITATIONS.md	5348	text	url	https://www.nist.gov/pml/journal-physical-and-chemical-reference-data	HTTP_ERROR(404):web_reference			- **literature**: Andersen et al., J. Phys. Chem. Ref. Data 28 (1999) — https://www.nist.gov/pml/journal-physical-and-chemical-reference-data
docs/BENCHMARK_DATA_CITATIONS.md	51	text	url	https://www.noaa.gov/	BLOCKED_OR_AUTH(403):web_reference			| api | NOAA tides, climate, space-weather open services | https://www.noaa.gov/ | 9 |
docs/BENCHMARK_DATA_CITATIONS.md	1090	text	url	https://www.noaa.gov/	BLOCKED_OR_AUTH(403):web_reference			- **api**: NOAA tides, climate, space-weather open services — https://www.noaa.gov/
docs/BENCHMARK_DATA_CITATIONS.md	2036	text	url	https://www.noaa.gov/	BLOCKED_OR_AUTH(403):web_reference			- **api**: NOAA tides, climate, space-weather open services — https://www.noaa.gov/
docs/BENCHMARK_DATA_CITATIONS.md	3266	text	url	https://www.noaa.gov/	BLOCKED_OR_AUTH(403):web_reference			- **api**: NOAA tides, climate, space-weather open services — https://www.noaa.gov/
docs/BENCHMARK_DATA_CITATIONS.md	3430	text	url	https://www.noaa.gov/	BLOCKED_OR_AUTH(403):web_reference			- **api**: NOAA tides, climate, space-weather open services — https://www.noaa.gov/
docs/BENCHMARK_DATA_CITATIONS.md	3541	text	url	https://www.noaa.gov/	BLOCKED_OR_AUTH(403):web_reference			- **api**: NOAA tides, climate, space-weather open services — https://www.noaa.gov/
docs/BENCHMARK_DATA_CITATIONS.md	3551	text	url	https://www.noaa.gov/	BLOCKED_OR_AUTH(403):web_reference			- **api**: NOAA tides, climate, space-weather open services — https://www.noaa.gov/
docs/BENCHMARK_DATA_CITATIONS.md	3767	text	url	https://www.noaa.gov/	BLOCKED_OR_AUTH(403):web_reference			- **api**: NOAA tides, climate, space-weather open services — https://www.noaa.gov/
docs/BENCHMARK_DATA_CITATIONS.md	3769	text	url	https://www.noaa.gov/	BLOCKED_OR_AUTH(403):web_reference			- **api**: NOAA tides, climate, space-weather open services — https://www.noaa.gov/
docs/BENCHMARK_DATA_CITATIONS.md	3875	text	url	https://www.noaa.gov/	BLOCKED_OR_AUTH(403):web_reference			- **api**: NOAA tides, climate, space-weather open services — https://www.noaa.gov/
docs/BENCHMARK_DATA_CITATIONS.md	5447	text	url	https://www.noaa.gov/	BLOCKED_OR_AUTH(403):web_reference			- **api**: NOAA tides, climate, space-weather open services — https://www.noaa.gov/
docs/BENCHMARK_DATA_CITATIONS.md	565	text	url	https://www.osti.gov/api/v1/records	OK(200):api_endpoint_or_template			| url | https://www.osti.gov/api/v1/records | https://www.osti.gov/api/v1/records | 1 |
docs/BENCHMARK_DATA_CITATIONS.md	565	text	url	https://www.osti.gov/api/v1/records	OK(200):api_endpoint_or_template			| url | https://www.osti.gov/api/v1/records | https://www.osti.gov/api/v1/records | 1 |
docs/BENCHMARK_DATA_CITATIONS.md	3734	text	url	https://www.osti.gov/api/v1/records	OK(200):api_endpoint_or_template			- **url**: https://www.osti.gov/api/v1/records — https://www.osti.gov/api/v1/records
docs/BENCHMARK_DATA_CITATIONS.md	3734	text	url	https://www.osti.gov/api/v1/records	OK(200):api_endpoint_or_template			- **url**: https://www.osti.gov/api/v1/records — https://www.osti.gov/api/v1/records
docs/BENCHMARK_DATA_CITATIONS.md	183	text	url	https://www.routledge.com/	OK(200):web_reference			| literature | Bard, Parsons & Jordan (1985) — Standard Potentials in Aqueous Solution | https://www.routledge.com/ | 74 |
docs/BENCHMARK_DATA_CITATIONS.md	994	text	url	https://www.routledge.com/	OK(200):web_reference			- **literature**: Bard, Parsons & Jordan (1985) — Standard Potentials in Aqueous Solution — https://www.routledge.com/
docs/BENCHMARK_DATA_CITATIONS.md	1060	text	url	https://www.routledge.com/	OK(200):web_reference			- **literature**: Bard, Parsons & Jordan (1985) — Standard Potentials in Aqueous Solution — https://www.routledge.com/
docs/BENCHMARK_DATA_CITATIONS.md	1067	text	url	https://www.routledge.com/	OK(200):web_reference			- **dataset**: CRC / Riddick organic solvents handbook class — https://www.routledge.com/
docs/BENCHMARK_DATA_CITATIONS.md	1121	text	url	https://www.routledge.com/	OK(200):web_reference			- **literature**: Bard, Parsons & Jordan (1985) — Standard Potentials in Aqueous Solution — https://www.routledge.com/
docs/BENCHMARK_DATA_CITATIONS.md	1128	text	url	https://www.routledge.com/	OK(200):web_reference			- **dataset**: CRC / Riddick organic solvents handbook class — https://www.routledge.com/
docs/BENCHMARK_DATA_CITATIONS.md	1142	text	url	https://www.routledge.com/	OK(200):web_reference			- **literature**: Bard, Parsons & Jordan (1985) — Standard Potentials in Aqueous Solution — https://www.routledge.com/
docs/BENCHMARK_DATA_CITATIONS.md	1158	text	url	https://www.routledge.com/	OK(200):web_reference			- **literature**: Bard, Parsons & Jordan (1985) — Standard Potentials in Aqueous Solution — https://www.routledge.com/
docs/BENCHMARK_DATA_CITATIONS.md	1165	text	url	https://www.routledge.com/	OK(200):web_reference			- **dataset**: CRC / Riddick organic solvents handbook class — https://www.routledge.com/
docs/BENCHMARK_DATA_CITATIONS.md	1178	text	url	https://www.routledge.com/	OK(200):web_reference			- **literature**: Bard, Parsons & Jordan (1985) — Standard Potentials in Aqueous Solution — https://www.routledge.com/
docs/BENCHMARK_DATA_CITATIONS.md	1193	text	url	https://www.routledge.com/	OK(200):web_reference			- **literature**: Bard, Parsons & Jordan (1985) — Standard Potentials in Aqueous Solution — https://www.routledge.com/
docs/BENCHMARK_DATA_CITATIONS.md	1228	text	url	https://www.routledge.com/	OK(200):web_reference			- **literature**: Bard, Parsons & Jordan (1985) — Standard Potentials in Aqueous Solution — https://www.routledge.com/
docs/BENCHMARK_DATA_CITATIONS.md	1305	text	url	https://www.routledge.com/	OK(200):web_reference			- **literature**: Bard, Parsons & Jordan (1985) — Standard Potentials in Aqueous Solution — https://www.routledge.com/
docs/BENCHMARK_DATA_CITATIONS.md	1356	text	url	https://www.routledge.com/	OK(200):web_reference			- **literature**: Bard, Parsons & Jordan (1985) — Standard Potentials in Aqueous Solution — https://www.routledge.com/
docs/BENCHMARK_DATA_CITATIONS.md	1370	text	url	https://www.routledge.com/	OK(200):web_reference			- **literature**: Bard, Parsons & Jordan (1985) — Standard Potentials in Aqueous Solution — https://www.routledge.com/
docs/BENCHMARK_DATA_CITATIONS.md	1377	text	url	https://www.routledge.com/	OK(200):web_reference			- **dataset**: CRC / Riddick organic solvents handbook class — https://www.routledge.com/
docs/BENCHMARK_DATA_CITATIONS.md	1565	text	url	https://www.routledge.com/	OK(200):web_reference			- **literature**: Bard, Parsons & Jordan (1985) — Standard Potentials in Aqueous Solution — https://www.routledge.com/
docs/BENCHMARK_DATA_CITATIONS.md	1669	text	url	https://www.routledge.com/	OK(200):web_reference			- **literature**: Bard, Parsons & Jordan (1985) — Standard Potentials in Aqueous Solution — https://www.routledge.com/
docs/BENCHMARK_DATA_CITATIONS.md	1681	text	url	https://www.routledge.com/	OK(200):web_reference			- **literature**: Bard, Parsons & Jordan (1985) — Standard Potentials in Aqueous Solution — https://www.routledge.com/
docs/BENCHMARK_DATA_CITATIONS.md	1688	text	url	https://www.routledge.com/	OK(200):web_reference			- **dataset**: CRC / Riddick organic solvents handbook class — https://www.routledge.com/
docs/BENCHMARK_DATA_CITATIONS.md	1762	text	url	https://www.routledge.com/	OK(200):web_reference			- **literature**: Bard, Parsons & Jordan (1985) — Standard Potentials in Aqueous Solution — https://www.routledge.com/
docs/BENCHMARK_DATA_CITATIONS.md	1803	text	url	https://www.routledge.com/	OK(200):web_reference			- **literature**: Bard, Parsons & Jordan (1985) — Standard Potentials in Aqueous Solution — https://www.routledge.com/
docs/BENCHMARK_DATA_CITATIONS.md	1863	text	url	https://www.routledge.com/	OK(200):web_reference			- **literature**: Bard, Parsons & Jordan (1985) — Standard Potentials in Aqueous Solution — https://www.routledge.com/
docs/BENCHMARK_DATA_CITATIONS.md	1877	text	url	https://www.routledge.com/	OK(200):web_reference			- **literature**: Bard, Parsons & Jordan (1985) — Standard Potentials in Aqueous Solution — https://www.routledge.com/
docs/BENCHMARK_DATA_CITATIONS.md	1918	text	url	https://www.routledge.com/	OK(200):web_reference			- **literature**: Bard, Parsons & Jordan (1985) — Standard Potentials in Aqueous Solution — https://www.routledge.com/
docs/BENCHMARK_DATA_CITATIONS.md	1938	text	url	https://www.routledge.com/	OK(200):web_reference			- **literature**: Bard, Parsons & Jordan (1985) — Standard Potentials in Aqueous Solution — https://www.routledge.com/
docs/BENCHMARK_DATA_CITATIONS.md	2060	text	url	https://www.routledge.com/	OK(200):web_reference			- **literature**: Bard, Parsons & Jordan (1985) — Standard Potentials in Aqueous Solution — https://www.routledge.com/
docs/BENCHMARK_DATA_CITATIONS.md	2089	text	url	https://www.routledge.com/	OK(200):web_reference			- **literature**: Bard, Parsons & Jordan (1985) — Standard Potentials in Aqueous Solution — https://www.routledge.com/
docs/BENCHMARK_DATA_CITATIONS.md	2101	text	url	https://www.routledge.com/	OK(200):web_reference			- **literature**: Bard, Parsons & Jordan (1985) — Standard Potentials in Aqueous Solution — https://www.routledge.com/
docs/BENCHMARK_DATA_CITATIONS.md	2108	text	url	https://www.routledge.com/	OK(200):web_reference			- **dataset**: CRC / Riddick organic solvents handbook class — https://www.routledge.com/
docs/BENCHMARK_DATA_CITATIONS.md	2195	text	url	https://www.routledge.com/	OK(200):web_reference			- **literature**: Bard, Parsons & Jordan (1985) — Standard Potentials in Aqueous Solution — https://www.routledge.com/
docs/BENCHMARK_DATA_CITATIONS.md	2210	text	url	https://www.routledge.com/	OK(200):web_reference			- **literature**: Bard, Parsons & Jordan (1985) — Standard Potentials in Aqueous Solution — https://www.routledge.com/
docs/BENCHMARK_DATA_CITATIONS.md	2228	text	url	https://www.routledge.com/	OK(200):web_reference			- **literature**: Bard, Parsons & Jordan (1985) — Standard Potentials in Aqueous Solution — https://www.routledge.com/
docs/BENCHMARK_DATA_CITATIONS.md	2244	text	url	https://www.routledge.com/	OK(200):web_reference			- **literature**: Bard, Parsons & Jordan (1985) — Standard Potentials in Aqueous Solution — https://www.routledge.com/
docs/BENCHMARK_DATA_CITATIONS.md	2251	text	url	https://www.routledge.com/	OK(200):web_reference			- **dataset**: CRC / Riddick organic solvents handbook class — https://www.routledge.com/
docs/BENCHMARK_DATA_CITATIONS.md	2365	text	url	https://www.routledge.com/	OK(200):web_reference			- **literature**: Bard, Parsons & Jordan (1985) — Standard Potentials in Aqueous Solution — https://www.routledge.com/
docs/BENCHMARK_DATA_CITATIONS.md	2416	text	url	https://www.routledge.com/	OK(200):web_reference			- **literature**: Bard, Parsons & Jordan (1985) — Standard Potentials in Aqueous Solution — https://www.routledge.com/
docs/BENCHMARK_DATA_CITATIONS.md	2495	text	url	https://www.routledge.com/	OK(200):web_reference			- **literature**: Bard, Parsons & Jordan (1985) — Standard Potentials in Aqueous Solution — https://www.routledge.com/
docs/BENCHMARK_DATA_CITATIONS.md	2502	text	url	https://www.routledge.com/	OK(200):web_reference			- **dataset**: CRC / Riddick organic solvents handbook class — https://www.routledge.com/
docs/BENCHMARK_DATA_CITATIONS.md	2649	text	url	https://www.routledge.com/	OK(200):web_reference			- **literature**: Bard, Parsons & Jordan (1985) — Standard Potentials in Aqueous Solution — https://www.routledge.com/
docs/BENCHMARK_DATA_CITATIONS.md	2785	text	url	https://www.routledge.com/	OK(200):web_reference			- **literature**: Bard, Parsons & Jordan (1985) — Standard Potentials in Aqueous Solution — https://www.routledge.com/
docs/BENCHMARK_DATA_CITATIONS.md	2795	text	url	https://www.routledge.com/	OK(200):web_reference			- **literature**: Bard, Parsons & Jordan (1985) — Standard Potentials in Aqueous Solution — https://www.routledge.com/
docs/BENCHMARK_DATA_CITATIONS.md	2845	text	url	https://www.routledge.com/	OK(200):web_reference			- **literature**: Bard, Parsons & Jordan (1985) — Standard Potentials in Aqueous Solution — https://www.routledge.com/
docs/BENCHMARK_DATA_CITATIONS.md	2914	text	url	https://www.routledge.com/	OK(200):web_reference			- **literature**: Bard, Parsons & Jordan (1985) — Standard Potentials in Aqueous Solution — https://www.routledge.com/
docs/BENCHMARK_DATA_CITATIONS.md	2928	text	url	https://www.routledge.com/	OK(200):web_reference			- **literature**: Bard, Parsons & Jordan (1985) — Standard Potentials in Aqueous Solution — https://www.routledge.com/
docs/BENCHMARK_DATA_CITATIONS.md	2942	text	url	https://www.routledge.com/	OK(200):web_reference			- **literature**: Bard, Parsons & Jordan (1985) — Standard Potentials in Aqueous Solution — https://www.routledge.com/
docs/BENCHMARK_DATA_CITATIONS.md	2967	text	url	https://www.routledge.com/	OK(200):web_reference			- **literature**: Bard, Parsons & Jordan (1985) — Standard Potentials in Aqueous Solution — https://www.routledge.com/
docs/BENCHMARK_DATA_CITATIONS.md	2981	text	url	https://www.routledge.com/	OK(200):web_reference			- **literature**: Bard, Parsons & Jordan (1985) — Standard Potentials in Aqueous Solution — https://www.routledge.com/
docs/BENCHMARK_DATA_CITATIONS.md	2988	text	url	https://www.routledge.com/	OK(200):web_reference			- **dataset**: CRC / Riddick organic solvents handbook class — https://www.routledge.com/
docs/BENCHMARK_DATA_CITATIONS.md	3030	text	url	https://www.routledge.com/	OK(200):web_reference			- **literature**: Bard, Parsons & Jordan (1985) — Standard Potentials in Aqueous Solution — https://www.routledge.com/
docs/BENCHMARK_DATA_CITATIONS.md	3085	text	url	https://www.routledge.com/	OK(200):web_reference			- **literature**: Bard, Parsons & Jordan (1985) — Standard Potentials in Aqueous Solution — https://www.routledge.com/
docs/BENCHMARK_DATA_CITATIONS.md	3092	text	url	https://www.routledge.com/	OK(200):web_reference			- **dataset**: CRC / Riddick organic solvents handbook class — https://www.routledge.com/
docs/BENCHMARK_DATA_CITATIONS.md	3225	text	url	https://www.routledge.com/	OK(200):web_reference			- **literature**: Bard, Parsons & Jordan (1985) — Standard Potentials in Aqueous Solution — https://www.routledge.com/
docs/BENCHMARK_DATA_CITATIONS.md	3232	text	url	https://www.routledge.com/	OK(200):web_reference			- **dataset**: CRC / Riddick organic solvents handbook class — https://www.routledge.com/
docs/BENCHMARK_DATA_CITATIONS.md	3346	text	url	https://www.routledge.com/	OK(200):web_reference			- **literature**: Bard, Parsons & Jordan (1985) — Standard Potentials in Aqueous Solution — https://www.routledge.com/
docs/BENCHMARK_DATA_CITATIONS.md	3353	text	url	https://www.routledge.com/	OK(200):web_reference			- **dataset**: CRC / Riddick organic solvents handbook class — https://www.routledge.com/
docs/BENCHMARK_DATA_CITATIONS.md	3366	text	url	https://www.routledge.com/	OK(200):web_reference			- **literature**: Bard, Parsons & Jordan (1985) — Standard Potentials in Aqueous Solution — https://www.routledge.com/
docs/BENCHMARK_DATA_CITATIONS.md	3373	text	url	https://www.routledge.com/	OK(200):web_reference			- **dataset**: CRC / Riddick organic solvents handbook class — https://www.routledge.com/
docs/BENCHMARK_DATA_CITATIONS.md	3583	text	url	https://www.routledge.com/	OK(200):web_reference			- **literature**: Bard, Parsons & Jordan (1985) — Standard Potentials in Aqueous Solution — https://www.routledge.com/
docs/BENCHMARK_DATA_CITATIONS.md	3686	text	url	https://www.routledge.com/	OK(200):web_reference			- **literature**: Bard, Parsons & Jordan (1985) — Standard Potentials in Aqueous Solution — https://www.routledge.com/
docs/BENCHMARK_DATA_CITATIONS.md	3701	text	url	https://www.routledge.com/	OK(200):web_reference			- **literature**: Bard, Parsons & Jordan (1985) — Standard Potentials in Aqueous Solution — https://www.routledge.com/
docs/BENCHMARK_DATA_CITATIONS.md	3708	text	url	https://www.routledge.com/	OK(200):web_reference			- **dataset**: CRC / Riddick organic solvents handbook class — https://www.routledge.com/
docs/BENCHMARK_DATA_CITATIONS.md	4015	text	url	https://www.routledge.com/	OK(200):web_reference			- **literature**: Bard, Parsons & Jordan (1985) — Standard Potentials in Aqueous Solution — https://www.routledge.com/
docs/BENCHMARK_DATA_CITATIONS.md	4064	text	url	https://www.routledge.com/	OK(200):web_reference			- **literature**: Bard, Parsons & Jordan (1985) — Standard Potentials in Aqueous Solution — https://www.routledge.com/
docs/BENCHMARK_DATA_CITATIONS.md	4071	text	url	https://www.routledge.com/	OK(200):web_reference			- **dataset**: CRC / Riddick organic solvents handbook class — https://www.routledge.com/
docs/BENCHMARK_DATA_CITATIONS.md	4156	text	url	https://www.routledge.com/	OK(200):web_reference			- **literature**: Bard, Parsons & Jordan (1985) — Standard Potentials in Aqueous Solution — https://www.routledge.com/
docs/BENCHMARK_DATA_CITATIONS.md	4212	text	url	https://www.routledge.com/	OK(200):web_reference			- **dataset**: CRC / Riddick organic solvents handbook class — https://www.routledge.com/
docs/BENCHMARK_DATA_CITATIONS.md	4298	text	url	https://www.routledge.com/	OK(200):web_reference			- **literature**: Bard, Parsons & Jordan (1985) — Standard Potentials in Aqueous Solution — https://www.routledge.com/
docs/BENCHMARK_DATA_CITATIONS.md	4331	text	url	https://www.routledge.com/	OK(200):web_reference			- **literature**: Bard, Parsons & Jordan (1985) — Standard Potentials in Aqueous Solution — https://www.routledge.com/
docs/BENCHMARK_DATA_CITATIONS.md	4363	text	url	https://www.routledge.com/	OK(200):web_reference			- **literature**: Bard, Parsons & Jordan (1985) — Standard Potentials in Aqueous Solution — https://www.routledge.com/
docs/BENCHMARK_DATA_CITATIONS.md	4415	text	url	https://www.routledge.com/	OK(200):web_reference			- **literature**: Bard, Parsons & Jordan (1985) — Standard Potentials in Aqueous Solution — https://www.routledge.com/
docs/BENCHMARK_DATA_CITATIONS.md	4466	text	url	https://www.routledge.com/	OK(200):web_reference			- **literature**: Bard, Parsons & Jordan (1985) — Standard Potentials in Aqueous Solution — https://www.routledge.com/
docs/BENCHMARK_DATA_CITATIONS.md	4533	text	url	https://www.routledge.com/	OK(200):web_reference			- **literature**: Bard, Parsons & Jordan (1985) — Standard Potentials in Aqueous Solution — https://www.routledge.com/
docs/BENCHMARK_DATA_CITATIONS.md	4564	text	url	https://www.routledge.com/	OK(200):web_reference			- **literature**: Bard, Parsons & Jordan (1985) — Standard Potentials in Aqueous Solution — https://www.routledge.com/
docs/BENCHMARK_DATA_CITATIONS.md	4632	text	url	https://www.routledge.com/	OK(200):web_reference			- **literature**: Bard, Parsons & Jordan (1985) — Standard Potentials in Aqueous Solution — https://www.routledge.com/
docs/BENCHMARK_DATA_CITATIONS.md	4672	text	url	https://www.routledge.com/	OK(200):web_reference			- **literature**: Bard, Parsons & Jordan (1985) — Standard Potentials in Aqueous Solution — https://www.routledge.com/
docs/BENCHMARK_DATA_CITATIONS.md	4727	text	url	https://www.routledge.com/	OK(200):web_reference			- **literature**: Bard, Parsons & Jordan (1985) — Standard Potentials in Aqueous Solution — https://www.routledge.com/
docs/BENCHMARK_DATA_CITATIONS.md	4734	text	url	https://www.routledge.com/	OK(200):web_reference			- **dataset**: CRC / Riddick organic solvents handbook class — https://www.routledge.com/
docs/BENCHMARK_DATA_CITATIONS.md	4830	text	url	https://www.routledge.com/	OK(200):web_reference			- **literature**: Bard, Parsons & Jordan (1985) — Standard Potentials in Aqueous Solution — https://www.routledge.com/
docs/BENCHMARK_DATA_CITATIONS.md	4847	text	url	https://www.routledge.com/	OK(200):web_reference			- **literature**: Bard, Parsons & Jordan (1985) — Standard Potentials in Aqueous Solution — https://www.routledge.com/
docs/BENCHMARK_DATA_CITATIONS.md	4872	text	url	https://www.routledge.com/	OK(200):web_reference			- **literature**: Bard, Parsons & Jordan (1985) — Standard Potentials in Aqueous Solution — https://www.routledge.com/
docs/BENCHMARK_DATA_CITATIONS.md	4916	text	url	https://www.routledge.com/	OK(200):web_reference			- **literature**: Bard, Parsons & Jordan (1985) — Standard Potentials in Aqueous Solution — https://www.routledge.com/
docs/BENCHMARK_DATA_CITATIONS.md	4998	text	url	https://www.routledge.com/	OK(200):web_reference			- **literature**: Bard, Parsons & Jordan (1985) — Standard Potentials in Aqueous Solution — https://www.routledge.com/
docs/BENCHMARK_DATA_CITATIONS.md	5005	text	url	https://www.routledge.com/	OK(200):web_reference			- **dataset**: CRC / Riddick organic solvents handbook class — https://www.routledge.com/
docs/BENCHMARK_DATA_CITATIONS.md	5037	text	url	https://www.routledge.com/	OK(200):web_reference			- **literature**: Bard, Parsons & Jordan (1985) — Standard Potentials in Aqueous Solution — https://www.routledge.com/
docs/BENCHMARK_DATA_CITATIONS.md	5044	text	url	https://www.routledge.com/	OK(200):web_reference			- **dataset**: CRC / Riddick organic solvents handbook class — https://www.routledge.com/
docs/BENCHMARK_DATA_CITATIONS.md	5057	text	url	https://www.routledge.com/	OK(200):web_reference			- **literature**: Bard, Parsons & Jordan (1985) — Standard Potentials in Aqueous Solution — https://www.routledge.com/
docs/BENCHMARK_DATA_CITATIONS.md	5064	text	url	https://www.routledge.com/	OK(200):web_reference			- **dataset**: CRC / Riddick organic solvents handbook class — https://www.routledge.com/
docs/BENCHMARK_DATA_CITATIONS.md	5140	text	url	https://www.routledge.com/	OK(200):web_reference			- **literature**: Bard, Parsons & Jordan (1985) — Standard Potentials in Aqueous Solution — https://www.routledge.com/
docs/BENCHMARK_DATA_CITATIONS.md	5158	text	url	https://www.routledge.com/	OK(200):web_reference			- **literature**: Bard, Parsons & Jordan (1985) — Standard Potentials in Aqueous Solution — https://www.routledge.com/
docs/BENCHMARK_DATA_CITATIONS.md	5165	text	url	https://www.routledge.com/	OK(200):web_reference			- **dataset**: CRC / Riddick organic solvents handbook class — https://www.routledge.com/
docs/BENCHMARK_DATA_CITATIONS.md	5188	text	url	https://www.routledge.com/	OK(200):web_reference			- **literature**: Bard, Parsons & Jordan (1985) — Standard Potentials in Aqueous Solution — https://www.routledge.com/
docs/BENCHMARK_DATA_CITATIONS.md	5237	text	url	https://www.routledge.com/	OK(200):web_reference			- **literature**: Bard, Parsons & Jordan (1985) — Standard Potentials in Aqueous Solution — https://www.routledge.com/
docs/BENCHMARK_DATA_CITATIONS.md	5279	text	url	https://www.routledge.com/	OK(200):web_reference			- **literature**: Bard, Parsons & Jordan (1985) — Standard Potentials in Aqueous Solution — https://www.routledge.com/
docs/BENCHMARK_DATA_CITATIONS.md	5319	text	url	https://www.routledge.com/	OK(200):web_reference			- **literature**: Bard, Parsons & Jordan (1985) — Standard Potentials in Aqueous Solution — https://www.routledge.com/
docs/BENCHMARK_DATA_CITATIONS.md	5343	text	url	https://www.routledge.com/	OK(200):web_reference			- **literature**: Bard, Parsons & Jordan (1985) — Standard Potentials in Aqueous Solution — https://www.routledge.com/
docs/BENCHMARK_DATA_CITATIONS.md	180	text	url	https://www.ssa.gov/oact/STATS/table4c6.html	BLOCKED_OR_AUTH(403):web_reference			| dataset | SSA Office of the Chief Actuary life tables | https://www.ssa.gov/oact/STATS/table4c6.html | 1 |
docs/BENCHMARK_DATA_CITATIONS.md	940	text	url	https://www.ssa.gov/oact/STATS/table4c6.html	BLOCKED_OR_AUTH(403):web_reference			- **dataset**: SSA Office of the Chief Actuary life tables — https://www.ssa.gov/oact/STATS/table4c6.html
docs/BENCHMARK_DATA_CITATIONS.md	59	text	url	https://www.uniprot.org/help/api	OK(200):web_reference			| api | UniProt REST API | https://www.uniprot.org/help/api | 1 |
docs/BENCHMARK_DATA_CITATIONS.md	5101	text	url	https://www.uniprot.org/help/api	OK(200):web_reference			- **api**: UniProt REST API — https://www.uniprot.org/help/api
docs/BENCHMARK_DATA_CITATIONS.md	566	text	url	https://www.war.gov/UFO/	BLOCKED_OR_AUTH(403):web_reference			| url | https://www.war.gov/UFO/ | https://www.war.gov/UFO/ | 1 |
docs/BENCHMARK_DATA_CITATIONS.md	566	text	url	https://www.war.gov/UFO/	BLOCKED_OR_AUTH(403):web_reference			| url | https://www.war.gov/UFO/ | https://www.war.gov/UFO/ | 1 |
docs/BENCHMARK_DATA_CITATIONS.md	5085	text	url	https://www.war.gov/UFO/	BLOCKED_OR_AUTH(403):web_reference			- **url**: https://www.war.gov/UFO/ — https://www.war.gov/UFO/
docs/BENCHMARK_DATA_CITATIONS.md	5085	text	url	https://www.war.gov/UFO/	BLOCKED_OR_AUTH(403):web_reference			- **url**: https://www.war.gov/UFO/ — https://www.war.gov/UFO/
docs/BENCHMARK_DATA_CITATIONS.md	60	text	url	https://www.wikidata.org/w/api.php?action=wbgetentities&ids=Q167&format=json	OK(200):api_endpoint_or_template			| api | Wikidata entity for π | https://www.wikidata.org/w/api.php?action=wbgetentities&ids=Q167&format=json | 1 |
docs/BENCHMARK_DATA_CITATIONS.md	3819	text	url	https://www.wikidata.org/w/api.php?action=wbgetentities&ids=Q167&format=json	OK(200):api_endpoint_or_template			- **api**: Wikidata entity for π — https://www.wikidata.org/w/api.php?action=wbgetentities&ids=Q167&format=json
docs/BENCHMARK_DATA_CITATIONS.md	5717	text	url	https://www.wikidata.org/w/api.php?action=wbgetentities&ids=Q167&format=json	OK(200):api_endpoint_or_template			- `wikidata_pi`: Wikidata entity for π — https://www.wikidata.org/w/api.php?action=wbgetentities&ids=Q167&format=json
docs/DZHANIBEKOV_FSOT_RESPONSE.md	4	text	url	https://x.com/dr_logvinovich/status/2084655064602358240	OK(200):web_reference			**Trigger:** Reviewer-class vacuum macro spin-flip critique ([X / Logvinovich](https://x.com/dr_logvinovich/status/2084655064602358240))
docs/BENCHMARK_DATA_CITATIONS.md	567	text	url	https://x.com/muellerberndt/status/2079877767416709231	OK(200):web_reference			| url | https://x.com/muellerberndt/status/2079877767416709231 | https://x.com/muellerberndt/status/2079877767416709231 | 1 |
docs/BENCHMARK_DATA_CITATIONS.md	567	text	url	https://x.com/muellerberndt/status/2079877767416709231	OK(200):web_reference			| url | https://x.com/muellerberndt/status/2079877767416709231 | https://x.com/muellerberndt/status/2079877767416709231 | 1 |
docs/BENCHMARK_DATA_CITATIONS.md	3719	text	url	https://x.com/muellerberndt/status/2079877767416709231	OK(200):web_reference			- **url**: https://x.com/muellerberndt/status/2079877767416709231 — https://x.com/muellerberndt/status/2079877767416709231
docs/BENCHMARK_DATA_CITATIONS.md	3719	text	url	https://x.com/muellerberndt/status/2079877767416709231	OK(200):web_reference			- **url**: https://x.com/muellerberndt/status/2079877767416709231 — https://x.com/muellerberndt/status/2079877767416709231
docs/OPH_FSOT_CHALLENGE_RESPONSE.md	4	text	url	https://x.com/muellerberndt/status/2079877767416709231	OK(200):web_reference			**Context:** A follower pointed at the open [OPH](https://x.com/muellerberndt/status/2079877767416709231) program ([FloatingPragma/observer-patch-holography](https://github.com/FloatingPragma/observer-patch-holography)).
docs/BENCHMARK_DATA_CITATIONS.md	63	text	url	https://zenodo.org/api/records/?q=subject:physics&size=3&sort=mostrecent	OK(200):api_endpoint_or_template			| api | Zenodo open research records (physics) | https://zenodo.org/api/records/?q=subject:physics&size=3&sort=mostrecent | 1 |
docs/BENCHMARK_DATA_CITATIONS.md	3821	text	url	https://zenodo.org/api/records/?q=subject:physics&size=3&sort=mostrecent	OK(200):api_endpoint_or_template			- **api**: Zenodo open research records (physics) — https://zenodo.org/api/records/?q=subject:physics&size=3&sort=mostrecent
docs/BENCHMARK_DATA_CITATIONS.md	5719	text	url	https://zenodo.org/api/records/?q=subject:physics&size=3&sort=mostrecent	OK(200):api_endpoint_or_template			- `zenodo_records_physics`: Zenodo open research records (physics) — https://zenodo.org/api/records/?q=subject:physics&size=3&sort=mostrecent
