#hub_commit	6f9c25605a52acabe662a42fc003afa5bf66b959	AEB2AD
acoustic_resonance_materials_benchmark.json	records	29
acoustic_resonance_materials_benchmark.json	pooled_median_error_pct	0.008381497018411083
acoustic_resonance_materials_benchmark.json	scalar_count	29
acoustic_resonance_materials_benchmark.json	scalar_median_error_pct	0.008381497018411083
acoustic_resonance_materials_benchmark.json	max_scalar_error_pct	0.3297
acoustic_resonance_materials_benchmark.json	effective_scalar_median_error_pct	0.008381818181810921
acoustic_resonance_materials_benchmark.json	max_effective_scalar_error_pct	0.32973959060073643
acoustic_resonance_materials_benchmark.json	worst_effective_scalar_error_pct	0.32973959060073643
acoustic_resonance_materials_benchmark.json	rounding_ghost_scalar_count	0
acoustic_resonance_materials_benchmark.json	catalog_crosswalk_scalar_count	0
acoustic_resonance_materials_benchmark.json	strict_scalar_pass	True
acoustic_resonance_materials_benchmark.json	effective_scalar_pass	True
acoustic_resonance_materials_benchmark.json	max_gate_scalar_error_pct	0.3297
acoustic_resonance_materials_benchmark.json	tier_scalar_median_error_pct	0.008381818181810921
acoustic_resonance_materials_benchmark.json	tier_scalar_pass	True
acoustic_resonance_materials_benchmark.json	tier_scalar_max_pass	False
acoustic_resonance_materials_benchmark.json	scalar_median_pass	True
acoustic_resonance_materials_benchmark.json	classifier_count	0
acoustic_resonance_materials_benchmark.json	classifier_correct	0
acoustic_resonance_materials_benchmark.json	classifier_accuracy_pct	None
acoustic_resonance_materials_benchmark.json	classifier_pass	True
acoustic_resonance_materials_benchmark.json	official_pooled_median_error_pct	0.008381497018411083
acoustic_resonance_materials_benchmark.json	green_gate_pass	True
acoustic_resonance_materials_benchmark.json	max_scalar_name	Aluminum
acoustic_resonance_materials_benchmark.json	max_scalar_property	acoustic_impedance_MRayl
acoustic_resonance_materials_benchmark.json	max_gate_scalar_name	Aluminum
acoustic_resonance_materials_benchmark.json	worst_effective_scalar_name	Aluminum
actuarial_science_panel_benchmark.json	records	60
actuarial_science_panel_benchmark.json	pooled_median_error_pct	0.02261
actuarial_science_panel_benchmark.json	scalar_count	60
actuarial_science_panel_benchmark.json	scalar_median_error_pct	0.02261
actuarial_science_panel_benchmark.json	max_scalar_error_pct	0.02584
actuarial_science_panel_benchmark.json	effective_scalar_median_error_pct	0.02261015774784728
actuarial_science_panel_benchmark.json	max_effective_scalar_error_pct	0.03436426116838944
actuarial_science_panel_benchmark.json	worst_effective_scalar_error_pct	0.04587155963303361
actuarial_science_panel_benchmark.json	rounding_ghost_scalar_count	0
actuarial_science_panel_benchmark.json	catalog_crosswalk_scalar_count	0
actuarial_science_panel_benchmark.json	strict_scalar_pass	True
actuarial_science_panel_benchmark.json	effective_scalar_pass	True
actuarial_science_panel_benchmark.json	max_gate_scalar_error_pct	0.02584
actuarial_science_panel_benchmark.json	tier_scalar_median_error_pct	0.02261015774784728
actuarial_science_panel_benchmark.json	tier_scalar_pass	True
actuarial_science_panel_benchmark.json	tier_scalar_max_pass	True
actuarial_science_panel_benchmark.json	scalar_median_pass	True
actuarial_science_panel_benchmark.json	classifier_count	0
actuarial_science_panel_benchmark.json	classifier_correct	0
actuarial_science_panel_benchmark.json	classifier_accuracy_pct	None
actuarial_science_panel_benchmark.json	classifier_pass	True
actuarial_science_panel_benchmark.json	official_pooled_median_error_pct	0.02261
actuarial_science_panel_benchmark.json	green_gate_pass	True
actuarial_science_panel_benchmark.json	max_scalar_name	obs
actuarial_science_panel_benchmark.json	max_scalar_property	qx
actuarial_science_panel_benchmark.json	max_gate_scalar_name	obs
actuarial_science_panel_benchmark.json	worst_effective_scalar_name	40
actuarial_science_panel_benchmark.json	lb_records	60
actuarial_science_panel_benchmark.json	lb_unrouted	0
actuarial_science_panel_benchmark.json	lb_computed_match	3
actuarial_science_panel_benchmark.json	lb_scalar_match	0
actuarial_science_panel_benchmark.json	lb_error_match	0
actuarial_science_panel_benchmark.json	lb_max_rel_dev	0.0010193679918451912
adjacent_rung_coupling_benchmark.json	records	36
adjacent_rung_coupling_benchmark.json	pooled_median_error_pct	0.020098237848404983
adjacent_rung_coupling_benchmark.json	scalar_count	30
adjacent_rung_coupling_benchmark.json	scalar_median_error_pct	0.029432954634510528
adjacent_rung_coupling_benchmark.json	max_scalar_error_pct	0.038016537604979236
adjacent_rung_coupling_benchmark.json	effective_scalar_median_error_pct	0.029666055821074767
adjacent_rung_coupling_benchmark.json	max_effective_scalar_error_pct	0.038016537604979236
adjacent_rung_coupling_benchmark.json	worst_effective_scalar_error_pct	0.1052631578947394
adjacent_rung_coupling_benchmark.json	rounding_ghost_scalar_count	0
adjacent_rung_coupling_benchmark.json	catalog_crosswalk_scalar_count	0
adjacent_rung_coupling_benchmark.json	strict_scalar_pass	True
adjacent_rung_coupling_benchmark.json	effective_scalar_pass	True
adjacent_rung_coupling_benchmark.json	max_gate_scalar_error_pct	0.038016537604979236
adjacent_rung_coupling_benchmark.json	tier_scalar_median_error_pct	0.029666055821074767
adjacent_rung_coupling_benchmark.json	tier_scalar_pass	True
adjacent_rung_coupling_benchmark.json	tier_scalar_max_pass	True
adjacent_rung_coupling_benchmark.json	scalar_median_pass	True
adjacent_rung_coupling_benchmark.json	classifier_count	0
adjacent_rung_coupling_benchmark.json	classifier_correct	0
adjacent_rung_coupling_benchmark.json	classifier_accuracy_pct	None
adjacent_rung_coupling_benchmark.json	classifier_pass	True
adjacent_rung_coupling_benchmark.json	official_pooled_median_error_pct	0.029432954634510528
adjacent_rung_coupling_benchmark.json	green_gate_pass	True
adjacent_rung_coupling_benchmark.json	max_scalar_name	AR01
adjacent_rung_coupling_benchmark.json	max_scalar_property	adjacent_upper_median
adjacent_rung_coupling_benchmark.json	max_gate_scalar_name	AR01
adjacent_rung_coupling_benchmark.json	worst_effective_scalar_name	AR02
adversarial_fractal_break_benchmark.json	records	13
adversarial_fractal_break_benchmark.json	pooled_median_error_pct	0.0
adversarial_fractal_break_benchmark.json	scalar_count	13
adversarial_fractal_break_benchmark.json	scalar_median_error_pct	0.0
adversarial_fractal_break_benchmark.json	max_scalar_error_pct	0.03062212293865052
adversarial_fractal_break_benchmark.json	effective_scalar_median_error_pct	0.0
adversarial_fractal_break_benchmark.json	max_effective_scalar_error_pct	0.030599999999991745
adversarial_fractal_break_benchmark.json	worst_effective_scalar_error_pct	0.030599999999991745
adversarial_fractal_break_benchmark.json	rounding_ghost_scalar_count	0
adversarial_fractal_break_benchmark.json	catalog_crosswalk_scalar_count	0
adversarial_fractal_break_benchmark.json	strict_scalar_pass	True
adversarial_fractal_break_benchmark.json	effective_scalar_pass	True
adversarial_fractal_break_benchmark.json	max_gate_scalar_error_pct	0.03062212293865052
adversarial_fractal_break_benchmark.json	tier_scalar_median_error_pct	0.0
adversarial_fractal_break_benchmark.json	tier_scalar_pass	True
adversarial_fractal_break_benchmark.json	tier_scalar_max_pass	True
adversarial_fractal_break_benchmark.json	scalar_median_pass	True
adversarial_fractal_break_benchmark.json	classifier_count	0
adversarial_fractal_break_benchmark.json	classifier_correct	0
adversarial_fractal_break_benchmark.json	classifier_accuracy_pct	None
adversarial_fractal_break_benchmark.json	classifier_pass	True
adversarial_fractal_break_benchmark.json	official_pooled_median_error_pct	0.0
adversarial_fractal_break_benchmark.json	green_gate_pass	True
adversarial_fractal_break_benchmark.json	max_scalar_name	aggregate_adversarial
adversarial_fractal_break_benchmark.json	max_scalar_property	adversarial_detection_rate
adversarial_fractal_break_benchmark.json	max_gate_scalar_name	aggregate_adversarial
adversarial_fractal_break_benchmark.json	worst_effective_scalar_name	aggregate_adversarial
agriculture_agroecology_gap_fill_benchmark.json	records	276
agriculture_agroecology_gap_fill_benchmark.json	pooled_median_error_pct	0.018019024892929635
agriculture_agroecology_gap_fill_benchmark.json	scalar_count	0
agriculture_agroecology_gap_fill_benchmark.json	scalar_median_error_pct	None
agriculture_agroecology_gap_fill_benchmark.json	max_scalar_error_pct	None
agriculture_agroecology_gap_fill_benchmark.json	effective_scalar_median_error_pct	None
agriculture_agroecology_gap_fill_benchmark.json	max_effective_scalar_error_pct	None
agriculture_agroecology_gap_fill_benchmark.json	worst_effective_scalar_error_pct	None
agriculture_agroecology_gap_fill_benchmark.json	rounding_ghost_scalar_count	0
agriculture_agroecology_gap_fill_benchmark.json	catalog_crosswalk_scalar_count	0
agriculture_agroecology_gap_fill_benchmark.json	strict_scalar_pass	True
agriculture_agroecology_gap_fill_benchmark.json	effective_scalar_pass	True
agriculture_agroecology_gap_fill_benchmark.json	max_gate_scalar_error_pct	None
agriculture_agroecology_gap_fill_benchmark.json	tier_scalar_median_error_pct	None
agriculture_agroecology_gap_fill_benchmark.json	tier_scalar_pass	True
agriculture_agroecology_gap_fill_benchmark.json	tier_scalar_max_pass	True
agriculture_agroecology_gap_fill_benchmark.json	scalar_median_pass	True
agriculture_agroecology_gap_fill_benchmark.json	classifier_count	0
agriculture_agroecology_gap_fill_benchmark.json	classifier_correct	0
agriculture_agroecology_gap_fill_benchmark.json	classifier_accuracy_pct	None
agriculture_agroecology_gap_fill_benchmark.json	classifier_pass	True
agriculture_agroecology_gap_fill_benchmark.json	official_pooled_median_error_pct	None
agriculture_agroecology_gap_fill_benchmark.json	green_gate_pass	True
agriculture_agroecology_gap_fill_benchmark.json	max_scalar_name	None
agriculture_agroecology_gap_fill_benchmark.json	max_scalar_property	None
agriculture_agroecology_gap_fill_benchmark.json	max_gate_scalar_name	None
agriculture_agroecology_gap_fill_benchmark.json	worst_effective_scalar_name	None
ai_galactic_orbital_bridge_benchmark.json	records	48
ai_galactic_orbital_bridge_benchmark.json	pooled_median_error_pct	0.005168558627176023
ai_galactic_orbital_bridge_benchmark.json	scalar_count	48
ai_galactic_orbital_bridge_benchmark.json	scalar_median_error_pct	0.005168558627175254
ai_galactic_orbital_bridge_benchmark.json	max_scalar_error_pct	0.005168558627188476
ai_galactic_orbital_bridge_benchmark.json	effective_scalar_median_error_pct	0.004399999999993298
ai_galactic_orbital_bridge_benchmark.json	max_effective_scalar_error_pct	0.006347997206887578
ai_galactic_orbital_bridge_benchmark.json	worst_effective_scalar_error_pct	0.023068050749694702
ai_galactic_orbital_bridge_benchmark.json	rounding_ghost_scalar_count	0
ai_galactic_orbital_bridge_benchmark.json	catalog_crosswalk_scalar_count	0
ai_galactic_orbital_bridge_benchmark.json	strict_scalar_pass	True
ai_galactic_orbital_bridge_benchmark.json	effective_scalar_pass	True
ai_galactic_orbital_bridge_benchmark.json	max_gate_scalar_error_pct	0.005168558627188476
ai_galactic_orbital_bridge_benchmark.json	tier_scalar_median_error_pct	0.004399999999993298
ai_galactic_orbital_bridge_benchmark.json	tier_scalar_pass	True
ai_galactic_orbital_bridge_benchmark.json	tier_scalar_max_pass	True
ai_galactic_orbital_bridge_benchmark.json	scalar_median_pass	True
ai_galactic_orbital_bridge_benchmark.json	classifier_count	0
ai_galactic_orbital_bridge_benchmark.json	classifier_correct	0
ai_galactic_orbital_bridge_benchmark.json	classifier_accuracy_pct	None
ai_galactic_orbital_bridge_benchmark.json	classifier_pass	True
ai_galactic_orbital_bridge_benchmark.json	official_pooled_median_error_pct	0.005168558627175254
ai_galactic_orbital_bridge_benchmark.json	green_gate_pass	True
ai_galactic_orbital_bridge_benchmark.json	max_scalar_name	Arxiv_Primitives_Panel__Astrophysical_Structure_Crosswalk
ai_galactic_orbital_bridge_benchmark.json	max_scalar_property	orbital_bridge_coupling
ai_galactic_orbital_bridge_benchmark.json	max_gate_scalar_name	Arxiv_Primitives_Panel__Astrophysical_Structure_Crosswalk
ai_galactic_orbital_bridge_benchmark.json	worst_effective_scalar_name	Alternate_Base_Mathematics_Explorer_Panel__AI_Galactic_Orbital_Bridge
alphafold_batch_meta_open_benchmark.json	records	182
alphafold_batch_meta_open_benchmark.json	pooled_median_error_pct	0.015311
alphafold_batch_meta_open_benchmark.json	scalar_count	182
alphafold_batch_meta_open_benchmark.json	scalar_median_error_pct	0.015311
alphafold_batch_meta_open_benchmark.json	max_scalar_error_pct	0.026684
alphafold_batch_meta_open_benchmark.json	effective_scalar_median_error_pct	0.01531128404669701
alphafold_batch_meta_open_benchmark.json	max_effective_scalar_error_pct	0.02668346055980037
alphafold_batch_meta_open_benchmark.json	worst_effective_scalar_error_pct	0.02668412698412226
alphafold_batch_meta_open_benchmark.json	rounding_ghost_scalar_count	0
alphafold_batch_meta_open_benchmark.json	catalog_crosswalk_scalar_count	0
alphafold_batch_meta_open_benchmark.json	strict_scalar_pass	True
alphafold_batch_meta_open_benchmark.json	effective_scalar_pass	True
alphafold_batch_meta_open_benchmark.json	max_gate_scalar_error_pct	0.026684
alphafold_batch_meta_open_benchmark.json	tier_scalar_median_error_pct	0.01531128404669701
alphafold_batch_meta_open_benchmark.json	tier_scalar_pass	True
alphafold_batch_meta_open_benchmark.json	tier_scalar_max_pass	True
alphafold_batch_meta_open_benchmark.json	scalar_median_pass	True
alphafold_batch_meta_open_benchmark.json	classifier_count	0
alphafold_batch_meta_open_benchmark.json	classifier_correct	0
alphafold_batch_meta_open_benchmark.json	classifier_accuracy_pct	None
alphafold_batch_meta_open_benchmark.json	classifier_pass	True
alphafold_batch_meta_open_benchmark.json	official_pooled_median_error_pct	0.015311
alphafold_batch_meta_open_benchmark.json	green_gate_pass	True
alphafold_batch_meta_open_benchmark.json	max_scalar_name	P04637
alphafold_batch_meta_open_benchmark.json	max_scalar_property	sequence_length
alphafold_batch_meta_open_benchmark.json	max_gate_scalar_name	P04637
alphafold_batch_meta_open_benchmark.json	worst_effective_scalar_name	P38398
alphafold_batch_meta_open_benchmark.json	lb_records	182
alphafold_batch_meta_open_benchmark.json	lb_unrouted	0
alphafold_batch_meta_open_benchmark.json	lb_computed_match	0
alphafold_batch_meta_open_benchmark.json	lb_scalar_match	0
alphafold_batch_meta_open_benchmark.json	lb_error_match	0
alphafold_batch_meta_open_benchmark.json	lb_max_rel_dev	0.0006120317956762957
alternate_base_mathematics_explorer_panel_benchmark.json	records	56
alternate_base_mathematics_explorer_panel_benchmark.json	pooled_median_error_pct	0.009504
alternate_base_mathematics_explorer_panel_benchmark.json	scalar_count	55
alternate_base_mathematics_explorer_panel_benchmark.json	scalar_median_error_pct	0.009504
alternate_base_mathematics_explorer_panel_benchmark.json	max_scalar_error_pct	0.009504
alternate_base_mathematics_explorer_panel_benchmark.json	effective_scalar_median_error_pct	0.009503846153845731
alternate_base_mathematics_explorer_panel_benchmark.json	max_effective_scalar_error_pct	0.009499999999995623
alternate_base_mathematics_explorer_panel_benchmark.json	worst_effective_scalar_error_pct	0.012475049900190436
alternate_base_mathematics_explorer_panel_benchmark.json	rounding_ghost_scalar_count	0
alternate_base_mathematics_explorer_panel_benchmark.json	catalog_crosswalk_scalar_count	0
alternate_base_mathematics_explorer_panel_benchmark.json	strict_scalar_pass	True
alternate_base_mathematics_explorer_panel_benchmark.json	effective_scalar_pass	True
alternate_base_mathematics_explorer_panel_benchmark.json	max_gate_scalar_error_pct	0.009504
alternate_base_mathematics_explorer_panel_benchmark.json	tier_scalar_median_error_pct	0.009503846153845731
alternate_base_mathematics_explorer_panel_benchmark.json	tier_scalar_pass	True
alternate_base_mathematics_explorer_panel_benchmark.json	tier_scalar_max_pass	True
alternate_base_mathematics_explorer_panel_benchmark.json	scalar_median_pass	True
alternate_base_mathematics_explorer_panel_benchmark.json	classifier_count	0
alternate_base_mathematics_explorer_panel_benchmark.json	classifier_correct	0
alternate_base_mathematics_explorer_panel_benchmark.json	classifier_accuracy_pct	None
alternate_base_mathematics_explorer_panel_benchmark.json	classifier_pass	True
alternate_base_mathematics_explorer_panel_benchmark.json	official_pooled_median_error_pct	0.009504
alternate_base_mathematics_explorer_panel_benchmark.json	green_gate_pass	True
alternate_base_mathematics_explorer_panel_benchmark.json	max_scalar_name	base_2
alternate_base_mathematics_explorer_panel_benchmark.json	max_scalar_property	saturation_digit
alternate_base_mathematics_explorer_panel_benchmark.json	max_gate_scalar_name	base_2
alternate_base_mathematics_explorer_panel_benchmark.json	worst_effective_scalar_name	base_60
alternate_base_mathematics_explorer_panel_benchmark.json	lb_records	56
alternate_base_mathematics_explorer_panel_benchmark.json	lb_unrouted	0
alternate_base_mathematics_explorer_panel_benchmark.json	lb_computed_match	0
alternate_base_mathematics_explorer_panel_benchmark.json	lb_scalar_match	0
alternate_base_mathematics_explorer_panel_benchmark.json	lb_error_match	0
alternate_base_mathematics_explorer_panel_benchmark.json	lb_max_rel_dev	0.0006762849413887093
alternate_base_mathematics_spine_benchmark.json	records	21
alternate_base_mathematics_spine_benchmark.json	pooled_median_error_pct	0.0
alternate_base_mathematics_spine_benchmark.json	scalar_count	14
alternate_base_mathematics_spine_benchmark.json	scalar_median_error_pct	0.0
alternate_base_mathematics_spine_benchmark.json	max_scalar_error_pct	0.238944484
alternate_base_mathematics_spine_benchmark.json	effective_scalar_median_error_pct	0.0
alternate_base_mathematics_spine_benchmark.json	max_effective_scalar_error_pct	0.23894448437833055
alternate_base_mathematics_spine_benchmark.json	worst_effective_scalar_error_pct	0.23894448437833055
alternate_base_mathematics_spine_benchmark.json	rounding_ghost_scalar_count	0
alternate_base_mathematics_spine_benchmark.json	catalog_crosswalk_scalar_count	0
alternate_base_mathematics_spine_benchmark.json	strict_scalar_pass	True
alternate_base_mathematics_spine_benchmark.json	effective_scalar_pass	True
alternate_base_mathematics_spine_benchmark.json	max_gate_scalar_error_pct	0.238944484
alternate_base_mathematics_spine_benchmark.json	tier_scalar_median_error_pct	0.0
alternate_base_mathematics_spine_benchmark.json	tier_scalar_pass	True
alternate_base_mathematics_spine_benchmark.json	tier_scalar_max_pass	False
alternate_base_mathematics_spine_benchmark.json	scalar_median_pass	True
alternate_base_mathematics_spine_benchmark.json	classifier_count	0
alternate_base_mathematics_spine_benchmark.json	classifier_correct	0
alternate_base_mathematics_spine_benchmark.json	classifier_accuracy_pct	None
alternate_base_mathematics_spine_benchmark.json	classifier_pass	True
alternate_base_mathematics_spine_benchmark.json	official_pooled_median_error_pct	0.0
alternate_base_mathematics_spine_benchmark.json	green_gate_pass	True
alternate_base_mathematics_spine_benchmark.json	max_scalar_name	e519765ed2390456
alternate_base_mathematics_spine_benchmark.json	max_scalar_property	acetazolamide_CAII
alternate_base_mathematics_spine_benchmark.json	max_gate_scalar_name	e519765ed2390456
alternate_base_mathematics_spine_benchmark.json	worst_effective_scalar_name	e519765ed2390456
anthropology_extension_benchmark.json	records	160
anthropology_extension_benchmark.json	pooled_median_error_pct	0.019504399572476606
anthropology_extension_benchmark.json	scalar_count	10
anthropology_extension_benchmark.json	scalar_median_error_pct	-0.0007873774796219538
anthropology_extension_benchmark.json	max_scalar_error_pct	0.002670068252275115
anthropology_extension_benchmark.json	effective_scalar_median_error_pct	0.0012780936192048967
anthropology_extension_benchmark.json	max_effective_scalar_error_pct	0.0026700682522529107
anthropology_extension_benchmark.json	worst_effective_scalar_error_pct	0.006302479903336828
anthropology_extension_benchmark.json	rounding_ghost_scalar_count	0
anthropology_extension_benchmark.json	catalog_crosswalk_scalar_count	0
anthropology_extension_benchmark.json	strict_scalar_pass	True
anthropology_extension_benchmark.json	effective_scalar_pass	True
anthropology_extension_benchmark.json	max_gate_scalar_error_pct	0.002670068252275115
anthropology_extension_benchmark.json	tier_scalar_median_error_pct	0.0012780936192048967
anthropology_extension_benchmark.json	tier_scalar_pass	True
anthropology_extension_benchmark.json	tier_scalar_max_pass	True
anthropology_extension_benchmark.json	scalar_median_pass	True
anthropology_extension_benchmark.json	classifier_count	0
anthropology_extension_benchmark.json	classifier_correct	0
anthropology_extension_benchmark.json	classifier_accuracy_pct	None
anthropology_extension_benchmark.json	classifier_pass	True
anthropology_extension_benchmark.json	official_pooled_median_error_pct	-0.0007873774796219538
anthropology_extension_benchmark.json	green_gate_pass	True
anthropology_extension_benchmark.json	max_scalar_name	Saccade_length_reading
anthropology_extension_benchmark.json	max_scalar_property	None
anthropology_extension_benchmark.json	max_gate_scalar_name	Saccade_length_reading
anthropology_extension_benchmark.json	worst_effective_scalar_name	Mean_word_length_English
architecture_building_science_gap_fill_benchmark.json	records	43
architecture_building_science_gap_fill_benchmark.json	pooled_median_error_pct	0.07869745016115058
architecture_building_science_gap_fill_benchmark.json	scalar_count	0
architecture_building_science_gap_fill_benchmark.json	scalar_median_error_pct	None
architecture_building_science_gap_fill_benchmark.json	max_scalar_error_pct	None
architecture_building_science_gap_fill_benchmark.json	effective_scalar_median_error_pct	None
architecture_building_science_gap_fill_benchmark.json	max_effective_scalar_error_pct	None
architecture_building_science_gap_fill_benchmark.json	worst_effective_scalar_error_pct	None
architecture_building_science_gap_fill_benchmark.json	rounding_ghost_scalar_count	0
architecture_building_science_gap_fill_benchmark.json	catalog_crosswalk_scalar_count	0
architecture_building_science_gap_fill_benchmark.json	strict_scalar_pass	True
architecture_building_science_gap_fill_benchmark.json	effective_scalar_pass	True
architecture_building_science_gap_fill_benchmark.json	max_gate_scalar_error_pct	None
architecture_building_science_gap_fill_benchmark.json	tier_scalar_median_error_pct	None
architecture_building_science_gap_fill_benchmark.json	tier_scalar_pass	True
architecture_building_science_gap_fill_benchmark.json	tier_scalar_max_pass	True
architecture_building_science_gap_fill_benchmark.json	scalar_median_pass	True
architecture_building_science_gap_fill_benchmark.json	classifier_count	20
architecture_building_science_gap_fill_benchmark.json	classifier_correct	20
architecture_building_science_gap_fill_benchmark.json	classifier_accuracy_pct	100.0
architecture_building_science_gap_fill_benchmark.json	classifier_pass	True
architecture_building_science_gap_fill_benchmark.json	official_pooled_median_error_pct	None
architecture_building_science_gap_fill_benchmark.json	green_gate_pass	True
architecture_building_science_gap_fill_benchmark.json	max_scalar_name	None
architecture_building_science_gap_fill_benchmark.json	max_scalar_property	None
architecture_building_science_gap_fill_benchmark.json	max_gate_scalar_name	None
architecture_building_science_gap_fill_benchmark.json	worst_effective_scalar_name	None
arxiv_brain_knowledge_panel_benchmark.json	records	20
arxiv_brain_knowledge_panel_benchmark.json	pooled_median_error_pct	0.018003
arxiv_brain_knowledge_panel_benchmark.json	scalar_count	17
arxiv_brain_knowledge_panel_benchmark.json	scalar_median_error_pct	0.018003
arxiv_brain_knowledge_panel_benchmark.json	max_scalar_error_pct	0.018003
arxiv_brain_knowledge_panel_benchmark.json	effective_scalar_median_error_pct	0.01800267006714251
arxiv_brain_knowledge_panel_benchmark.json	max_effective_scalar_error_pct	0.01800267006714251
arxiv_brain_knowledge_panel_benchmark.json	worst_effective_scalar_error_pct	0.01800312499999901
arxiv_brain_knowledge_panel_benchmark.json	rounding_ghost_scalar_count	0
arxiv_brain_knowledge_panel_benchmark.json	catalog_crosswalk_scalar_count	0
arxiv_brain_knowledge_panel_benchmark.json	strict_scalar_pass	True
arxiv_brain_knowledge_panel_benchmark.json	effective_scalar_pass	True
arxiv_brain_knowledge_panel_benchmark.json	max_gate_scalar_error_pct	0.018003
arxiv_brain_knowledge_panel_benchmark.json	tier_scalar_median_error_pct	0.01800267006714251
arxiv_brain_knowledge_panel_benchmark.json	tier_scalar_pass	True
arxiv_brain_knowledge_panel_benchmark.json	tier_scalar_max_pass	True
arxiv_brain_knowledge_panel_benchmark.json	scalar_median_pass	True
arxiv_brain_knowledge_panel_benchmark.json	classifier_count	0
arxiv_brain_knowledge_panel_benchmark.json	classifier_correct	0
arxiv_brain_knowledge_panel_benchmark.json	classifier_accuracy_pct	None
arxiv_brain_knowledge_panel_benchmark.json	classifier_pass	True
arxiv_brain_knowledge_panel_benchmark.json	official_pooled_median_error_pct	0.018003
arxiv_brain_knowledge_panel_benchmark.json	green_gate_pass	True
arxiv_brain_knowledge_panel_benchmark.json	max_scalar_name	catalog_formulas
arxiv_brain_knowledge_panel_benchmark.json	max_scalar_property	catalog_formulas
arxiv_brain_knowledge_panel_benchmark.json	max_gate_scalar_name	catalog_formulas
arxiv_brain_knowledge_panel_benchmark.json	worst_effective_scalar_name	per_formula_tolerable
arxiv_brain_knowledge_panel_benchmark.json	lb_records	20
arxiv_brain_knowledge_panel_benchmark.json	lb_unrouted	0
arxiv_brain_knowledge_panel_benchmark.json	lb_computed_match	0
arxiv_brain_knowledge_panel_benchmark.json	lb_scalar_match	0
arxiv_brain_knowledge_panel_benchmark.json	lb_error_match	0
arxiv_brain_knowledge_panel_benchmark.json	lb_max_rel_dev	0.0005803917519418849
arxiv_gravitational_waves_panel_benchmark.json	records	60
arxiv_gravitational_waves_panel_benchmark.json	pooled_median_error_pct	0.01748
arxiv_gravitational_waves_panel_benchmark.json	scalar_count	40
arxiv_gravitational_waves_panel_benchmark.json	scalar_median_error_pct	0.01748
arxiv_gravitational_waves_panel_benchmark.json	max_scalar_error_pct	0.026472
arxiv_gravitational_waves_panel_benchmark.json	effective_scalar_median_error_pct	0.0174800237932505
arxiv_gravitational_waves_panel_benchmark.json	max_effective_scalar_error_pct	0.02647250000000767
arxiv_gravitational_waves_panel_benchmark.json	worst_effective_scalar_error_pct	0.026472881355933793
arxiv_gravitational_waves_panel_benchmark.json	rounding_ghost_scalar_count	0
arxiv_gravitational_waves_panel_benchmark.json	catalog_crosswalk_scalar_count	0
arxiv_gravitational_waves_panel_benchmark.json	strict_scalar_pass	True
arxiv_gravitational_waves_panel_benchmark.json	effective_scalar_pass	True
arxiv_gravitational_waves_panel_benchmark.json	max_gate_scalar_error_pct	0.026472
arxiv_gravitational_waves_panel_benchmark.json	tier_scalar_median_error_pct	0.0174800237932505
arxiv_gravitational_waves_panel_benchmark.json	tier_scalar_pass	True
arxiv_gravitational_waves_panel_benchmark.json	tier_scalar_max_pass	True
arxiv_gravitational_waves_panel_benchmark.json	scalar_median_pass	True
arxiv_gravitational_waves_panel_benchmark.json	classifier_count	0
arxiv_gravitational_waves_panel_benchmark.json	classifier_correct	0
arxiv_gravitational_waves_panel_benchmark.json	classifier_accuracy_pct	None
arxiv_gravitational_waves_panel_benchmark.json	classifier_pass	True
arxiv_gravitational_waves_panel_benchmark.json	official_pooled_median_error_pct	0.01748
arxiv_gravitational_waves_panel_benchmark.json	green_gate_pass	True
arxiv_gravitational_waves_panel_benchmark.json	max_scalar_name	2607.08747v1
arxiv_gravitational_waves_panel_benchmark.json	max_scalar_property	title_length
arxiv_gravitational_waves_panel_benchmark.json	max_gate_scalar_name	2607.08747v1
arxiv_gravitational_waves_panel_benchmark.json	worst_effective_scalar_name	2607.08570v1
arxiv_gravitational_waves_panel_benchmark.json	lb_records	60
arxiv_gravitational_waves_panel_benchmark.json	lb_unrouted	0
arxiv_gravitational_waves_panel_benchmark.json	lb_computed_match	0
arxiv_gravitational_waves_panel_benchmark.json	lb_scalar_match	0
arxiv_gravitational_waves_panel_benchmark.json	lb_error_match	0
arxiv_gravitational_waves_panel_benchmark.json	lb_max_rel_dev	0.0004514993985351153
arxiv_primitives_panel_benchmark.json	records	22
arxiv_primitives_panel_benchmark.json	pooled_median_error_pct	0.031506
arxiv_primitives_panel_benchmark.json	scalar_count	21
arxiv_primitives_panel_benchmark.json	scalar_median_error_pct	0.031506
arxiv_primitives_panel_benchmark.json	max_scalar_error_pct	0.031506
arxiv_primitives_panel_benchmark.json	effective_scalar_median_error_pct	0.03150000000000652
arxiv_primitives_panel_benchmark.json	max_effective_scalar_error_pct	0.03150616756486924
arxiv_primitives_panel_benchmark.json	worst_effective_scalar_error_pct	0.031601731601727155
arxiv_primitives_panel_benchmark.json	rounding_ghost_scalar_count	0
arxiv_primitives_panel_benchmark.json	catalog_crosswalk_scalar_count	0
arxiv_primitives_panel_benchmark.json	strict_scalar_pass	True
arxiv_primitives_panel_benchmark.json	effective_scalar_pass	True
arxiv_primitives_panel_benchmark.json	max_gate_scalar_error_pct	0.031506
arxiv_primitives_panel_benchmark.json	tier_scalar_median_error_pct	0.03150000000000652
arxiv_primitives_panel_benchmark.json	tier_scalar_pass	True
arxiv_primitives_panel_benchmark.json	tier_scalar_max_pass	True
arxiv_primitives_panel_benchmark.json	scalar_median_pass	True
arxiv_primitives_panel_benchmark.json	classifier_count	0
arxiv_primitives_panel_benchmark.json	classifier_correct	0
arxiv_primitives_panel_benchmark.json	classifier_accuracy_pct	None
arxiv_primitives_panel_benchmark.json	classifier_pass	True
arxiv_primitives_panel_benchmark.json	official_pooled_median_error_pct	0.031506
arxiv_primitives_panel_benchmark.json	green_gate_pass	True
arxiv_primitives_panel_benchmark.json	max_scalar_name	arxiv_topics_loaded
arxiv_primitives_panel_benchmark.json	max_scalar_property	arxiv_topics_loaded
arxiv_primitives_panel_benchmark.json	max_gate_scalar_name	arxiv_topics_loaded
arxiv_primitives_panel_benchmark.json	worst_effective_scalar_name	retention_score
arxiv_primitives_panel_benchmark.json	lb_records	22
arxiv_primitives_panel_benchmark.json	lb_unrouted	0
arxiv_primitives_panel_benchmark.json	lb_computed_match	1
arxiv_primitives_panel_benchmark.json	lb_scalar_match	0
arxiv_primitives_panel_benchmark.json	lb_error_match	1
arxiv_primitives_panel_benchmark.json	lb_max_rel_dev	0.00044228942109239235
arxiv_primitives_v14_benchmark.json	records	21
arxiv_primitives_v14_benchmark.json	pooled_median_error_pct	5.5479e-05
arxiv_primitives_v14_benchmark.json	scalar_count	21
arxiv_primitives_v14_benchmark.json	scalar_median_error_pct	5.5479e-05
arxiv_primitives_v14_benchmark.json	max_scalar_error_pct	0.238944484
arxiv_primitives_v14_benchmark.json	effective_scalar_median_error_pct	5.547919895966477e-05
arxiv_primitives_v14_benchmark.json	max_effective_scalar_error_pct	0.23894448437833055
arxiv_primitives_v14_benchmark.json	worst_effective_scalar_error_pct	0.23894448437833055
arxiv_primitives_v14_benchmark.json	rounding_ghost_scalar_count	0
arxiv_primitives_v14_benchmark.json	catalog_crosswalk_scalar_count	0
arxiv_primitives_v14_benchmark.json	strict_scalar_pass	True
arxiv_primitives_v14_benchmark.json	effective_scalar_pass	True
arxiv_primitives_v14_benchmark.json	max_gate_scalar_error_pct	0.238944484
arxiv_primitives_v14_benchmark.json	tier_scalar_median_error_pct	5.547919895966477e-05
arxiv_primitives_v14_benchmark.json	tier_scalar_pass	True
arxiv_primitives_v14_benchmark.json	tier_scalar_max_pass	False
arxiv_primitives_v14_benchmark.json	scalar_median_pass	True
arxiv_primitives_v14_benchmark.json	classifier_count	0
arxiv_primitives_v14_benchmark.json	classifier_correct	0
arxiv_primitives_v14_benchmark.json	classifier_accuracy_pct	None
arxiv_primitives_v14_benchmark.json	classifier_pass	True
arxiv_primitives_v14_benchmark.json	official_pooled_median_error_pct	5.5479e-05
arxiv_primitives_v14_benchmark.json	green_gate_pass	True
arxiv_primitives_v14_benchmark.json	max_scalar_name	e519765ed2390456
arxiv_primitives_v14_benchmark.json	max_scalar_property	acetazolamide_CAII
arxiv_primitives_v14_benchmark.json	max_gate_scalar_name	e519765ed2390456
arxiv_primitives_v14_benchmark.json	worst_effective_scalar_name	e519765ed2390456
astrophysical_structure_crosswalk_benchmark.json	records	24
astrophysical_structure_crosswalk_benchmark.json	pooled_median_error_pct	0.0
astrophysical_structure_crosswalk_benchmark.json	scalar_count	4
astrophysical_structure_crosswalk_benchmark.json	scalar_median_error_pct	0.0
astrophysical_structure_crosswalk_benchmark.json	max_scalar_error_pct	0.0
astrophysical_structure_crosswalk_benchmark.json	effective_scalar_median_error_pct	0.0
astrophysical_structure_crosswalk_benchmark.json	max_effective_scalar_error_pct	0.0
astrophysical_structure_crosswalk_benchmark.json	worst_effective_scalar_error_pct	0.0
astrophysical_structure_crosswalk_benchmark.json	rounding_ghost_scalar_count	0
astrophysical_structure_crosswalk_benchmark.json	catalog_crosswalk_scalar_count	0
astrophysical_structure_crosswalk_benchmark.json	strict_scalar_pass	True
astrophysical_structure_crosswalk_benchmark.json	effective_scalar_pass	True
astrophysical_structure_crosswalk_benchmark.json	max_gate_scalar_error_pct	0.0
astrophysical_structure_crosswalk_benchmark.json	tier_scalar_median_error_pct	0.0
astrophysical_structure_crosswalk_benchmark.json	tier_scalar_pass	True
astrophysical_structure_crosswalk_benchmark.json	tier_scalar_max_pass	True
astrophysical_structure_crosswalk_benchmark.json	scalar_median_pass	True
astrophysical_structure_crosswalk_benchmark.json	classifier_count	0
astrophysical_structure_crosswalk_benchmark.json	classifier_correct	0
astrophysical_structure_crosswalk_benchmark.json	classifier_accuracy_pct	None
astrophysical_structure_crosswalk_benchmark.json	classifier_pass	True
astrophysical_structure_crosswalk_benchmark.json	official_pooled_median_error_pct	0.0
astrophysical_structure_crosswalk_benchmark.json	green_gate_pass	True
astrophysical_structure_crosswalk_benchmark.json	max_scalar_name	None
astrophysical_structure_crosswalk_benchmark.json	max_scalar_property	None
astrophysical_structure_crosswalk_benchmark.json	max_gate_scalar_name	None
astrophysical_structure_crosswalk_benchmark.json	worst_effective_scalar_name	None
atmospheric_physics_gap_fill_benchmark.json	records	47
atmospheric_physics_gap_fill_benchmark.json	pooled_median_error_pct	0.0
atmospheric_physics_gap_fill_benchmark.json	scalar_count	0
atmospheric_physics_gap_fill_benchmark.json	scalar_median_error_pct	None
atmospheric_physics_gap_fill_benchmark.json	max_scalar_error_pct	None
atmospheric_physics_gap_fill_benchmark.json	effective_scalar_median_error_pct	None
atmospheric_physics_gap_fill_benchmark.json	max_effective_scalar_error_pct	None
atmospheric_physics_gap_fill_benchmark.json	worst_effective_scalar_error_pct	None
atmospheric_physics_gap_fill_benchmark.json	rounding_ghost_scalar_count	0
atmospheric_physics_gap_fill_benchmark.json	catalog_crosswalk_scalar_count	0
atmospheric_physics_gap_fill_benchmark.json	strict_scalar_pass	True
atmospheric_physics_gap_fill_benchmark.json	effective_scalar_pass	True
atmospheric_physics_gap_fill_benchmark.json	max_gate_scalar_error_pct	None
atmospheric_physics_gap_fill_benchmark.json	tier_scalar_median_error_pct	None
atmospheric_physics_gap_fill_benchmark.json	tier_scalar_pass	True
atmospheric_physics_gap_fill_benchmark.json	tier_scalar_max_pass	True
atmospheric_physics_gap_fill_benchmark.json	scalar_median_pass	True
atmospheric_physics_gap_fill_benchmark.json	classifier_count	47
atmospheric_physics_gap_fill_benchmark.json	classifier_correct	47
atmospheric_physics_gap_fill_benchmark.json	classifier_accuracy_pct	100.0
atmospheric_physics_gap_fill_benchmark.json	classifier_pass	True
atmospheric_physics_gap_fill_benchmark.json	official_pooled_median_error_pct	None
atmospheric_physics_gap_fill_benchmark.json	green_gate_pass	True
atmospheric_physics_gap_fill_benchmark.json	max_scalar_name	None
atmospheric_physics_gap_fill_benchmark.json	max_scalar_property	None
atmospheric_physics_gap_fill_benchmark.json	max_gate_scalar_name	None
atmospheric_physics_gap_fill_benchmark.json	worst_effective_scalar_name	None
atomic_physics_gap_fill_benchmark.json	records	80
atomic_physics_gap_fill_benchmark.json	pooled_median_error_pct	0.0009504134401195552
atomic_physics_gap_fill_benchmark.json	scalar_count	0
atomic_physics_gap_fill_benchmark.json	scalar_median_error_pct	None
atomic_physics_gap_fill_benchmark.json	max_scalar_error_pct	None
atomic_physics_gap_fill_benchmark.json	effective_scalar_median_error_pct	None
atomic_physics_gap_fill_benchmark.json	max_effective_scalar_error_pct	None
atomic_physics_gap_fill_benchmark.json	worst_effective_scalar_error_pct	None
atomic_physics_gap_fill_benchmark.json	rounding_ghost_scalar_count	0
atomic_physics_gap_fill_benchmark.json	catalog_crosswalk_scalar_count	0
atomic_physics_gap_fill_benchmark.json	strict_scalar_pass	True
atomic_physics_gap_fill_benchmark.json	effective_scalar_pass	True
atomic_physics_gap_fill_benchmark.json	max_gate_scalar_error_pct	None
atomic_physics_gap_fill_benchmark.json	tier_scalar_median_error_pct	None
atomic_physics_gap_fill_benchmark.json	tier_scalar_pass	True
atomic_physics_gap_fill_benchmark.json	tier_scalar_max_pass	True
atomic_physics_gap_fill_benchmark.json	scalar_median_pass	True
atomic_physics_gap_fill_benchmark.json	classifier_count	0
atomic_physics_gap_fill_benchmark.json	classifier_correct	0
atomic_physics_gap_fill_benchmark.json	classifier_accuracy_pct	None
atomic_physics_gap_fill_benchmark.json	classifier_pass	True
atomic_physics_gap_fill_benchmark.json	official_pooled_median_error_pct	None
atomic_physics_gap_fill_benchmark.json	green_gate_pass	True
atomic_physics_gap_fill_benchmark.json	max_scalar_name	None
atomic_physics_gap_fill_benchmark.json	max_scalar_property	None
atomic_physics_gap_fill_benchmark.json	max_gate_scalar_name	None
atomic_physics_gap_fill_benchmark.json	worst_effective_scalar_name	None
between_scale_interconnect_benchmark.json	records	7730
between_scale_interconnect_benchmark.json	pooled_median_error_pct	0.03294447195047839
between_scale_interconnect_benchmark.json	scalar_count	7504
between_scale_interconnect_benchmark.json	scalar_median_error_pct	0.03294447195047834
between_scale_interconnect_benchmark.json	max_scalar_error_pct	0.19453912122606618
between_scale_interconnect_benchmark.json	effective_scalar_median_error_pct	0.03294447195047792
between_scale_interconnect_benchmark.json	max_effective_scalar_error_pct	0.19453912122606618
between_scale_interconnect_benchmark.json	worst_effective_scalar_error_pct	0.19453912122606618
between_scale_interconnect_benchmark.json	rounding_ghost_scalar_count	0
between_scale_interconnect_benchmark.json	catalog_crosswalk_scalar_count	0
between_scale_interconnect_benchmark.json	strict_scalar_pass	True
between_scale_interconnect_benchmark.json	effective_scalar_pass	True
between_scale_interconnect_benchmark.json	max_gate_scalar_error_pct	0.19453912122606618
between_scale_interconnect_benchmark.json	tier_scalar_median_error_pct	0.03294447195047792
between_scale_interconnect_benchmark.json	tier_scalar_pass	True
between_scale_interconnect_benchmark.json	tier_scalar_max_pass	False
between_scale_interconnect_benchmark.json	scalar_median_pass	True
between_scale_interconnect_benchmark.json	classifier_count	0
between_scale_interconnect_benchmark.json	classifier_correct	0
between_scale_interconnect_benchmark.json	classifier_accuracy_pct	None
between_scale_interconnect_benchmark.json	classifier_pass	True
between_scale_interconnect_benchmark.json	official_pooled_median_error_pct	0.03294447195047834
between_scale_interconnect_benchmark.json	green_gate_pass	True
between_scale_interconnect_benchmark.json	max_scalar_name	basalt_typical
between_scale_interconnect_benchmark.json	max_scalar_property	seismic_acoustic_vp_vs
between_scale_interconnect_benchmark.json	max_gate_scalar_name	basalt_typical
between_scale_interconnect_benchmark.json	worst_effective_scalar_name	basalt_typical
between_scale_interconnect_benchmark.json	lb_records	397
between_scale_interconnect_benchmark.json	lb_unrouted	7107
between_scale_interconnect_benchmark.json	lb_computed_match	0
between_scale_interconnect_benchmark.json	lb_scalar_match	0
between_scale_interconnect_benchmark.json	lb_error_match	0
between_scale_interconnect_benchmark.json	lb_max_rel_dev	0.00019045130014073243
bibliography_corpus_panel_benchmark.json	records	20
bibliography_corpus_panel_benchmark.json	pooled_median_error_pct	0.013294
bibliography_corpus_panel_benchmark.json	scalar_count	13
bibliography_corpus_panel_benchmark.json	scalar_median_error_pct	0.013294
bibliography_corpus_panel_benchmark.json	max_scalar_error_pct	0.013294
bibliography_corpus_panel_benchmark.json	effective_scalar_median_error_pct	0.013200000000002099
bibliography_corpus_panel_benchmark.json	max_effective_scalar_error_pct	0.013200000000002099
bibliography_corpus_panel_benchmark.json	worst_effective_scalar_error_pct	0.013299999999993872
bibliography_corpus_panel_benchmark.json	rounding_ghost_scalar_count	0
bibliography_corpus_panel_benchmark.json	catalog_crosswalk_scalar_count	0
bibliography_corpus_panel_benchmark.json	strict_scalar_pass	True
bibliography_corpus_panel_benchmark.json	effective_scalar_pass	True
bibliography_corpus_panel_benchmark.json	max_gate_scalar_error_pct	0.013294
bibliography_corpus_panel_benchmark.json	tier_scalar_median_error_pct	0.013200000000002099
bibliography_corpus_panel_benchmark.json	tier_scalar_pass	True
bibliography_corpus_panel_benchmark.json	tier_scalar_max_pass	True
bibliography_corpus_panel_benchmark.json	scalar_median_pass	True
bibliography_corpus_panel_benchmark.json	classifier_count	0
bibliography_corpus_panel_benchmark.json	classifier_correct	0
bibliography_corpus_panel_benchmark.json	classifier_accuracy_pct	None
bibliography_corpus_panel_benchmark.json	classifier_pass	True
bibliography_corpus_panel_benchmark.json	official_pooled_median_error_pct	0.013294
bibliography_corpus_panel_benchmark.json	green_gate_pass	True
bibliography_corpus_panel_benchmark.json	max_scalar_name	precision_mandate_pct
bibliography_corpus_panel_benchmark.json	max_scalar_property	precision_mandate_pct
bibliography_corpus_panel_benchmark.json	max_gate_scalar_name	precision_mandate_pct
bibliography_corpus_panel_benchmark.json	worst_effective_scalar_name	workflow_sequence_len
bibliography_corpus_panel_benchmark.json	lb_records	15
bibliography_corpus_panel_benchmark.json	lb_unrouted	0
bibliography_corpus_panel_benchmark.json	lb_computed_match	0
bibliography_corpus_panel_benchmark.json	lb_scalar_match	0
bibliography_corpus_panel_benchmark.json	lb_error_match	0
bibliography_corpus_panel_benchmark.json	lb_max_rel_dev	0.0005855795538802894
bibliography_lean_corpus_benchmark.json	records	23
bibliography_lean_corpus_benchmark.json	pooled_median_error_pct	0.000561846
bibliography_lean_corpus_benchmark.json	scalar_count	23
bibliography_lean_corpus_benchmark.json	scalar_median_error_pct	0.000561846
bibliography_lean_corpus_benchmark.json	max_scalar_error_pct	0.00423739
bibliography_lean_corpus_benchmark.json	effective_scalar_median_error_pct	0.0005618458987473253
bibliography_lean_corpus_benchmark.json	max_effective_scalar_error_pct	0.0042373899907116284
bibliography_lean_corpus_benchmark.json	worst_effective_scalar_error_pct	0.0042373899907116284
bibliography_lean_corpus_benchmark.json	rounding_ghost_scalar_count	0
bibliography_lean_corpus_benchmark.json	catalog_crosswalk_scalar_count	0
bibliography_lean_corpus_benchmark.json	strict_scalar_pass	True
bibliography_lean_corpus_benchmark.json	effective_scalar_pass	True
bibliography_lean_corpus_benchmark.json	max_gate_scalar_error_pct	0.00423739
bibliography_lean_corpus_benchmark.json	tier_scalar_median_error_pct	0.0005618458987473253
bibliography_lean_corpus_benchmark.json	tier_scalar_pass	True
bibliography_lean_corpus_benchmark.json	tier_scalar_max_pass	True
bibliography_lean_corpus_benchmark.json	scalar_median_pass	True
bibliography_lean_corpus_benchmark.json	classifier_count	0
bibliography_lean_corpus_benchmark.json	classifier_correct	0
bibliography_lean_corpus_benchmark.json	classifier_accuracy_pct	None
bibliography_lean_corpus_benchmark.json	classifier_pass	True
bibliography_lean_corpus_benchmark.json	official_pooled_median_error_pct	0.000561846
bibliography_lean_corpus_benchmark.json	green_gate_pass	True
bibliography_lean_corpus_benchmark.json	max_scalar_name	396e8db24cbb0e77
bibliography_lean_corpus_benchmark.json	max_scalar_property	NO₂(g)
bibliography_lean_corpus_benchmark.json	max_gate_scalar_name	396e8db24cbb0e77
bibliography_lean_corpus_benchmark.json	worst_effective_scalar_name	396e8db24cbb0e77
binary_decoder_panel_benchmark.json	records	20
binary_decoder_panel_benchmark.json	pooled_median_error_pct	2.1766e-05
binary_decoder_panel_benchmark.json	scalar_count	19
binary_decoder_panel_benchmark.json	scalar_median_error_pct	2.1766e-05
binary_decoder_panel_benchmark.json	max_scalar_error_pct	0.238944484
binary_decoder_panel_benchmark.json	effective_scalar_median_error_pct	0.0
binary_decoder_panel_benchmark.json	max_effective_scalar_error_pct	0.23894448437833055
binary_decoder_panel_benchmark.json	worst_effective_scalar_error_pct	0.23894448437833055
binary_decoder_panel_benchmark.json	rounding_ghost_scalar_count	0
binary_decoder_panel_benchmark.json	catalog_crosswalk_scalar_count	0
binary_decoder_panel_benchmark.json	strict_scalar_pass	True
binary_decoder_panel_benchmark.json	effective_scalar_pass	True
binary_decoder_panel_benchmark.json	max_gate_scalar_error_pct	0.238944484
binary_decoder_panel_benchmark.json	tier_scalar_median_error_pct	0.0
binary_decoder_panel_benchmark.json	tier_scalar_pass	True
binary_decoder_panel_benchmark.json	tier_scalar_max_pass	False
binary_decoder_panel_benchmark.json	scalar_median_pass	True
binary_decoder_panel_benchmark.json	classifier_count	0
binary_decoder_panel_benchmark.json	classifier_correct	0
binary_decoder_panel_benchmark.json	classifier_accuracy_pct	None
binary_decoder_panel_benchmark.json	classifier_pass	True
binary_decoder_panel_benchmark.json	official_pooled_median_error_pct	2.1766e-05
binary_decoder_panel_benchmark.json	green_gate_pass	True
binary_decoder_panel_benchmark.json	max_scalar_name	e519765ed2390456
binary_decoder_panel_benchmark.json	max_scalar_property	acetazolamide_CAII
binary_decoder_panel_benchmark.json	max_gate_scalar_name	e519765ed2390456
binary_decoder_panel_benchmark.json	worst_effective_scalar_name	e519765ed2390456
binary_decoder_panel_benchmark.json	lb_records	8
binary_decoder_panel_benchmark.json	lb_unrouted	0
binary_decoder_panel_benchmark.json	lb_computed_match	0
binary_decoder_panel_benchmark.json	lb_scalar_match	0
binary_decoder_panel_benchmark.json	lb_error_match	0
binary_decoder_panel_benchmark.json	lb_max_rel_dev	0.0003333605362385045
binary_decoder_rendlesham_benchmark.json	records	21
binary_decoder_rendlesham_benchmark.json	pooled_median_error_pct	5.5479e-05
binary_decoder_rendlesham_benchmark.json	scalar_count	21
binary_decoder_rendlesham_benchmark.json	scalar_median_error_pct	5.5479e-05
binary_decoder_rendlesham_benchmark.json	max_scalar_error_pct	0.238944484
binary_decoder_rendlesham_benchmark.json	effective_scalar_median_error_pct	5.547919895966477e-05
binary_decoder_rendlesham_benchmark.json	max_effective_scalar_error_pct	0.23894448437833055
binary_decoder_rendlesham_benchmark.json	worst_effective_scalar_error_pct	0.23894448437833055
binary_decoder_rendlesham_benchmark.json	rounding_ghost_scalar_count	0
binary_decoder_rendlesham_benchmark.json	catalog_crosswalk_scalar_count	0
binary_decoder_rendlesham_benchmark.json	strict_scalar_pass	True
binary_decoder_rendlesham_benchmark.json	effective_scalar_pass	True
binary_decoder_rendlesham_benchmark.json	max_gate_scalar_error_pct	0.238944484
binary_decoder_rendlesham_benchmark.json	tier_scalar_median_error_pct	5.547919895966477e-05
binary_decoder_rendlesham_benchmark.json	tier_scalar_pass	True
binary_decoder_rendlesham_benchmark.json	tier_scalar_max_pass	False
binary_decoder_rendlesham_benchmark.json	scalar_median_pass	True
binary_decoder_rendlesham_benchmark.json	classifier_count	0
binary_decoder_rendlesham_benchmark.json	classifier_correct	0
binary_decoder_rendlesham_benchmark.json	classifier_accuracy_pct	None
binary_decoder_rendlesham_benchmark.json	classifier_pass	True
binary_decoder_rendlesham_benchmark.json	official_pooled_median_error_pct	5.5479e-05
binary_decoder_rendlesham_benchmark.json	green_gate_pass	True
binary_decoder_rendlesham_benchmark.json	max_scalar_name	e519765ed2390456
binary_decoder_rendlesham_benchmark.json	max_scalar_property	acetazolamide_CAII
binary_decoder_rendlesham_benchmark.json	max_gate_scalar_name	e519765ed2390456
binary_decoder_rendlesham_benchmark.json	worst_effective_scalar_name	e519765ed2390456
biological_cuda_physarum_benchmark.json	records	34
biological_cuda_physarum_benchmark.json	pooled_median_error_pct	0.0
biological_cuda_physarum_benchmark.json	scalar_count	34
biological_cuda_physarum_benchmark.json	scalar_median_error_pct	0.0
biological_cuda_physarum_benchmark.json	max_scalar_error_pct	0.00015625000000518696
biological_cuda_physarum_benchmark.json	effective_scalar_median_error_pct	0.0
biological_cuda_physarum_benchmark.json	max_effective_scalar_error_pct	0.00015625000000518696
biological_cuda_physarum_benchmark.json	worst_effective_scalar_error_pct	0.00015625000000518696
biological_cuda_physarum_benchmark.json	rounding_ghost_scalar_count	0
biological_cuda_physarum_benchmark.json	catalog_crosswalk_scalar_count	0
biological_cuda_physarum_benchmark.json	strict_scalar_pass	True
biological_cuda_physarum_benchmark.json	effective_scalar_pass	True
biological_cuda_physarum_benchmark.json	max_gate_scalar_error_pct	0.00015625000000518696
biological_cuda_physarum_benchmark.json	tier_scalar_median_error_pct	0.0
biological_cuda_physarum_benchmark.json	tier_scalar_pass	True
biological_cuda_physarum_benchmark.json	tier_scalar_max_pass	True
biological_cuda_physarum_benchmark.json	scalar_median_pass	True
biological_cuda_physarum_benchmark.json	classifier_count	0
biological_cuda_physarum_benchmark.json	classifier_correct	0
biological_cuda_physarum_benchmark.json	classifier_accuracy_pct	None
biological_cuda_physarum_benchmark.json	classifier_pass	True
biological_cuda_physarum_benchmark.json	official_pooled_median_error_pct	0.0
biological_cuda_physarum_benchmark.json	green_gate_pass	True
biological_cuda_physarum_benchmark.json	max_scalar_name	None
biological_cuda_physarum_benchmark.json	max_scalar_property	codon_mean_weight_near_one
biological_cuda_physarum_benchmark.json	max_gate_scalar_name	None
biological_cuda_physarum_benchmark.json	worst_effective_scalar_name	None
biology_developmental_structural_depth_panel_benchmark.json	records	24
biology_developmental_structural_depth_panel_benchmark.json	pooled_median_error_pct	0.015311
biology_developmental_structural_depth_panel_benchmark.json	scalar_count	24
biology_developmental_structural_depth_panel_benchmark.json	scalar_median_error_pct	0.015311
biology_developmental_structural_depth_panel_benchmark.json	max_scalar_error_pct	0.022236
biology_developmental_structural_depth_panel_benchmark.json	effective_scalar_median_error_pct	0.0076832395994783165
biology_developmental_structural_depth_panel_benchmark.json	max_effective_scalar_error_pct	0.022236428571419862
biology_developmental_structural_depth_panel_benchmark.json	worst_effective_scalar_error_pct	0.02223809523809924
biology_developmental_structural_depth_panel_benchmark.json	rounding_ghost_scalar_count	0
biology_developmental_structural_depth_panel_benchmark.json	catalog_crosswalk_scalar_count	0
biology_developmental_structural_depth_panel_benchmark.json	strict_scalar_pass	True
biology_developmental_structural_depth_panel_benchmark.json	effective_scalar_pass	True
biology_developmental_structural_depth_panel_benchmark.json	max_gate_scalar_error_pct	0.022236
biology_developmental_structural_depth_panel_benchmark.json	tier_scalar_median_error_pct	0.0076832395994783165
biology_developmental_structural_depth_panel_benchmark.json	tier_scalar_pass	True
biology_developmental_structural_depth_panel_benchmark.json	tier_scalar_max_pass	True
biology_developmental_structural_depth_panel_benchmark.json	scalar_median_pass	True
biology_developmental_structural_depth_panel_benchmark.json	classifier_count	0
biology_developmental_structural_depth_panel_benchmark.json	classifier_correct	0
biology_developmental_structural_depth_panel_benchmark.json	classifier_accuracy_pct	None
biology_developmental_structural_depth_panel_benchmark.json	classifier_pass	True
biology_developmental_structural_depth_panel_benchmark.json	official_pooled_median_error_pct	0.015311
biology_developmental_structural_depth_panel_benchmark.json	green_gate_pass	True
biology_developmental_structural_depth_panel_benchmark.json	max_scalar_name	human_gestation_days
biology_developmental_structural_depth_panel_benchmark.json	max_scalar_property	value
biology_developmental_structural_depth_panel_benchmark.json	max_gate_scalar_name	human_gestation_days
biology_developmental_structural_depth_panel_benchmark.json	worst_effective_scalar_name	neurulation_stage_hours
biology_developmental_structural_depth_panel_benchmark.json	lb_records	13
biology_developmental_structural_depth_panel_benchmark.json	lb_unrouted	0
biology_developmental_structural_depth_panel_benchmark.json	lb_computed_match	0
biology_developmental_structural_depth_panel_benchmark.json	lb_scalar_match	0
biology_developmental_structural_depth_panel_benchmark.json	lb_error_match	0
biology_developmental_structural_depth_panel_benchmark.json	lb_max_rel_dev	0.0006110327975337148
biophysics_public_panel_benchmark.json	records	24
biophysics_public_panel_benchmark.json	pooled_median_error_pct	0.0
biophysics_public_panel_benchmark.json	scalar_count	23
biophysics_public_panel_benchmark.json	scalar_median_error_pct	0.0
biophysics_public_panel_benchmark.json	max_scalar_error_pct	0.000713348
biophysics_public_panel_benchmark.json	effective_scalar_median_error_pct	0.0
biophysics_public_panel_benchmark.json	max_effective_scalar_error_pct	0.0007133479655842192
biophysics_public_panel_benchmark.json	worst_effective_scalar_error_pct	0.0007133479655842192
biophysics_public_panel_benchmark.json	rounding_ghost_scalar_count	0
biophysics_public_panel_benchmark.json	catalog_crosswalk_scalar_count	0
biophysics_public_panel_benchmark.json	strict_scalar_pass	True
biophysics_public_panel_benchmark.json	effective_scalar_pass	True
biophysics_public_panel_benchmark.json	max_gate_scalar_error_pct	0.000713348
biophysics_public_panel_benchmark.json	tier_scalar_median_error_pct	0.0
biophysics_public_panel_benchmark.json	tier_scalar_pass	True
biophysics_public_panel_benchmark.json	tier_scalar_max_pass	True
biophysics_public_panel_benchmark.json	scalar_median_pass	True
biophysics_public_panel_benchmark.json	classifier_count	0
biophysics_public_panel_benchmark.json	classifier_correct	0
biophysics_public_panel_benchmark.json	classifier_accuracy_pct	None
biophysics_public_panel_benchmark.json	classifier_pass	True
biophysics_public_panel_benchmark.json	official_pooled_median_error_pct	0.0
biophysics_public_panel_benchmark.json	green_gate_pass	True
biophysics_public_panel_benchmark.json	max_scalar_name	c1f0a37d1a7e1851
biophysics_public_panel_benchmark.json	max_scalar_property	F
biophysics_public_panel_benchmark.json	max_gate_scalar_name	c1f0a37d1a7e1851
biophysics_public_panel_benchmark.json	worst_effective_scalar_name	c1f0a37d1a7e1851
blackhole_whitehole_cycle_live_panel_benchmark.json	records	24
blackhole_whitehole_cycle_live_panel_benchmark.json	pooled_median_error_pct	0.071654
blackhole_whitehole_cycle_live_panel_benchmark.json	scalar_count	0
blackhole_whitehole_cycle_live_panel_benchmark.json	scalar_median_error_pct	None
blackhole_whitehole_cycle_live_panel_benchmark.json	max_scalar_error_pct	None
blackhole_whitehole_cycle_live_panel_benchmark.json	effective_scalar_median_error_pct	None
blackhole_whitehole_cycle_live_panel_benchmark.json	max_effective_scalar_error_pct	None
blackhole_whitehole_cycle_live_panel_benchmark.json	worst_effective_scalar_error_pct	None
blackhole_whitehole_cycle_live_panel_benchmark.json	rounding_ghost_scalar_count	0
blackhole_whitehole_cycle_live_panel_benchmark.json	catalog_crosswalk_scalar_count	0
blackhole_whitehole_cycle_live_panel_benchmark.json	strict_scalar_pass	True
blackhole_whitehole_cycle_live_panel_benchmark.json	effective_scalar_pass	True
blackhole_whitehole_cycle_live_panel_benchmark.json	max_gate_scalar_error_pct	None
blackhole_whitehole_cycle_live_panel_benchmark.json	tier_scalar_median_error_pct	None
blackhole_whitehole_cycle_live_panel_benchmark.json	tier_scalar_pass	True
blackhole_whitehole_cycle_live_panel_benchmark.json	tier_scalar_max_pass	True
blackhole_whitehole_cycle_live_panel_benchmark.json	scalar_median_pass	True
blackhole_whitehole_cycle_live_panel_benchmark.json	classifier_count	0
blackhole_whitehole_cycle_live_panel_benchmark.json	classifier_correct	0
blackhole_whitehole_cycle_live_panel_benchmark.json	classifier_accuracy_pct	None
blackhole_whitehole_cycle_live_panel_benchmark.json	classifier_pass	True
blackhole_whitehole_cycle_live_panel_benchmark.json	official_pooled_median_error_pct	None
blackhole_whitehole_cycle_live_panel_benchmark.json	green_gate_pass	True
blackhole_whitehole_cycle_live_panel_benchmark.json	max_scalar_name	None
blackhole_whitehole_cycle_live_panel_benchmark.json	max_scalar_property	None
blackhole_whitehole_cycle_live_panel_benchmark.json	max_gate_scalar_name	None
blackhole_whitehole_cycle_live_panel_benchmark.json	worst_effective_scalar_name	None
blackhole_whitehole_cycle_live_panel_benchmark.json	lb_records	23
blackhole_whitehole_cycle_live_panel_benchmark.json	lb_unrouted	0
blackhole_whitehole_cycle_live_panel_benchmark.json	lb_computed_match	23
blackhole_whitehole_cycle_live_panel_benchmark.json	lb_scalar_match	23
blackhole_whitehole_cycle_live_panel_benchmark.json	lb_error_match	23
blackhole_whitehole_cycle_live_panel_benchmark.json	lb_max_rel_dev	0.0
botany_extension_benchmark.json	records	426
botany_extension_benchmark.json	pooled_median_error_pct	0.022236250385193387
botany_extension_benchmark.json	scalar_count	426
botany_extension_benchmark.json	scalar_median_error_pct	0.022236250385193387
botany_extension_benchmark.json	max_scalar_error_pct	0.022236250385208895
botany_extension_benchmark.json	effective_scalar_median_error_pct	0.0222354663739697
botany_extension_benchmark.json	max_effective_scalar_error_pct	0.022235778255104
botany_extension_benchmark.json	worst_effective_scalar_error_pct	0.022239035358642627
botany_extension_benchmark.json	rounding_ghost_scalar_count	0
botany_extension_benchmark.json	catalog_crosswalk_scalar_count	0
botany_extension_benchmark.json	strict_scalar_pass	True
botany_extension_benchmark.json	effective_scalar_pass	True
botany_extension_benchmark.json	max_gate_scalar_error_pct	0.022236250385208895
botany_extension_benchmark.json	tier_scalar_median_error_pct	0.0222354663739697
botany_extension_benchmark.json	tier_scalar_pass	True
botany_extension_benchmark.json	tier_scalar_max_pass	True
botany_extension_benchmark.json	scalar_median_pass	True
botany_extension_benchmark.json	classifier_count	0
botany_extension_benchmark.json	classifier_correct	0
botany_extension_benchmark.json	classifier_accuracy_pct	None
botany_extension_benchmark.json	classifier_pass	True
botany_extension_benchmark.json	official_pooled_median_error_pct	0.022236250385193387
botany_extension_benchmark.json	green_gate_pass	True
botany_extension_benchmark.json	max_scalar_name	Spinus pinus
botany_extension_benchmark.json	max_scalar_property	decimalLongitude
botany_extension_benchmark.json	max_gate_scalar_name	Spinus pinus
botany_extension_benchmark.json	worst_effective_scalar_name	Palicourea colorata
boundary_partition_tightening_benchmark.json	records	24
boundary_partition_tightening_benchmark.json	pooled_median_error_pct	0.0
boundary_partition_tightening_benchmark.json	scalar_count	22
boundary_partition_tightening_benchmark.json	scalar_median_error_pct	0.0
boundary_partition_tightening_benchmark.json	max_scalar_error_pct	0.001011769
boundary_partition_tightening_benchmark.json	effective_scalar_median_error_pct	0.0
boundary_partition_tightening_benchmark.json	max_effective_scalar_error_pct	0.0010117694806464287
boundary_partition_tightening_benchmark.json	worst_effective_scalar_error_pct	0.0010117694806464287
boundary_partition_tightening_benchmark.json	rounding_ghost_scalar_count	0
boundary_partition_tightening_benchmark.json	catalog_crosswalk_scalar_count	0
boundary_partition_tightening_benchmark.json	strict_scalar_pass	True
boundary_partition_tightening_benchmark.json	effective_scalar_pass	True
boundary_partition_tightening_benchmark.json	max_gate_scalar_error_pct	0.001011769
boundary_partition_tightening_benchmark.json	tier_scalar_median_error_pct	0.0
boundary_partition_tightening_benchmark.json	tier_scalar_pass	True
boundary_partition_tightening_benchmark.json	tier_scalar_max_pass	True
boundary_partition_tightening_benchmark.json	scalar_median_pass	True
boundary_partition_tightening_benchmark.json	classifier_count	0
boundary_partition_tightening_benchmark.json	classifier_correct	0
boundary_partition_tightening_benchmark.json	classifier_accuracy_pct	None
boundary_partition_tightening_benchmark.json	classifier_pass	True
boundary_partition_tightening_benchmark.json	official_pooled_median_error_pct	0.0
boundary_partition_tightening_benchmark.json	green_gate_pass	True
boundary_partition_tightening_benchmark.json	max_scalar_name	11f7ccc79d6fc81f
boundary_partition_tightening_benchmark.json	max_scalar_property	P
boundary_partition_tightening_benchmark.json	max_gate_scalar_name	11f7ccc79d6fc81f
boundary_partition_tightening_benchmark.json	worst_effective_scalar_name	11f7ccc79d6fc81f
breakthrough_discoveries_2024_2026_benchmark.json	records	21
breakthrough_discoveries_2024_2026_benchmark.json	pooled_median_error_pct	0.0
breakthrough_discoveries_2024_2026_benchmark.json	scalar_count	17
breakthrough_discoveries_2024_2026_benchmark.json	scalar_median_error_pct	0.0
breakthrough_discoveries_2024_2026_benchmark.json	max_scalar_error_pct	0.0
breakthrough_discoveries_2024_2026_benchmark.json	effective_scalar_median_error_pct	0.0
breakthrough_discoveries_2024_2026_benchmark.json	max_effective_scalar_error_pct	0.0
breakthrough_discoveries_2024_2026_benchmark.json	worst_effective_scalar_error_pct	0.0
breakthrough_discoveries_2024_2026_benchmark.json	rounding_ghost_scalar_count	0
breakthrough_discoveries_2024_2026_benchmark.json	catalog_crosswalk_scalar_count	0
breakthrough_discoveries_2024_2026_benchmark.json	strict_scalar_pass	True
breakthrough_discoveries_2024_2026_benchmark.json	effective_scalar_pass	True
breakthrough_discoveries_2024_2026_benchmark.json	max_gate_scalar_error_pct	0.0
breakthrough_discoveries_2024_2026_benchmark.json	tier_scalar_median_error_pct	0.0
breakthrough_discoveries_2024_2026_benchmark.json	tier_scalar_pass	True
breakthrough_discoveries_2024_2026_benchmark.json	tier_scalar_max_pass	True
breakthrough_discoveries_2024_2026_benchmark.json	scalar_median_pass	True
breakthrough_discoveries_2024_2026_benchmark.json	classifier_count	0
breakthrough_discoveries_2024_2026_benchmark.json	classifier_correct	0
breakthrough_discoveries_2024_2026_benchmark.json	classifier_accuracy_pct	None
breakthrough_discoveries_2024_2026_benchmark.json	classifier_pass	True
breakthrough_discoveries_2024_2026_benchmark.json	official_pooled_median_error_pct	0.0
breakthrough_discoveries_2024_2026_benchmark.json	green_gate_pass	True
breakthrough_discoveries_2024_2026_benchmark.json	max_scalar_name	None
breakthrough_discoveries_2024_2026_benchmark.json	max_scalar_property	None
breakthrough_discoveries_2024_2026_benchmark.json	max_gate_scalar_name	None
breakthrough_discoveries_2024_2026_benchmark.json	worst_effective_scalar_name	None
breakthrough_fusion_spine_benchmark.json	records	146
breakthrough_fusion_spine_benchmark.json	pooled_median_error_pct	0.0
breakthrough_fusion_spine_benchmark.json	scalar_count	127
breakthrough_fusion_spine_benchmark.json	scalar_median_error_pct	0.0
breakthrough_fusion_spine_benchmark.json	max_scalar_error_pct	9.5e-05
breakthrough_fusion_spine_benchmark.json	effective_scalar_median_error_pct	0.0
breakthrough_fusion_spine_benchmark.json	max_effective_scalar_error_pct	9.659090908927095e-05
breakthrough_fusion_spine_benchmark.json	worst_effective_scalar_error_pct	191.79606750063084
breakthrough_fusion_spine_benchmark.json	rounding_ghost_scalar_count	0
breakthrough_fusion_spine_benchmark.json	catalog_crosswalk_scalar_count	0
breakthrough_fusion_spine_benchmark.json	strict_scalar_pass	True
breakthrough_fusion_spine_benchmark.json	effective_scalar_pass	True
breakthrough_fusion_spine_benchmark.json	max_gate_scalar_error_pct	9.5e-05
breakthrough_fusion_spine_benchmark.json	tier_scalar_median_error_pct	0.0
breakthrough_fusion_spine_benchmark.json	tier_scalar_pass	True
breakthrough_fusion_spine_benchmark.json	tier_scalar_max_pass	True
breakthrough_fusion_spine_benchmark.json	scalar_median_pass	True
breakthrough_fusion_spine_benchmark.json	classifier_count	9
breakthrough_fusion_spine_benchmark.json	classifier_correct	9
breakthrough_fusion_spine_benchmark.json	classifier_accuracy_pct	100.0
breakthrough_fusion_spine_benchmark.json	classifier_pass	True
breakthrough_fusion_spine_benchmark.json	official_pooled_median_error_pct	0.0
breakthrough_fusion_spine_benchmark.json	green_gate_pass	True
breakthrough_fusion_spine_benchmark.json	max_scalar_name	dt_fusion
breakthrough_fusion_spine_benchmark.json	max_scalar_property	energy_mev
breakthrough_fusion_spine_benchmark.json	max_gate_scalar_name	dt_fusion
breakthrough_fusion_spine_benchmark.json	worst_effective_scalar_name	QCE_blobs
canonical_oracle_panel_benchmark.json	records	24
canonical_oracle_panel_benchmark.json	pooled_median_error_pct	0.000561846
canonical_oracle_panel_benchmark.json	scalar_count	23
canonical_oracle_panel_benchmark.json	scalar_median_error_pct	0.000561846
canonical_oracle_panel_benchmark.json	max_scalar_error_pct	0.013294
canonical_oracle_panel_benchmark.json	effective_scalar_median_error_pct	0.0005618458987473253
canonical_oracle_panel_benchmark.json	max_effective_scalar_error_pct	0.013293962421272534
canonical_oracle_panel_benchmark.json	worst_effective_scalar_error_pct	0.013293962421272534
canonical_oracle_panel_benchmark.json	rounding_ghost_scalar_count	0
canonical_oracle_panel_benchmark.json	catalog_crosswalk_scalar_count	0
canonical_oracle_panel_benchmark.json	strict_scalar_pass	True
canonical_oracle_panel_benchmark.json	effective_scalar_pass	True
canonical_oracle_panel_benchmark.json	max_gate_scalar_error_pct	0.013294
canonical_oracle_panel_benchmark.json	tier_scalar_median_error_pct	0.0005618458987473253
canonical_oracle_panel_benchmark.json	tier_scalar_pass	True
canonical_oracle_panel_benchmark.json	tier_scalar_max_pass	True
canonical_oracle_panel_benchmark.json	scalar_median_pass	True
canonical_oracle_panel_benchmark.json	classifier_count	0
canonical_oracle_panel_benchmark.json	classifier_correct	0
canonical_oracle_panel_benchmark.json	classifier_accuracy_pct	None
canonical_oracle_panel_benchmark.json	classifier_pass	True
canonical_oracle_panel_benchmark.json	official_pooled_median_error_pct	0.000561846
canonical_oracle_panel_benchmark.json	green_gate_pass	True
canonical_oracle_panel_benchmark.json	max_scalar_name	catalog_formulas
canonical_oracle_panel_benchmark.json	max_scalar_property	catalog_formulas
canonical_oracle_panel_benchmark.json	max_gate_scalar_name	catalog_formulas
canonical_oracle_panel_benchmark.json	worst_effective_scalar_name	catalog_formulas
canonical_oracle_panel_benchmark.json	lb_records	6
canonical_oracle_panel_benchmark.json	lb_unrouted	0
canonical_oracle_panel_benchmark.json	lb_computed_match	0
canonical_oracle_panel_benchmark.json	lb_scalar_match	0
canonical_oracle_panel_benchmark.json	lb_error_match	0
canonical_oracle_panel_benchmark.json	lb_max_rel_dev	0.0005838645794847043
cardiology_extension_benchmark.json	records	45
cardiology_extension_benchmark.json	pooled_median_error_pct	0.030622122938654326
cardiology_extension_benchmark.json	scalar_count	45
cardiology_extension_benchmark.json	scalar_median_error_pct	0.030622122938654326
cardiology_extension_benchmark.json	max_scalar_error_pct	0.04593318440798318
cardiology_extension_benchmark.json	effective_scalar_median_error_pct	0.03062222222221559
cardiology_extension_benchmark.json	max_effective_scalar_error_pct	0.045933333333339176
cardiology_extension_benchmark.json	worst_effective_scalar_error_pct	0.046000000000006355
cardiology_extension_benchmark.json	rounding_ghost_scalar_count	0
cardiology_extension_benchmark.json	catalog_crosswalk_scalar_count	0
cardiology_extension_benchmark.json	strict_scalar_pass	True
cardiology_extension_benchmark.json	effective_scalar_pass	True
cardiology_extension_benchmark.json	max_gate_scalar_error_pct	0.04593318440798318
cardiology_extension_benchmark.json	tier_scalar_median_error_pct	0.03062222222221559
cardiology_extension_benchmark.json	tier_scalar_pass	True
cardiology_extension_benchmark.json	tier_scalar_max_pass	True
cardiology_extension_benchmark.json	scalar_median_pass	True
cardiology_extension_benchmark.json	classifier_count	0
cardiology_extension_benchmark.json	classifier_correct	0
cardiology_extension_benchmark.json	classifier_accuracy_pct	None
cardiology_extension_benchmark.json	classifier_pass	True
cardiology_extension_benchmark.json	official_pooled_median_error_pct	0.030622122938654326
cardiology_extension_benchmark.json	green_gate_pass	True
cardiology_extension_benchmark.json	max_scalar_name	digoxin
cardiology_extension_benchmark.json	max_scalar_property	half_life_h
cardiology_extension_benchmark.json	max_gate_scalar_name	digoxin
cardiology_extension_benchmark.json	worst_effective_scalar_name	digoxin
cardiology_panel_benchmark.json	records	20
cardiology_panel_benchmark.json	pooled_median_error_pct	0.015311
cardiology_panel_benchmark.json	scalar_count	20
cardiology_panel_benchmark.json	scalar_median_error_pct	0.015311
cardiology_panel_benchmark.json	max_scalar_error_pct	0.015311
cardiology_panel_benchmark.json	effective_scalar_median_error_pct	0.015311249999996335
cardiology_panel_benchmark.json	max_effective_scalar_error_pct	0.015311111111119638
cardiology_panel_benchmark.json	worst_effective_scalar_error_pct	0.015319999999992008
cardiology_panel_benchmark.json	rounding_ghost_scalar_count	0
cardiology_panel_benchmark.json	catalog_crosswalk_scalar_count	0
cardiology_panel_benchmark.json	strict_scalar_pass	True
cardiology_panel_benchmark.json	effective_scalar_pass	True
cardiology_panel_benchmark.json	max_gate_scalar_error_pct	0.015311
cardiology_panel_benchmark.json	tier_scalar_median_error_pct	0.015311249999996335
cardiology_panel_benchmark.json	tier_scalar_pass	True
cardiology_panel_benchmark.json	tier_scalar_max_pass	True
cardiology_panel_benchmark.json	scalar_median_pass	True
cardiology_panel_benchmark.json	classifier_count	0
cardiology_panel_benchmark.json	classifier_correct	0
cardiology_panel_benchmark.json	classifier_accuracy_pct	None
cardiology_panel_benchmark.json	classifier_pass	True
cardiology_panel_benchmark.json	official_pooled_median_error_pct	0.015311
cardiology_panel_benchmark.json	green_gate_pass	True
cardiology_panel_benchmark.json	max_scalar_name	resting_hr_adult
cardiology_panel_benchmark.json	max_scalar_property	heart_rate_bpm
cardiology_panel_benchmark.json	max_gate_scalar_name	resting_hr_adult
cardiology_panel_benchmark.json	worst_effective_scalar_name	cardiac_output_rest
cardiology_panel_benchmark.json	lb_records	20
cardiology_panel_benchmark.json	lb_unrouted	0
cardiology_panel_benchmark.json	lb_computed_match	0
cardiology_panel_benchmark.json	lb_scalar_match	0
cardiology_panel_benchmark.json	lb_error_match	0
cardiology_panel_benchmark.json	lb_max_rel_dev	0.0006245160000998538
cartography_gis_panel_benchmark.json	records	48
cartography_gis_panel_benchmark.json	pooled_median_error_pct	0.018855999999999998
cartography_gis_panel_benchmark.json	scalar_count	48
cartography_gis_panel_benchmark.json	scalar_median_error_pct	0.018855999999999998
cartography_gis_panel_benchmark.json	max_scalar_error_pct	0.027455
cartography_gis_panel_benchmark.json	effective_scalar_median_error_pct	0.013003611021091394
cartography_gis_panel_benchmark.json	max_effective_scalar_error_pct	0.02743583455218967
cartography_gis_panel_benchmark.json	worst_effective_scalar_error_pct	0.027461161535047313
cartography_gis_panel_benchmark.json	rounding_ghost_scalar_count	0
cartography_gis_panel_benchmark.json	catalog_crosswalk_scalar_count	0
cartography_gis_panel_benchmark.json	strict_scalar_pass	True
cartography_gis_panel_benchmark.json	effective_scalar_pass	True
cartography_gis_panel_benchmark.json	max_gate_scalar_error_pct	0.027455
cartography_gis_panel_benchmark.json	tier_scalar_median_error_pct	0.013003611021091394
cartography_gis_panel_benchmark.json	tier_scalar_pass	True
cartography_gis_panel_benchmark.json	tier_scalar_max_pass	True
cartography_gis_panel_benchmark.json	scalar_median_pass	True
cartography_gis_panel_benchmark.json	classifier_count	0
cartography_gis_panel_benchmark.json	classifier_correct	0
cartography_gis_panel_benchmark.json	classifier_accuracy_pct	None
cartography_gis_panel_benchmark.json	classifier_pass	True
cartography_gis_panel_benchmark.json	official_pooled_median_error_pct	0.018855999999999998
cartography_gis_panel_benchmark.json	green_gate_pass	True
cartography_gis_panel_benchmark.json	max_scalar_name	Fiji
cartography_gis_panel_benchmark.json	max_scalar_property	bbox_height_deg
cartography_gis_panel_benchmark.json	max_gate_scalar_name	Fiji
cartography_gis_panel_benchmark.json	worst_effective_scalar_name	W. Sahara
cartography_gis_panel_benchmark.json	lb_records	48
cartography_gis_panel_benchmark.json	lb_unrouted	0
cartography_gis_panel_benchmark.json	lb_computed_match	0
cartography_gis_panel_benchmark.json	lb_scalar_match	0
cartography_gis_panel_benchmark.json	lb_error_match	0
cartography_gis_panel_benchmark.json	lb_max_rel_dev	0.0006144493613645165
cepheid_pl_interconnect_benchmark.json	records	12
cepheid_pl_interconnect_benchmark.json	pooled_median_error_pct	0.1349881432328604
cepheid_pl_interconnect_benchmark.json	scalar_count	8
cepheid_pl_interconnect_benchmark.json	scalar_median_error_pct	0.1349881432328604
cepheid_pl_interconnect_benchmark.json	max_scalar_error_pct	0.2390607110557222
cepheid_pl_interconnect_benchmark.json	effective_scalar_median_error_pct	0.0
cepheid_pl_interconnect_benchmark.json	max_effective_scalar_error_pct	0.2390607110557222
cepheid_pl_interconnect_benchmark.json	worst_effective_scalar_error_pct	0.2390607110557222
cepheid_pl_interconnect_benchmark.json	rounding_ghost_scalar_count	0
cepheid_pl_interconnect_benchmark.json	catalog_crosswalk_scalar_count	0
cepheid_pl_interconnect_benchmark.json	strict_scalar_pass	True
cepheid_pl_interconnect_benchmark.json	effective_scalar_pass	True
cepheid_pl_interconnect_benchmark.json	max_gate_scalar_error_pct	0.2390607110557222
cepheid_pl_interconnect_benchmark.json	tier_scalar_median_error_pct	0.0
cepheid_pl_interconnect_benchmark.json	tier_scalar_pass	True
cepheid_pl_interconnect_benchmark.json	tier_scalar_max_pass	False
cepheid_pl_interconnect_benchmark.json	scalar_median_pass	True
cepheid_pl_interconnect_benchmark.json	classifier_count	0
cepheid_pl_interconnect_benchmark.json	classifier_correct	0
cepheid_pl_interconnect_benchmark.json	classifier_accuracy_pct	None
cepheid_pl_interconnect_benchmark.json	classifier_pass	True
cepheid_pl_interconnect_benchmark.json	official_pooled_median_error_pct	0.1349881432328604
cepheid_pl_interconnect_benchmark.json	green_gate_pass	True
cepheid_pl_interconnect_benchmark.json	max_scalar_name	PL_slope_NIR_vs_LMC
cepheid_pl_interconnect_benchmark.json	max_scalar_property	pl_slope_nir
cepheid_pl_interconnect_benchmark.json	max_gate_scalar_name	PL_slope_NIR_vs_LMC
cepheid_pl_interconnect_benchmark.json	worst_effective_scalar_name	PL_slope_NIR_vs_LMC
cepheid_pl_interconnect_benchmark.json	lb_records	0
cepheid_pl_interconnect_benchmark.json	lb_unrouted	8
cepheid_pl_interconnect_benchmark.json	lb_computed_match	0
cepheid_pl_interconnect_benchmark.json	lb_scalar_match	0
cepheid_pl_interconnect_benchmark.json	lb_error_match	0
cepheid_pl_interconnect_benchmark.json	lb_max_rel_dev	0.0
cern_open_data_lhc_benchmark.json	records	83
cern_open_data_lhc_benchmark.json	pooled_median_error_pct	0.013294
cern_open_data_lhc_benchmark.json	scalar_count	0
cern_open_data_lhc_benchmark.json	scalar_median_error_pct	None
cern_open_data_lhc_benchmark.json	max_scalar_error_pct	None
cern_open_data_lhc_benchmark.json	effective_scalar_median_error_pct	None
cern_open_data_lhc_benchmark.json	max_effective_scalar_error_pct	None
cern_open_data_lhc_benchmark.json	worst_effective_scalar_error_pct	None
cern_open_data_lhc_benchmark.json	rounding_ghost_scalar_count	0
cern_open_data_lhc_benchmark.json	catalog_crosswalk_scalar_count	0
cern_open_data_lhc_benchmark.json	strict_scalar_pass	True
cern_open_data_lhc_benchmark.json	effective_scalar_pass	True
cern_open_data_lhc_benchmark.json	max_gate_scalar_error_pct	None
cern_open_data_lhc_benchmark.json	tier_scalar_median_error_pct	None
cern_open_data_lhc_benchmark.json	tier_scalar_pass	True
cern_open_data_lhc_benchmark.json	tier_scalar_max_pass	True
cern_open_data_lhc_benchmark.json	scalar_median_pass	True
cern_open_data_lhc_benchmark.json	classifier_count	0
cern_open_data_lhc_benchmark.json	classifier_correct	0
cern_open_data_lhc_benchmark.json	classifier_accuracy_pct	None
cern_open_data_lhc_benchmark.json	classifier_pass	True
cern_open_data_lhc_benchmark.json	official_pooled_median_error_pct	None
cern_open_data_lhc_benchmark.json	green_gate_pass	True
cern_open_data_lhc_benchmark.json	max_scalar_name	None
cern_open_data_lhc_benchmark.json	max_scalar_property	None
cern_open_data_lhc_benchmark.json	max_gate_scalar_name	None
cern_open_data_lhc_benchmark.json	worst_effective_scalar_name	None
cern_open_data_lhc_benchmark.json	lb_records	83
cern_open_data_lhc_benchmark.json	lb_unrouted	0
cern_open_data_lhc_benchmark.json	lb_computed_match	0
cern_open_data_lhc_benchmark.json	lb_scalar_match	0
cern_open_data_lhc_benchmark.json	lb_error_match	0
cern_open_data_lhc_benchmark.json	lb_max_rel_dev	2.7081070395367493e-08
certified_agent_formal_panel_benchmark.json	records	21
certified_agent_formal_panel_benchmark.json	pooled_median_error_pct	0.014767
certified_agent_formal_panel_benchmark.json	scalar_count	20
certified_agent_formal_panel_benchmark.json	scalar_median_error_pct	0.014767
certified_agent_formal_panel_benchmark.json	max_scalar_error_pct	0.238944484
certified_agent_formal_panel_benchmark.json	effective_scalar_median_error_pct	0.014761250000006054
certified_agent_formal_panel_benchmark.json	max_effective_scalar_error_pct	0.23894448437833055
certified_agent_formal_panel_benchmark.json	worst_effective_scalar_error_pct	0.23894448437833055
certified_agent_formal_panel_benchmark.json	rounding_ghost_scalar_count	0
certified_agent_formal_panel_benchmark.json	catalog_crosswalk_scalar_count	0
certified_agent_formal_panel_benchmark.json	strict_scalar_pass	True
certified_agent_formal_panel_benchmark.json	effective_scalar_pass	True
certified_agent_formal_panel_benchmark.json	max_gate_scalar_error_pct	0.238944484
certified_agent_formal_panel_benchmark.json	tier_scalar_median_error_pct	0.014761250000006054
certified_agent_formal_panel_benchmark.json	tier_scalar_pass	True
certified_agent_formal_panel_benchmark.json	tier_scalar_max_pass	False
certified_agent_formal_panel_benchmark.json	scalar_median_pass	True
certified_agent_formal_panel_benchmark.json	classifier_count	0
certified_agent_formal_panel_benchmark.json	classifier_correct	0
certified_agent_formal_panel_benchmark.json	classifier_accuracy_pct	None
certified_agent_formal_panel_benchmark.json	classifier_pass	True
certified_agent_formal_panel_benchmark.json	official_pooled_median_error_pct	0.014767
certified_agent_formal_panel_benchmark.json	green_gate_pass	True
certified_agent_formal_panel_benchmark.json	max_scalar_name	e519765ed2390456
certified_agent_formal_panel_benchmark.json	max_scalar_property	acetazolamide_CAII
certified_agent_formal_panel_benchmark.json	max_gate_scalar_name	e519765ed2390456
certified_agent_formal_panel_benchmark.json	worst_effective_scalar_name	e519765ed2390456
certified_agent_formal_panel_benchmark.json	lb_records	13
certified_agent_formal_panel_benchmark.json	lb_unrouted	0
certified_agent_formal_panel_benchmark.json	lb_computed_match	0
certified_agent_formal_panel_benchmark.json	lb_scalar_match	0
certified_agent_formal_panel_benchmark.json	lb_error_match	0
certified_agent_formal_panel_benchmark.json	lb_max_rel_dev	0.0004375455828693292
certified_agent_qwen_benchmark.json	records	21
certified_agent_qwen_benchmark.json	pooled_median_error_pct	5.5479e-05
certified_agent_qwen_benchmark.json	scalar_count	21
certified_agent_qwen_benchmark.json	scalar_median_error_pct	5.5479e-05
certified_agent_qwen_benchmark.json	max_scalar_error_pct	0.238944484
certified_agent_qwen_benchmark.json	effective_scalar_median_error_pct	5.547919895966477e-05
certified_agent_qwen_benchmark.json	max_effective_scalar_error_pct	0.23894448437833055
certified_agent_qwen_benchmark.json	worst_effective_scalar_error_pct	0.23894448437833055
certified_agent_qwen_benchmark.json	rounding_ghost_scalar_count	0
certified_agent_qwen_benchmark.json	catalog_crosswalk_scalar_count	0
certified_agent_qwen_benchmark.json	strict_scalar_pass	True
certified_agent_qwen_benchmark.json	effective_scalar_pass	True
certified_agent_qwen_benchmark.json	max_gate_scalar_error_pct	0.238944484
certified_agent_qwen_benchmark.json	tier_scalar_median_error_pct	5.547919895966477e-05
certified_agent_qwen_benchmark.json	tier_scalar_pass	True
certified_agent_qwen_benchmark.json	tier_scalar_max_pass	False
certified_agent_qwen_benchmark.json	scalar_median_pass	True
certified_agent_qwen_benchmark.json	classifier_count	0
certified_agent_qwen_benchmark.json	classifier_correct	0
certified_agent_qwen_benchmark.json	classifier_accuracy_pct	None
certified_agent_qwen_benchmark.json	classifier_pass	True
certified_agent_qwen_benchmark.json	official_pooled_median_error_pct	5.5479e-05
certified_agent_qwen_benchmark.json	green_gate_pass	True
certified_agent_qwen_benchmark.json	max_scalar_name	e519765ed2390456
certified_agent_qwen_benchmark.json	max_scalar_property	acetazolamide_CAII
certified_agent_qwen_benchmark.json	max_gate_scalar_name	e519765ed2390456
certified_agent_qwen_benchmark.json	worst_effective_scalar_name	e519765ed2390456
chaos_mediated_phase_transitions_benchmark.json	records	21
chaos_mediated_phase_transitions_benchmark.json	pooled_median_error_pct	0.03147898006445882
chaos_mediated_phase_transitions_benchmark.json	scalar_count	21
chaos_mediated_phase_transitions_benchmark.json	scalar_median_error_pct	0.03147898006445882
chaos_mediated_phase_transitions_benchmark.json	max_scalar_error_pct	0.03147898006445882
chaos_mediated_phase_transitions_benchmark.json	effective_scalar_median_error_pct	0.03150000000000652
chaos_mediated_phase_transitions_benchmark.json	max_effective_scalar_error_pct	0.03150000000000652
chaos_mediated_phase_transitions_benchmark.json	worst_effective_scalar_error_pct	0.03150000000000652
chaos_mediated_phase_transitions_benchmark.json	rounding_ghost_scalar_count	0
chaos_mediated_phase_transitions_benchmark.json	catalog_crosswalk_scalar_count	0
chaos_mediated_phase_transitions_benchmark.json	strict_scalar_pass	True
chaos_mediated_phase_transitions_benchmark.json	effective_scalar_pass	True
chaos_mediated_phase_transitions_benchmark.json	max_gate_scalar_error_pct	0.03147898006445882
chaos_mediated_phase_transitions_benchmark.json	tier_scalar_median_error_pct	0.03150000000000652
chaos_mediated_phase_transitions_benchmark.json	tier_scalar_pass	True
chaos_mediated_phase_transitions_benchmark.json	tier_scalar_max_pass	True
chaos_mediated_phase_transitions_benchmark.json	scalar_median_pass	True
chaos_mediated_phase_transitions_benchmark.json	classifier_count	0
chaos_mediated_phase_transitions_benchmark.json	classifier_correct	0
chaos_mediated_phase_transitions_benchmark.json	classifier_accuracy_pct	None
chaos_mediated_phase_transitions_benchmark.json	classifier_pass	True
chaos_mediated_phase_transitions_benchmark.json	official_pooled_median_error_pct	0.03147898006445882
chaos_mediated_phase_transitions_benchmark.json	green_gate_pass	True
chaos_mediated_phase_transitions_benchmark.json	max_scalar_name	ionosphere
chaos_mediated_phase_transitions_benchmark.json	max_scalar_property	mhd_beta_phase
chaos_mediated_phase_transitions_benchmark.json	max_gate_scalar_name	ionosphere
chaos_mediated_phase_transitions_benchmark.json	worst_effective_scalar_name	ionosphere
chembl_deep_open_benchmark.json	records	188
chembl_deep_open_benchmark.json	pooled_median_error_pct	0.040788
chembl_deep_open_benchmark.json	scalar_count	187
chembl_deep_open_benchmark.json	scalar_median_error_pct	0.040788
chembl_deep_open_benchmark.json	max_scalar_error_pct	0.040788
chembl_deep_open_benchmark.json	effective_scalar_median_error_pct	0.040788410481361476
chembl_deep_open_benchmark.json	max_effective_scalar_error_pct	0.040788188277091283
chembl_deep_open_benchmark.json	worst_effective_scalar_error_pct	0.04084745762712656
chembl_deep_open_benchmark.json	rounding_ghost_scalar_count	0
chembl_deep_open_benchmark.json	catalog_crosswalk_scalar_count	0
chembl_deep_open_benchmark.json	strict_scalar_pass	True
chembl_deep_open_benchmark.json	effective_scalar_pass	True
chembl_deep_open_benchmark.json	max_gate_scalar_error_pct	0.040788
chembl_deep_open_benchmark.json	tier_scalar_median_error_pct	0.040788410481361476
chembl_deep_open_benchmark.json	tier_scalar_pass	True
chembl_deep_open_benchmark.json	tier_scalar_max_pass	True
chembl_deep_open_benchmark.json	scalar_median_pass	True
chembl_deep_open_benchmark.json	classifier_count	0
chembl_deep_open_benchmark.json	classifier_correct	0
chembl_deep_open_benchmark.json	classifier_accuracy_pct	None
chembl_deep_open_benchmark.json	classifier_pass	True
chembl_deep_open_benchmark.json	official_pooled_median_error_pct	0.040788
chembl_deep_open_benchmark.json	green_gate_pass	True
chembl_deep_open_benchmark.json	max_scalar_name	CHEMBL25
chembl_deep_open_benchmark.json	max_scalar_property	full_mwt
chembl_deep_open_benchmark.json	max_gate_scalar_name	CHEMBL25
chembl_deep_open_benchmark.json	worst_effective_scalar_name	CHEMBL4297185
chembl_deep_open_benchmark.json	lb_records	188
chembl_deep_open_benchmark.json	lb_unrouted	0
chembl_deep_open_benchmark.json	lb_computed_match	21
chembl_deep_open_benchmark.json	lb_scalar_match	0
chembl_deep_open_benchmark.json	lb_error_match	21
chembl_deep_open_benchmark.json	lb_max_rel_dev	0.00036517236680747917
chemical_engineering_extension_benchmark.json	records	186
chemical_engineering_extension_benchmark.json	pooled_median_error_pct	0.0010333425185953097
chemical_engineering_extension_benchmark.json	scalar_count	186
chemical_engineering_extension_benchmark.json	scalar_median_error_pct	0.0010224497788791555
chemical_engineering_extension_benchmark.json	max_scalar_error_pct	0.04078840642308449
chemical_engineering_extension_benchmark.json	effective_scalar_median_error_pct	0.001022449778886343
chemical_engineering_extension_benchmark.json	max_effective_scalar_error_pct	0.040788169711988495
chemical_engineering_extension_benchmark.json	worst_effective_scalar_error_pct	0.04078866681807174
chemical_engineering_extension_benchmark.json	rounding_ghost_scalar_count	0
chemical_engineering_extension_benchmark.json	catalog_crosswalk_scalar_count	0
chemical_engineering_extension_benchmark.json	strict_scalar_pass	True
chemical_engineering_extension_benchmark.json	effective_scalar_pass	True
chemical_engineering_extension_benchmark.json	max_gate_scalar_error_pct	0.04078840642308449
chemical_engineering_extension_benchmark.json	tier_scalar_median_error_pct	0.001022449778886343
chemical_engineering_extension_benchmark.json	tier_scalar_pass	True
chemical_engineering_extension_benchmark.json	tier_scalar_max_pass	True
chemical_engineering_extension_benchmark.json	scalar_median_pass	True
chemical_engineering_extension_benchmark.json	classifier_count	0
chemical_engineering_extension_benchmark.json	classifier_correct	0
chemical_engineering_extension_benchmark.json	classifier_accuracy_pct	None
chemical_engineering_extension_benchmark.json	classifier_pass	True
chemical_engineering_extension_benchmark.json	official_pooled_median_error_pct	0.0010224497788791555
chemical_engineering_extension_benchmark.json	green_gate_pass	True
chemical_engineering_extension_benchmark.json	max_scalar_name	4091
chemical_engineering_extension_benchmark.json	max_scalar_property	molecular_weight
chemical_engineering_extension_benchmark.json	max_gate_scalar_name	4091
chemical_engineering_extension_benchmark.json	worst_effective_scalar_name	54670067
chemical_structure_stability_panel_benchmark.json	records	32
chemical_structure_stability_panel_benchmark.json	pooled_median_error_pct	0.00206
chemical_structure_stability_panel_benchmark.json	scalar_count	31
chemical_structure_stability_panel_benchmark.json	scalar_median_error_pct	0.00206
chemical_structure_stability_panel_benchmark.json	max_scalar_error_pct	0.019259
chemical_structure_stability_panel_benchmark.json	effective_scalar_median_error_pct	0.002059838302688438
chemical_structure_stability_panel_benchmark.json	max_effective_scalar_error_pct	0.019259259259258584
chemical_structure_stability_panel_benchmark.json	worst_effective_scalar_error_pct	0.019259259259258584
chemical_structure_stability_panel_benchmark.json	rounding_ghost_scalar_count	0
chemical_structure_stability_panel_benchmark.json	catalog_crosswalk_scalar_count	0
chemical_structure_stability_panel_benchmark.json	strict_scalar_pass	True
chemical_structure_stability_panel_benchmark.json	effective_scalar_pass	True
chemical_structure_stability_panel_benchmark.json	max_gate_scalar_error_pct	0.019259
chemical_structure_stability_panel_benchmark.json	tier_scalar_median_error_pct	0.002059838302688438
chemical_structure_stability_panel_benchmark.json	tier_scalar_pass	True
chemical_structure_stability_panel_benchmark.json	tier_scalar_max_pass	True
chemical_structure_stability_panel_benchmark.json	scalar_median_pass	True
chemical_structure_stability_panel_benchmark.json	classifier_count	0
chemical_structure_stability_panel_benchmark.json	classifier_correct	0
chemical_structure_stability_panel_benchmark.json	classifier_accuracy_pct	None
chemical_structure_stability_panel_benchmark.json	classifier_pass	True
chemical_structure_stability_panel_benchmark.json	official_pooled_median_error_pct	0.00206
chemical_structure_stability_panel_benchmark.json	green_gate_pass	True
chemical_structure_stability_panel_benchmark.json	max_scalar_name	5702160
chemical_structure_stability_panel_benchmark.json	max_scalar_property	formula_mass_closure
chemical_structure_stability_panel_benchmark.json	max_gate_scalar_name	5702160
chemical_structure_stability_panel_benchmark.json	worst_effective_scalar_name	5702160
circuit_component_emergence_panel_benchmark.json	records	57
circuit_component_emergence_panel_benchmark.json	pooled_median_error_pct	0.020755
circuit_component_emergence_panel_benchmark.json	scalar_count	57
circuit_component_emergence_panel_benchmark.json	scalar_median_error_pct	0.020755
circuit_component_emergence_panel_benchmark.json	max_scalar_error_pct	0.040817
circuit_component_emergence_panel_benchmark.json	effective_scalar_median_error_pct	0.02075454545454779
circuit_component_emergence_panel_benchmark.json	max_effective_scalar_error_pct	0.04081705374999438
circuit_component_emergence_panel_benchmark.json	worst_effective_scalar_error_pct	0.04081705374999438
circuit_component_emergence_panel_benchmark.json	rounding_ghost_scalar_count	0
circuit_component_emergence_panel_benchmark.json	catalog_crosswalk_scalar_count	0
circuit_component_emergence_panel_benchmark.json	strict_scalar_pass	True
circuit_component_emergence_panel_benchmark.json	effective_scalar_pass	True
circuit_component_emergence_panel_benchmark.json	max_gate_scalar_error_pct	0.040817
circuit_component_emergence_panel_benchmark.json	tier_scalar_median_error_pct	0.02075454545454779
circuit_component_emergence_panel_benchmark.json	tier_scalar_pass	True
circuit_component_emergence_panel_benchmark.json	tier_scalar_max_pass	True
circuit_component_emergence_panel_benchmark.json	scalar_median_pass	True
circuit_component_emergence_panel_benchmark.json	classifier_count	0
circuit_component_emergence_panel_benchmark.json	classifier_correct	0
circuit_component_emergence_panel_benchmark.json	classifier_accuracy_pct	None
circuit_component_emergence_panel_benchmark.json	classifier_pass	True
circuit_component_emergence_panel_benchmark.json	official_pooled_median_error_pct	0.020755
circuit_component_emergence_panel_benchmark.json	green_gate_pass	True
circuit_component_emergence_panel_benchmark.json	max_scalar_name	XTAL_16MHz
circuit_component_emergence_panel_benchmark.json	max_scalar_property	frequency_hz
circuit_component_emergence_panel_benchmark.json	max_gate_scalar_name	XTAL_16MHz
circuit_component_emergence_panel_benchmark.json	worst_effective_scalar_name	XTAL_16MHz
circuit_component_emergence_panel_benchmark.json	lb_records	57
circuit_component_emergence_panel_benchmark.json	lb_unrouted	0
circuit_component_emergence_panel_benchmark.json	lb_computed_match	10
circuit_component_emergence_panel_benchmark.json	lb_scalar_match	0
circuit_component_emergence_panel_benchmark.json	lb_error_match	1
circuit_component_emergence_panel_benchmark.json	lb_max_rel_dev	0.000999000999000915
civil_engineering_extension_benchmark.json	records	37
civil_engineering_extension_benchmark.json	pooled_median_error_pct	0.0335259880736416
civil_engineering_extension_benchmark.json	scalar_count	32
civil_engineering_extension_benchmark.json	scalar_median_error_pct	0.0335259880736416
civil_engineering_extension_benchmark.json	max_scalar_error_pct	0.03352598807365344
civil_engineering_extension_benchmark.json	effective_scalar_median_error_pct	0.03352539592760394
civil_engineering_extension_benchmark.json	max_effective_scalar_error_pct	0.033525000000000915
civil_engineering_extension_benchmark.json	worst_effective_scalar_error_pct	0.03354166666667362
civil_engineering_extension_benchmark.json	rounding_ghost_scalar_count	0
civil_engineering_extension_benchmark.json	catalog_crosswalk_scalar_count	0
civil_engineering_extension_benchmark.json	strict_scalar_pass	True
civil_engineering_extension_benchmark.json	effective_scalar_pass	True
civil_engineering_extension_benchmark.json	max_gate_scalar_error_pct	0.03352598807365344
civil_engineering_extension_benchmark.json	tier_scalar_median_error_pct	0.03352539592760394
civil_engineering_extension_benchmark.json	tier_scalar_pass	True
civil_engineering_extension_benchmark.json	tier_scalar_max_pass	True
civil_engineering_extension_benchmark.json	scalar_median_pass	True
civil_engineering_extension_benchmark.json	classifier_count	0
civil_engineering_extension_benchmark.json	classifier_correct	0
civil_engineering_extension_benchmark.json	classifier_accuracy_pct	None
civil_engineering_extension_benchmark.json	classifier_pass	True
civil_engineering_extension_benchmark.json	official_pooled_median_error_pct	0.0335259880736416
civil_engineering_extension_benchmark.json	green_gate_pass	True
civil_engineering_extension_benchmark.json	max_scalar_name	tunnel_diameter_highway
civil_engineering_extension_benchmark.json	max_scalar_property	tunnel_diameter_m
civil_engineering_extension_benchmark.json	max_gate_scalar_name	tunnel_diameter_highway
civil_engineering_extension_benchmark.json	worst_effective_scalar_name	live_load_office
civil_engineering_panel_benchmark.json	records	20
civil_engineering_panel_benchmark.json	pooled_median_error_pct	0.01341
civil_engineering_panel_benchmark.json	scalar_count	20
civil_engineering_panel_benchmark.json	scalar_median_error_pct	0.01341
civil_engineering_panel_benchmark.json	max_scalar_error_pct	0.01341
civil_engineering_panel_benchmark.json	effective_scalar_median_error_pct	0.013410399999995663
civil_engineering_panel_benchmark.json	max_effective_scalar_error_pct	0.013410390625008263
civil_engineering_panel_benchmark.json	worst_effective_scalar_error_pct	0.013499999999999623
civil_engineering_panel_benchmark.json	rounding_ghost_scalar_count	0
civil_engineering_panel_benchmark.json	catalog_crosswalk_scalar_count	0
civil_engineering_panel_benchmark.json	strict_scalar_pass	True
civil_engineering_panel_benchmark.json	effective_scalar_pass	True
civil_engineering_panel_benchmark.json	max_gate_scalar_error_pct	0.01341
civil_engineering_panel_benchmark.json	tier_scalar_median_error_pct	0.013410399999995663
civil_engineering_panel_benchmark.json	tier_scalar_pass	True
civil_engineering_panel_benchmark.json	tier_scalar_max_pass	True
civil_engineering_panel_benchmark.json	scalar_median_pass	True
civil_engineering_panel_benchmark.json	classifier_count	0
civil_engineering_panel_benchmark.json	classifier_correct	0
civil_engineering_panel_benchmark.json	classifier_accuracy_pct	None
civil_engineering_panel_benchmark.json	classifier_pass	True
civil_engineering_panel_benchmark.json	official_pooled_median_error_pct	0.01341
civil_engineering_panel_benchmark.json	green_gate_pass	True
civil_engineering_panel_benchmark.json	max_scalar_name	golden_gate_span
civil_engineering_panel_benchmark.json	max_scalar_property	bridge_span_m
civil_engineering_panel_benchmark.json	max_gate_scalar_name	golden_gate_span
civil_engineering_panel_benchmark.json	worst_effective_scalar_name	seismic_pga_design
civil_engineering_panel_benchmark.json	lb_records	20
civil_engineering_panel_benchmark.json	lb_unrouted	0
civil_engineering_panel_benchmark.json	lb_computed_match	0
civil_engineering_panel_benchmark.json	lb_scalar_match	0
civil_engineering_panel_benchmark.json	lb_error_match	0
civil_engineering_panel_benchmark.json	lb_max_rel_dev	0.0006362595499302258
climate_observed_benchmark.json	records	17325
climate_observed_benchmark.json	pooled_median_error_pct	0.01201268326195996
climate_observed_benchmark.json	scalar_count	20
climate_observed_benchmark.json	scalar_median_error_pct	0.01201268326195996
climate_observed_benchmark.json	max_scalar_error_pct	0.01201268326197121
climate_observed_benchmark.json	effective_scalar_median_error_pct	0.01200000000000608
climate_observed_benchmark.json	max_effective_scalar_error_pct	0.012000000000012001
climate_observed_benchmark.json	worst_effective_scalar_error_pct	0.012019999999992592
climate_observed_benchmark.json	rounding_ghost_scalar_count	0
climate_observed_benchmark.json	catalog_crosswalk_scalar_count	0
climate_observed_benchmark.json	strict_scalar_pass	True
climate_observed_benchmark.json	effective_scalar_pass	True
climate_observed_benchmark.json	max_gate_scalar_error_pct	0.01201268326197121
climate_observed_benchmark.json	tier_scalar_median_error_pct	0.01200000000000608
climate_observed_benchmark.json	tier_scalar_pass	True
climate_observed_benchmark.json	tier_scalar_max_pass	True
climate_observed_benchmark.json	scalar_median_pass	True
climate_observed_benchmark.json	classifier_count	17305
climate_observed_benchmark.json	classifier_correct	17305
climate_observed_benchmark.json	classifier_accuracy_pct	100.0
climate_observed_benchmark.json	classifier_pass	True
climate_observed_benchmark.json	official_pooled_median_error_pct	0.01201268326195996
climate_observed_benchmark.json	green_gate_pass	True
climate_observed_benchmark.json	max_scalar_name	mwp_temp_anomaly
climate_observed_benchmark.json	max_scalar_property	temp_anomaly_c
climate_observed_benchmark.json	max_gate_scalar_name	mwp_temp_anomaly
climate_observed_benchmark.json	worst_effective_scalar_name	lgm_temp_anomaly
clinical_medicine_extension_benchmark.json	records	260
clinical_medicine_extension_benchmark.json	pooled_median_error_pct	0.002458296751538192
clinical_medicine_extension_benchmark.json	scalar_count	260
clinical_medicine_extension_benchmark.json	scalar_median_error_pct	0.002458296751538192
clinical_medicine_extension_benchmark.json	max_scalar_error_pct	0.428925
clinical_medicine_extension_benchmark.json	effective_scalar_median_error_pct	0.0009990661088908255
clinical_medicine_extension_benchmark.json	max_effective_scalar_error_pct	0.42892535140716065
clinical_medicine_extension_benchmark.json	worst_effective_scalar_error_pct	0.42892535140716065
clinical_medicine_extension_benchmark.json	rounding_ghost_scalar_count	0
clinical_medicine_extension_benchmark.json	catalog_crosswalk_scalar_count	0
clinical_medicine_extension_benchmark.json	strict_scalar_pass	True
clinical_medicine_extension_benchmark.json	effective_scalar_pass	True
clinical_medicine_extension_benchmark.json	max_gate_scalar_error_pct	0.428925
clinical_medicine_extension_benchmark.json	tier_scalar_median_error_pct	0.0009990661088908255
clinical_medicine_extension_benchmark.json	tier_scalar_pass	True
clinical_medicine_extension_benchmark.json	tier_scalar_max_pass	False
clinical_medicine_extension_benchmark.json	scalar_median_pass	True
clinical_medicine_extension_benchmark.json	classifier_count	0
clinical_medicine_extension_benchmark.json	classifier_correct	0
clinical_medicine_extension_benchmark.json	classifier_accuracy_pct	None
clinical_medicine_extension_benchmark.json	classifier_pass	True
clinical_medicine_extension_benchmark.json	official_pooled_median_error_pct	0.002458296751538192
clinical_medicine_extension_benchmark.json	green_gate_pass	True
clinical_medicine_extension_benchmark.json	max_scalar_name	sildenafil_PDE5
clinical_medicine_extension_benchmark.json	max_scalar_property	§65 Enzyme pKi
clinical_medicine_extension_benchmark.json	max_gate_scalar_name	sildenafil_PDE5
clinical_medicine_extension_benchmark.json	worst_effective_scalar_name	sildenafil_PDE5
clinicaltrials_medical_panel_benchmark.json	records	394
clinicaltrials_medical_panel_benchmark.json	pooled_median_error_pct	0.0
clinicaltrials_medical_panel_benchmark.json	scalar_count	0
clinicaltrials_medical_panel_benchmark.json	scalar_median_error_pct	None
clinicaltrials_medical_panel_benchmark.json	max_scalar_error_pct	None
clinicaltrials_medical_panel_benchmark.json	effective_scalar_median_error_pct	None
clinicaltrials_medical_panel_benchmark.json	max_effective_scalar_error_pct	None
clinicaltrials_medical_panel_benchmark.json	worst_effective_scalar_error_pct	None
clinicaltrials_medical_panel_benchmark.json	rounding_ghost_scalar_count	0
clinicaltrials_medical_panel_benchmark.json	catalog_crosswalk_scalar_count	0
clinicaltrials_medical_panel_benchmark.json	strict_scalar_pass	True
clinicaltrials_medical_panel_benchmark.json	effective_scalar_pass	True
clinicaltrials_medical_panel_benchmark.json	max_gate_scalar_error_pct	None
clinicaltrials_medical_panel_benchmark.json	tier_scalar_median_error_pct	None
clinicaltrials_medical_panel_benchmark.json	tier_scalar_pass	True
clinicaltrials_medical_panel_benchmark.json	tier_scalar_max_pass	True
clinicaltrials_medical_panel_benchmark.json	scalar_median_pass	True
clinicaltrials_medical_panel_benchmark.json	classifier_count	0
clinicaltrials_medical_panel_benchmark.json	classifier_correct	0
clinicaltrials_medical_panel_benchmark.json	classifier_accuracy_pct	None
clinicaltrials_medical_panel_benchmark.json	classifier_pass	True
clinicaltrials_medical_panel_benchmark.json	official_pooled_median_error_pct	None
clinicaltrials_medical_panel_benchmark.json	green_gate_pass	True
clinicaltrials_medical_panel_benchmark.json	max_scalar_name	None
clinicaltrials_medical_panel_benchmark.json	max_scalar_property	None
clinicaltrials_medical_panel_benchmark.json	max_gate_scalar_name	None
clinicaltrials_medical_panel_benchmark.json	worst_effective_scalar_name	None
clinicaltrials_medical_panel_benchmark.json	lb_records	394
clinicaltrials_medical_panel_benchmark.json	lb_unrouted	0
clinicaltrials_medical_panel_benchmark.json	lb_computed_match	61
clinicaltrials_medical_panel_benchmark.json	lb_scalar_match	0
clinicaltrials_medical_panel_benchmark.json	lb_error_match	61
clinicaltrials_medical_panel_benchmark.json	lb_max_rel_dev	0.0005505788072124507
cod_optimade_structures_benchmark.json	records	682
cod_optimade_structures_benchmark.json	pooled_median_error_pct	0.01341
cod_optimade_structures_benchmark.json	scalar_count	682
cod_optimade_structures_benchmark.json	scalar_median_error_pct	0.01341
cod_optimade_structures_benchmark.json	max_scalar_error_pct	0.01341
cod_optimade_structures_benchmark.json	effective_scalar_median_error_pct	0.013409999999996418
cod_optimade_structures_benchmark.json	max_effective_scalar_error_pct	0.013416600027917438
cod_optimade_structures_benchmark.json	worst_effective_scalar_error_pct	0.015873015873017978
cod_optimade_structures_benchmark.json	rounding_ghost_scalar_count	0
cod_optimade_structures_benchmark.json	catalog_crosswalk_scalar_count	0
cod_optimade_structures_benchmark.json	strict_scalar_pass	True
cod_optimade_structures_benchmark.json	effective_scalar_pass	True
cod_optimade_structures_benchmark.json	max_gate_scalar_error_pct	0.01341
cod_optimade_structures_benchmark.json	tier_scalar_median_error_pct	0.013409999999996418
cod_optimade_structures_benchmark.json	tier_scalar_pass	True
cod_optimade_structures_benchmark.json	tier_scalar_max_pass	True
cod_optimade_structures_benchmark.json	scalar_median_pass	True
cod_optimade_structures_benchmark.json	classifier_count	0
cod_optimade_structures_benchmark.json	classifier_correct	0
cod_optimade_structures_benchmark.json	classifier_accuracy_pct	None
cod_optimade_structures_benchmark.json	classifier_pass	True
cod_optimade_structures_benchmark.json	official_pooled_median_error_pct	0.01341
cod_optimade_structures_benchmark.json	green_gate_pass	True
cod_optimade_structures_benchmark.json	max_scalar_name	1000000
cod_optimade_structures_benchmark.json	max_scalar_property	cell_a_A
cod_optimade_structures_benchmark.json	max_gate_scalar_name	1000000
cod_optimade_structures_benchmark.json	worst_effective_scalar_name	1000053
cod_optimade_structures_benchmark.json	lb_records	682
cod_optimade_structures_benchmark.json	lb_unrouted	0
cod_optimade_structures_benchmark.json	lb_computed_match	0
cod_optimade_structures_benchmark.json	lb_scalar_match	0
cod_optimade_structures_benchmark.json	lb_error_match	0
cod_optimade_structures_benchmark.json	lb_max_rel_dev	0.0006661442006269456
codata_full_table_open_benchmark.json	records	38
codata_full_table_open_benchmark.json	pooled_median_error_pct	1.5931580150127503e-08
codata_full_table_open_benchmark.json	scalar_count	36
codata_full_table_open_benchmark.json	scalar_median_error_pct	7.799550565792915e-09
codata_full_table_open_benchmark.json	max_scalar_error_pct	0.0001281127358921839
codata_full_table_open_benchmark.json	effective_scalar_median_error_pct	0.0
codata_full_table_open_benchmark.json	max_effective_scalar_error_pct	0.0001281127358921839
codata_full_table_open_benchmark.json	worst_effective_scalar_error_pct	0.0
codata_full_table_open_benchmark.json	rounding_ghost_scalar_count	0
codata_full_table_open_benchmark.json	catalog_crosswalk_scalar_count	0
codata_full_table_open_benchmark.json	strict_scalar_pass	True
codata_full_table_open_benchmark.json	effective_scalar_pass	True
codata_full_table_open_benchmark.json	max_gate_scalar_error_pct	0.0001281127358921839
codata_full_table_open_benchmark.json	tier_scalar_median_error_pct	0.0
codata_full_table_open_benchmark.json	tier_scalar_pass	True
codata_full_table_open_benchmark.json	tier_scalar_max_pass	True
codata_full_table_open_benchmark.json	scalar_median_pass	True
codata_full_table_open_benchmark.json	classifier_count	0
codata_full_table_open_benchmark.json	classifier_correct	0
codata_full_table_open_benchmark.json	classifier_accuracy_pct	None
codata_full_table_open_benchmark.json	classifier_pass	True
codata_full_table_open_benchmark.json	official_pooled_median_error_pct	7.799550565792915e-09
codata_full_table_open_benchmark.json	green_gate_pass	True
codata_full_table_open_benchmark.json	max_scalar_name	Newtonian_constant_of_gravitation
codata_full_table_open_benchmark.json	max_scalar_property	G_SI
codata_full_table_open_benchmark.json	max_gate_scalar_name	Newtonian_constant_of_gravitation
codata_full_table_open_benchmark.json	worst_effective_scalar_name	None
codata_full_table_open_benchmark.json	lb_records	38
codata_full_table_open_benchmark.json	lb_unrouted	0
codata_full_table_open_benchmark.json	lb_computed_match	0
codata_full_table_open_benchmark.json	lb_scalar_match	0
codata_full_table_open_benchmark.json	lb_error_match	0
codata_full_table_open_benchmark.json	lb_max_rel_dev	0.256637061369622
code_genome_structure_cybersecurity_benchmark.json	records	176
code_genome_structure_cybersecurity_benchmark.json	pooled_median_error_pct	0.0
code_genome_structure_cybersecurity_benchmark.json	scalar_count	111
code_genome_structure_cybersecurity_benchmark.json	scalar_median_error_pct	0.0
code_genome_structure_cybersecurity_benchmark.json	max_scalar_error_pct	0.02449769835093818
code_genome_structure_cybersecurity_benchmark.json	effective_scalar_median_error_pct	0.0
code_genome_structure_cybersecurity_benchmark.json	max_effective_scalar_error_pct	0.024499999999996195
code_genome_structure_cybersecurity_benchmark.json	worst_effective_scalar_error_pct	0.024500000000005073
code_genome_structure_cybersecurity_benchmark.json	rounding_ghost_scalar_count	0
code_genome_structure_cybersecurity_benchmark.json	catalog_crosswalk_scalar_count	0
code_genome_structure_cybersecurity_benchmark.json	strict_scalar_pass	True
code_genome_structure_cybersecurity_benchmark.json	effective_scalar_pass	True
code_genome_structure_cybersecurity_benchmark.json	max_gate_scalar_error_pct	0.02449769835093818
code_genome_structure_cybersecurity_benchmark.json	tier_scalar_median_error_pct	0.0
code_genome_structure_cybersecurity_benchmark.json	tier_scalar_pass	True
code_genome_structure_cybersecurity_benchmark.json	tier_scalar_max_pass	True
code_genome_structure_cybersecurity_benchmark.json	scalar_median_pass	True
code_genome_structure_cybersecurity_benchmark.json	classifier_count	0
code_genome_structure_cybersecurity_benchmark.json	classifier_correct	0
code_genome_structure_cybersecurity_benchmark.json	classifier_accuracy_pct	None
code_genome_structure_cybersecurity_benchmark.json	classifier_pass	True
code_genome_structure_cybersecurity_benchmark.json	official_pooled_median_error_pct	0.0
code_genome_structure_cybersecurity_benchmark.json	green_gate_pass	True
code_genome_structure_cybersecurity_benchmark.json	max_scalar_name	rust_codon_units
code_genome_structure_cybersecurity_benchmark.json	max_scalar_property	rust_token_classes
code_genome_structure_cybersecurity_benchmark.json	max_gate_scalar_name	rust_codon_units
code_genome_structure_cybersecurity_benchmark.json	worst_effective_scalar_name	codon_window_size
coding_structure_verifier_panel_benchmark.json	records	43
coding_structure_verifier_panel_benchmark.json	pooled_median_error_pct	0.0
coding_structure_verifier_panel_benchmark.json	scalar_count	36
coding_structure_verifier_panel_benchmark.json	scalar_median_error_pct	0.0
coding_structure_verifier_panel_benchmark.json	max_scalar_error_pct	0.031506
coding_structure_verifier_panel_benchmark.json	effective_scalar_median_error_pct	0.0
coding_structure_verifier_panel_benchmark.json	max_effective_scalar_error_pct	0.03143856580671781
coding_structure_verifier_panel_benchmark.json	worst_effective_scalar_error_pct	0.03155555555555422
coding_structure_verifier_panel_benchmark.json	rounding_ghost_scalar_count	0
coding_structure_verifier_panel_benchmark.json	catalog_crosswalk_scalar_count	0
coding_structure_verifier_panel_benchmark.json	strict_scalar_pass	True
coding_structure_verifier_panel_benchmark.json	effective_scalar_pass	True
coding_structure_verifier_panel_benchmark.json	max_gate_scalar_error_pct	0.031506
coding_structure_verifier_panel_benchmark.json	tier_scalar_median_error_pct	0.0
coding_structure_verifier_panel_benchmark.json	tier_scalar_pass	True
coding_structure_verifier_panel_benchmark.json	tier_scalar_max_pass	True
coding_structure_verifier_panel_benchmark.json	scalar_median_pass	True
coding_structure_verifier_panel_benchmark.json	classifier_count	0
coding_structure_verifier_panel_benchmark.json	classifier_correct	0
coding_structure_verifier_panel_benchmark.json	classifier_accuracy_pct	None
coding_structure_verifier_panel_benchmark.json	classifier_pass	True
coding_structure_verifier_panel_benchmark.json	official_pooled_median_error_pct	0.0
coding_structure_verifier_panel_benchmark.json	green_gate_pass	True
coding_structure_verifier_panel_benchmark.json	max_scalar_name	protofluid_ship_baseline
coding_structure_verifier_panel_benchmark.json	max_scalar_property	pflt_mean_exact_rate
coding_structure_verifier_panel_benchmark.json	max_gate_scalar_name	protofluid_ship_baseline
coding_structure_verifier_panel_benchmark.json	worst_effective_scalar_name	protofluid_ship_baseline
coding_structure_verifier_panel_benchmark.json	lb_records	2
coding_structure_verifier_panel_benchmark.json	lb_unrouted	0
coding_structure_verifier_panel_benchmark.json	lb_computed_match	0
coding_structure_verifier_panel_benchmark.json	lb_scalar_match	0
coding_structure_verifier_panel_benchmark.json	lb_error_match	0
coding_structure_verifier_panel_benchmark.json	lb_max_rel_dev	0.00043889093636681833
cold_fusion_candidate_prereg_scaffold_benchmark.json	records	24
cold_fusion_candidate_prereg_scaffold_benchmark.json	pooled_median_error_pct	0.0
cold_fusion_candidate_prereg_scaffold_benchmark.json	scalar_count	14
cold_fusion_candidate_prereg_scaffold_benchmark.json	scalar_median_error_pct	0.0
cold_fusion_candidate_prereg_scaffold_benchmark.json	max_scalar_error_pct	7.9e-05
cold_fusion_candidate_prereg_scaffold_benchmark.json	effective_scalar_median_error_pct	0.0
cold_fusion_candidate_prereg_scaffold_benchmark.json	max_effective_scalar_error_pct	5.405405404960721e-05
cold_fusion_candidate_prereg_scaffold_benchmark.json	worst_effective_scalar_error_pct	9.523809523026032e-05
cold_fusion_candidate_prereg_scaffold_benchmark.json	rounding_ghost_scalar_count	0
cold_fusion_candidate_prereg_scaffold_benchmark.json	catalog_crosswalk_scalar_count	0
cold_fusion_candidate_prereg_scaffold_benchmark.json	strict_scalar_pass	True
cold_fusion_candidate_prereg_scaffold_benchmark.json	effective_scalar_pass	True
cold_fusion_candidate_prereg_scaffold_benchmark.json	max_gate_scalar_error_pct	7.9e-05
cold_fusion_candidate_prereg_scaffold_benchmark.json	tier_scalar_median_error_pct	0.0
cold_fusion_candidate_prereg_scaffold_benchmark.json	tier_scalar_pass	True
cold_fusion_candidate_prereg_scaffold_benchmark.json	tier_scalar_max_pass	True
cold_fusion_candidate_prereg_scaffold_benchmark.json	scalar_median_pass	True
cold_fusion_candidate_prereg_scaffold_benchmark.json	classifier_count	0
cold_fusion_candidate_prereg_scaffold_benchmark.json	classifier_correct	0
cold_fusion_candidate_prereg_scaffold_benchmark.json	classifier_accuracy_pct	None
cold_fusion_candidate_prereg_scaffold_benchmark.json	classifier_pass	True
cold_fusion_candidate_prereg_scaffold_benchmark.json	official_pooled_median_error_pct	0.0
cold_fusion_candidate_prereg_scaffold_benchmark.json	green_gate_pass	True
cold_fusion_candidate_prereg_scaffold_benchmark.json	max_scalar_name	pd_deuterium_lattice
cold_fusion_candidate_prereg_scaffold_benchmark.json	max_scalar_property	candidate_fsot_prediction
cold_fusion_candidate_prereg_scaffold_benchmark.json	max_gate_scalar_name	pd_deuterium_lattice
cold_fusion_candidate_prereg_scaffold_benchmark.json	worst_effective_scalar_name	electrolytic_dd_palladium
cold_fusion_lab_synthesis_crosswalk_benchmark.json	records	49
cold_fusion_lab_synthesis_crosswalk_benchmark.json	pooled_median_error_pct	7.9e-05
cold_fusion_lab_synthesis_crosswalk_benchmark.json	scalar_count	30
cold_fusion_lab_synthesis_crosswalk_benchmark.json	scalar_median_error_pct	7.9e-05
cold_fusion_lab_synthesis_crosswalk_benchmark.json	max_scalar_error_pct	0.000787
cold_fusion_lab_synthesis_crosswalk_benchmark.json	effective_scalar_median_error_pct	4.7520641237497325e-09
cold_fusion_lab_synthesis_crosswalk_benchmark.json	max_effective_scalar_error_pct	0.000786938775507094
cold_fusion_lab_synthesis_crosswalk_benchmark.json	worst_effective_scalar_error_pct	0.0007871485943762462
cold_fusion_lab_synthesis_crosswalk_benchmark.json	rounding_ghost_scalar_count	0
cold_fusion_lab_synthesis_crosswalk_benchmark.json	catalog_crosswalk_scalar_count	0
cold_fusion_lab_synthesis_crosswalk_benchmark.json	strict_scalar_pass	True
cold_fusion_lab_synthesis_crosswalk_benchmark.json	effective_scalar_pass	True
cold_fusion_lab_synthesis_crosswalk_benchmark.json	max_gate_scalar_error_pct	0.000787
cold_fusion_lab_synthesis_crosswalk_benchmark.json	tier_scalar_median_error_pct	4.7520641237497325e-09
cold_fusion_lab_synthesis_crosswalk_benchmark.json	tier_scalar_pass	True
cold_fusion_lab_synthesis_crosswalk_benchmark.json	tier_scalar_max_pass	True
cold_fusion_lab_synthesis_crosswalk_benchmark.json	scalar_median_pass	True
cold_fusion_lab_synthesis_crosswalk_benchmark.json	classifier_count	3
cold_fusion_lab_synthesis_crosswalk_benchmark.json	classifier_correct	3
cold_fusion_lab_synthesis_crosswalk_benchmark.json	classifier_accuracy_pct	100.0
cold_fusion_lab_synthesis_crosswalk_benchmark.json	classifier_pass	True
cold_fusion_lab_synthesis_crosswalk_benchmark.json	official_pooled_median_error_pct	7.9e-05
cold_fusion_lab_synthesis_crosswalk_benchmark.json	green_gate_pass	True
cold_fusion_lab_synthesis_crosswalk_benchmark.json	max_scalar_name	Og_2006
cold_fusion_lab_synthesis_crosswalk_benchmark.json	max_scalar_property	beam_energy_mev_u
cold_fusion_lab_synthesis_crosswalk_benchmark.json	max_gate_scalar_name	Og_2006
cold_fusion_lab_synthesis_crosswalk_benchmark.json	worst_effective_scalar_name	Ts_2010
compact_object_binary_events_benchmark.json	records	40
compact_object_binary_events_benchmark.json	pooled_median_error_pct	0.010049
compact_object_binary_events_benchmark.json	scalar_count	40
compact_object_binary_events_benchmark.json	scalar_median_error_pct	0.010049
compact_object_binary_events_benchmark.json	max_scalar_error_pct	0.022461
compact_object_binary_events_benchmark.json	effective_scalar_median_error_pct	0.009999999999995837
compact_object_binary_events_benchmark.json	max_effective_scalar_error_pct	0.022461290322577234
compact_object_binary_events_benchmark.json	worst_effective_scalar_error_pct	0.02246478873239455
compact_object_binary_events_benchmark.json	rounding_ghost_scalar_count	0
compact_object_binary_events_benchmark.json	catalog_crosswalk_scalar_count	0
compact_object_binary_events_benchmark.json	strict_scalar_pass	True
compact_object_binary_events_benchmark.json	effective_scalar_pass	True
compact_object_binary_events_benchmark.json	max_gate_scalar_error_pct	0.022461
compact_object_binary_events_benchmark.json	tier_scalar_median_error_pct	0.009999999999995837
compact_object_binary_events_benchmark.json	tier_scalar_pass	True
compact_object_binary_events_benchmark.json	tier_scalar_max_pass	True
compact_object_binary_events_benchmark.json	scalar_median_pass	True
compact_object_binary_events_benchmark.json	classifier_count	0
compact_object_binary_events_benchmark.json	classifier_correct	0
compact_object_binary_events_benchmark.json	classifier_accuracy_pct	None
compact_object_binary_events_benchmark.json	classifier_pass	True
compact_object_binary_events_benchmark.json	official_pooled_median_error_pct	0.010049
compact_object_binary_events_benchmark.json	green_gate_pass	True
compact_object_binary_events_benchmark.json	max_scalar_name	GW150914
compact_object_binary_events_benchmark.json	max_scalar_property	final_mass_msun
compact_object_binary_events_benchmark.json	max_gate_scalar_name	GW150914
compact_object_binary_events_benchmark.json	worst_effective_scalar_name	GW200115
compact_object_binary_events_benchmark.json	lb_records	40
compact_object_binary_events_benchmark.json	lb_unrouted	0
compact_object_binary_events_benchmark.json	lb_computed_match	0
compact_object_binary_events_benchmark.json	lb_scalar_match	0
compact_object_binary_events_benchmark.json	lb_error_match	0
compact_object_binary_events_benchmark.json	lb_max_rel_dev	0.0005087508798290434
compactification_ladder_benchmark.json	records	60
compactification_ladder_benchmark.json	pooled_median_error_pct	0.0220747159758794
compactification_ladder_benchmark.json	scalar_count	40
compactification_ladder_benchmark.json	scalar_median_error_pct	0.015073678386290368
compactification_ladder_benchmark.json	max_scalar_error_pct	0.028512403203747722
compactification_ladder_benchmark.json	effective_scalar_median_error_pct	0.013507657760818137
compactification_ladder_benchmark.json	max_effective_scalar_error_pct	0.028512403203747722
compactification_ladder_benchmark.json	worst_effective_scalar_error_pct	0.1052631578947394
compactification_ladder_benchmark.json	rounding_ghost_scalar_count	0
compactification_ladder_benchmark.json	catalog_crosswalk_scalar_count	0
compactification_ladder_benchmark.json	strict_scalar_pass	True
compactification_ladder_benchmark.json	effective_scalar_pass	True
compactification_ladder_benchmark.json	max_gate_scalar_error_pct	0.028512403203747722
compactification_ladder_benchmark.json	tier_scalar_median_error_pct	0.013507657760818137
compactification_ladder_benchmark.json	tier_scalar_pass	True
compactification_ladder_benchmark.json	tier_scalar_max_pass	True
compactification_ladder_benchmark.json	scalar_median_pass	True
compactification_ladder_benchmark.json	classifier_count	0
compactification_ladder_benchmark.json	classifier_correct	0
compactification_ladder_benchmark.json	classifier_accuracy_pct	None
compactification_ladder_benchmark.json	classifier_pass	True
compactification_ladder_benchmark.json	official_pooled_median_error_pct	0.015073678386290368
compactification_ladder_benchmark.json	green_gate_pass	True
compactification_ladder_benchmark.json	max_scalar_name	nuclear
compactification_ladder_benchmark.json	max_scalar_property	rung_primary_median_error
compactification_ladder_benchmark.json	max_gate_scalar_name	nuclear
compactification_ladder_benchmark.json	worst_effective_scalar_name	atomic
complexity_folding_emergence_panel_benchmark.json	records	29
complexity_folding_emergence_panel_benchmark.json	pooled_median_error_pct	0.02658792169940266
complexity_folding_emergence_panel_benchmark.json	scalar_count	25
complexity_folding_emergence_panel_benchmark.json	scalar_median_error_pct	0.02658792169940266
complexity_folding_emergence_panel_benchmark.json	max_scalar_error_pct	0.038016537604979236
complexity_folding_emergence_panel_benchmark.json	effective_scalar_median_error_pct	0.01901111111111378
complexity_folding_emergence_panel_benchmark.json	max_effective_scalar_error_pct	0.038016537604979236
complexity_folding_emergence_panel_benchmark.json	worst_effective_scalar_error_pct	0.1052631578947394
complexity_folding_emergence_panel_benchmark.json	rounding_ghost_scalar_count	0
complexity_folding_emergence_panel_benchmark.json	catalog_crosswalk_scalar_count	0
complexity_folding_emergence_panel_benchmark.json	strict_scalar_pass	True
complexity_folding_emergence_panel_benchmark.json	effective_scalar_pass	True
complexity_folding_emergence_panel_benchmark.json	max_gate_scalar_error_pct	0.038016537604979236
complexity_folding_emergence_panel_benchmark.json	tier_scalar_median_error_pct	0.01901111111111378
complexity_folding_emergence_panel_benchmark.json	tier_scalar_pass	True
complexity_folding_emergence_panel_benchmark.json	tier_scalar_max_pass	True
complexity_folding_emergence_panel_benchmark.json	scalar_median_pass	True
complexity_folding_emergence_panel_benchmark.json	classifier_count	0
complexity_folding_emergence_panel_benchmark.json	classifier_correct	0
complexity_folding_emergence_panel_benchmark.json	classifier_accuracy_pct	None
complexity_folding_emergence_panel_benchmark.json	classifier_pass	True
complexity_folding_emergence_panel_benchmark.json	official_pooled_median_error_pct	0.02658792169940266
complexity_folding_emergence_panel_benchmark.json	green_gate_pass	True
complexity_folding_emergence_panel_benchmark.json	max_scalar_name	AR01
complexity_folding_emergence_panel_benchmark.json	max_scalar_property	adjacent_upper_median
complexity_folding_emergence_panel_benchmark.json	max_gate_scalar_name	AR01
complexity_folding_emergence_panel_benchmark.json	worst_effective_scalar_name	AR02
complexity_folding_emergence_panel_benchmark.json	lb_records	2
complexity_folding_emergence_panel_benchmark.json	lb_unrouted	0
complexity_folding_emergence_panel_benchmark.json	lb_computed_match	0
complexity_folding_emergence_panel_benchmark.json	lb_scalar_match	0
complexity_folding_emergence_panel_benchmark.json	lb_error_match	0
complexity_folding_emergence_panel_benchmark.json	lb_max_rel_dev	0.0006724835326470284
computational_reasoning_benchmark.json	records	577
computational_reasoning_benchmark.json	pooled_median_error_pct	0.0
computational_reasoning_benchmark.json	scalar_count	577
computational_reasoning_benchmark.json	scalar_median_error_pct	0.0
computational_reasoning_benchmark.json	max_scalar_error_pct	0.0
computational_reasoning_benchmark.json	effective_scalar_median_error_pct	0.0
computational_reasoning_benchmark.json	max_effective_scalar_error_pct	0.0
computational_reasoning_benchmark.json	worst_effective_scalar_error_pct	0.0
computational_reasoning_benchmark.json	rounding_ghost_scalar_count	0
computational_reasoning_benchmark.json	catalog_crosswalk_scalar_count	0
computational_reasoning_benchmark.json	strict_scalar_pass	True
computational_reasoning_benchmark.json	effective_scalar_pass	True
computational_reasoning_benchmark.json	max_gate_scalar_error_pct	0.0
computational_reasoning_benchmark.json	tier_scalar_median_error_pct	0.0
computational_reasoning_benchmark.json	tier_scalar_pass	True
computational_reasoning_benchmark.json	tier_scalar_max_pass	True
computational_reasoning_benchmark.json	scalar_median_pass	True
computational_reasoning_benchmark.json	classifier_count	0
computational_reasoning_benchmark.json	classifier_correct	0
computational_reasoning_benchmark.json	classifier_accuracy_pct	None
computational_reasoning_benchmark.json	classifier_pass	True
computational_reasoning_benchmark.json	official_pooled_median_error_pct	0.0
computational_reasoning_benchmark.json	green_gate_pass	True
computational_reasoning_benchmark.json	max_scalar_name	None
computational_reasoning_benchmark.json	max_scalar_property	None
computational_reasoning_benchmark.json	max_gate_scalar_name	None
computational_reasoning_benchmark.json	worst_effective_scalar_name	None
condensed_matter_superconductivity_depth_panel_benchmark.json	records	24
condensed_matter_superconductivity_depth_panel_benchmark.json	pooled_median_error_pct	0.033841
condensed_matter_superconductivity_depth_panel_benchmark.json	scalar_count	24
condensed_matter_superconductivity_depth_panel_benchmark.json	scalar_median_error_pct	0.033841
condensed_matter_superconductivity_depth_panel_benchmark.json	max_scalar_error_pct	0.033841
condensed_matter_superconductivity_depth_panel_benchmark.json	effective_scalar_median_error_pct	0.03383711734693268
condensed_matter_superconductivity_depth_panel_benchmark.json	max_effective_scalar_error_pct	0.03383783783784347
condensed_matter_superconductivity_depth_panel_benchmark.json	worst_effective_scalar_error_pct	0.03384722222221637
condensed_matter_superconductivity_depth_panel_benchmark.json	rounding_ghost_scalar_count	0
condensed_matter_superconductivity_depth_panel_benchmark.json	catalog_crosswalk_scalar_count	0
condensed_matter_superconductivity_depth_panel_benchmark.json	strict_scalar_pass	True
condensed_matter_superconductivity_depth_panel_benchmark.json	effective_scalar_pass	True
condensed_matter_superconductivity_depth_panel_benchmark.json	max_gate_scalar_error_pct	0.033841
condensed_matter_superconductivity_depth_panel_benchmark.json	tier_scalar_median_error_pct	0.03383711734693268
condensed_matter_superconductivity_depth_panel_benchmark.json	tier_scalar_pass	True
condensed_matter_superconductivity_depth_panel_benchmark.json	tier_scalar_max_pass	True
condensed_matter_superconductivity_depth_panel_benchmark.json	scalar_median_pass	True
condensed_matter_superconductivity_depth_panel_benchmark.json	classifier_count	0
condensed_matter_superconductivity_depth_panel_benchmark.json	classifier_correct	0
condensed_matter_superconductivity_depth_panel_benchmark.json	classifier_accuracy_pct	None
condensed_matter_superconductivity_depth_panel_benchmark.json	classifier_pass	True
condensed_matter_superconductivity_depth_panel_benchmark.json	official_pooled_median_error_pct	0.033841
condensed_matter_superconductivity_depth_panel_benchmark.json	green_gate_pass	True
condensed_matter_superconductivity_depth_panel_benchmark.json	max_scalar_name	Nb
condensed_matter_superconductivity_depth_panel_benchmark.json	max_scalar_property	Tc_K
condensed_matter_superconductivity_depth_panel_benchmark.json	max_gate_scalar_name	Nb
condensed_matter_superconductivity_depth_panel_benchmark.json	worst_effective_scalar_name	Pb
condensed_matter_superconductivity_depth_panel_benchmark.json	lb_records	15
condensed_matter_superconductivity_depth_panel_benchmark.json	lb_unrouted	0
condensed_matter_superconductivity_depth_panel_benchmark.json	lb_computed_match	0
condensed_matter_superconductivity_depth_panel_benchmark.json	lb_scalar_match	0
condensed_matter_superconductivity_depth_panel_benchmark.json	lb_error_match	0
condensed_matter_superconductivity_depth_panel_benchmark.json	lb_max_rel_dev	0.00042255978077702493
consciousness_econ_benchmark.json	records	32
consciousness_econ_benchmark.json	pooled_median_error_pct	0.020728
consciousness_econ_benchmark.json	scalar_count	11
consciousness_econ_benchmark.json	scalar_median_error_pct	0.020728
consciousness_econ_benchmark.json	max_scalar_error_pct	0.16971
consciousness_econ_benchmark.json	effective_scalar_median_error_pct	0.020726027397249446
consciousness_econ_benchmark.json	max_effective_scalar_error_pct	0.1697118155619542
consciousness_econ_benchmark.json	worst_effective_scalar_error_pct	0.1697118155619542
consciousness_econ_benchmark.json	rounding_ghost_scalar_count	0
consciousness_econ_benchmark.json	catalog_crosswalk_scalar_count	0
consciousness_econ_benchmark.json	strict_scalar_pass	True
consciousness_econ_benchmark.json	effective_scalar_pass	True
consciousness_econ_benchmark.json	max_gate_scalar_error_pct	0.16971
consciousness_econ_benchmark.json	tier_scalar_median_error_pct	0.020726027397249446
consciousness_econ_benchmark.json	tier_scalar_pass	True
consciousness_econ_benchmark.json	tier_scalar_max_pass	False
consciousness_econ_benchmark.json	scalar_median_pass	True
consciousness_econ_benchmark.json	classifier_count	0
consciousness_econ_benchmark.json	classifier_correct	0
consciousness_econ_benchmark.json	classifier_accuracy_pct	None
consciousness_econ_benchmark.json	classifier_pass	True
consciousness_econ_benchmark.json	official_pooled_median_error_pct	0.020728
consciousness_econ_benchmark.json	green_gate_pass	True
consciousness_econ_benchmark.json	max_scalar_name	pemf_oncology_adjunct_power
consciousness_econ_benchmark.json	max_scalar_property	E_con_manifest
consciousness_econ_benchmark.json	max_gate_scalar_name	pemf_oncology_adjunct_power
consciousness_econ_benchmark.json	worst_effective_scalar_name	pemf_oncology_adjunct_power
consciousness_expansion_spine_benchmark.json	records	24
consciousness_expansion_spine_benchmark.json	pooled_median_error_pct	0.0
consciousness_expansion_spine_benchmark.json	scalar_count	7
consciousness_expansion_spine_benchmark.json	scalar_median_error_pct	0.0
consciousness_expansion_spine_benchmark.json	max_scalar_error_pct	0.0
consciousness_expansion_spine_benchmark.json	effective_scalar_median_error_pct	0.0
consciousness_expansion_spine_benchmark.json	max_effective_scalar_error_pct	0.0
consciousness_expansion_spine_benchmark.json	worst_effective_scalar_error_pct	0.0
consciousness_expansion_spine_benchmark.json	rounding_ghost_scalar_count	0
consciousness_expansion_spine_benchmark.json	catalog_crosswalk_scalar_count	0
consciousness_expansion_spine_benchmark.json	strict_scalar_pass	True
consciousness_expansion_spine_benchmark.json	effective_scalar_pass	True
consciousness_expansion_spine_benchmark.json	max_gate_scalar_error_pct	0.0
consciousness_expansion_spine_benchmark.json	tier_scalar_median_error_pct	0.0
consciousness_expansion_spine_benchmark.json	tier_scalar_pass	True
consciousness_expansion_spine_benchmark.json	tier_scalar_max_pass	True
consciousness_expansion_spine_benchmark.json	scalar_median_pass	True
consciousness_expansion_spine_benchmark.json	classifier_count	0
consciousness_expansion_spine_benchmark.json	classifier_correct	0
consciousness_expansion_spine_benchmark.json	classifier_accuracy_pct	None
consciousness_expansion_spine_benchmark.json	classifier_pass	True
consciousness_expansion_spine_benchmark.json	official_pooled_median_error_pct	0.0
consciousness_expansion_spine_benchmark.json	green_gate_pass	True
consciousness_expansion_spine_benchmark.json	max_scalar_name	None
consciousness_expansion_spine_benchmark.json	max_scalar_property	None
consciousness_expansion_spine_benchmark.json	max_gate_scalar_name	None
consciousness_expansion_spine_benchmark.json	worst_effective_scalar_name	None
consciousness_galactic_orbital_bridge_benchmark.json	records	48
consciousness_galactic_orbital_bridge_benchmark.json	pooled_median_error_pct	0.036757197413939124
consciousness_galactic_orbital_bridge_benchmark.json	scalar_count	48
consciousness_galactic_orbital_bridge_benchmark.json	scalar_median_error_pct	0.03675719741393878
consciousness_galactic_orbital_bridge_benchmark.json	max_scalar_error_pct	0.036757197413945335
consciousness_galactic_orbital_bridge_benchmark.json	effective_scalar_median_error_pct	0.036520045300104
consciousness_galactic_orbital_bridge_benchmark.json	max_effective_scalar_error_pct	0.04101722723544433
consciousness_galactic_orbital_bridge_benchmark.json	worst_effective_scalar_error_pct	0.04101722723544433
consciousness_galactic_orbital_bridge_benchmark.json	rounding_ghost_scalar_count	0
consciousness_galactic_orbital_bridge_benchmark.json	catalog_crosswalk_scalar_count	0
consciousness_galactic_orbital_bridge_benchmark.json	strict_scalar_pass	True
consciousness_galactic_orbital_bridge_benchmark.json	effective_scalar_pass	True
consciousness_galactic_orbital_bridge_benchmark.json	max_gate_scalar_error_pct	0.036757197413945335
consciousness_galactic_orbital_bridge_benchmark.json	tier_scalar_median_error_pct	0.036520045300104
consciousness_galactic_orbital_bridge_benchmark.json	tier_scalar_pass	True
consciousness_galactic_orbital_bridge_benchmark.json	tier_scalar_max_pass	True
consciousness_galactic_orbital_bridge_benchmark.json	scalar_median_pass	True
consciousness_galactic_orbital_bridge_benchmark.json	classifier_count	0
consciousness_galactic_orbital_bridge_benchmark.json	classifier_correct	0
consciousness_galactic_orbital_bridge_benchmark.json	classifier_accuracy_pct	None
consciousness_galactic_orbital_bridge_benchmark.json	classifier_pass	True
consciousness_galactic_orbital_bridge_benchmark.json	official_pooled_median_error_pct	0.03675719741393878
consciousness_galactic_orbital_bridge_benchmark.json	green_gate_pass	True
consciousness_galactic_orbital_bridge_benchmark.json	max_scalar_name	Anthropology__Astrophysical_Structure_Crosswalk
consciousness_galactic_orbital_bridge_benchmark.json	max_scalar_property	orbital_bridge_coupling
consciousness_galactic_orbital_bridge_benchmark.json	max_gate_scalar_name	Anthropology__Astrophysical_Structure_Crosswalk
consciousness_galactic_orbital_bridge_benchmark.json	worst_effective_scalar_name	Anthropology__Astrophysical_Structure_Crosswalk
consciousness_genetics_coupling_panel_benchmark.json	records	24
consciousness_genetics_coupling_panel_benchmark.json	pooled_median_error_pct	0.031506
consciousness_genetics_coupling_panel_benchmark.json	scalar_count	24
consciousness_genetics_coupling_panel_benchmark.json	scalar_median_error_pct	0.031506
consciousness_genetics_coupling_panel_benchmark.json	max_scalar_error_pct	0.031506
consciousness_genetics_coupling_panel_benchmark.json	effective_scalar_median_error_pct	0.03150551969630706
consciousness_genetics_coupling_panel_benchmark.json	max_effective_scalar_error_pct	0.031504338955651315
consciousness_genetics_coupling_panel_benchmark.json	worst_effective_scalar_error_pct	0.03151062477555479
consciousness_genetics_coupling_panel_benchmark.json	rounding_ghost_scalar_count	0
consciousness_genetics_coupling_panel_benchmark.json	catalog_crosswalk_scalar_count	0
consciousness_genetics_coupling_panel_benchmark.json	strict_scalar_pass	True
consciousness_genetics_coupling_panel_benchmark.json	effective_scalar_pass	True
consciousness_genetics_coupling_panel_benchmark.json	max_gate_scalar_error_pct	0.031506
consciousness_genetics_coupling_panel_benchmark.json	tier_scalar_median_error_pct	0.03150551969630706
consciousness_genetics_coupling_panel_benchmark.json	tier_scalar_pass	True
consciousness_genetics_coupling_panel_benchmark.json	tier_scalar_max_pass	True
consciousness_genetics_coupling_panel_benchmark.json	scalar_median_pass	True
consciousness_genetics_coupling_panel_benchmark.json	classifier_count	0
consciousness_genetics_coupling_panel_benchmark.json	classifier_correct	0
consciousness_genetics_coupling_panel_benchmark.json	classifier_accuracy_pct	None
consciousness_genetics_coupling_panel_benchmark.json	classifier_pass	True
consciousness_genetics_coupling_panel_benchmark.json	official_pooled_median_error_pct	0.031506
consciousness_genetics_coupling_panel_benchmark.json	green_gate_pass	True
consciousness_genetics_coupling_panel_benchmark.json	max_scalar_name	Homo_sapiens
consciousness_genetics_coupling_panel_benchmark.json	max_scalar_property	consciousness_genetic_coupling
consciousness_genetics_coupling_panel_benchmark.json	max_gate_scalar_name	Homo_sapiens
consciousness_genetics_coupling_panel_benchmark.json	worst_effective_scalar_name	Monodelphis_domestica
consciousness_genetics_species_panel_benchmark.json	records	27
consciousness_genetics_species_panel_benchmark.json	pooled_median_error_pct	0.022236
consciousness_genetics_species_panel_benchmark.json	scalar_count	27
consciousness_genetics_species_panel_benchmark.json	scalar_median_error_pct	0.022236
consciousness_genetics_species_panel_benchmark.json	max_scalar_error_pct	0.031506
consciousness_genetics_species_panel_benchmark.json	effective_scalar_median_error_pct	0.02223625038602773
consciousness_genetics_species_panel_benchmark.json	max_effective_scalar_error_pct	0.031456953642381096
consciousness_genetics_species_panel_benchmark.json	worst_effective_scalar_error_pct	0.03199999999999037
consciousness_genetics_species_panel_benchmark.json	rounding_ghost_scalar_count	0
consciousness_genetics_species_panel_benchmark.json	catalog_crosswalk_scalar_count	0
consciousness_genetics_species_panel_benchmark.json	strict_scalar_pass	True
consciousness_genetics_species_panel_benchmark.json	effective_scalar_pass	True
consciousness_genetics_species_panel_benchmark.json	max_gate_scalar_error_pct	0.031506
consciousness_genetics_species_panel_benchmark.json	tier_scalar_median_error_pct	0.02223625038602773
consciousness_genetics_species_panel_benchmark.json	tier_scalar_pass	True
consciousness_genetics_species_panel_benchmark.json	tier_scalar_max_pass	True
consciousness_genetics_species_panel_benchmark.json	scalar_median_pass	True
consciousness_genetics_species_panel_benchmark.json	classifier_count	0
consciousness_genetics_species_panel_benchmark.json	classifier_correct	0
consciousness_genetics_species_panel_benchmark.json	classifier_accuracy_pct	None
consciousness_genetics_species_panel_benchmark.json	classifier_pass	True
consciousness_genetics_species_panel_benchmark.json	official_pooled_median_error_pct	0.022236
consciousness_genetics_species_panel_benchmark.json	green_gate_pass	True
consciousness_genetics_species_panel_benchmark.json	max_scalar_name	Homo_sapiens
consciousness_genetics_species_panel_benchmark.json	max_scalar_property	brain_energy_fraction
consciousness_genetics_species_panel_benchmark.json	max_gate_scalar_name	Homo_sapiens
consciousness_genetics_species_panel_benchmark.json	worst_effective_scalar_name	Mus_musculus
consciousness_lean_route_credibility_benchmark.json	records	101
consciousness_lean_route_credibility_benchmark.json	pooled_median_error_pct	0.018003
consciousness_lean_route_credibility_benchmark.json	scalar_count	91
consciousness_lean_route_credibility_benchmark.json	scalar_median_error_pct	0.018003
consciousness_lean_route_credibility_benchmark.json	max_scalar_error_pct	0.018003
consciousness_lean_route_credibility_benchmark.json	effective_scalar_median_error_pct	0.01800266533942241
consciousness_lean_route_credibility_benchmark.json	max_effective_scalar_error_pct	0.018000000000001775
consciousness_lean_route_credibility_benchmark.json	worst_effective_scalar_error_pct	0.01810300866904328
consciousness_lean_route_credibility_benchmark.json	rounding_ghost_scalar_count	0
consciousness_lean_route_credibility_benchmark.json	catalog_crosswalk_scalar_count	0
consciousness_lean_route_credibility_benchmark.json	strict_scalar_pass	True
consciousness_lean_route_credibility_benchmark.json	effective_scalar_pass	True
consciousness_lean_route_credibility_benchmark.json	max_gate_scalar_error_pct	0.018003
consciousness_lean_route_credibility_benchmark.json	tier_scalar_median_error_pct	0.01800266533942241
consciousness_lean_route_credibility_benchmark.json	tier_scalar_pass	True
consciousness_lean_route_credibility_benchmark.json	tier_scalar_max_pass	True
consciousness_lean_route_credibility_benchmark.json	scalar_median_pass	True
consciousness_lean_route_credibility_benchmark.json	classifier_count	0
consciousness_lean_route_credibility_benchmark.json	classifier_correct	0
consciousness_lean_route_credibility_benchmark.json	classifier_accuracy_pct	None
consciousness_lean_route_credibility_benchmark.json	classifier_pass	True
consciousness_lean_route_credibility_benchmark.json	official_pooled_median_error_pct	0.018003
consciousness_lean_route_credibility_benchmark.json	green_gate_pass	True
consciousness_lean_route_credibility_benchmark.json	max_scalar_name	Metatron_Spheres
consciousness_lean_route_credibility_benchmark.json	max_scalar_property	consciousness_model_scalar
consciousness_lean_route_credibility_benchmark.json	max_gate_scalar_name	Metatron_Spheres
consciousness_lean_route_credibility_benchmark.json	worst_effective_scalar_name	Ignition_Coherence
consciousness_lean_route_credibility_benchmark.json	lb_records	101
consciousness_lean_route_credibility_benchmark.json	lb_unrouted	0
consciousness_lean_route_credibility_benchmark.json	lb_computed_match	1
consciousness_lean_route_credibility_benchmark.json	lb_scalar_match	0
consciousness_lean_route_credibility_benchmark.json	lb_error_match	1
consciousness_lean_route_credibility_benchmark.json	lb_max_rel_dev	0.0005904528319025809
consciousness_soul_bridge_benchmark.json	records	24
consciousness_soul_bridge_benchmark.json	pooled_median_error_pct	0.0
consciousness_soul_bridge_benchmark.json	scalar_count	0
consciousness_soul_bridge_benchmark.json	scalar_median_error_pct	None
consciousness_soul_bridge_benchmark.json	max_scalar_error_pct	None
consciousness_soul_bridge_benchmark.json	effective_scalar_median_error_pct	None
consciousness_soul_bridge_benchmark.json	max_effective_scalar_error_pct	None
consciousness_soul_bridge_benchmark.json	worst_effective_scalar_error_pct	None
consciousness_soul_bridge_benchmark.json	rounding_ghost_scalar_count	0
consciousness_soul_bridge_benchmark.json	catalog_crosswalk_scalar_count	0
consciousness_soul_bridge_benchmark.json	strict_scalar_pass	True
consciousness_soul_bridge_benchmark.json	effective_scalar_pass	True
consciousness_soul_bridge_benchmark.json	max_gate_scalar_error_pct	None
consciousness_soul_bridge_benchmark.json	tier_scalar_median_error_pct	None
consciousness_soul_bridge_benchmark.json	tier_scalar_pass	True
consciousness_soul_bridge_benchmark.json	tier_scalar_max_pass	True
consciousness_soul_bridge_benchmark.json	scalar_median_pass	True
consciousness_soul_bridge_benchmark.json	classifier_count	0
consciousness_soul_bridge_benchmark.json	classifier_correct	0
consciousness_soul_bridge_benchmark.json	classifier_accuracy_pct	None
consciousness_soul_bridge_benchmark.json	classifier_pass	True
consciousness_soul_bridge_benchmark.json	official_pooled_median_error_pct	None
consciousness_soul_bridge_benchmark.json	green_gate_pass	True
consciousness_soul_bridge_benchmark.json	max_scalar_name	None
consciousness_soul_bridge_benchmark.json	max_scalar_property	None
consciousness_soul_bridge_benchmark.json	max_gate_scalar_name	None
consciousness_soul_bridge_benchmark.json	worst_effective_scalar_name	None
consciousness_species_multi_panel_benchmark.json	records	269
consciousness_species_multi_panel_benchmark.json	pooled_median_error_pct	0.0201195
consciousness_species_multi_panel_benchmark.json	scalar_count	268
consciousness_species_multi_panel_benchmark.json	scalar_median_error_pct	0.0201195
consciousness_species_multi_panel_benchmark.json	max_scalar_error_pct	0.031506
consciousness_species_multi_panel_benchmark.json	effective_scalar_median_error_pct	0.010937500000000096
consciousness_species_multi_panel_benchmark.json	max_effective_scalar_error_pct	0.031456953642381096
consciousness_species_multi_panel_benchmark.json	worst_effective_scalar_error_pct	0.03199999999999037
consciousness_species_multi_panel_benchmark.json	rounding_ghost_scalar_count	0
consciousness_species_multi_panel_benchmark.json	catalog_crosswalk_scalar_count	0
consciousness_species_multi_panel_benchmark.json	strict_scalar_pass	True
consciousness_species_multi_panel_benchmark.json	effective_scalar_pass	True
consciousness_species_multi_panel_benchmark.json	max_gate_scalar_error_pct	0.031506
consciousness_species_multi_panel_benchmark.json	tier_scalar_median_error_pct	0.010937500000000096
consciousness_species_multi_panel_benchmark.json	tier_scalar_pass	True
consciousness_species_multi_panel_benchmark.json	tier_scalar_max_pass	True
consciousness_species_multi_panel_benchmark.json	scalar_median_pass	True
consciousness_species_multi_panel_benchmark.json	classifier_count	0
consciousness_species_multi_panel_benchmark.json	classifier_correct	0
consciousness_species_multi_panel_benchmark.json	classifier_accuracy_pct	None
consciousness_species_multi_panel_benchmark.json	classifier_pass	True
consciousness_species_multi_panel_benchmark.json	official_pooled_median_error_pct	0.0201195
consciousness_species_multi_panel_benchmark.json	green_gate_pass	True
consciousness_species_multi_panel_benchmark.json	max_scalar_name	Homo_sapiens
consciousness_species_multi_panel_benchmark.json	max_scalar_property	brain_energy_fraction
consciousness_species_multi_panel_benchmark.json	max_gate_scalar_name	Homo_sapiens
consciousness_species_multi_panel_benchmark.json	worst_effective_scalar_name	Mus_musculus
cosmology_anomalies_benchmark.json	records	28
cosmology_anomalies_benchmark.json	pooled_median_error_pct	0.015148134304819393
cosmology_anomalies_benchmark.json	scalar_count	16
cosmology_anomalies_benchmark.json	scalar_median_error_pct	0.015148134304819393
cosmology_anomalies_benchmark.json	max_scalar_error_pct	0.34102444848136776
cosmology_anomalies_benchmark.json	effective_scalar_median_error_pct	0.015148134304819393
cosmology_anomalies_benchmark.json	max_effective_scalar_error_pct	0.34102444848136776
cosmology_anomalies_benchmark.json	worst_effective_scalar_error_pct	0.34102444848136776
cosmology_anomalies_benchmark.json	rounding_ghost_scalar_count	0
cosmology_anomalies_benchmark.json	catalog_crosswalk_scalar_count	0
cosmology_anomalies_benchmark.json	strict_scalar_pass	True
cosmology_anomalies_benchmark.json	effective_scalar_pass	True
cosmology_anomalies_benchmark.json	max_gate_scalar_error_pct	0.34102444848136776
cosmology_anomalies_benchmark.json	tier_scalar_median_error_pct	0.015148134304819393
cosmology_anomalies_benchmark.json	tier_scalar_pass	True
cosmology_anomalies_benchmark.json	tier_scalar_max_pass	False
cosmology_anomalies_benchmark.json	scalar_median_pass	True
cosmology_anomalies_benchmark.json	classifier_count	0
cosmology_anomalies_benchmark.json	classifier_correct	0
cosmology_anomalies_benchmark.json	classifier_accuracy_pct	None
cosmology_anomalies_benchmark.json	classifier_pass	True
cosmology_anomalies_benchmark.json	official_pooled_median_error_pct	0.015148134304819393
cosmology_anomalies_benchmark.json	green_gate_pass	True
cosmology_anomalies_benchmark.json	max_scalar_name	quantum_r_c_Fornax
cosmology_anomalies_benchmark.json	max_scalar_property	quantum_r_c_Fornax
cosmology_anomalies_benchmark.json	max_gate_scalar_name	quantum_r_c_Fornax
cosmology_anomalies_benchmark.json	worst_effective_scalar_name	quantum_r_c_Fornax
cosmology_anomaly_deep_panel_benchmark.json	records	24
cosmology_anomaly_deep_panel_benchmark.json	pooled_median_error_pct	0.0
cosmology_anomaly_deep_panel_benchmark.json	scalar_count	9
cosmology_anomaly_deep_panel_benchmark.json	scalar_median_error_pct	0.0
cosmology_anomaly_deep_panel_benchmark.json	max_scalar_error_pct	0.0
cosmology_anomaly_deep_panel_benchmark.json	effective_scalar_median_error_pct	0.0
cosmology_anomaly_deep_panel_benchmark.json	max_effective_scalar_error_pct	0.0
cosmology_anomaly_deep_panel_benchmark.json	worst_effective_scalar_error_pct	0.0
cosmology_anomaly_deep_panel_benchmark.json	rounding_ghost_scalar_count	0
cosmology_anomaly_deep_panel_benchmark.json	catalog_crosswalk_scalar_count	0
cosmology_anomaly_deep_panel_benchmark.json	strict_scalar_pass	True
cosmology_anomaly_deep_panel_benchmark.json	effective_scalar_pass	True
cosmology_anomaly_deep_panel_benchmark.json	max_gate_scalar_error_pct	0.0
cosmology_anomaly_deep_panel_benchmark.json	tier_scalar_median_error_pct	0.0
cosmology_anomaly_deep_panel_benchmark.json	tier_scalar_pass	True
cosmology_anomaly_deep_panel_benchmark.json	tier_scalar_max_pass	True
cosmology_anomaly_deep_panel_benchmark.json	scalar_median_pass	True
cosmology_anomaly_deep_panel_benchmark.json	classifier_count	0
cosmology_anomaly_deep_panel_benchmark.json	classifier_correct	0
cosmology_anomaly_deep_panel_benchmark.json	classifier_accuracy_pct	None
cosmology_anomaly_deep_panel_benchmark.json	classifier_pass	True
cosmology_anomaly_deep_panel_benchmark.json	official_pooled_median_error_pct	0.0
cosmology_anomaly_deep_panel_benchmark.json	green_gate_pass	True
cosmology_anomaly_deep_panel_benchmark.json	max_scalar_name	None
cosmology_anomaly_deep_panel_benchmark.json	max_scalar_property	None
cosmology_anomaly_deep_panel_benchmark.json	max_gate_scalar_name	None
cosmology_anomaly_deep_panel_benchmark.json	worst_effective_scalar_name	None
cosmology_bubble_bleed_benchmark.json	records	110
cosmology_bubble_bleed_benchmark.json	pooled_median_error_pct	0.0
cosmology_bubble_bleed_benchmark.json	scalar_count	30
cosmology_bubble_bleed_benchmark.json	scalar_median_error_pct	0.0
cosmology_bubble_bleed_benchmark.json	max_scalar_error_pct	0.0
cosmology_bubble_bleed_benchmark.json	effective_scalar_median_error_pct	0.0
cosmology_bubble_bleed_benchmark.json	max_effective_scalar_error_pct	0.0
cosmology_bubble_bleed_benchmark.json	worst_effective_scalar_error_pct	0.0
cosmology_bubble_bleed_benchmark.json	rounding_ghost_scalar_count	0
cosmology_bubble_bleed_benchmark.json	catalog_crosswalk_scalar_count	0
cosmology_bubble_bleed_benchmark.json	strict_scalar_pass	True
cosmology_bubble_bleed_benchmark.json	effective_scalar_pass	True
cosmology_bubble_bleed_benchmark.json	max_gate_scalar_error_pct	0.0
cosmology_bubble_bleed_benchmark.json	tier_scalar_median_error_pct	0.0
cosmology_bubble_bleed_benchmark.json	tier_scalar_pass	True
cosmology_bubble_bleed_benchmark.json	tier_scalar_max_pass	True
cosmology_bubble_bleed_benchmark.json	scalar_median_pass	True
cosmology_bubble_bleed_benchmark.json	classifier_count	78
cosmology_bubble_bleed_benchmark.json	classifier_correct	78
cosmology_bubble_bleed_benchmark.json	classifier_accuracy_pct	100.0
cosmology_bubble_bleed_benchmark.json	classifier_pass	True
cosmology_bubble_bleed_benchmark.json	official_pooled_median_error_pct	0.0
cosmology_bubble_bleed_benchmark.json	green_gate_pass	True
cosmology_bubble_bleed_benchmark.json	max_scalar_name	None
cosmology_bubble_bleed_benchmark.json	max_scalar_property	None
cosmology_bubble_bleed_benchmark.json	max_gate_scalar_name	None
cosmology_bubble_bleed_benchmark.json	worst_effective_scalar_name	None
cosmology_extended_benchmark.json	records	23
cosmology_extended_benchmark.json	pooled_median_error_pct	0.000561846
cosmology_extended_benchmark.json	scalar_count	23
cosmology_extended_benchmark.json	scalar_median_error_pct	0.000561846
cosmology_extended_benchmark.json	max_scalar_error_pct	0.00423739
cosmology_extended_benchmark.json	effective_scalar_median_error_pct	0.0005618458987473253
cosmology_extended_benchmark.json	max_effective_scalar_error_pct	0.0042373899907116284
cosmology_extended_benchmark.json	worst_effective_scalar_error_pct	0.0042373899907116284
cosmology_extended_benchmark.json	rounding_ghost_scalar_count	0
cosmology_extended_benchmark.json	catalog_crosswalk_scalar_count	0
cosmology_extended_benchmark.json	strict_scalar_pass	True
cosmology_extended_benchmark.json	effective_scalar_pass	True
cosmology_extended_benchmark.json	max_gate_scalar_error_pct	0.00423739
cosmology_extended_benchmark.json	tier_scalar_median_error_pct	0.0005618458987473253
cosmology_extended_benchmark.json	tier_scalar_pass	True
cosmology_extended_benchmark.json	tier_scalar_max_pass	True
cosmology_extended_benchmark.json	scalar_median_pass	True
cosmology_extended_benchmark.json	classifier_count	0
cosmology_extended_benchmark.json	classifier_correct	0
cosmology_extended_benchmark.json	classifier_accuracy_pct	None
cosmology_extended_benchmark.json	classifier_pass	True
cosmology_extended_benchmark.json	official_pooled_median_error_pct	0.000561846
cosmology_extended_benchmark.json	green_gate_pass	True
cosmology_extended_benchmark.json	max_scalar_name	396e8db24cbb0e77
cosmology_extended_benchmark.json	max_scalar_property	NO₂(g)
cosmology_extended_benchmark.json	max_gate_scalar_name	396e8db24cbb0e77
cosmology_extended_benchmark.json	worst_effective_scalar_name	396e8db24cbb0e77
crc_handbook_properties_benchmark.json	records	391
crc_handbook_properties_benchmark.json	pooled_median_error_pct	0.026922
crc_handbook_properties_benchmark.json	scalar_count	391
crc_handbook_properties_benchmark.json	scalar_median_error_pct	0.021039
crc_handbook_properties_benchmark.json	max_scalar_error_pct	0.437391
crc_handbook_properties_benchmark.json	effective_scalar_median_error_pct	0.020792372802067242
crc_handbook_properties_benchmark.json	max_effective_scalar_error_pct	0.4373906108418236
crc_handbook_properties_benchmark.json	worst_effective_scalar_error_pct	0.4373906108418236
crc_handbook_properties_benchmark.json	rounding_ghost_scalar_count	0
crc_handbook_properties_benchmark.json	catalog_crosswalk_scalar_count	0
crc_handbook_properties_benchmark.json	strict_scalar_pass	True
crc_handbook_properties_benchmark.json	effective_scalar_pass	True
crc_handbook_properties_benchmark.json	max_gate_scalar_error_pct	0.437391
crc_handbook_properties_benchmark.json	tier_scalar_median_error_pct	0.020792372802067242
crc_handbook_properties_benchmark.json	tier_scalar_pass	True
crc_handbook_properties_benchmark.json	tier_scalar_max_pass	False
crc_handbook_properties_benchmark.json	scalar_median_pass	True
crc_handbook_properties_benchmark.json	classifier_count	0
crc_handbook_properties_benchmark.json	classifier_correct	0
crc_handbook_properties_benchmark.json	classifier_accuracy_pct	None
crc_handbook_properties_benchmark.json	classifier_pass	True
crc_handbook_properties_benchmark.json	official_pooled_median_error_pct	0.021039
crc_handbook_properties_benchmark.json	green_gate_pass	True
crc_handbook_properties_benchmark.json	max_scalar_name	olive oil
crc_handbook_properties_benchmark.json	max_scalar_property	§15 Viscosity
crc_handbook_properties_benchmark.json	max_gate_scalar_name	olive oil
crc_handbook_properties_benchmark.json	worst_effective_scalar_name	olive oil
creative_arts_math_spine_benchmark.json	records	56
creative_arts_math_spine_benchmark.json	pooled_median_error_pct	0.0
creative_arts_math_spine_benchmark.json	scalar_count	54
creative_arts_math_spine_benchmark.json	scalar_median_error_pct	0.0
creative_arts_math_spine_benchmark.json	max_scalar_error_pct	0.3297
creative_arts_math_spine_benchmark.json	effective_scalar_median_error_pct	0.0
creative_arts_math_spine_benchmark.json	max_effective_scalar_error_pct	0.32973959060073643
creative_arts_math_spine_benchmark.json	worst_effective_scalar_error_pct	0.32973959060073643
creative_arts_math_spine_benchmark.json	rounding_ghost_scalar_count	0
creative_arts_math_spine_benchmark.json	catalog_crosswalk_scalar_count	0
creative_arts_math_spine_benchmark.json	strict_scalar_pass	True
creative_arts_math_spine_benchmark.json	effective_scalar_pass	True
creative_arts_math_spine_benchmark.json	max_gate_scalar_error_pct	0.3297
creative_arts_math_spine_benchmark.json	tier_scalar_median_error_pct	0.0
creative_arts_math_spine_benchmark.json	tier_scalar_pass	True
creative_arts_math_spine_benchmark.json	tier_scalar_max_pass	False
creative_arts_math_spine_benchmark.json	scalar_median_pass	True
creative_arts_math_spine_benchmark.json	classifier_count	0
creative_arts_math_spine_benchmark.json	classifier_correct	0
creative_arts_math_spine_benchmark.json	classifier_accuracy_pct	None
creative_arts_math_spine_benchmark.json	classifier_pass	True
creative_arts_math_spine_benchmark.json	official_pooled_median_error_pct	0.0
creative_arts_math_spine_benchmark.json	green_gate_pass	True
creative_arts_math_spine_benchmark.json	max_scalar_name	Aluminum
creative_arts_math_spine_benchmark.json	max_scalar_property	acoustic_impedance_MRayl
creative_arts_math_spine_benchmark.json	max_gate_scalar_name	Aluminum
creative_arts_math_spine_benchmark.json	worst_effective_scalar_name	Aluminum
cross_proof_verification_benchmark.json	records	0
cross_proof_verification_benchmark.json	pooled_median_error_pct	0.0
cross_proof_verification_benchmark.json	scalar_count	0
cross_proof_verification_benchmark.json	scalar_median_error_pct	None
cross_proof_verification_benchmark.json	max_scalar_error_pct	None
cross_proof_verification_benchmark.json	effective_scalar_median_error_pct	None
cross_proof_verification_benchmark.json	max_effective_scalar_error_pct	None
cross_proof_verification_benchmark.json	worst_effective_scalar_error_pct	None
cross_proof_verification_benchmark.json	rounding_ghost_scalar_count	0
cross_proof_verification_benchmark.json	catalog_crosswalk_scalar_count	0
cross_proof_verification_benchmark.json	strict_scalar_pass	True
cross_proof_verification_benchmark.json	effective_scalar_pass	True
cross_proof_verification_benchmark.json	max_gate_scalar_error_pct	None
cross_proof_verification_benchmark.json	tier_scalar_median_error_pct	None
cross_proof_verification_benchmark.json	tier_scalar_pass	True
cross_proof_verification_benchmark.json	tier_scalar_max_pass	True
cross_proof_verification_benchmark.json	scalar_median_pass	True
cross_proof_verification_benchmark.json	classifier_count	0
cross_proof_verification_benchmark.json	classifier_correct	0
cross_proof_verification_benchmark.json	classifier_accuracy_pct	None
cross_proof_verification_benchmark.json	classifier_pass	True
cross_proof_verification_benchmark.json	official_pooled_median_error_pct	None
cross_proof_verification_benchmark.json	green_gate_pass	True
cross_proof_verification_benchmark.json	max_scalar_name	None
cross_proof_verification_benchmark.json	max_scalar_property	None
cross_proof_verification_benchmark.json	max_gate_scalar_name	None
cross_proof_verification_benchmark.json	worst_effective_scalar_name	None
crossref_scholarly_panel_benchmark.json	records	198
crossref_scholarly_panel_benchmark.json	pooled_median_error_pct	0.075688
crossref_scholarly_panel_benchmark.json	scalar_count	0
crossref_scholarly_panel_benchmark.json	scalar_median_error_pct	None
crossref_scholarly_panel_benchmark.json	max_scalar_error_pct	None
crossref_scholarly_panel_benchmark.json	effective_scalar_median_error_pct	None
crossref_scholarly_panel_benchmark.json	max_effective_scalar_error_pct	None
crossref_scholarly_panel_benchmark.json	worst_effective_scalar_error_pct	None
crossref_scholarly_panel_benchmark.json	rounding_ghost_scalar_count	0
crossref_scholarly_panel_benchmark.json	catalog_crosswalk_scalar_count	0
crossref_scholarly_panel_benchmark.json	strict_scalar_pass	True
crossref_scholarly_panel_benchmark.json	effective_scalar_pass	True
crossref_scholarly_panel_benchmark.json	max_gate_scalar_error_pct	None
crossref_scholarly_panel_benchmark.json	tier_scalar_median_error_pct	None
crossref_scholarly_panel_benchmark.json	tier_scalar_pass	True
crossref_scholarly_panel_benchmark.json	tier_scalar_max_pass	True
crossref_scholarly_panel_benchmark.json	scalar_median_pass	True
crossref_scholarly_panel_benchmark.json	classifier_count	0
crossref_scholarly_panel_benchmark.json	classifier_correct	0
crossref_scholarly_panel_benchmark.json	classifier_accuracy_pct	None
crossref_scholarly_panel_benchmark.json	classifier_pass	True
crossref_scholarly_panel_benchmark.json	official_pooled_median_error_pct	None
crossref_scholarly_panel_benchmark.json	green_gate_pass	True
crossref_scholarly_panel_benchmark.json	max_scalar_name	None
crossref_scholarly_panel_benchmark.json	max_scalar_property	None
crossref_scholarly_panel_benchmark.json	max_gate_scalar_name	None
crossref_scholarly_panel_benchmark.json	worst_effective_scalar_name	None
crossref_scholarly_panel_benchmark.json	lb_records	198
crossref_scholarly_panel_benchmark.json	lb_unrouted	0
crossref_scholarly_panel_benchmark.json	lb_computed_match	198
crossref_scholarly_panel_benchmark.json	lb_scalar_match	198
crossref_scholarly_panel_benchmark.json	lb_error_match	198
crossref_scholarly_panel_benchmark.json	lb_max_rel_dev	0.0
cryosphere_benchmark.json	records	2399
cryosphere_benchmark.json	pooled_median_error_pct	0.0
cryosphere_benchmark.json	scalar_count	0
cryosphere_benchmark.json	scalar_median_error_pct	None
cryosphere_benchmark.json	max_scalar_error_pct	None
cryosphere_benchmark.json	effective_scalar_median_error_pct	None
cryosphere_benchmark.json	max_effective_scalar_error_pct	None
cryosphere_benchmark.json	worst_effective_scalar_error_pct	None
cryosphere_benchmark.json	rounding_ghost_scalar_count	0
cryosphere_benchmark.json	catalog_crosswalk_scalar_count	0
cryosphere_benchmark.json	strict_scalar_pass	True
cryosphere_benchmark.json	effective_scalar_pass	True
cryosphere_benchmark.json	max_gate_scalar_error_pct	None
cryosphere_benchmark.json	tier_scalar_median_error_pct	None
cryosphere_benchmark.json	tier_scalar_pass	True
cryosphere_benchmark.json	tier_scalar_max_pass	True
cryosphere_benchmark.json	scalar_median_pass	True
cryosphere_benchmark.json	classifier_count	2399
cryosphere_benchmark.json	classifier_correct	2399
cryosphere_benchmark.json	classifier_accuracy_pct	100.0
cryosphere_benchmark.json	classifier_pass	True
cryosphere_benchmark.json	official_pooled_median_error_pct	None
cryosphere_benchmark.json	green_gate_pass	True
cryosphere_benchmark.json	max_scalar_name	None
cryosphere_benchmark.json	max_scalar_property	None
cryosphere_benchmark.json	max_gate_scalar_name	None
cryosphere_benchmark.json	worst_effective_scalar_name	None
cryptography_technology_cybersecurity_benchmark.json	records	44
cryptography_technology_cybersecurity_benchmark.json	pooled_median_error_pct	0.047520672006218234
cryptography_technology_cybersecurity_benchmark.json	scalar_count	20
cryptography_technology_cybersecurity_benchmark.json	scalar_median_error_pct	0.0
cryptography_technology_cybersecurity_benchmark.json	max_scalar_error_pct	0.057024806407479645
cryptography_technology_cybersecurity_benchmark.json	effective_scalar_median_error_pct	0.0
cryptography_technology_cybersecurity_benchmark.json	max_effective_scalar_error_pct	0.05699999999999594
cryptography_technology_cybersecurity_benchmark.json	worst_effective_scalar_error_pct	0.05702499999999944
cryptography_technology_cybersecurity_benchmark.json	rounding_ghost_scalar_count	0
cryptography_technology_cybersecurity_benchmark.json	catalog_crosswalk_scalar_count	0
cryptography_technology_cybersecurity_benchmark.json	strict_scalar_pass	True
cryptography_technology_cybersecurity_benchmark.json	effective_scalar_pass	True
cryptography_technology_cybersecurity_benchmark.json	max_gate_scalar_error_pct	0.057024806407479645
cryptography_technology_cybersecurity_benchmark.json	tier_scalar_median_error_pct	0.0
cryptography_technology_cybersecurity_benchmark.json	tier_scalar_pass	True
cryptography_technology_cybersecurity_benchmark.json	tier_scalar_max_pass	False
cryptography_technology_cybersecurity_benchmark.json	scalar_median_pass	True
cryptography_technology_cybersecurity_benchmark.json	classifier_count	0
cryptography_technology_cybersecurity_benchmark.json	classifier_correct	0
cryptography_technology_cybersecurity_benchmark.json	classifier_accuracy_pct	None
cryptography_technology_cybersecurity_benchmark.json	classifier_pass	True
cryptography_technology_cybersecurity_benchmark.json	official_pooled_median_error_pct	0.0
cryptography_technology_cybersecurity_benchmark.json	green_gate_pass	True
cryptography_technology_cybersecurity_benchmark.json	max_scalar_name	SPHINCS_plus_128f_security
cryptography_technology_cybersecurity_benchmark.json	max_scalar_property	hash_signature_level
cryptography_technology_cybersecurity_benchmark.json	max_gate_scalar_name	SPHINCS_plus_128f_security
cryptography_technology_cybersecurity_benchmark.json	worst_effective_scalar_name	GCM_nonce_bits
culinary_arts_benchmark.json	records	52
culinary_arts_benchmark.json	pooled_median_error_pct	0.047615187057821064
culinary_arts_benchmark.json	scalar_count	52
culinary_arts_benchmark.json	scalar_median_error_pct	0.047615187057818004
culinary_arts_benchmark.json	max_scalar_error_pct	0.161506
culinary_arts_benchmark.json	effective_scalar_median_error_pct	0.023808317972350775
culinary_arts_benchmark.json	max_effective_scalar_error_pct	0.16150621316853594
culinary_arts_benchmark.json	worst_effective_scalar_error_pct	0.16150621316853594
culinary_arts_benchmark.json	rounding_ghost_scalar_count	0
culinary_arts_benchmark.json	catalog_crosswalk_scalar_count	0
culinary_arts_benchmark.json	strict_scalar_pass	True
culinary_arts_benchmark.json	effective_scalar_pass	True
culinary_arts_benchmark.json	max_gate_scalar_error_pct	0.161506
culinary_arts_benchmark.json	tier_scalar_median_error_pct	0.023808317972350775
culinary_arts_benchmark.json	tier_scalar_pass	True
culinary_arts_benchmark.json	tier_scalar_max_pass	False
culinary_arts_benchmark.json	scalar_median_pass	True
culinary_arts_benchmark.json	classifier_count	0
culinary_arts_benchmark.json	classifier_correct	0
culinary_arts_benchmark.json	classifier_accuracy_pct	None
culinary_arts_benchmark.json	classifier_pass	True
culinary_arts_benchmark.json	official_pooled_median_error_pct	0.047615187057818004
culinary_arts_benchmark.json	green_gate_pass	True
culinary_arts_benchmark.json	max_scalar_name	Water
culinary_arts_benchmark.json	max_scalar_property	§98 Vapor Pressure
culinary_arts_benchmark.json	max_gate_scalar_name	Water
culinary_arts_benchmark.json	worst_effective_scalar_name	Water
culinary_fermentation_maillard_panel_benchmark.json	records	151
culinary_fermentation_maillard_panel_benchmark.json	pooled_median_error_pct	0.040788
culinary_fermentation_maillard_panel_benchmark.json	scalar_count	151
culinary_fermentation_maillard_panel_benchmark.json	scalar_median_error_pct	0.040788
culinary_fermentation_maillard_panel_benchmark.json	max_scalar_error_pct	0.040788
culinary_fermentation_maillard_panel_benchmark.json	effective_scalar_median_error_pct	0.04078824074551467
culinary_fermentation_maillard_panel_benchmark.json	max_effective_scalar_error_pct	0.040788843258043
culinary_fermentation_maillard_panel_benchmark.json	worst_effective_scalar_error_pct	0.04080000000000591
culinary_fermentation_maillard_panel_benchmark.json	rounding_ghost_scalar_count	0
culinary_fermentation_maillard_panel_benchmark.json	catalog_crosswalk_scalar_count	0
culinary_fermentation_maillard_panel_benchmark.json	strict_scalar_pass	True
culinary_fermentation_maillard_panel_benchmark.json	effective_scalar_pass	True
culinary_fermentation_maillard_panel_benchmark.json	max_gate_scalar_error_pct	0.040788
culinary_fermentation_maillard_panel_benchmark.json	tier_scalar_median_error_pct	0.04078824074551467
culinary_fermentation_maillard_panel_benchmark.json	tier_scalar_pass	True
culinary_fermentation_maillard_panel_benchmark.json	tier_scalar_max_pass	True
culinary_fermentation_maillard_panel_benchmark.json	scalar_median_pass	True
culinary_fermentation_maillard_panel_benchmark.json	classifier_count	0
culinary_fermentation_maillard_panel_benchmark.json	classifier_correct	0
culinary_fermentation_maillard_panel_benchmark.json	classifier_accuracy_pct	None
culinary_fermentation_maillard_panel_benchmark.json	classifier_pass	True
culinary_fermentation_maillard_panel_benchmark.json	official_pooled_median_error_pct	0.040788
culinary_fermentation_maillard_panel_benchmark.json	green_gate_pass	True
culinary_fermentation_maillard_panel_benchmark.json	max_scalar_name	sodium_chloride
culinary_fermentation_maillard_panel_benchmark.json	max_scalar_property	molecular_weight
culinary_fermentation_maillard_panel_benchmark.json	max_gate_scalar_name	sodium_chloride
culinary_fermentation_maillard_panel_benchmark.json	worst_effective_scalar_name	cider_primary
culinary_fermentation_maillard_panel_benchmark.json	lb_records	151
culinary_fermentation_maillard_panel_benchmark.json	lb_unrouted	0
culinary_fermentation_maillard_panel_benchmark.json	lb_computed_match	0
culinary_fermentation_maillard_panel_benchmark.json	lb_scalar_match	0
culinary_fermentation_maillard_panel_benchmark.json	lb_error_match	0
culinary_fermentation_maillard_panel_benchmark.json	lb_max_rel_dev	0.0003641632295061227
cve_codon_hole_falsification_benchmark.json	records	29
cve_codon_hole_falsification_benchmark.json	pooled_median_error_pct	0.009186636881580057
cve_codon_hole_falsification_benchmark.json	scalar_count	29
cve_codon_hole_falsification_benchmark.json	scalar_median_error_pct	0.009186636881580057
cve_codon_hole_falsification_benchmark.json	max_scalar_error_pct	0.03062212293865052
cve_codon_hole_falsification_benchmark.json	effective_scalar_median_error_pct	0.009186153846157525
cve_codon_hole_falsification_benchmark.json	max_effective_scalar_error_pct	0.030599999999991745
cve_codon_hole_falsification_benchmark.json	worst_effective_scalar_error_pct	0.030599999999991745
cve_codon_hole_falsification_benchmark.json	rounding_ghost_scalar_count	0
cve_codon_hole_falsification_benchmark.json	catalog_crosswalk_scalar_count	0
cve_codon_hole_falsification_benchmark.json	strict_scalar_pass	True
cve_codon_hole_falsification_benchmark.json	effective_scalar_pass	True
cve_codon_hole_falsification_benchmark.json	max_gate_scalar_error_pct	0.03062212293865052
cve_codon_hole_falsification_benchmark.json	tier_scalar_median_error_pct	0.009186153846157525
cve_codon_hole_falsification_benchmark.json	tier_scalar_pass	True
cve_codon_hole_falsification_benchmark.json	tier_scalar_max_pass	True
cve_codon_hole_falsification_benchmark.json	scalar_median_pass	True
cve_codon_hole_falsification_benchmark.json	classifier_count	0
cve_codon_hole_falsification_benchmark.json	classifier_correct	0
cve_codon_hole_falsification_benchmark.json	classifier_accuracy_pct	None
cve_codon_hole_falsification_benchmark.json	classifier_pass	True
cve_codon_hole_falsification_benchmark.json	official_pooled_median_error_pct	0.009186636881580057
cve_codon_hole_falsification_benchmark.json	green_gate_pass	True
cve_codon_hole_falsification_benchmark.json	max_scalar_name	kev_top_cwe_token_overlap_rate
cve_codon_hole_falsification_benchmark.json	max_scalar_property	cwe_codon_overlap_rate
cve_codon_hole_falsification_benchmark.json	max_gate_scalar_name	kev_top_cwe_token_overlap_rate
cve_codon_hole_falsification_benchmark.json	worst_effective_scalar_name	kev_top_cwe_token_overlap_rate
dark_energy_cpl_benchmark.json	records	20
dark_energy_cpl_benchmark.json	pooled_median_error_pct	0.0018162973530366992
dark_energy_cpl_benchmark.json	scalar_count	9
dark_energy_cpl_benchmark.json	scalar_median_error_pct	0.0018162973530366992
dark_energy_cpl_benchmark.json	max_scalar_error_pct	0.368503
dark_energy_cpl_benchmark.json	effective_scalar_median_error_pct	0.0012092044401624655
dark_energy_cpl_benchmark.json	max_effective_scalar_error_pct	0.368503
dark_energy_cpl_benchmark.json	worst_effective_scalar_error_pct	0.3685028152534126
dark_energy_cpl_benchmark.json	rounding_ghost_scalar_count	0
dark_energy_cpl_benchmark.json	catalog_crosswalk_scalar_count	0
dark_energy_cpl_benchmark.json	strict_scalar_pass	True
dark_energy_cpl_benchmark.json	effective_scalar_pass	True
dark_energy_cpl_benchmark.json	max_gate_scalar_error_pct	0.3685028152534126
dark_energy_cpl_benchmark.json	tier_scalar_median_error_pct	0.0012092044401624655
dark_energy_cpl_benchmark.json	tier_scalar_pass	True
dark_energy_cpl_benchmark.json	tier_scalar_max_pass	False
dark_energy_cpl_benchmark.json	scalar_median_pass	True
dark_energy_cpl_benchmark.json	classifier_count	0
dark_energy_cpl_benchmark.json	classifier_correct	0
dark_energy_cpl_benchmark.json	classifier_accuracy_pct	None
dark_energy_cpl_benchmark.json	classifier_pass	True
dark_energy_cpl_benchmark.json	official_pooled_median_error_pct	0.0018162973530366992
dark_energy_cpl_benchmark.json	green_gate_pass	True
dark_energy_cpl_benchmark.json	max_scalar_name	bao_sector_w0
dark_energy_cpl_benchmark.json	max_scalar_property	w0_bao_readout
dark_energy_cpl_benchmark.json	max_gate_scalar_name	quantum_w0_bao
dark_energy_cpl_benchmark.json	worst_effective_scalar_name	quantum_w0_bao
dark_sector_open_problems_benchmark.json	records	24
dark_sector_open_problems_benchmark.json	pooled_median_error_pct	0.000561846
dark_sector_open_problems_benchmark.json	scalar_count	23
dark_sector_open_problems_benchmark.json	scalar_median_error_pct	0.000561846
dark_sector_open_problems_benchmark.json	max_scalar_error_pct	0.368503
dark_sector_open_problems_benchmark.json	effective_scalar_median_error_pct	0.0
dark_sector_open_problems_benchmark.json	max_effective_scalar_error_pct	0.368503
dark_sector_open_problems_benchmark.json	worst_effective_scalar_error_pct	0.28055009823182414
dark_sector_open_problems_benchmark.json	rounding_ghost_scalar_count	0
dark_sector_open_problems_benchmark.json	catalog_crosswalk_scalar_count	0
dark_sector_open_problems_benchmark.json	strict_scalar_pass	True
dark_sector_open_problems_benchmark.json	effective_scalar_pass	True
dark_sector_open_problems_benchmark.json	max_gate_scalar_error_pct	0.28055009823182414
dark_sector_open_problems_benchmark.json	tier_scalar_median_error_pct	0.0
dark_sector_open_problems_benchmark.json	tier_scalar_pass	True
dark_sector_open_problems_benchmark.json	tier_scalar_max_pass	False
dark_sector_open_problems_benchmark.json	scalar_median_pass	True
dark_sector_open_problems_benchmark.json	classifier_count	0
dark_sector_open_problems_benchmark.json	classifier_correct	0
dark_sector_open_problems_benchmark.json	classifier_accuracy_pct	None
dark_sector_open_problems_benchmark.json	classifier_pass	True
dark_sector_open_problems_benchmark.json	official_pooled_median_error_pct	0.000561846
dark_sector_open_problems_benchmark.json	green_gate_pass	True
dark_sector_open_problems_benchmark.json	max_scalar_name	w0_bao
dark_sector_open_problems_benchmark.json	max_scalar_property	dark_energy_eos
dark_sector_open_problems_benchmark.json	max_gate_scalar_name	wa_bao
dark_sector_open_problems_benchmark.json	worst_effective_scalar_name	wa_bao
desi_edr_fits_residual_benchmark.json	records	97144
desi_edr_fits_residual_benchmark.json	pooled_median_error_pct	0.022461489204152866
desi_edr_fits_residual_benchmark.json	scalar_count	97144
desi_edr_fits_residual_benchmark.json	scalar_median_error_pct	0.022461
desi_edr_fits_residual_benchmark.json	max_scalar_error_pct	0.026472
desi_edr_fits_residual_benchmark.json	effective_scalar_median_error_pct	0.022461695588435894
desi_edr_fits_residual_benchmark.json	max_effective_scalar_error_pct	0.02647675946135373
desi_edr_fits_residual_benchmark.json	worst_effective_scalar_error_pct	33.33679334209531
desi_edr_fits_residual_benchmark.json	rounding_ghost_scalar_count	0
desi_edr_fits_residual_benchmark.json	catalog_crosswalk_scalar_count	0
desi_edr_fits_residual_benchmark.json	strict_scalar_pass	True
desi_edr_fits_residual_benchmark.json	effective_scalar_pass	True
desi_edr_fits_residual_benchmark.json	max_gate_scalar_error_pct	0.026472
desi_edr_fits_residual_benchmark.json	tier_scalar_median_error_pct	0.022461695588435894
desi_edr_fits_residual_benchmark.json	tier_scalar_pass	True
desi_edr_fits_residual_benchmark.json	tier_scalar_max_pass	True
desi_edr_fits_residual_benchmark.json	scalar_median_pass	True
desi_edr_fits_residual_benchmark.json	classifier_count	0
desi_edr_fits_residual_benchmark.json	classifier_correct	0
desi_edr_fits_residual_benchmark.json	classifier_accuracy_pct	None
desi_edr_fits_residual_benchmark.json	classifier_pass	True
desi_edr_fits_residual_benchmark.json	official_pooled_median_error_pct	0.022461
desi_edr_fits_residual_benchmark.json	green_gate_pass	True
desi_edr_fits_residual_benchmark.json	max_scalar_name	39628473202904408
desi_edr_fits_residual_benchmark.json	max_scalar_property	flux_g
desi_edr_fits_residual_benchmark.json	max_gate_scalar_name	39628473202904408
desi_edr_fits_residual_benchmark.json	worst_effective_scalar_name	2305843017128346161
desi_edr_fits_residual_benchmark.json	lb_records	97144
desi_edr_fits_residual_benchmark.json	lb_unrouted	0
desi_edr_fits_residual_benchmark.json	lb_computed_match	8812
desi_edr_fits_residual_benchmark.json	lb_scalar_match	0
desi_edr_fits_residual_benchmark.json	lb_error_match	0
desi_edr_fits_residual_benchmark.json	lb_max_rel_dev	0.33333333333333337
desi_edr_table_slice_open_benchmark.json	records	22
desi_edr_table_slice_open_benchmark.json	pooled_median_error_pct	0.010049
desi_edr_table_slice_open_benchmark.json	scalar_count	22
desi_edr_table_slice_open_benchmark.json	scalar_median_error_pct	0.010049
desi_edr_table_slice_open_benchmark.json	max_scalar_error_pct	0.3685028152534126
desi_edr_table_slice_open_benchmark.json	effective_scalar_median_error_pct	0.010049146536700252
desi_edr_table_slice_open_benchmark.json	max_effective_scalar_error_pct	0.3685028152534126
desi_edr_table_slice_open_benchmark.json	worst_effective_scalar_error_pct	0.3685028152534126
desi_edr_table_slice_open_benchmark.json	rounding_ghost_scalar_count	0
desi_edr_table_slice_open_benchmark.json	catalog_crosswalk_scalar_count	0
desi_edr_table_slice_open_benchmark.json	strict_scalar_pass	True
desi_edr_table_slice_open_benchmark.json	effective_scalar_pass	True
desi_edr_table_slice_open_benchmark.json	max_gate_scalar_error_pct	0.3685028152534126
desi_edr_table_slice_open_benchmark.json	tier_scalar_median_error_pct	0.010049146536700252
desi_edr_table_slice_open_benchmark.json	tier_scalar_pass	True
desi_edr_table_slice_open_benchmark.json	tier_scalar_max_pass	False
desi_edr_table_slice_open_benchmark.json	scalar_median_pass	True
desi_edr_table_slice_open_benchmark.json	classifier_count	0
desi_edr_table_slice_open_benchmark.json	classifier_correct	0
desi_edr_table_slice_open_benchmark.json	classifier_accuracy_pct	None
desi_edr_table_slice_open_benchmark.json	classifier_pass	True
desi_edr_table_slice_open_benchmark.json	official_pooled_median_error_pct	0.010049
desi_edr_table_slice_open_benchmark.json	green_gate_pass	True
desi_edr_table_slice_open_benchmark.json	max_scalar_name	quantum_w0_bao
desi_edr_table_slice_open_benchmark.json	max_scalar_property	quantum_w0_bao
desi_edr_table_slice_open_benchmark.json	max_gate_scalar_name	quantum_w0_bao
desi_edr_table_slice_open_benchmark.json	worst_effective_scalar_name	quantum_w0_bao
desi_edr_table_slice_open_benchmark.json	lb_records	18
desi_edr_table_slice_open_benchmark.json	lb_unrouted	0
desi_edr_table_slice_open_benchmark.json	lb_computed_match	0
desi_edr_table_slice_open_benchmark.json	lb_scalar_match	0
desi_edr_table_slice_open_benchmark.json	lb_error_match	0
desi_edr_table_slice_open_benchmark.json	lb_max_rel_dev	0.000306542006250728
desi_public_depth_open_benchmark.json	records	20
desi_public_depth_open_benchmark.json	pooled_median_error_pct	0.010049
desi_public_depth_open_benchmark.json	scalar_count	19
desi_public_depth_open_benchmark.json	scalar_median_error_pct	0.010049
desi_public_depth_open_benchmark.json	max_scalar_error_pct	0.3685028152534126
desi_public_depth_open_benchmark.json	effective_scalar_median_error_pct	0.010051395007345065
desi_public_depth_open_benchmark.json	max_effective_scalar_error_pct	0.3685028152534126
desi_public_depth_open_benchmark.json	worst_effective_scalar_error_pct	0.3685028152534126
desi_public_depth_open_benchmark.json	rounding_ghost_scalar_count	0
desi_public_depth_open_benchmark.json	catalog_crosswalk_scalar_count	0
desi_public_depth_open_benchmark.json	strict_scalar_pass	True
desi_public_depth_open_benchmark.json	effective_scalar_pass	True
desi_public_depth_open_benchmark.json	max_gate_scalar_error_pct	0.3685028152534126
desi_public_depth_open_benchmark.json	tier_scalar_median_error_pct	0.010051395007345065
desi_public_depth_open_benchmark.json	tier_scalar_pass	True
desi_public_depth_open_benchmark.json	tier_scalar_max_pass	False
desi_public_depth_open_benchmark.json	scalar_median_pass	True
desi_public_depth_open_benchmark.json	classifier_count	0
desi_public_depth_open_benchmark.json	classifier_correct	0
desi_public_depth_open_benchmark.json	classifier_accuracy_pct	None
desi_public_depth_open_benchmark.json	classifier_pass	True
desi_public_depth_open_benchmark.json	official_pooled_median_error_pct	0.010049
desi_public_depth_open_benchmark.json	green_gate_pass	True
desi_public_depth_open_benchmark.json	max_scalar_name	quantum_w0_bao
desi_public_depth_open_benchmark.json	max_scalar_property	quantum_w0_bao
desi_public_depth_open_benchmark.json	max_gate_scalar_name	quantum_w0_bao
desi_public_depth_open_benchmark.json	worst_effective_scalar_name	quantum_w0_bao
desi_public_depth_open_benchmark.json	lb_records	10
desi_public_depth_open_benchmark.json	lb_unrouted	0
desi_public_depth_open_benchmark.json	lb_computed_match	0
desi_public_depth_open_benchmark.json	lb_scalar_match	0
desi_public_depth_open_benchmark.json	lb_error_match	0
desi_public_depth_open_benchmark.json	lb_max_rel_dev	0.00030587581441926325
desi_wa_constraint_benchmark.json	records	27
desi_wa_constraint_benchmark.json	pooled_median_error_pct	0.0
desi_wa_constraint_benchmark.json	scalar_count	27
desi_wa_constraint_benchmark.json	scalar_median_error_pct	0.0
desi_wa_constraint_benchmark.json	max_scalar_error_pct	0.15
desi_wa_constraint_benchmark.json	effective_scalar_median_error_pct	0.0
desi_wa_constraint_benchmark.json	max_effective_scalar_error_pct	0.15
desi_wa_constraint_benchmark.json	worst_effective_scalar_error_pct	0.15
desi_wa_constraint_benchmark.json	rounding_ghost_scalar_count	0
desi_wa_constraint_benchmark.json	catalog_crosswalk_scalar_count	0
desi_wa_constraint_benchmark.json	strict_scalar_pass	True
desi_wa_constraint_benchmark.json	effective_scalar_pass	True
desi_wa_constraint_benchmark.json	max_gate_scalar_error_pct	0.15
desi_wa_constraint_benchmark.json	tier_scalar_median_error_pct	0.0
desi_wa_constraint_benchmark.json	tier_scalar_pass	True
desi_wa_constraint_benchmark.json	tier_scalar_max_pass	False
desi_wa_constraint_benchmark.json	scalar_median_pass	True
desi_wa_constraint_benchmark.json	classifier_count	0
desi_wa_constraint_benchmark.json	classifier_correct	0
desi_wa_constraint_benchmark.json	classifier_accuracy_pct	None
desi_wa_constraint_benchmark.json	classifier_pass	True
desi_wa_constraint_benchmark.json	official_pooled_median_error_pct	0.0
desi_wa_constraint_benchmark.json	green_gate_pass	True
desi_wa_constraint_benchmark.json	max_scalar_name	w0_FSOT_BAO_vs_DES_Y3
desi_wa_constraint_benchmark.json	max_scalar_property	dark_energy_eos_w0_desy3
desi_wa_constraint_benchmark.json	max_gate_scalar_name	w0_FSOT_BAO_vs_DES_Y3
desi_wa_constraint_benchmark.json	worst_effective_scalar_name	w0_FSOT_BAO_vs_DES_Y3
desktop_application_wiring_spine_benchmark.json	records	81
desktop_application_wiring_spine_benchmark.json	pooled_median_error_pct	0.0
desktop_application_wiring_spine_benchmark.json	scalar_count	21
desktop_application_wiring_spine_benchmark.json	scalar_median_error_pct	0.0
desktop_application_wiring_spine_benchmark.json	max_scalar_error_pct	0.0
desktop_application_wiring_spine_benchmark.json	effective_scalar_median_error_pct	0.0
desktop_application_wiring_spine_benchmark.json	max_effective_scalar_error_pct	0.0
desktop_application_wiring_spine_benchmark.json	worst_effective_scalar_error_pct	0.0
desktop_application_wiring_spine_benchmark.json	rounding_ghost_scalar_count	0
desktop_application_wiring_spine_benchmark.json	catalog_crosswalk_scalar_count	0
desktop_application_wiring_spine_benchmark.json	strict_scalar_pass	True
desktop_application_wiring_spine_benchmark.json	effective_scalar_pass	True
desktop_application_wiring_spine_benchmark.json	max_gate_scalar_error_pct	0.0
desktop_application_wiring_spine_benchmark.json	tier_scalar_median_error_pct	0.0
desktop_application_wiring_spine_benchmark.json	tier_scalar_pass	True
desktop_application_wiring_spine_benchmark.json	tier_scalar_max_pass	True
desktop_application_wiring_spine_benchmark.json	scalar_median_pass	True
desktop_application_wiring_spine_benchmark.json	classifier_count	0
desktop_application_wiring_spine_benchmark.json	classifier_correct	0
desktop_application_wiring_spine_benchmark.json	classifier_accuracy_pct	None
desktop_application_wiring_spine_benchmark.json	classifier_pass	True
desktop_application_wiring_spine_benchmark.json	official_pooled_median_error_pct	0.0
desktop_application_wiring_spine_benchmark.json	green_gate_pass	True
desktop_application_wiring_spine_benchmark.json	max_scalar_name	None
desktop_application_wiring_spine_benchmark.json	max_scalar_property	None
desktop_application_wiring_spine_benchmark.json	max_gate_scalar_name	None
desktop_application_wiring_spine_benchmark.json	worst_effective_scalar_name	None
desktop_observer_loop_panel_benchmark.json	records	24
desktop_observer_loop_panel_benchmark.json	pooled_median_error_pct	0.0010245
desktop_observer_loop_panel_benchmark.json	scalar_count	24
desktop_observer_loop_panel_benchmark.json	scalar_median_error_pct	0.0010245
desktop_observer_loop_panel_benchmark.json	max_scalar_error_pct	0.00205
desktop_observer_loop_panel_benchmark.json	effective_scalar_median_error_pct	0.0010247995544976274
desktop_observer_loop_panel_benchmark.json	max_effective_scalar_error_pct	0.0020495991089952547
desktop_observer_loop_panel_benchmark.json	worst_effective_scalar_error_pct	0.0020495991089952547
desktop_observer_loop_panel_benchmark.json	rounding_ghost_scalar_count	0
desktop_observer_loop_panel_benchmark.json	catalog_crosswalk_scalar_count	0
desktop_observer_loop_panel_benchmark.json	strict_scalar_pass	True
desktop_observer_loop_panel_benchmark.json	effective_scalar_pass	True
desktop_observer_loop_panel_benchmark.json	max_gate_scalar_error_pct	0.00205
desktop_observer_loop_panel_benchmark.json	tier_scalar_median_error_pct	0.0010247995544976274
desktop_observer_loop_panel_benchmark.json	tier_scalar_pass	True
desktop_observer_loop_panel_benchmark.json	tier_scalar_max_pass	True
desktop_observer_loop_panel_benchmark.json	scalar_median_pass	True
desktop_observer_loop_panel_benchmark.json	classifier_count	0
desktop_observer_loop_panel_benchmark.json	classifier_correct	0
desktop_observer_loop_panel_benchmark.json	classifier_accuracy_pct	None
desktop_observer_loop_panel_benchmark.json	classifier_pass	True
desktop_observer_loop_panel_benchmark.json	official_pooled_median_error_pct	0.0010245
desktop_observer_loop_panel_benchmark.json	green_gate_pass	True
desktop_observer_loop_panel_benchmark.json	max_scalar_name	sample_23
desktop_observer_loop_panel_benchmark.json	max_scalar_property	observer_coupling_ratio
desktop_observer_loop_panel_benchmark.json	max_gate_scalar_name	sample_23
desktop_observer_loop_panel_benchmark.json	worst_effective_scalar_name	sample_23
distant_island_emergence_simulation_benchmark.json	records	26
distant_island_emergence_simulation_benchmark.json	pooled_median_error_pct	0.0
distant_island_emergence_simulation_benchmark.json	scalar_count	21
distant_island_emergence_simulation_benchmark.json	scalar_median_error_pct	0.0
distant_island_emergence_simulation_benchmark.json	max_scalar_error_pct	0.0
distant_island_emergence_simulation_benchmark.json	effective_scalar_median_error_pct	0.0
distant_island_emergence_simulation_benchmark.json	max_effective_scalar_error_pct	0.0
distant_island_emergence_simulation_benchmark.json	worst_effective_scalar_error_pct	9.506206340794699e-09
distant_island_emergence_simulation_benchmark.json	rounding_ghost_scalar_count	0
distant_island_emergence_simulation_benchmark.json	catalog_crosswalk_scalar_count	0
distant_island_emergence_simulation_benchmark.json	strict_scalar_pass	True
distant_island_emergence_simulation_benchmark.json	effective_scalar_pass	True
distant_island_emergence_simulation_benchmark.json	max_gate_scalar_error_pct	0.0
distant_island_emergence_simulation_benchmark.json	tier_scalar_median_error_pct	0.0
distant_island_emergence_simulation_benchmark.json	tier_scalar_pass	True
distant_island_emergence_simulation_benchmark.json	tier_scalar_max_pass	True
distant_island_emergence_simulation_benchmark.json	scalar_median_pass	True
distant_island_emergence_simulation_benchmark.json	classifier_count	5
distant_island_emergence_simulation_benchmark.json	classifier_correct	5
distant_island_emergence_simulation_benchmark.json	classifier_accuracy_pct	100.0
distant_island_emergence_simulation_benchmark.json	classifier_pass	True
distant_island_emergence_simulation_benchmark.json	official_pooled_median_error_pct	0.0
distant_island_emergence_simulation_benchmark.json	green_gate_pass	True
distant_island_emergence_simulation_benchmark.json	max_scalar_name	None
distant_island_emergence_simulation_benchmark.json	max_scalar_property	None
distant_island_emergence_simulation_benchmark.json	max_gate_scalar_name	None
distant_island_emergence_simulation_benchmark.json	worst_effective_scalar_name	Z130_N184
distant_island_z128_z132_deep_panel_benchmark.json	records	24
distant_island_z128_z132_deep_panel_benchmark.json	pooled_median_error_pct	0.0
distant_island_z128_z132_deep_panel_benchmark.json	scalar_count	19
distant_island_z128_z132_deep_panel_benchmark.json	scalar_median_error_pct	0.0
distant_island_z128_z132_deep_panel_benchmark.json	max_scalar_error_pct	9.5e-05
distant_island_z128_z132_deep_panel_benchmark.json	effective_scalar_median_error_pct	0.0
distant_island_z128_z132_deep_panel_benchmark.json	max_effective_scalar_error_pct	9.222661396693368e-05
distant_island_z128_z132_deep_panel_benchmark.json	worst_effective_scalar_error_pct	9.222661396693368e-05
distant_island_z128_z132_deep_panel_benchmark.json	rounding_ghost_scalar_count	0
distant_island_z128_z132_deep_panel_benchmark.json	catalog_crosswalk_scalar_count	0
distant_island_z128_z132_deep_panel_benchmark.json	strict_scalar_pass	True
distant_island_z128_z132_deep_panel_benchmark.json	effective_scalar_pass	True
distant_island_z128_z132_deep_panel_benchmark.json	max_gate_scalar_error_pct	9.5e-05
distant_island_z128_z132_deep_panel_benchmark.json	tier_scalar_median_error_pct	0.0
distant_island_z128_z132_deep_panel_benchmark.json	tier_scalar_pass	True
distant_island_z128_z132_deep_panel_benchmark.json	tier_scalar_max_pass	True
distant_island_z128_z132_deep_panel_benchmark.json	scalar_median_pass	True
distant_island_z128_z132_deep_panel_benchmark.json	classifier_count	4
distant_island_z128_z132_deep_panel_benchmark.json	classifier_correct	4
distant_island_z128_z132_deep_panel_benchmark.json	classifier_accuracy_pct	100.0
distant_island_z128_z132_deep_panel_benchmark.json	classifier_pass	True
distant_island_z128_z132_deep_panel_benchmark.json	official_pooled_median_error_pct	0.0
distant_island_z128_z132_deep_panel_benchmark.json	green_gate_pass	True
distant_island_z128_z132_deep_panel_benchmark.json	max_scalar_name	Z128_N184
distant_island_z128_z132_deep_panel_benchmark.json	max_scalar_property	binding_energy_per_nucleon_mev
distant_island_z128_z132_deep_panel_benchmark.json	max_gate_scalar_name	Z128_N184
distant_island_z128_z132_deep_panel_benchmark.json	worst_effective_scalar_name	Z128_N184
domain_coupling_simulation_benchmark.json	records	18617
domain_coupling_simulation_benchmark.json	pooled_median_error_pct	0.0
domain_coupling_simulation_benchmark.json	scalar_count	18601
domain_coupling_simulation_benchmark.json	scalar_median_error_pct	0.0
domain_coupling_simulation_benchmark.json	max_scalar_error_pct	0.032418
domain_coupling_simulation_benchmark.json	effective_scalar_median_error_pct	0.0
domain_coupling_simulation_benchmark.json	max_effective_scalar_error_pct	0.032399999999999096
domain_coupling_simulation_benchmark.json	worst_effective_scalar_error_pct	0.032399999999999096
domain_coupling_simulation_benchmark.json	rounding_ghost_scalar_count	0
domain_coupling_simulation_benchmark.json	catalog_crosswalk_scalar_count	0
domain_coupling_simulation_benchmark.json	strict_scalar_pass	True
domain_coupling_simulation_benchmark.json	effective_scalar_pass	True
domain_coupling_simulation_benchmark.json	max_gate_scalar_error_pct	0.032418
domain_coupling_simulation_benchmark.json	tier_scalar_median_error_pct	0.0
domain_coupling_simulation_benchmark.json	tier_scalar_pass	True
domain_coupling_simulation_benchmark.json	tier_scalar_max_pass	True
domain_coupling_simulation_benchmark.json	scalar_median_pass	True
domain_coupling_simulation_benchmark.json	classifier_count	0
domain_coupling_simulation_benchmark.json	classifier_correct	0
domain_coupling_simulation_benchmark.json	classifier_accuracy_pct	None
domain_coupling_simulation_benchmark.json	classifier_pass	True
domain_coupling_simulation_benchmark.json	official_pooled_median_error_pct	0.0
domain_coupling_simulation_benchmark.json	green_gate_pass	True
domain_coupling_simulation_benchmark.json	max_scalar_name	Time_Emergence_Simulation__Reality_Folding_Spine
domain_coupling_simulation_benchmark.json	max_scalar_property	fpc_timing_coupling
domain_coupling_simulation_benchmark.json	max_gate_scalar_name	Time_Emergence_Simulation__Reality_Folding_Spine
domain_coupling_simulation_benchmark.json	worst_effective_scalar_name	Time_Emergence_Simulation__Reality_Folding_Spine
domain_coupling_simulation_refresh_panel_benchmark.json	records	22
domain_coupling_simulation_refresh_panel_benchmark.json	pooled_median_error_pct	0.0
domain_coupling_simulation_refresh_panel_benchmark.json	scalar_count	16
domain_coupling_simulation_refresh_panel_benchmark.json	scalar_median_error_pct	0.0
domain_coupling_simulation_refresh_panel_benchmark.json	max_scalar_error_pct	0.085305
domain_coupling_simulation_refresh_panel_benchmark.json	effective_scalar_median_error_pct	0.0
domain_coupling_simulation_refresh_panel_benchmark.json	max_effective_scalar_error_pct	0.085305
domain_coupling_simulation_refresh_panel_benchmark.json	worst_effective_scalar_error_pct	0.0
domain_coupling_simulation_refresh_panel_benchmark.json	rounding_ghost_scalar_count	0
domain_coupling_simulation_refresh_panel_benchmark.json	catalog_crosswalk_scalar_count	0
domain_coupling_simulation_refresh_panel_benchmark.json	strict_scalar_pass	True
domain_coupling_simulation_refresh_panel_benchmark.json	effective_scalar_pass	True
domain_coupling_simulation_refresh_panel_benchmark.json	max_gate_scalar_error_pct	0.085305
domain_coupling_simulation_refresh_panel_benchmark.json	tier_scalar_median_error_pct	0.0
domain_coupling_simulation_refresh_panel_benchmark.json	tier_scalar_pass	True
domain_coupling_simulation_refresh_panel_benchmark.json	tier_scalar_max_pass	False
domain_coupling_simulation_refresh_panel_benchmark.json	scalar_median_pass	True
domain_coupling_simulation_refresh_panel_benchmark.json	classifier_count	0
domain_coupling_simulation_refresh_panel_benchmark.json	classifier_correct	0
domain_coupling_simulation_refresh_panel_benchmark.json	classifier_accuracy_pct	None
domain_coupling_simulation_refresh_panel_benchmark.json	classifier_pass	True
domain_coupling_simulation_refresh_panel_benchmark.json	official_pooled_median_error_pct	0.0
domain_coupling_simulation_refresh_panel_benchmark.json	green_gate_pass	True
domain_coupling_simulation_refresh_panel_benchmark.json	max_scalar_name	Acoustics
domain_coupling_simulation_refresh_panel_benchmark.json	max_scalar_property	node_median_error_pct
domain_coupling_simulation_refresh_panel_benchmark.json	max_gate_scalar_name	Acoustics
domain_coupling_simulation_refresh_panel_benchmark.json	worst_effective_scalar_name	None
domain_orbital_predictions_benchmark.json	records	12
domain_orbital_predictions_benchmark.json	pooled_median_error_pct	0.0
domain_orbital_predictions_benchmark.json	scalar_count	0
domain_orbital_predictions_benchmark.json	scalar_median_error_pct	None
domain_orbital_predictions_benchmark.json	max_scalar_error_pct	None
domain_orbital_predictions_benchmark.json	effective_scalar_median_error_pct	None
domain_orbital_predictions_benchmark.json	max_effective_scalar_error_pct	None
domain_orbital_predictions_benchmark.json	worst_effective_scalar_error_pct	None
domain_orbital_predictions_benchmark.json	rounding_ghost_scalar_count	0
domain_orbital_predictions_benchmark.json	catalog_crosswalk_scalar_count	0
domain_orbital_predictions_benchmark.json	strict_scalar_pass	True
domain_orbital_predictions_benchmark.json	effective_scalar_pass	True
domain_orbital_predictions_benchmark.json	max_gate_scalar_error_pct	None
domain_orbital_predictions_benchmark.json	tier_scalar_median_error_pct	None
domain_orbital_predictions_benchmark.json	tier_scalar_pass	True
domain_orbital_predictions_benchmark.json	tier_scalar_max_pass	True
domain_orbital_predictions_benchmark.json	scalar_median_pass	True
domain_orbital_predictions_benchmark.json	classifier_count	0
domain_orbital_predictions_benchmark.json	classifier_correct	0
domain_orbital_predictions_benchmark.json	classifier_accuracy_pct	None
domain_orbital_predictions_benchmark.json	classifier_pass	True
domain_orbital_predictions_benchmark.json	official_pooled_median_error_pct	None
domain_orbital_predictions_benchmark.json	green_gate_pass	True
domain_orbital_predictions_benchmark.json	max_scalar_name	None
domain_orbital_predictions_benchmark.json	max_scalar_property	None
domain_orbital_predictions_benchmark.json	max_gate_scalar_name	None
domain_orbital_predictions_benchmark.json	worst_effective_scalar_name	None
dzhanibekov_intermediate_axis_fsot_panel_benchmark.json	records	32
dzhanibekov_intermediate_axis_fsot_panel_benchmark.json	pooled_median_error_pct	0.0
dzhanibekov_intermediate_axis_fsot_panel_benchmark.json	scalar_count	29
dzhanibekov_intermediate_axis_fsot_panel_benchmark.json	scalar_median_error_pct	0.0
dzhanibekov_intermediate_axis_fsot_panel_benchmark.json	max_scalar_error_pct	0.023015
dzhanibekov_intermediate_axis_fsot_panel_benchmark.json	effective_scalar_median_error_pct	0.0
dzhanibekov_intermediate_axis_fsot_panel_benchmark.json	max_effective_scalar_error_pct	0.023014583333328766
dzhanibekov_intermediate_axis_fsot_panel_benchmark.json	worst_effective_scalar_error_pct	0.023014583333328766
dzhanibekov_intermediate_axis_fsot_panel_benchmark.json	rounding_ghost_scalar_count	0
dzhanibekov_intermediate_axis_fsot_panel_benchmark.json	catalog_crosswalk_scalar_count	0
dzhanibekov_intermediate_axis_fsot_panel_benchmark.json	strict_scalar_pass	True
dzhanibekov_intermediate_axis_fsot_panel_benchmark.json	effective_scalar_pass	True
dzhanibekov_intermediate_axis_fsot_panel_benchmark.json	max_gate_scalar_error_pct	0.023015
dzhanibekov_intermediate_axis_fsot_panel_benchmark.json	tier_scalar_median_error_pct	0.0
dzhanibekov_intermediate_axis_fsot_panel_benchmark.json	tier_scalar_pass	True
dzhanibekov_intermediate_axis_fsot_panel_benchmark.json	tier_scalar_max_pass	True
dzhanibekov_intermediate_axis_fsot_panel_benchmark.json	scalar_median_pass	True
dzhanibekov_intermediate_axis_fsot_panel_benchmark.json	classifier_count	0
dzhanibekov_intermediate_axis_fsot_panel_benchmark.json	classifier_correct	0
dzhanibekov_intermediate_axis_fsot_panel_benchmark.json	classifier_accuracy_pct	None
dzhanibekov_intermediate_axis_fsot_panel_benchmark.json	classifier_pass	True
dzhanibekov_intermediate_axis_fsot_panel_benchmark.json	official_pooled_median_error_pct	0.0
dzhanibekov_intermediate_axis_fsot_panel_benchmark.json	green_gate_pass	True
dzhanibekov_intermediate_axis_fsot_panel_benchmark.json	max_scalar_name	outer_belt_dropoff
dzhanibekov_intermediate_axis_fsot_panel_benchmark.json	max_scalar_property	kuiper_cliff_au_literature_class
dzhanibekov_intermediate_axis_fsot_panel_benchmark.json	max_gate_scalar_name	outer_belt_dropoff
dzhanibekov_intermediate_axis_fsot_panel_benchmark.json	worst_effective_scalar_name	outer_belt_dropoff
dzhanibekov_intermediate_axis_fsot_panel_benchmark.json	lb_records	1
dzhanibekov_intermediate_axis_fsot_panel_benchmark.json	lb_unrouted	0
dzhanibekov_intermediate_axis_fsot_panel_benchmark.json	lb_computed_match	0
dzhanibekov_intermediate_axis_fsot_panel_benchmark.json	lb_scalar_match	0
dzhanibekov_intermediate_axis_fsot_panel_benchmark.json	lb_error_match	0
dzhanibekov_intermediate_axis_fsot_panel_benchmark.json	lb_max_rel_dev	0.000499406308345439
early_lean_mc_panel_benchmark.json	records	21
early_lean_mc_panel_benchmark.json	pooled_median_error_pct	2.1766e-05
early_lean_mc_panel_benchmark.json	scalar_count	19
early_lean_mc_panel_benchmark.json	scalar_median_error_pct	2.1766e-05
early_lean_mc_panel_benchmark.json	max_scalar_error_pct	0.238944484
early_lean_mc_panel_benchmark.json	effective_scalar_median_error_pct	0.0
early_lean_mc_panel_benchmark.json	max_effective_scalar_error_pct	0.23894448437833055
early_lean_mc_panel_benchmark.json	worst_effective_scalar_error_pct	0.23894448437833055
early_lean_mc_panel_benchmark.json	rounding_ghost_scalar_count	0
early_lean_mc_panel_benchmark.json	catalog_crosswalk_scalar_count	0
early_lean_mc_panel_benchmark.json	strict_scalar_pass	True
early_lean_mc_panel_benchmark.json	effective_scalar_pass	True
early_lean_mc_panel_benchmark.json	max_gate_scalar_error_pct	0.238944484
early_lean_mc_panel_benchmark.json	tier_scalar_median_error_pct	0.0
early_lean_mc_panel_benchmark.json	tier_scalar_pass	True
early_lean_mc_panel_benchmark.json	tier_scalar_max_pass	False
early_lean_mc_panel_benchmark.json	scalar_median_pass	True
early_lean_mc_panel_benchmark.json	classifier_count	0
early_lean_mc_panel_benchmark.json	classifier_correct	0
early_lean_mc_panel_benchmark.json	classifier_accuracy_pct	None
early_lean_mc_panel_benchmark.json	classifier_pass	True
early_lean_mc_panel_benchmark.json	official_pooled_median_error_pct	2.1766e-05
early_lean_mc_panel_benchmark.json	green_gate_pass	True
early_lean_mc_panel_benchmark.json	max_scalar_name	e519765ed2390456
early_lean_mc_panel_benchmark.json	max_scalar_property	acetazolamide_CAII
early_lean_mc_panel_benchmark.json	max_gate_scalar_name	e519765ed2390456
early_lean_mc_panel_benchmark.json	worst_effective_scalar_name	e519765ed2390456
early_lean_mc_panel_benchmark.json	lb_records	10
early_lean_mc_panel_benchmark.json	lb_unrouted	0
early_lean_mc_panel_benchmark.json	lb_computed_match	0
early_lean_mc_panel_benchmark.json	lb_scalar_match	0
early_lean_mc_panel_benchmark.json	lb_error_match	0
early_lean_mc_panel_benchmark.json	lb_max_rel_dev	0.0003806502101018712
ecology_benchmark.json	records	24
ecology_benchmark.json	pooled_median_error_pct	0.0
ecology_benchmark.json	scalar_count	23
ecology_benchmark.json	scalar_median_error_pct	0.0
ecology_benchmark.json	max_scalar_error_pct	0.000561846
ecology_benchmark.json	effective_scalar_median_error_pct	0.0
ecology_benchmark.json	max_effective_scalar_error_pct	0.0005618458987473253
ecology_benchmark.json	worst_effective_scalar_error_pct	0.0005618458987473253
ecology_benchmark.json	rounding_ghost_scalar_count	0
ecology_benchmark.json	catalog_crosswalk_scalar_count	0
ecology_benchmark.json	strict_scalar_pass	True
ecology_benchmark.json	effective_scalar_pass	True
ecology_benchmark.json	max_gate_scalar_error_pct	0.000561846
ecology_benchmark.json	tier_scalar_median_error_pct	0.0
ecology_benchmark.json	tier_scalar_pass	True
ecology_benchmark.json	tier_scalar_max_pass	True
ecology_benchmark.json	scalar_median_pass	True
ecology_benchmark.json	classifier_count	0
ecology_benchmark.json	classifier_correct	0
ecology_benchmark.json	classifier_accuracy_pct	None
ecology_benchmark.json	classifier_pass	True
ecology_benchmark.json	official_pooled_median_error_pct	0.0
ecology_benchmark.json	green_gate_pass	True
ecology_benchmark.json	max_scalar_name	de190b5a1618a827
ecology_benchmark.json	max_scalar_property	Fe
ecology_benchmark.json	max_gate_scalar_name	de190b5a1618a827
ecology_benchmark.json	worst_effective_scalar_name	de190b5a1618a827
ecology_gap_fill_benchmark.json	records	627
ecology_gap_fill_benchmark.json	pooled_median_error_pct	0.017789000308164125
ecology_gap_fill_benchmark.json	scalar_count	0
ecology_gap_fill_benchmark.json	scalar_median_error_pct	None
ecology_gap_fill_benchmark.json	max_scalar_error_pct	None
ecology_gap_fill_benchmark.json	effective_scalar_median_error_pct	None
ecology_gap_fill_benchmark.json	max_effective_scalar_error_pct	None
ecology_gap_fill_benchmark.json	worst_effective_scalar_error_pct	None
ecology_gap_fill_benchmark.json	rounding_ghost_scalar_count	0
ecology_gap_fill_benchmark.json	catalog_crosswalk_scalar_count	0
ecology_gap_fill_benchmark.json	strict_scalar_pass	True
ecology_gap_fill_benchmark.json	effective_scalar_pass	True
ecology_gap_fill_benchmark.json	max_gate_scalar_error_pct	None
ecology_gap_fill_benchmark.json	tier_scalar_median_error_pct	None
ecology_gap_fill_benchmark.json	tier_scalar_pass	True
ecology_gap_fill_benchmark.json	tier_scalar_max_pass	True
ecology_gap_fill_benchmark.json	scalar_median_pass	True
ecology_gap_fill_benchmark.json	classifier_count	0
ecology_gap_fill_benchmark.json	classifier_correct	0
ecology_gap_fill_benchmark.json	classifier_accuracy_pct	None
ecology_gap_fill_benchmark.json	classifier_pass	True
ecology_gap_fill_benchmark.json	official_pooled_median_error_pct	None
ecology_gap_fill_benchmark.json	green_gate_pass	True
ecology_gap_fill_benchmark.json	max_scalar_name	None
ecology_gap_fill_benchmark.json	max_scalar_property	None
ecology_gap_fill_benchmark.json	max_gate_scalar_name	None
ecology_gap_fill_benchmark.json	worst_effective_scalar_name	None
econometrics_gap_fill_benchmark.json	records	172
econometrics_gap_fill_benchmark.json	pooled_median_error_pct	0.12920090413715177
econometrics_gap_fill_benchmark.json	scalar_count	0
econometrics_gap_fill_benchmark.json	scalar_median_error_pct	None
econometrics_gap_fill_benchmark.json	max_scalar_error_pct	None
econometrics_gap_fill_benchmark.json	effective_scalar_median_error_pct	None
econometrics_gap_fill_benchmark.json	max_effective_scalar_error_pct	None
econometrics_gap_fill_benchmark.json	worst_effective_scalar_error_pct	None
econometrics_gap_fill_benchmark.json	rounding_ghost_scalar_count	0
econometrics_gap_fill_benchmark.json	catalog_crosswalk_scalar_count	0
econometrics_gap_fill_benchmark.json	strict_scalar_pass	True
econometrics_gap_fill_benchmark.json	effective_scalar_pass	True
econometrics_gap_fill_benchmark.json	max_gate_scalar_error_pct	None
econometrics_gap_fill_benchmark.json	tier_scalar_median_error_pct	None
econometrics_gap_fill_benchmark.json	tier_scalar_pass	True
econometrics_gap_fill_benchmark.json	tier_scalar_max_pass	True
econometrics_gap_fill_benchmark.json	scalar_median_pass	True
econometrics_gap_fill_benchmark.json	classifier_count	0
econometrics_gap_fill_benchmark.json	classifier_correct	0
econometrics_gap_fill_benchmark.json	classifier_accuracy_pct	None
econometrics_gap_fill_benchmark.json	classifier_pass	True
econometrics_gap_fill_benchmark.json	official_pooled_median_error_pct	None
econometrics_gap_fill_benchmark.json	green_gate_pass	True
econometrics_gap_fill_benchmark.json	max_scalar_name	None
econometrics_gap_fill_benchmark.json	max_scalar_property	None
econometrics_gap_fill_benchmark.json	max_gate_scalar_name	None
econometrics_gap_fill_benchmark.json	worst_effective_scalar_name	None
economics_gap_fill_benchmark.json	records	157
economics_gap_fill_benchmark.json	pooled_median_error_pct	0.1292009041371501
economics_gap_fill_benchmark.json	scalar_count	0
economics_gap_fill_benchmark.json	scalar_median_error_pct	None
economics_gap_fill_benchmark.json	max_scalar_error_pct	None
economics_gap_fill_benchmark.json	effective_scalar_median_error_pct	None
economics_gap_fill_benchmark.json	max_effective_scalar_error_pct	None
economics_gap_fill_benchmark.json	worst_effective_scalar_error_pct	None
economics_gap_fill_benchmark.json	rounding_ghost_scalar_count	0
economics_gap_fill_benchmark.json	catalog_crosswalk_scalar_count	0
economics_gap_fill_benchmark.json	strict_scalar_pass	True
economics_gap_fill_benchmark.json	effective_scalar_pass	True
economics_gap_fill_benchmark.json	max_gate_scalar_error_pct	None
economics_gap_fill_benchmark.json	tier_scalar_median_error_pct	None
economics_gap_fill_benchmark.json	tier_scalar_pass	True
economics_gap_fill_benchmark.json	tier_scalar_max_pass	True
economics_gap_fill_benchmark.json	scalar_median_pass	True
economics_gap_fill_benchmark.json	classifier_count	0
economics_gap_fill_benchmark.json	classifier_correct	0
economics_gap_fill_benchmark.json	classifier_accuracy_pct	None
economics_gap_fill_benchmark.json	classifier_pass	True
economics_gap_fill_benchmark.json	official_pooled_median_error_pct	None
economics_gap_fill_benchmark.json	green_gate_pass	True
economics_gap_fill_benchmark.json	max_scalar_name	None
economics_gap_fill_benchmark.json	max_scalar_property	None
economics_gap_fill_benchmark.json	max_gate_scalar_name	None
economics_gap_fill_benchmark.json	worst_effective_scalar_name	None
econophysics_benchmark.json	records	24
econophysics_benchmark.json	pooled_median_error_pct	0.0
econophysics_benchmark.json	scalar_count	23
econophysics_benchmark.json	scalar_median_error_pct	0.0
econophysics_benchmark.json	max_scalar_error_pct	0.000561846
econophysics_benchmark.json	effective_scalar_median_error_pct	0.0
econophysics_benchmark.json	max_effective_scalar_error_pct	0.0005618458987473253
econophysics_benchmark.json	worst_effective_scalar_error_pct	0.0005618458987473253
econophysics_benchmark.json	rounding_ghost_scalar_count	0
econophysics_benchmark.json	catalog_crosswalk_scalar_count	0
econophysics_benchmark.json	strict_scalar_pass	True
econophysics_benchmark.json	effective_scalar_pass	True
econophysics_benchmark.json	max_gate_scalar_error_pct	0.000561846
econophysics_benchmark.json	tier_scalar_median_error_pct	0.0
econophysics_benchmark.json	tier_scalar_pass	True
econophysics_benchmark.json	tier_scalar_max_pass	True
econophysics_benchmark.json	scalar_median_pass	True
econophysics_benchmark.json	classifier_count	0
econophysics_benchmark.json	classifier_correct	0
econophysics_benchmark.json	classifier_accuracy_pct	None
econophysics_benchmark.json	classifier_pass	True
econophysics_benchmark.json	official_pooled_median_error_pct	0.0
econophysics_benchmark.json	green_gate_pass	True
econophysics_benchmark.json	max_scalar_name	de190b5a1618a827
econophysics_benchmark.json	max_scalar_property	Fe
econophysics_benchmark.json	max_gate_scalar_name	de190b5a1618a827
econophysics_benchmark.json	worst_effective_scalar_name	de190b5a1618a827
electrical_power_systems_benchmark.json	records	23
electrical_power_systems_benchmark.json	pooled_median_error_pct	0.000561846
electrical_power_systems_benchmark.json	scalar_count	23
electrical_power_systems_benchmark.json	scalar_median_error_pct	0.000561846
electrical_power_systems_benchmark.json	max_scalar_error_pct	0.322515247
electrical_power_systems_benchmark.json	effective_scalar_median_error_pct	0.0005618458987473253
electrical_power_systems_benchmark.json	max_effective_scalar_error_pct	0.32251524652639874
electrical_power_systems_benchmark.json	worst_effective_scalar_error_pct	0.32251524652639874
electrical_power_systems_benchmark.json	rounding_ghost_scalar_count	0
electrical_power_systems_benchmark.json	catalog_crosswalk_scalar_count	0
electrical_power_systems_benchmark.json	strict_scalar_pass	True
electrical_power_systems_benchmark.json	effective_scalar_pass	True
electrical_power_systems_benchmark.json	max_gate_scalar_error_pct	0.322515247
electrical_power_systems_benchmark.json	tier_scalar_median_error_pct	0.0005618458987473253
electrical_power_systems_benchmark.json	tier_scalar_pass	True
electrical_power_systems_benchmark.json	tier_scalar_max_pass	False
electrical_power_systems_benchmark.json	scalar_median_pass	True
electrical_power_systems_benchmark.json	classifier_count	0
electrical_power_systems_benchmark.json	classifier_correct	0
electrical_power_systems_benchmark.json	classifier_accuracy_pct	None
electrical_power_systems_benchmark.json	classifier_pass	True
electrical_power_systems_benchmark.json	official_pooled_median_error_pct	0.000561846
electrical_power_systems_benchmark.json	green_gate_pass	True
electrical_power_systems_benchmark.json	max_scalar_name	7b2ceb17815ebbbe
electrical_power_systems_benchmark.json	max_scalar_property	electron
electrical_power_systems_benchmark.json	max_gate_scalar_name	7b2ceb17815ebbbe
electrical_power_systems_benchmark.json	worst_effective_scalar_name	7b2ceb17815ebbbe
element_synthesis_condition_scaffold_benchmark.json	records	45
element_synthesis_condition_scaffold_benchmark.json	pooled_median_error_pct	0.000787
element_synthesis_condition_scaffold_benchmark.json	scalar_count	27
element_synthesis_condition_scaffold_benchmark.json	scalar_median_error_pct	0.000787
element_synthesis_condition_scaffold_benchmark.json	max_scalar_error_pct	0.00095
element_synthesis_condition_scaffold_benchmark.json	effective_scalar_median_error_pct	0.0007871934192139583
element_synthesis_condition_scaffold_benchmark.json	max_effective_scalar_error_pct	0.0009514285714219892
element_synthesis_condition_scaffold_benchmark.json	worst_effective_scalar_error_pct	0.0009516129032298917
element_synthesis_condition_scaffold_benchmark.json	rounding_ghost_scalar_count	0
element_synthesis_condition_scaffold_benchmark.json	catalog_crosswalk_scalar_count	0
element_synthesis_condition_scaffold_benchmark.json	strict_scalar_pass	True
element_synthesis_condition_scaffold_benchmark.json	effective_scalar_pass	True
element_synthesis_condition_scaffold_benchmark.json	max_gate_scalar_error_pct	0.00095
element_synthesis_condition_scaffold_benchmark.json	tier_scalar_median_error_pct	0.0007871934192139583
element_synthesis_condition_scaffold_benchmark.json	tier_scalar_pass	True
element_synthesis_condition_scaffold_benchmark.json	tier_scalar_max_pass	True
element_synthesis_condition_scaffold_benchmark.json	scalar_median_pass	True
element_synthesis_condition_scaffold_benchmark.json	classifier_count	13
element_synthesis_condition_scaffold_benchmark.json	classifier_correct	13
element_synthesis_condition_scaffold_benchmark.json	classifier_accuracy_pct	100.0
element_synthesis_condition_scaffold_benchmark.json	classifier_pass	True
element_synthesis_condition_scaffold_benchmark.json	official_pooled_median_error_pct	0.000787
element_synthesis_condition_scaffold_benchmark.json	green_gate_pass	True
element_synthesis_condition_scaffold_benchmark.json	max_scalar_name	Og_2006
element_synthesis_condition_scaffold_benchmark.json	max_scalar_property	beam_energy_margin_mev_u
element_synthesis_condition_scaffold_benchmark.json	max_gate_scalar_name	Og_2006
element_synthesis_condition_scaffold_benchmark.json	worst_effective_scalar_name	Ts_2010
emergent_domains_benchmark.json	records	29
emergent_domains_benchmark.json	pooled_median_error_pct	None
emergent_domains_benchmark.json	scalar_count	0
emergent_domains_benchmark.json	scalar_median_error_pct	None
emergent_domains_benchmark.json	max_scalar_error_pct	None
emergent_domains_benchmark.json	effective_scalar_median_error_pct	None
emergent_domains_benchmark.json	max_effective_scalar_error_pct	None
emergent_domains_benchmark.json	worst_effective_scalar_error_pct	None
emergent_domains_benchmark.json	rounding_ghost_scalar_count	0
emergent_domains_benchmark.json	catalog_crosswalk_scalar_count	0
emergent_domains_benchmark.json	strict_scalar_pass	True
emergent_domains_benchmark.json	effective_scalar_pass	True
emergent_domains_benchmark.json	max_gate_scalar_error_pct	None
emergent_domains_benchmark.json	tier_scalar_median_error_pct	None
emergent_domains_benchmark.json	tier_scalar_pass	True
emergent_domains_benchmark.json	tier_scalar_max_pass	True
emergent_domains_benchmark.json	scalar_median_pass	True
emergent_domains_benchmark.json	classifier_count	0
emergent_domains_benchmark.json	classifier_correct	0
emergent_domains_benchmark.json	classifier_accuracy_pct	None
emergent_domains_benchmark.json	classifier_pass	True
emergent_domains_benchmark.json	official_pooled_median_error_pct	None
emergent_domains_benchmark.json	green_gate_pass	True
emergent_domains_benchmark.json	max_scalar_name	None
emergent_domains_benchmark.json	max_scalar_property	None
emergent_domains_benchmark.json	max_gate_scalar_name	None
emergent_domains_benchmark.json	worst_effective_scalar_name	None
endf_iaea_nuclear_open_benchmark.json	records	517
endf_iaea_nuclear_open_benchmark.json	pooled_median_error_pct	0.046065
endf_iaea_nuclear_open_benchmark.json	scalar_count	517
endf_iaea_nuclear_open_benchmark.json	scalar_median_error_pct	0.046065
endf_iaea_nuclear_open_benchmark.json	max_scalar_error_pct	0.046065
endf_iaea_nuclear_open_benchmark.json	effective_scalar_median_error_pct	0.04606547273700551
endf_iaea_nuclear_open_benchmark.json	max_effective_scalar_error_pct	0.04606547253834243
endf_iaea_nuclear_open_benchmark.json	worst_effective_scalar_error_pct	0.046073828592471215
endf_iaea_nuclear_open_benchmark.json	rounding_ghost_scalar_count	0
endf_iaea_nuclear_open_benchmark.json	catalog_crosswalk_scalar_count	0
endf_iaea_nuclear_open_benchmark.json	strict_scalar_pass	True
endf_iaea_nuclear_open_benchmark.json	effective_scalar_pass	True
endf_iaea_nuclear_open_benchmark.json	max_gate_scalar_error_pct	0.046065
endf_iaea_nuclear_open_benchmark.json	tier_scalar_median_error_pct	0.04606547273700551
endf_iaea_nuclear_open_benchmark.json	tier_scalar_pass	True
endf_iaea_nuclear_open_benchmark.json	tier_scalar_max_pass	True
endf_iaea_nuclear_open_benchmark.json	scalar_median_pass	True
endf_iaea_nuclear_open_benchmark.json	classifier_count	0
endf_iaea_nuclear_open_benchmark.json	classifier_correct	0
endf_iaea_nuclear_open_benchmark.json	classifier_accuracy_pct	None
endf_iaea_nuclear_open_benchmark.json	classifier_pass	True
endf_iaea_nuclear_open_benchmark.json	official_pooled_median_error_pct	0.046065
endf_iaea_nuclear_open_benchmark.json	green_gate_pass	True
endf_iaea_nuclear_open_benchmark.json	max_scalar_name	He4_L1
endf_iaea_nuclear_open_benchmark.json	max_scalar_property	level_energy_keV
endf_iaea_nuclear_open_benchmark.json	max_gate_scalar_name	He4_L1
endf_iaea_nuclear_open_benchmark.json	worst_effective_scalar_name	Tc99_G1
endf_iaea_nuclear_open_benchmark.json	lb_records	517
endf_iaea_nuclear_open_benchmark.json	lb_unrouted	0
endf_iaea_nuclear_open_benchmark.json	lb_computed_match	0
endf_iaea_nuclear_open_benchmark.json	lb_scalar_match	0
endf_iaea_nuclear_open_benchmark.json	lb_error_match	0
endf_iaea_nuclear_open_benchmark.json	lb_max_rel_dev	0.00030240079938987675
energy_ai_orbital_bridge_benchmark.json	records	48
energy_ai_orbital_bridge_benchmark.json	pooled_median_error_pct	0.027544107556407217
energy_ai_orbital_bridge_benchmark.json	scalar_count	48
energy_ai_orbital_bridge_benchmark.json	scalar_median_error_pct	0.02754410755640712
energy_ai_orbital_bridge_benchmark.json	max_scalar_error_pct	0.027544107556418167
energy_ai_orbital_bridge_benchmark.json	effective_scalar_median_error_pct	0.02774848770740919
energy_ai_orbital_bridge_benchmark.json	max_effective_scalar_error_pct	0.02684483684305334
energy_ai_orbital_bridge_benchmark.json	worst_effective_scalar_error_pct	0.09680542110357365
energy_ai_orbital_bridge_benchmark.json	rounding_ghost_scalar_count	0
energy_ai_orbital_bridge_benchmark.json	catalog_crosswalk_scalar_count	0
energy_ai_orbital_bridge_benchmark.json	strict_scalar_pass	True
energy_ai_orbital_bridge_benchmark.json	effective_scalar_pass	True
energy_ai_orbital_bridge_benchmark.json	max_gate_scalar_error_pct	0.027544107556418167
energy_ai_orbital_bridge_benchmark.json	tier_scalar_median_error_pct	0.02774848770740919
energy_ai_orbital_bridge_benchmark.json	tier_scalar_pass	True
energy_ai_orbital_bridge_benchmark.json	tier_scalar_max_pass	True
energy_ai_orbital_bridge_benchmark.json	scalar_median_pass	True
energy_ai_orbital_bridge_benchmark.json	classifier_count	0
energy_ai_orbital_bridge_benchmark.json	classifier_correct	0
energy_ai_orbital_bridge_benchmark.json	classifier_accuracy_pct	None
energy_ai_orbital_bridge_benchmark.json	classifier_pass	True
energy_ai_orbital_bridge_benchmark.json	official_pooled_median_error_pct	0.02754410755640712
energy_ai_orbital_bridge_benchmark.json	green_gate_pass	True
energy_ai_orbital_bridge_benchmark.json	max_scalar_name	Civil_Engineering__Adversarial_Fractal_Break_Tests
energy_ai_orbital_bridge_benchmark.json	max_scalar_property	orbital_bridge_coupling
energy_ai_orbital_bridge_benchmark.json	max_gate_scalar_name	Civil_Engineering__Adversarial_Fractal_Break_Tests
energy_ai_orbital_bridge_benchmark.json	worst_effective_scalar_name	Chemical_Engineering__Adversarial_Fractal_Break_Tests
energy_lean_route_credibility_benchmark.json	records	40
energy_lean_route_credibility_benchmark.json	pooled_median_error_pct	0.039349
energy_lean_route_credibility_benchmark.json	scalar_count	40
energy_lean_route_credibility_benchmark.json	scalar_median_error_pct	0.039349
energy_lean_route_credibility_benchmark.json	max_scalar_error_pct	0.039349
energy_lean_route_credibility_benchmark.json	effective_scalar_median_error_pct	0.03934869195581124
energy_lean_route_credibility_benchmark.json	max_effective_scalar_error_pct	0.03934872569677694
energy_lean_route_credibility_benchmark.json	worst_effective_scalar_error_pct	0.03999999999999837
energy_lean_route_credibility_benchmark.json	rounding_ghost_scalar_count	0
energy_lean_route_credibility_benchmark.json	catalog_crosswalk_scalar_count	0
energy_lean_route_credibility_benchmark.json	strict_scalar_pass	True
energy_lean_route_credibility_benchmark.json	effective_scalar_pass	True
energy_lean_route_credibility_benchmark.json	max_gate_scalar_error_pct	0.039349
energy_lean_route_credibility_benchmark.json	tier_scalar_median_error_pct	0.03934869195581124
energy_lean_route_credibility_benchmark.json	tier_scalar_pass	True
energy_lean_route_credibility_benchmark.json	tier_scalar_max_pass	True
energy_lean_route_credibility_benchmark.json	scalar_median_pass	True
energy_lean_route_credibility_benchmark.json	classifier_count	0
energy_lean_route_credibility_benchmark.json	classifier_correct	0
energy_lean_route_credibility_benchmark.json	classifier_accuracy_pct	None
energy_lean_route_credibility_benchmark.json	classifier_pass	True
energy_lean_route_credibility_benchmark.json	official_pooled_median_error_pct	0.039349
energy_lean_route_credibility_benchmark.json	green_gate_pass	True
energy_lean_route_credibility_benchmark.json	max_scalar_name	fsot_hemp_waste_grounded
energy_lean_route_credibility_benchmark.json	max_scalar_property	lhv_kj_per_kg
energy_lean_route_credibility_benchmark.json	max_gate_scalar_name	fsot_hemp_waste_grounded
energy_lean_route_credibility_benchmark.json	worst_effective_scalar_name	fsot_green_hydrogen
energy_lean_route_credibility_benchmark.json	lb_records	40
energy_lean_route_credibility_benchmark.json	lb_unrouted	0
energy_lean_route_credibility_benchmark.json	lb_computed_match	0
energy_lean_route_credibility_benchmark.json	lb_scalar_match	0
energy_lean_route_credibility_benchmark.json	lb_error_match	0
energy_lean_route_credibility_benchmark.json	lb_max_rel_dev	0.00036453871049520404
energy_neural_orbital_bridge_benchmark.json	records	48
energy_neural_orbital_bridge_benchmark.json	pooled_median_error_pct	0.018002668701796887
energy_neural_orbital_bridge_benchmark.json	scalar_count	48
energy_neural_orbital_bridge_benchmark.json	scalar_median_error_pct	0.018002668701796783
energy_neural_orbital_bridge_benchmark.json	max_scalar_error_pct	0.018002668701808056
energy_neural_orbital_bridge_benchmark.json	effective_scalar_median_error_pct	0.018478441913466218
energy_neural_orbital_bridge_benchmark.json	max_effective_scalar_error_pct	0.09680542110357365
energy_neural_orbital_bridge_benchmark.json	worst_effective_scalar_error_pct	0.09680542110357365
energy_neural_orbital_bridge_benchmark.json	rounding_ghost_scalar_count	0
energy_neural_orbital_bridge_benchmark.json	catalog_crosswalk_scalar_count	0
energy_neural_orbital_bridge_benchmark.json	strict_scalar_pass	True
energy_neural_orbital_bridge_benchmark.json	effective_scalar_pass	True
energy_neural_orbital_bridge_benchmark.json	max_gate_scalar_error_pct	0.018002668701808056
energy_neural_orbital_bridge_benchmark.json	tier_scalar_median_error_pct	0.018478441913466218
energy_neural_orbital_bridge_benchmark.json	tier_scalar_pass	True
energy_neural_orbital_bridge_benchmark.json	tier_scalar_max_pass	True
energy_neural_orbital_bridge_benchmark.json	scalar_median_pass	True
energy_neural_orbital_bridge_benchmark.json	classifier_count	0
energy_neural_orbital_bridge_benchmark.json	classifier_correct	0
energy_neural_orbital_bridge_benchmark.json	classifier_accuracy_pct	None
energy_neural_orbital_bridge_benchmark.json	classifier_pass	True
energy_neural_orbital_bridge_benchmark.json	official_pooled_median_error_pct	0.018002668701796783
energy_neural_orbital_bridge_benchmark.json	green_gate_pass	True
energy_neural_orbital_bridge_benchmark.json	max_scalar_name	Chemical_Engineering__Arxiv_Primitives_V14
energy_neural_orbital_bridge_benchmark.json	max_scalar_property	orbital_bridge_coupling
energy_neural_orbital_bridge_benchmark.json	max_gate_scalar_name	Chemical_Engineering__Arxiv_Primitives_V14
energy_neural_orbital_bridge_benchmark.json	worst_effective_scalar_name	Chemical_Engineering__Arxiv_Primitives_V14
engineering_hardware_code_spine_benchmark.json	records	93
engineering_hardware_code_spine_benchmark.json	pooled_median_error_pct	0.0
engineering_hardware_code_spine_benchmark.json	scalar_count	86
engineering_hardware_code_spine_benchmark.json	scalar_median_error_pct	0.0
engineering_hardware_code_spine_benchmark.json	max_scalar_error_pct	0.039349
engineering_hardware_code_spine_benchmark.json	effective_scalar_median_error_pct	0.0
engineering_hardware_code_spine_benchmark.json	max_effective_scalar_error_pct	0.03935000000000244
engineering_hardware_code_spine_benchmark.json	worst_effective_scalar_error_pct	1546.9436652403735
engineering_hardware_code_spine_benchmark.json	rounding_ghost_scalar_count	0
engineering_hardware_code_spine_benchmark.json	catalog_crosswalk_scalar_count	0
engineering_hardware_code_spine_benchmark.json	strict_scalar_pass	True
engineering_hardware_code_spine_benchmark.json	effective_scalar_pass	True
engineering_hardware_code_spine_benchmark.json	max_gate_scalar_error_pct	0.039349
engineering_hardware_code_spine_benchmark.json	tier_scalar_median_error_pct	0.0
engineering_hardware_code_spine_benchmark.json	tier_scalar_pass	True
engineering_hardware_code_spine_benchmark.json	tier_scalar_max_pass	True
engineering_hardware_code_spine_benchmark.json	scalar_median_pass	True
engineering_hardware_code_spine_benchmark.json	classifier_count	0
engineering_hardware_code_spine_benchmark.json	classifier_correct	0
engineering_hardware_code_spine_benchmark.json	classifier_accuracy_pct	None
engineering_hardware_code_spine_benchmark.json	classifier_pass	True
engineering_hardware_code_spine_benchmark.json	official_pooled_median_error_pct	0.0
engineering_hardware_code_spine_benchmark.json	green_gate_pass	True
engineering_hardware_code_spine_benchmark.json	max_scalar_name	MCU_ESP32_WROOM32
engineering_hardware_code_spine_benchmark.json	max_scalar_property	deep_sleep_ua
engineering_hardware_code_spine_benchmark.json	max_gate_scalar_name	MCU_ESP32_WROOM32
engineering_hardware_code_spine_benchmark.json	worst_effective_scalar_name	bus_coherence
entomology_extension_benchmark.json	records	430
entomology_extension_benchmark.json	pooled_median_error_pct	0.022236250385189223
entomology_extension_benchmark.json	scalar_count	430
entomology_extension_benchmark.json	scalar_median_error_pct	0.020012625346676673
entomology_extension_benchmark.json	max_scalar_error_pct	0.02223625038520915
entomology_extension_benchmark.json	effective_scalar_median_error_pct	0.02002162678617972
entomology_extension_benchmark.json	max_effective_scalar_error_pct	0.022233991906356863
entomology_extension_benchmark.json	worst_effective_scalar_error_pct	0.022240034086130924
entomology_extension_benchmark.json	rounding_ghost_scalar_count	0
entomology_extension_benchmark.json	catalog_crosswalk_scalar_count	0
entomology_extension_benchmark.json	strict_scalar_pass	True
entomology_extension_benchmark.json	effective_scalar_pass	True
entomology_extension_benchmark.json	max_gate_scalar_error_pct	0.02223625038520915
entomology_extension_benchmark.json	tier_scalar_median_error_pct	0.02002162678617972
entomology_extension_benchmark.json	tier_scalar_pass	True
entomology_extension_benchmark.json	tier_scalar_max_pass	True
entomology_extension_benchmark.json	scalar_median_pass	True
entomology_extension_benchmark.json	classifier_count	0
entomology_extension_benchmark.json	classifier_correct	0
entomology_extension_benchmark.json	classifier_accuracy_pct	None
entomology_extension_benchmark.json	classifier_pass	True
entomology_extension_benchmark.json	official_pooled_median_error_pct	0.020012625346676673
entomology_extension_benchmark.json	green_gate_pass	True
entomology_extension_benchmark.json	max_scalar_name	Eurema brigitta
entomology_extension_benchmark.json	max_scalar_property	decimalLatitude
entomology_extension_benchmark.json	max_gate_scalar_name	Eurema brigitta
entomology_extension_benchmark.json	worst_effective_scalar_name	Mecistogaster ornata
entomology_panel_benchmark.json	records	90
entomology_panel_benchmark.json	pooled_median_error_pct	0.006006
entomology_panel_benchmark.json	scalar_count	60
entomology_panel_benchmark.json	scalar_median_error_pct	0.006006
entomology_panel_benchmark.json	max_scalar_error_pct	0.006006
entomology_panel_benchmark.json	effective_scalar_median_error_pct	0.0060064636277397925
entomology_panel_benchmark.json	max_effective_scalar_error_pct	0.0060064636277397925
entomology_panel_benchmark.json	worst_effective_scalar_error_pct	0.006439742410297261
entomology_panel_benchmark.json	rounding_ghost_scalar_count	0
entomology_panel_benchmark.json	catalog_crosswalk_scalar_count	0
entomology_panel_benchmark.json	strict_scalar_pass	True
entomology_panel_benchmark.json	effective_scalar_pass	True
entomology_panel_benchmark.json	max_gate_scalar_error_pct	0.006006
entomology_panel_benchmark.json	tier_scalar_median_error_pct	0.0060064636277397925
entomology_panel_benchmark.json	tier_scalar_pass	True
entomology_panel_benchmark.json	tier_scalar_max_pass	True
entomology_panel_benchmark.json	scalar_median_pass	True
entomology_panel_benchmark.json	classifier_count	0
entomology_panel_benchmark.json	classifier_correct	0
entomology_panel_benchmark.json	classifier_accuracy_pct	None
entomology_panel_benchmark.json	classifier_pass	True
entomology_panel_benchmark.json	official_pooled_median_error_pct	0.006006
entomology_panel_benchmark.json	green_gate_pass	True
entomology_panel_benchmark.json	max_scalar_name	Theria primaria
entomology_panel_benchmark.json	max_scalar_property	decimalLatitude
entomology_panel_benchmark.json	max_gate_scalar_name	Theria primaria
entomology_panel_benchmark.json	worst_effective_scalar_name	Phigalia pilosaria
entomology_panel_benchmark.json	lb_records	90
entomology_panel_benchmark.json	lb_unrouted	0
entomology_panel_benchmark.json	lb_computed_match	0
entomology_panel_benchmark.json	lb_scalar_match	0
entomology_panel_benchmark.json	lb_error_match	0
entomology_panel_benchmark.json	lb_max_rel_dev	0.00043919256673126313
environmental_engineering_extension_benchmark.json	records	1117
environmental_engineering_extension_benchmark.json	pooled_median_error_pct	0.009009512446467327
environmental_engineering_extension_benchmark.json	scalar_count	160
environmental_engineering_extension_benchmark.json	scalar_median_error_pct	0.009009512446467327
environmental_engineering_extension_benchmark.json	max_scalar_error_pct	0.009009512446477413
environmental_engineering_extension_benchmark.json	effective_scalar_median_error_pct	0.009009512446469796
environmental_engineering_extension_benchmark.json	max_effective_scalar_error_pct	0.009009511047795312
environmental_engineering_extension_benchmark.json	worst_effective_scalar_error_pct	0.009009532919932508
environmental_engineering_extension_benchmark.json	rounding_ghost_scalar_count	0
environmental_engineering_extension_benchmark.json	catalog_crosswalk_scalar_count	0
environmental_engineering_extension_benchmark.json	strict_scalar_pass	True
environmental_engineering_extension_benchmark.json	effective_scalar_pass	True
environmental_engineering_extension_benchmark.json	max_gate_scalar_error_pct	0.009009512446477413
environmental_engineering_extension_benchmark.json	tier_scalar_median_error_pct	0.009009512446469796
environmental_engineering_extension_benchmark.json	tier_scalar_pass	True
environmental_engineering_extension_benchmark.json	tier_scalar_max_pass	True
environmental_engineering_extension_benchmark.json	scalar_median_pass	True
environmental_engineering_extension_benchmark.json	classifier_count	957
environmental_engineering_extension_benchmark.json	classifier_correct	957
environmental_engineering_extension_benchmark.json	classifier_accuracy_pct	100.0
environmental_engineering_extension_benchmark.json	classifier_pass	True
environmental_engineering_extension_benchmark.json	official_pooled_median_error_pct	0.009009512446467327
environmental_engineering_extension_benchmark.json	green_gate_pass	True
environmental_engineering_extension_benchmark.json	max_scalar_name	JP_2023
environmental_engineering_extension_benchmark.json	max_scalar_property	GDP_per_capita
environmental_engineering_extension_benchmark.json	max_gate_scalar_name	JP_2023
environmental_engineering_extension_benchmark.json	worst_effective_scalar_name	IN_2020
epidemiology_extension_benchmark.json	records	20
epidemiology_extension_benchmark.json	pooled_median_error_pct	0.03062212293865052
epidemiology_extension_benchmark.json	scalar_count	20
epidemiology_extension_benchmark.json	scalar_median_error_pct	0.03062212293865052
epidemiology_extension_benchmark.json	max_scalar_error_pct	0.0306221229386594
epidemiology_extension_benchmark.json	effective_scalar_median_error_pct	0.03061909090909057
epidemiology_extension_benchmark.json	max_effective_scalar_error_pct	0.030640000000001773
epidemiology_extension_benchmark.json	worst_effective_scalar_error_pct	0.030640000000001773
epidemiology_extension_benchmark.json	rounding_ghost_scalar_count	0
epidemiology_extension_benchmark.json	catalog_crosswalk_scalar_count	0
epidemiology_extension_benchmark.json	strict_scalar_pass	True
epidemiology_extension_benchmark.json	effective_scalar_pass	True
epidemiology_extension_benchmark.json	max_gate_scalar_error_pct	0.0306221229386594
epidemiology_extension_benchmark.json	tier_scalar_median_error_pct	0.03061909090909057
epidemiology_extension_benchmark.json	tier_scalar_pass	True
epidemiology_extension_benchmark.json	tier_scalar_max_pass	True
epidemiology_extension_benchmark.json	scalar_median_pass	True
epidemiology_extension_benchmark.json	classifier_count	0
epidemiology_extension_benchmark.json	classifier_correct	0
epidemiology_extension_benchmark.json	classifier_accuracy_pct	None
epidemiology_extension_benchmark.json	classifier_pass	True
epidemiology_extension_benchmark.json	official_pooled_median_error_pct	0.03062212293865052
epidemiology_extension_benchmark.json	green_gate_pass	True
epidemiology_extension_benchmark.json	max_scalar_name	covid19_r0_wildtype
epidemiology_extension_benchmark.json	max_scalar_property	basic_reproduction_R0
epidemiology_extension_benchmark.json	max_gate_scalar_name	covid19_r0_wildtype
epidemiology_extension_benchmark.json	worst_effective_scalar_name	covid19_r0_wildtype
epidemiology_panel_benchmark.json	records	24
epidemiology_panel_benchmark.json	pooled_median_error_pct	0.015311
epidemiology_panel_benchmark.json	scalar_count	24
epidemiology_panel_benchmark.json	scalar_median_error_pct	0.015311
epidemiology_panel_benchmark.json	max_scalar_error_pct	0.015311
epidemiology_panel_benchmark.json	effective_scalar_median_error_pct	0.01531040924498158
epidemiology_panel_benchmark.json	max_effective_scalar_error_pct	0.015310117653781982
epidemiology_panel_benchmark.json	worst_effective_scalar_error_pct	0.015312046122425515
epidemiology_panel_benchmark.json	rounding_ghost_scalar_count	0
epidemiology_panel_benchmark.json	catalog_crosswalk_scalar_count	0
epidemiology_panel_benchmark.json	strict_scalar_pass	True
epidemiology_panel_benchmark.json	effective_scalar_pass	True
epidemiology_panel_benchmark.json	max_gate_scalar_error_pct	0.015311
epidemiology_panel_benchmark.json	tier_scalar_median_error_pct	0.01531040924498158
epidemiology_panel_benchmark.json	tier_scalar_pass	True
epidemiology_panel_benchmark.json	tier_scalar_max_pass	True
epidemiology_panel_benchmark.json	scalar_median_pass	True
epidemiology_panel_benchmark.json	classifier_count	0
epidemiology_panel_benchmark.json	classifier_correct	0
epidemiology_panel_benchmark.json	classifier_accuracy_pct	None
epidemiology_panel_benchmark.json	classifier_pass	True
epidemiology_panel_benchmark.json	official_pooled_median_error_pct	0.015311
epidemiology_panel_benchmark.json	green_gate_pass	True
epidemiology_panel_benchmark.json	max_scalar_name	ZH_SH.DYN.NMRT
epidemiology_panel_benchmark.json	max_scalar_property	neonatal_mortality_per_1000
epidemiology_panel_benchmark.json	max_gate_scalar_name	ZH_SH.DYN.NMRT
epidemiology_panel_benchmark.json	worst_effective_scalar_name	ZH_SH.DYN.NMRT
epidemiology_panel_benchmark.json	lb_records	15
epidemiology_panel_benchmark.json	lb_unrouted	0
epidemiology_panel_benchmark.json	lb_computed_match	0
epidemiology_panel_benchmark.json	lb_scalar_match	0
epidemiology_panel_benchmark.json	lb_error_match	0
epidemiology_panel_benchmark.json	lb_max_rel_dev	0.0006110311737202253
esp32_platform_engineering_panel_benchmark.json	records	34
esp32_platform_engineering_panel_benchmark.json	pooled_median_error_pct	0.020755
esp32_platform_engineering_panel_benchmark.json	scalar_count	34
esp32_platform_engineering_panel_benchmark.json	scalar_median_error_pct	0.020755
esp32_platform_engineering_panel_benchmark.json	max_scalar_error_pct	0.039349
esp32_platform_engineering_panel_benchmark.json	effective_scalar_median_error_pct	0.020752241379308044
esp32_platform_engineering_panel_benchmark.json	max_effective_scalar_error_pct	0.03935000000000244
esp32_platform_engineering_panel_benchmark.json	worst_effective_scalar_error_pct	0.03935000000000244
esp32_platform_engineering_panel_benchmark.json	rounding_ghost_scalar_count	0
esp32_platform_engineering_panel_benchmark.json	catalog_crosswalk_scalar_count	0
esp32_platform_engineering_panel_benchmark.json	strict_scalar_pass	True
esp32_platform_engineering_panel_benchmark.json	effective_scalar_pass	True
esp32_platform_engineering_panel_benchmark.json	max_gate_scalar_error_pct	0.039349
esp32_platform_engineering_panel_benchmark.json	tier_scalar_median_error_pct	0.020752241379308044
esp32_platform_engineering_panel_benchmark.json	tier_scalar_pass	True
esp32_platform_engineering_panel_benchmark.json	tier_scalar_max_pass	True
esp32_platform_engineering_panel_benchmark.json	scalar_median_pass	True
esp32_platform_engineering_panel_benchmark.json	classifier_count	0
esp32_platform_engineering_panel_benchmark.json	classifier_correct	0
esp32_platform_engineering_panel_benchmark.json	classifier_accuracy_pct	None
esp32_platform_engineering_panel_benchmark.json	classifier_pass	True
esp32_platform_engineering_panel_benchmark.json	official_pooled_median_error_pct	0.020755
esp32_platform_engineering_panel_benchmark.json	green_gate_pass	True
esp32_platform_engineering_panel_benchmark.json	max_scalar_name	MCU_ESP32_WROOM32
esp32_platform_engineering_panel_benchmark.json	max_scalar_property	deep_sleep_ua
esp32_platform_engineering_panel_benchmark.json	max_gate_scalar_name	MCU_ESP32_WROOM32
esp32_platform_engineering_panel_benchmark.json	worst_effective_scalar_name	MCU_ESP32_WROOM32
esp32_platform_engineering_panel_benchmark.json	lb_records	34
esp32_platform_engineering_panel_benchmark.json	lb_unrouted	0
esp32_platform_engineering_panel_benchmark.json	lb_computed_match	3
esp32_platform_engineering_panel_benchmark.json	lb_scalar_match	0
esp32_platform_engineering_panel_benchmark.json	lb_error_match	1
esp32_platform_engineering_panel_benchmark.json	lb_max_rel_dev	0.0005650179406823112
ethology_panel_benchmark.json	records	100
ethology_panel_benchmark.json	pooled_median_error_pct	0.006607
ethology_panel_benchmark.json	scalar_count	100
ethology_panel_benchmark.json	scalar_median_error_pct	0.006607
ethology_panel_benchmark.json	max_scalar_error_pct	0.022236
ethology_panel_benchmark.json	effective_scalar_median_error_pct	0.0
ethology_panel_benchmark.json	max_effective_scalar_error_pct	0.022236
ethology_panel_benchmark.json	worst_effective_scalar_error_pct	0.022236926314425275
ethology_panel_benchmark.json	rounding_ghost_scalar_count	0
ethology_panel_benchmark.json	catalog_crosswalk_scalar_count	0
ethology_panel_benchmark.json	strict_scalar_pass	True
ethology_panel_benchmark.json	effective_scalar_pass	True
ethology_panel_benchmark.json	max_gate_scalar_error_pct	0.022236
ethology_panel_benchmark.json	tier_scalar_median_error_pct	0.0
ethology_panel_benchmark.json	tier_scalar_pass	True
ethology_panel_benchmark.json	tier_scalar_max_pass	True
ethology_panel_benchmark.json	scalar_median_pass	True
ethology_panel_benchmark.json	classifier_count	0
ethology_panel_benchmark.json	classifier_correct	0
ethology_panel_benchmark.json	classifier_accuracy_pct	None
ethology_panel_benchmark.json	classifier_pass	True
ethology_panel_benchmark.json	official_pooled_median_error_pct	0.006607
ethology_panel_benchmark.json	green_gate_pass	True
ethology_panel_benchmark.json	max_scalar_name	Tephrodornis pondicerianus
ethology_panel_benchmark.json	max_scalar_property	migration_km
ethology_panel_benchmark.json	max_gate_scalar_name	Tephrodornis pondicerianus
ethology_panel_benchmark.json	worst_effective_scalar_name	Tephrodornis pondicerianus
ethology_panel_benchmark.json	lb_records	100
ethology_panel_benchmark.json	lb_unrouted	0
ethology_panel_benchmark.json	lb_computed_match	0
ethology_panel_benchmark.json	lb_scalar_match	0
ethology_panel_benchmark.json	lb_error_match	0
ethology_panel_benchmark.json	lb_max_rel_dev	0.0004391925695824222
evolution_operon_benchmark.json	records	20
evolution_operon_benchmark.json	pooled_median_error_pct	0.0
evolution_operon_benchmark.json	scalar_count	20
evolution_operon_benchmark.json	scalar_median_error_pct	0.0
evolution_operon_benchmark.json	max_scalar_error_pct	0.19157088122605362
evolution_operon_benchmark.json	effective_scalar_median_error_pct	0.0
evolution_operon_benchmark.json	max_effective_scalar_error_pct	0.19157088122605362
evolution_operon_benchmark.json	worst_effective_scalar_error_pct	0.19157088122605362
evolution_operon_benchmark.json	rounding_ghost_scalar_count	0
evolution_operon_benchmark.json	catalog_crosswalk_scalar_count	0
evolution_operon_benchmark.json	strict_scalar_pass	True
evolution_operon_benchmark.json	effective_scalar_pass	True
evolution_operon_benchmark.json	max_gate_scalar_error_pct	0.19157088122605362
evolution_operon_benchmark.json	tier_scalar_median_error_pct	0.0
evolution_operon_benchmark.json	tier_scalar_pass	True
evolution_operon_benchmark.json	tier_scalar_max_pass	False
evolution_operon_benchmark.json	scalar_median_pass	True
evolution_operon_benchmark.json	classifier_count	0
evolution_operon_benchmark.json	classifier_correct	0
evolution_operon_benchmark.json	classifier_accuracy_pct	None
evolution_operon_benchmark.json	classifier_pass	True
evolution_operon_benchmark.json	official_pooled_median_error_pct	0.0
evolution_operon_benchmark.json	green_gate_pass	True
evolution_operon_benchmark.json	max_scalar_name	MT-ND2
evolution_operon_benchmark.json	max_scalar_property	mt_operon_length
evolution_operon_benchmark.json	max_gate_scalar_name	MT-ND2
evolution_operon_benchmark.json	worst_effective_scalar_name	MT-ND2
existence_simulation_gap_fill_panel_benchmark.json	records	20
existence_simulation_gap_fill_panel_benchmark.json	pooled_median_error_pct	3.8622500000000005e-05
existence_simulation_gap_fill_panel_benchmark.json	scalar_count	0
existence_simulation_gap_fill_panel_benchmark.json	scalar_median_error_pct	None
existence_simulation_gap_fill_panel_benchmark.json	max_scalar_error_pct	None
existence_simulation_gap_fill_panel_benchmark.json	effective_scalar_median_error_pct	None
existence_simulation_gap_fill_panel_benchmark.json	max_effective_scalar_error_pct	None
existence_simulation_gap_fill_panel_benchmark.json	worst_effective_scalar_error_pct	None
existence_simulation_gap_fill_panel_benchmark.json	rounding_ghost_scalar_count	0
existence_simulation_gap_fill_panel_benchmark.json	catalog_crosswalk_scalar_count	0
existence_simulation_gap_fill_panel_benchmark.json	strict_scalar_pass	True
existence_simulation_gap_fill_panel_benchmark.json	effective_scalar_pass	True
existence_simulation_gap_fill_panel_benchmark.json	max_gate_scalar_error_pct	None
existence_simulation_gap_fill_panel_benchmark.json	tier_scalar_median_error_pct	None
existence_simulation_gap_fill_panel_benchmark.json	tier_scalar_pass	True
existence_simulation_gap_fill_panel_benchmark.json	tier_scalar_max_pass	True
existence_simulation_gap_fill_panel_benchmark.json	scalar_median_pass	True
existence_simulation_gap_fill_panel_benchmark.json	classifier_count	0
existence_simulation_gap_fill_panel_benchmark.json	classifier_correct	0
existence_simulation_gap_fill_panel_benchmark.json	classifier_accuracy_pct	None
existence_simulation_gap_fill_panel_benchmark.json	classifier_pass	True
existence_simulation_gap_fill_panel_benchmark.json	official_pooled_median_error_pct	None
existence_simulation_gap_fill_panel_benchmark.json	green_gate_pass	True
existence_simulation_gap_fill_panel_benchmark.json	max_scalar_name	None
existence_simulation_gap_fill_panel_benchmark.json	max_scalar_property	None
existence_simulation_gap_fill_panel_benchmark.json	max_gate_scalar_name	None
existence_simulation_gap_fill_panel_benchmark.json	worst_effective_scalar_name	None
existence_simulation_refinement_panel_benchmark.json	records	26
existence_simulation_refinement_panel_benchmark.json	pooled_median_error_pct	0.0141195
existence_simulation_refinement_panel_benchmark.json	scalar_count	26
existence_simulation_refinement_panel_benchmark.json	scalar_median_error_pct	0.0141195
existence_simulation_refinement_panel_benchmark.json	max_scalar_error_pct	0.117868
existence_simulation_refinement_panel_benchmark.json	effective_scalar_median_error_pct	0.014119368113139442
existence_simulation_refinement_panel_benchmark.json	max_effective_scalar_error_pct	0.11786822488028448
existence_simulation_refinement_panel_benchmark.json	worst_effective_scalar_error_pct	0.11786822488028448
existence_simulation_refinement_panel_benchmark.json	rounding_ghost_scalar_count	0
existence_simulation_refinement_panel_benchmark.json	catalog_crosswalk_scalar_count	0
existence_simulation_refinement_panel_benchmark.json	strict_scalar_pass	True
existence_simulation_refinement_panel_benchmark.json	effective_scalar_pass	True
existence_simulation_refinement_panel_benchmark.json	max_gate_scalar_error_pct	0.117868
existence_simulation_refinement_panel_benchmark.json	tier_scalar_median_error_pct	0.014119368113139442
existence_simulation_refinement_panel_benchmark.json	tier_scalar_pass	True
existence_simulation_refinement_panel_benchmark.json	tier_scalar_max_pass	False
existence_simulation_refinement_panel_benchmark.json	scalar_median_pass	True
existence_simulation_refinement_panel_benchmark.json	classifier_count	0
existence_simulation_refinement_panel_benchmark.json	classifier_correct	0
existence_simulation_refinement_panel_benchmark.json	classifier_accuracy_pct	None
existence_simulation_refinement_panel_benchmark.json	classifier_pass	True
existence_simulation_refinement_panel_benchmark.json	official_pooled_median_error_pct	0.0141195
existence_simulation_refinement_panel_benchmark.json	green_gate_pass	True
existence_simulation_refinement_panel_benchmark.json	max_scalar_name	S₈
existence_simulation_refinement_panel_benchmark.json	max_scalar_property	sector_refinement
existence_simulation_refinement_panel_benchmark.json	max_gate_scalar_name	S₈
existence_simulation_refinement_panel_benchmark.json	worst_effective_scalar_name	S₈
exogeology_extension_benchmark.json	records	316
exogeology_extension_benchmark.json	pooled_median_error_pct	0.0
exogeology_extension_benchmark.json	scalar_count	316
exogeology_extension_benchmark.json	scalar_median_error_pct	0.0
exogeology_extension_benchmark.json	max_scalar_error_pct	0.0
exogeology_extension_benchmark.json	effective_scalar_median_error_pct	0.0
exogeology_extension_benchmark.json	max_effective_scalar_error_pct	0.0
exogeology_extension_benchmark.json	worst_effective_scalar_error_pct	0.0
exogeology_extension_benchmark.json	rounding_ghost_scalar_count	0
exogeology_extension_benchmark.json	catalog_crosswalk_scalar_count	0
exogeology_extension_benchmark.json	strict_scalar_pass	True
exogeology_extension_benchmark.json	effective_scalar_pass	True
exogeology_extension_benchmark.json	max_gate_scalar_error_pct	0.0
exogeology_extension_benchmark.json	tier_scalar_median_error_pct	0.0
exogeology_extension_benchmark.json	tier_scalar_pass	True
exogeology_extension_benchmark.json	tier_scalar_max_pass	True
exogeology_extension_benchmark.json	scalar_median_pass	True
exogeology_extension_benchmark.json	classifier_count	0
exogeology_extension_benchmark.json	classifier_correct	0
exogeology_extension_benchmark.json	classifier_accuracy_pct	None
exogeology_extension_benchmark.json	classifier_pass	True
exogeology_extension_benchmark.json	official_pooled_median_error_pct	0.0
exogeology_extension_benchmark.json	green_gate_pass	True
exogeology_extension_benchmark.json	max_scalar_name	None
exogeology_extension_benchmark.json	max_scalar_property	None
exogeology_extension_benchmark.json	max_gate_scalar_name	None
exogeology_extension_benchmark.json	worst_effective_scalar_name	None
exogeology_panel_benchmark.json	records	100
exogeology_panel_benchmark.json	pooled_median_error_pct	0.026472
exogeology_panel_benchmark.json	scalar_count	100
exogeology_panel_benchmark.json	scalar_median_error_pct	0.026472
exogeology_panel_benchmark.json	max_scalar_error_pct	0.050246
exogeology_panel_benchmark.json	effective_scalar_median_error_pct	0.02647232142857137
exogeology_panel_benchmark.json	max_effective_scalar_error_pct	0.0502456082879569
exogeology_panel_benchmark.json	worst_effective_scalar_error_pct	0.05024574162109441
exogeology_panel_benchmark.json	rounding_ghost_scalar_count	0
exogeology_panel_benchmark.json	catalog_crosswalk_scalar_count	0
exogeology_panel_benchmark.json	strict_scalar_pass	True
exogeology_panel_benchmark.json	effective_scalar_pass	True
exogeology_panel_benchmark.json	max_gate_scalar_error_pct	0.050246
exogeology_panel_benchmark.json	tier_scalar_median_error_pct	0.02647232142857137
exogeology_panel_benchmark.json	tier_scalar_pass	True
exogeology_panel_benchmark.json	tier_scalar_max_pass	False
exogeology_panel_benchmark.json	scalar_median_pass	True
exogeology_panel_benchmark.json	classifier_count	0
exogeology_panel_benchmark.json	classifier_correct	0
exogeology_panel_benchmark.json	classifier_accuracy_pct	None
exogeology_panel_benchmark.json	classifier_pass	True
exogeology_panel_benchmark.json	official_pooled_median_error_pct	0.026472
exogeology_panel_benchmark.json	green_gate_pass	True
exogeology_panel_benchmark.json	max_scalar_name	Kepler-1597 b
exogeology_panel_benchmark.json	max_scalar_property	sy_dist
exogeology_panel_benchmark.json	max_gate_scalar_name	Kepler-1597 b
exogeology_panel_benchmark.json	worst_effective_scalar_name	Kepler-1665 b
exogeology_panel_benchmark.json	lb_records	100
exogeology_panel_benchmark.json	lb_unrouted	0
exogeology_panel_benchmark.json	lb_computed_match	0
exogeology_panel_benchmark.json	lb_scalar_match	0
exogeology_panel_benchmark.json	lb_error_match	0
exogeology_panel_benchmark.json	lb_max_rel_dev	0.0004996354222777863
exoplanet_archive_depth_open_benchmark.json	records	1976
exoplanet_archive_depth_open_benchmark.json	pooled_median_error_pct	0.023015
exoplanet_archive_depth_open_benchmark.json	scalar_count	1976
exoplanet_archive_depth_open_benchmark.json	scalar_median_error_pct	0.023015
exoplanet_archive_depth_open_benchmark.json	max_scalar_error_pct	0.023015
exoplanet_archive_depth_open_benchmark.json	effective_scalar_median_error_pct	0.023015374042023175
exoplanet_archive_depth_open_benchmark.json	max_effective_scalar_error_pct	0.02301538461539055
exoplanet_archive_depth_open_benchmark.json	worst_effective_scalar_error_pct	0.026785714285710097
exoplanet_archive_depth_open_benchmark.json	rounding_ghost_scalar_count	0
exoplanet_archive_depth_open_benchmark.json	catalog_crosswalk_scalar_count	0
exoplanet_archive_depth_open_benchmark.json	strict_scalar_pass	True
exoplanet_archive_depth_open_benchmark.json	effective_scalar_pass	True
exoplanet_archive_depth_open_benchmark.json	max_gate_scalar_error_pct	0.023015
exoplanet_archive_depth_open_benchmark.json	tier_scalar_median_error_pct	0.023015374042023175
exoplanet_archive_depth_open_benchmark.json	tier_scalar_pass	True
exoplanet_archive_depth_open_benchmark.json	tier_scalar_max_pass	True
exoplanet_archive_depth_open_benchmark.json	scalar_median_pass	True
exoplanet_archive_depth_open_benchmark.json	classifier_count	0
exoplanet_archive_depth_open_benchmark.json	classifier_correct	0
exoplanet_archive_depth_open_benchmark.json	classifier_accuracy_pct	None
exoplanet_archive_depth_open_benchmark.json	classifier_pass	True
exoplanet_archive_depth_open_benchmark.json	official_pooled_median_error_pct	0.023015
exoplanet_archive_depth_open_benchmark.json	green_gate_pass	True
exoplanet_archive_depth_open_benchmark.json	max_scalar_name	XO-2 S d
exoplanet_archive_depth_open_benchmark.json	max_scalar_property	pl_rade
exoplanet_archive_depth_open_benchmark.json	max_gate_scalar_name	XO-2 S d
exoplanet_archive_depth_open_benchmark.json	worst_effective_scalar_name	TOI-206 b
exoplanet_archive_depth_open_benchmark.json	lb_records	1976
exoplanet_archive_depth_open_benchmark.json	lb_unrouted	0
exoplanet_archive_depth_open_benchmark.json	lb_computed_match	0
exoplanet_archive_depth_open_benchmark.json	lb_scalar_match	0
exoplanet_archive_depth_open_benchmark.json	lb_error_match	0
exoplanet_archive_depth_open_benchmark.json	lb_max_rel_dev	0.0005162241887904371
exoplanet_system_architecture_benchmark.json	records	882
exoplanet_system_architecture_benchmark.json	pooled_median_error_pct	0.0
exoplanet_system_architecture_benchmark.json	scalar_count	734
exoplanet_system_architecture_benchmark.json	scalar_median_error_pct	0.0
exoplanet_system_architecture_benchmark.json	max_scalar_error_pct	0.0
exoplanet_system_architecture_benchmark.json	effective_scalar_median_error_pct	0.0
exoplanet_system_architecture_benchmark.json	max_effective_scalar_error_pct	0.0
exoplanet_system_architecture_benchmark.json	worst_effective_scalar_error_pct	0.0
exoplanet_system_architecture_benchmark.json	rounding_ghost_scalar_count	0
exoplanet_system_architecture_benchmark.json	catalog_crosswalk_scalar_count	0
exoplanet_system_architecture_benchmark.json	strict_scalar_pass	True
exoplanet_system_architecture_benchmark.json	effective_scalar_pass	True
exoplanet_system_architecture_benchmark.json	max_gate_scalar_error_pct	0.0
exoplanet_system_architecture_benchmark.json	tier_scalar_median_error_pct	0.0
exoplanet_system_architecture_benchmark.json	tier_scalar_pass	True
exoplanet_system_architecture_benchmark.json	tier_scalar_max_pass	True
exoplanet_system_architecture_benchmark.json	scalar_median_pass	True
exoplanet_system_architecture_benchmark.json	classifier_count	0
exoplanet_system_architecture_benchmark.json	classifier_correct	0
exoplanet_system_architecture_benchmark.json	classifier_accuracy_pct	None
exoplanet_system_architecture_benchmark.json	classifier_pass	True
exoplanet_system_architecture_benchmark.json	official_pooled_median_error_pct	0.0
exoplanet_system_architecture_benchmark.json	green_gate_pass	True
exoplanet_system_architecture_benchmark.json	max_scalar_name	None
exoplanet_system_architecture_benchmark.json	max_scalar_property	None
exoplanet_system_architecture_benchmark.json	max_gate_scalar_name	None
exoplanet_system_architecture_benchmark.json	worst_effective_scalar_name	None
experimental_base_mathematics_panel_benchmark.json	records	36
experimental_base_mathematics_panel_benchmark.json	pooled_median_error_pct	0.009504
experimental_base_mathematics_panel_benchmark.json	scalar_count	36
experimental_base_mathematics_panel_benchmark.json	scalar_median_error_pct	0.009504
experimental_base_mathematics_panel_benchmark.json	max_scalar_error_pct	0.009504
experimental_base_mathematics_panel_benchmark.json	effective_scalar_median_error_pct	0.009503846153845731
experimental_base_mathematics_panel_benchmark.json	max_effective_scalar_error_pct	0.009506666666669142
experimental_base_mathematics_panel_benchmark.json	worst_effective_scalar_error_pct	0.01039987520148994
experimental_base_mathematics_panel_benchmark.json	rounding_ghost_scalar_count	0
experimental_base_mathematics_panel_benchmark.json	catalog_crosswalk_scalar_count	0
experimental_base_mathematics_panel_benchmark.json	strict_scalar_pass	True
experimental_base_mathematics_panel_benchmark.json	effective_scalar_pass	True
experimental_base_mathematics_panel_benchmark.json	max_gate_scalar_error_pct	0.009504
experimental_base_mathematics_panel_benchmark.json	tier_scalar_median_error_pct	0.009503846153845731
experimental_base_mathematics_panel_benchmark.json	tier_scalar_pass	True
experimental_base_mathematics_panel_benchmark.json	tier_scalar_max_pass	True
experimental_base_mathematics_panel_benchmark.json	scalar_median_pass	True
experimental_base_mathematics_panel_benchmark.json	classifier_count	0
experimental_base_mathematics_panel_benchmark.json	classifier_correct	0
experimental_base_mathematics_panel_benchmark.json	classifier_accuracy_pct	None
experimental_base_mathematics_panel_benchmark.json	classifier_pass	True
experimental_base_mathematics_panel_benchmark.json	official_pooled_median_error_pct	0.009504
experimental_base_mathematics_panel_benchmark.json	green_gate_pass	True
experimental_base_mathematics_panel_benchmark.json	max_scalar_name	fsot_native_trinary
experimental_base_mathematics_panel_benchmark.json	max_scalar_property	fsot_trinary_alignment
experimental_base_mathematics_panel_benchmark.json	max_gate_scalar_name	fsot_native_trinary
experimental_base_mathematics_panel_benchmark.json	worst_effective_scalar_name	metatron_cube
experimental_base_mathematics_panel_benchmark.json	lb_records	36
experimental_base_mathematics_panel_benchmark.json	lb_unrouted	0
experimental_base_mathematics_panel_benchmark.json	lb_computed_match	0
experimental_base_mathematics_panel_benchmark.json	lb_scalar_match	0
experimental_base_mathematics_panel_benchmark.json	lb_error_match	0
experimental_base_mathematics_panel_benchmark.json	lb_max_rel_dev	0.0006925207756231924
external_oss_code_genome_benchmark.json	records	161
external_oss_code_genome_benchmark.json	pooled_median_error_pct	0.0
external_oss_code_genome_benchmark.json	scalar_count	137
external_oss_code_genome_benchmark.json	scalar_median_error_pct	0.0
external_oss_code_genome_benchmark.json	max_scalar_error_pct	0.0
external_oss_code_genome_benchmark.json	effective_scalar_median_error_pct	0.0
external_oss_code_genome_benchmark.json	max_effective_scalar_error_pct	0.0
external_oss_code_genome_benchmark.json	worst_effective_scalar_error_pct	0.0
external_oss_code_genome_benchmark.json	rounding_ghost_scalar_count	0
external_oss_code_genome_benchmark.json	catalog_crosswalk_scalar_count	0
external_oss_code_genome_benchmark.json	strict_scalar_pass	True
external_oss_code_genome_benchmark.json	effective_scalar_pass	True
external_oss_code_genome_benchmark.json	max_gate_scalar_error_pct	0.0
external_oss_code_genome_benchmark.json	tier_scalar_median_error_pct	0.0
external_oss_code_genome_benchmark.json	tier_scalar_pass	True
external_oss_code_genome_benchmark.json	tier_scalar_max_pass	True
external_oss_code_genome_benchmark.json	scalar_median_pass	True
external_oss_code_genome_benchmark.json	classifier_count	0
external_oss_code_genome_benchmark.json	classifier_correct	0
external_oss_code_genome_benchmark.json	classifier_accuracy_pct	None
external_oss_code_genome_benchmark.json	classifier_pass	True
external_oss_code_genome_benchmark.json	official_pooled_median_error_pct	0.0
external_oss_code_genome_benchmark.json	green_gate_pass	True
external_oss_code_genome_benchmark.json	max_scalar_name	None
external_oss_code_genome_benchmark.json	max_scalar_property	None
external_oss_code_genome_benchmark.json	max_gate_scalar_name	None
external_oss_code_genome_benchmark.json	worst_effective_scalar_name	None
federal_science_registry_panel_benchmark.json	records	24
federal_science_registry_panel_benchmark.json	pooled_median_error_pct	0.013294
federal_science_registry_panel_benchmark.json	scalar_count	24
federal_science_registry_panel_benchmark.json	scalar_median_error_pct	0.013294
federal_science_registry_panel_benchmark.json	max_scalar_error_pct	0.031506
federal_science_registry_panel_benchmark.json	effective_scalar_median_error_pct	0.01329281373333269
federal_science_registry_panel_benchmark.json	max_effective_scalar_error_pct	0.03150632911392302
federal_science_registry_panel_benchmark.json	worst_effective_scalar_error_pct	0.03150632911392302
federal_science_registry_panel_benchmark.json	rounding_ghost_scalar_count	0
federal_science_registry_panel_benchmark.json	catalog_crosswalk_scalar_count	0
federal_science_registry_panel_benchmark.json	strict_scalar_pass	True
federal_science_registry_panel_benchmark.json	effective_scalar_pass	True
federal_science_registry_panel_benchmark.json	max_gate_scalar_error_pct	0.031506
federal_science_registry_panel_benchmark.json	tier_scalar_median_error_pct	0.01329281373333269
federal_science_registry_panel_benchmark.json	tier_scalar_pass	True
federal_science_registry_panel_benchmark.json	tier_scalar_max_pass	True
federal_science_registry_panel_benchmark.json	scalar_median_pass	True
federal_science_registry_panel_benchmark.json	classifier_count	0
federal_science_registry_panel_benchmark.json	classifier_correct	0
federal_science_registry_panel_benchmark.json	classifier_accuracy_pct	None
federal_science_registry_panel_benchmark.json	classifier_pass	True
federal_science_registry_panel_benchmark.json	official_pooled_median_error_pct	0.013294
federal_science_registry_panel_benchmark.json	green_gate_pass	True
federal_science_registry_panel_benchmark.json	max_scalar_name	aaro_uap
federal_science_registry_panel_benchmark.json	max_scalar_property	structured_corpus_documents
federal_science_registry_panel_benchmark.json	max_gate_scalar_name	aaro_uap
federal_science_registry_panel_benchmark.json	worst_effective_scalar_name	aaro_uap
federal_science_registry_panel_benchmark.json	lb_records	16
federal_science_registry_panel_benchmark.json	lb_unrouted	0
federal_science_registry_panel_benchmark.json	lb_computed_match	0
federal_science_registry_panel_benchmark.json	lb_scalar_match	0
federal_science_registry_panel_benchmark.json	lb_error_match	0
federal_science_registry_panel_benchmark.json	lb_max_rel_dev	0.0006725322429187446
finance_markets_extension_benchmark.json	records	150
finance_markets_extension_benchmark.json	pooled_median_error_pct	0.025840180827433133
finance_markets_extension_benchmark.json	scalar_count	130
finance_markets_extension_benchmark.json	scalar_median_error_pct	0.02584018082743169
finance_markets_extension_benchmark.json	max_scalar_error_pct	0.03230022603429596
finance_markets_extension_benchmark.json	effective_scalar_median_error_pct	0.02584018082743276
finance_markets_extension_benchmark.json	max_effective_scalar_error_pct	0.03230476190476038
finance_markets_extension_benchmark.json	worst_effective_scalar_error_pct	0.03233333333333792
finance_markets_extension_benchmark.json	rounding_ghost_scalar_count	0
finance_markets_extension_benchmark.json	catalog_crosswalk_scalar_count	0
finance_markets_extension_benchmark.json	strict_scalar_pass	True
finance_markets_extension_benchmark.json	effective_scalar_pass	True
finance_markets_extension_benchmark.json	max_gate_scalar_error_pct	0.03230022603429596
finance_markets_extension_benchmark.json	tier_scalar_median_error_pct	0.02584018082743276
finance_markets_extension_benchmark.json	tier_scalar_pass	True
finance_markets_extension_benchmark.json	tier_scalar_max_pass	True
finance_markets_extension_benchmark.json	scalar_median_pass	True
finance_markets_extension_benchmark.json	classifier_count	0
finance_markets_extension_benchmark.json	classifier_correct	0
finance_markets_extension_benchmark.json	classifier_accuracy_pct	None
finance_markets_extension_benchmark.json	classifier_pass	True
finance_markets_extension_benchmark.json	official_pooled_median_error_pct	0.02584018082743169
finance_markets_extension_benchmark.json	green_gate_pass	True
finance_markets_extension_benchmark.json	max_scalar_name	fed_funds_rate
finance_markets_extension_benchmark.json	max_scalar_property	policy_rate_pct
finance_markets_extension_benchmark.json	max_gate_scalar_name	fed_funds_rate
finance_markets_extension_benchmark.json	worst_effective_scalar_name	sp500_sharpe_10y
finance_markets_panel_benchmark.json	records	36
finance_markets_panel_benchmark.json	pooled_median_error_pct	0.02584
finance_markets_panel_benchmark.json	scalar_count	36
finance_markets_panel_benchmark.json	scalar_median_error_pct	0.02584
finance_markets_panel_benchmark.json	max_scalar_error_pct	0.02584
finance_markets_panel_benchmark.json	effective_scalar_median_error_pct	0.025840180827434632
finance_markets_panel_benchmark.json	max_effective_scalar_error_pct	0.025840180827430025
finance_markets_panel_benchmark.json	worst_effective_scalar_error_pct	0.02585432516636718
finance_markets_panel_benchmark.json	rounding_ghost_scalar_count	0
finance_markets_panel_benchmark.json	catalog_crosswalk_scalar_count	0
finance_markets_panel_benchmark.json	strict_scalar_pass	True
finance_markets_panel_benchmark.json	effective_scalar_pass	True
finance_markets_panel_benchmark.json	max_gate_scalar_error_pct	0.02584
finance_markets_panel_benchmark.json	tier_scalar_median_error_pct	0.025840180827434632
finance_markets_panel_benchmark.json	tier_scalar_pass	True
finance_markets_panel_benchmark.json	tier_scalar_max_pass	True
finance_markets_panel_benchmark.json	scalar_median_pass	True
finance_markets_panel_benchmark.json	classifier_count	0
finance_markets_panel_benchmark.json	classifier_correct	0
finance_markets_panel_benchmark.json	classifier_accuracy_pct	None
finance_markets_panel_benchmark.json	classifier_pass	True
finance_markets_panel_benchmark.json	official_pooled_median_error_pct	0.02584
finance_markets_panel_benchmark.json	green_gate_pass	True
finance_markets_panel_benchmark.json	max_scalar_name	ZH_NY.GDP.MKTP.CD
finance_markets_panel_benchmark.json	max_scalar_property	gdp_current_usd
finance_markets_panel_benchmark.json	max_gate_scalar_name	ZH_NY.GDP.MKTP.CD
finance_markets_panel_benchmark.json	worst_effective_scalar_name	ZI_FP.CPI.TOTL.ZG
finance_markets_panel_benchmark.json	lb_records	36
finance_markets_panel_benchmark.json	lb_unrouted	0
finance_markets_panel_benchmark.json	lb_computed_match	0
finance_markets_panel_benchmark.json	lb_scalar_match	0
finance_markets_panel_benchmark.json	lb_error_match	0
finance_markets_panel_benchmark.json	lb_max_rel_dev	0.0004750813035042671
fluid_dynamics_gap_fill_benchmark.json	records	55
fluid_dynamics_gap_fill_benchmark.json	pooled_median_error_pct	0.0
fluid_dynamics_gap_fill_benchmark.json	scalar_count	0
fluid_dynamics_gap_fill_benchmark.json	scalar_median_error_pct	None
fluid_dynamics_gap_fill_benchmark.json	max_scalar_error_pct	None
fluid_dynamics_gap_fill_benchmark.json	effective_scalar_median_error_pct	None
fluid_dynamics_gap_fill_benchmark.json	max_effective_scalar_error_pct	None
fluid_dynamics_gap_fill_benchmark.json	worst_effective_scalar_error_pct	None
fluid_dynamics_gap_fill_benchmark.json	rounding_ghost_scalar_count	0
fluid_dynamics_gap_fill_benchmark.json	catalog_crosswalk_scalar_count	0
fluid_dynamics_gap_fill_benchmark.json	strict_scalar_pass	True
fluid_dynamics_gap_fill_benchmark.json	effective_scalar_pass	True
fluid_dynamics_gap_fill_benchmark.json	max_gate_scalar_error_pct	None
fluid_dynamics_gap_fill_benchmark.json	tier_scalar_median_error_pct	None
fluid_dynamics_gap_fill_benchmark.json	tier_scalar_pass	True
fluid_dynamics_gap_fill_benchmark.json	tier_scalar_max_pass	True
fluid_dynamics_gap_fill_benchmark.json	scalar_median_pass	True
fluid_dynamics_gap_fill_benchmark.json	classifier_count	25
fluid_dynamics_gap_fill_benchmark.json	classifier_correct	25
fluid_dynamics_gap_fill_benchmark.json	classifier_accuracy_pct	100.0
fluid_dynamics_gap_fill_benchmark.json	classifier_pass	True
fluid_dynamics_gap_fill_benchmark.json	official_pooled_median_error_pct	None
fluid_dynamics_gap_fill_benchmark.json	green_gate_pass	True
fluid_dynamics_gap_fill_benchmark.json	max_scalar_name	None
fluid_dynamics_gap_fill_benchmark.json	max_scalar_property	None
fluid_dynamics_gap_fill_benchmark.json	max_gate_scalar_name	None
fluid_dynamics_gap_fill_benchmark.json	worst_effective_scalar_name	None
fluid_phase_current_spine_benchmark.json	records	24
fluid_phase_current_spine_benchmark.json	pooled_median_error_pct	3.8622500000000005e-05
fluid_phase_current_spine_benchmark.json	scalar_count	24
fluid_phase_current_spine_benchmark.json	scalar_median_error_pct	3.8622500000000005e-05
fluid_phase_current_spine_benchmark.json	max_scalar_error_pct	0.0310845
fluid_phase_current_spine_benchmark.json	effective_scalar_median_error_pct	0.0
fluid_phase_current_spine_benchmark.json	max_effective_scalar_error_pct	0.0310845
fluid_phase_current_spine_benchmark.json	worst_effective_scalar_error_pct	0.009504087193456925
fluid_phase_current_spine_benchmark.json	rounding_ghost_scalar_count	0
fluid_phase_current_spine_benchmark.json	catalog_crosswalk_scalar_count	0
fluid_phase_current_spine_benchmark.json	strict_scalar_pass	True
fluid_phase_current_spine_benchmark.json	effective_scalar_pass	True
fluid_phase_current_spine_benchmark.json	max_gate_scalar_error_pct	0.0310845
fluid_phase_current_spine_benchmark.json	tier_scalar_median_error_pct	0.0
fluid_phase_current_spine_benchmark.json	tier_scalar_pass	True
fluid_phase_current_spine_benchmark.json	tier_scalar_max_pass	True
fluid_phase_current_spine_benchmark.json	scalar_median_pass	True
fluid_phase_current_spine_benchmark.json	classifier_count	0
fluid_phase_current_spine_benchmark.json	classifier_correct	0
fluid_phase_current_spine_benchmark.json	classifier_accuracy_pct	None
fluid_phase_current_spine_benchmark.json	classifier_pass	True
fluid_phase_current_spine_benchmark.json	official_pooled_median_error_pct	3.8622500000000005e-05
fluid_phase_current_spine_benchmark.json	green_gate_pass	True
fluid_phase_current_spine_benchmark.json	max_scalar_name	fpc_temporal_coupling
fluid_phase_current_spine_benchmark.json	max_scalar_property	fpc_pillar
fluid_phase_current_spine_benchmark.json	max_gate_scalar_name	fpc_temporal_coupling
fluid_phase_current_spine_benchmark.json	worst_effective_scalar_name	multi_domain_fpc
fluid_spacetime_observable_spine_benchmark.json	records	29
fluid_spacetime_observable_spine_benchmark.json	pooled_median_error_pct	0.0111155
fluid_spacetime_observable_spine_benchmark.json	scalar_count	8
fluid_spacetime_observable_spine_benchmark.json	scalar_median_error_pct	0.0111155
fluid_spacetime_observable_spine_benchmark.json	max_scalar_error_pct	0.039797
fluid_spacetime_observable_spine_benchmark.json	effective_scalar_median_error_pct	0.01112793296088878
fluid_spacetime_observable_spine_benchmark.json	max_effective_scalar_error_pct	0.03980654761904406
fluid_spacetime_observable_spine_benchmark.json	worst_effective_scalar_error_pct	0.03980654761904406
fluid_spacetime_observable_spine_benchmark.json	rounding_ghost_scalar_count	0
fluid_spacetime_observable_spine_benchmark.json	catalog_crosswalk_scalar_count	0
fluid_spacetime_observable_spine_benchmark.json	strict_scalar_pass	True
fluid_spacetime_observable_spine_benchmark.json	effective_scalar_pass	True
fluid_spacetime_observable_spine_benchmark.json	max_gate_scalar_error_pct	0.039797
fluid_spacetime_observable_spine_benchmark.json	tier_scalar_median_error_pct	0.01112793296088878
fluid_spacetime_observable_spine_benchmark.json	tier_scalar_pass	True
fluid_spacetime_observable_spine_benchmark.json	tier_scalar_max_pass	True
fluid_spacetime_observable_spine_benchmark.json	scalar_median_pass	True
fluid_spacetime_observable_spine_benchmark.json	classifier_count	0
fluid_spacetime_observable_spine_benchmark.json	classifier_correct	0
fluid_spacetime_observable_spine_benchmark.json	classifier_accuracy_pct	None
fluid_spacetime_observable_spine_benchmark.json	classifier_pass	True
fluid_spacetime_observable_spine_benchmark.json	official_pooled_median_error_pct	0.0111155
fluid_spacetime_observable_spine_benchmark.json	green_gate_pass	True
fluid_spacetime_observable_spine_benchmark.json	max_scalar_name	cs133_fpc_equilibrium
fluid_spacetime_observable_spine_benchmark.json	max_scalar_property	fpc_tau_anchor
fluid_spacetime_observable_spine_benchmark.json	max_gate_scalar_name	cs133_fpc_equilibrium
fluid_spacetime_observable_spine_benchmark.json	worst_effective_scalar_name	cs133_fpc_equilibrium
fluid_spacetime_prereg_validation_panel_benchmark.json	records	20
fluid_spacetime_prereg_validation_panel_benchmark.json	pooled_median_error_pct	0.0
fluid_spacetime_prereg_validation_panel_benchmark.json	scalar_count	12
fluid_spacetime_prereg_validation_panel_benchmark.json	scalar_median_error_pct	0.0
fluid_spacetime_prereg_validation_panel_benchmark.json	max_scalar_error_pct	0.039797
fluid_spacetime_prereg_validation_panel_benchmark.json	effective_scalar_median_error_pct	0.0
fluid_spacetime_prereg_validation_panel_benchmark.json	max_effective_scalar_error_pct	0.03980654761904406
fluid_spacetime_prereg_validation_panel_benchmark.json	worst_effective_scalar_error_pct	0.03980654761904406
fluid_spacetime_prereg_validation_panel_benchmark.json	rounding_ghost_scalar_count	0
fluid_spacetime_prereg_validation_panel_benchmark.json	catalog_crosswalk_scalar_count	0
fluid_spacetime_prereg_validation_panel_benchmark.json	strict_scalar_pass	True
fluid_spacetime_prereg_validation_panel_benchmark.json	effective_scalar_pass	True
fluid_spacetime_prereg_validation_panel_benchmark.json	max_gate_scalar_error_pct	0.039797
fluid_spacetime_prereg_validation_panel_benchmark.json	tier_scalar_median_error_pct	0.0
fluid_spacetime_prereg_validation_panel_benchmark.json	tier_scalar_pass	True
fluid_spacetime_prereg_validation_panel_benchmark.json	tier_scalar_max_pass	True
fluid_spacetime_prereg_validation_panel_benchmark.json	scalar_median_pass	True
fluid_spacetime_prereg_validation_panel_benchmark.json	classifier_count	1
fluid_spacetime_prereg_validation_panel_benchmark.json	classifier_correct	1
fluid_spacetime_prereg_validation_panel_benchmark.json	classifier_accuracy_pct	100.0
fluid_spacetime_prereg_validation_panel_benchmark.json	classifier_pass	True
fluid_spacetime_prereg_validation_panel_benchmark.json	official_pooled_median_error_pct	0.0
fluid_spacetime_prereg_validation_panel_benchmark.json	green_gate_pass	True
fluid_spacetime_prereg_validation_panel_benchmark.json	max_scalar_name	cs133_fpc_equilibrium
fluid_spacetime_prereg_validation_panel_benchmark.json	max_scalar_property	fpc_tau_anchor
fluid_spacetime_prereg_validation_panel_benchmark.json	max_gate_scalar_name	cs133_fpc_equilibrium
fluid_spacetime_prereg_validation_panel_benchmark.json	worst_effective_scalar_name	cs133_fpc_equilibrium
fold_depth_metrics_benchmark.json	records	51
fold_depth_metrics_benchmark.json	pooled_median_error_pct	0.025753835305195434
fold_depth_metrics_benchmark.json	scalar_count	51
fold_depth_metrics_benchmark.json	scalar_median_error_pct	0.025753835305195434
fold_depth_metrics_benchmark.json	max_scalar_error_pct	0.03326447040435376
fold_depth_metrics_benchmark.json	effective_scalar_median_error_pct	0.02580000000000915
fold_depth_metrics_benchmark.json	max_effective_scalar_error_pct	0.03326737840013693
fold_depth_metrics_benchmark.json	worst_effective_scalar_error_pct	0.03349999999999187
fold_depth_metrics_benchmark.json	rounding_ghost_scalar_count	0
fold_depth_metrics_benchmark.json	catalog_crosswalk_scalar_count	0
fold_depth_metrics_benchmark.json	strict_scalar_pass	True
fold_depth_metrics_benchmark.json	effective_scalar_pass	True
fold_depth_metrics_benchmark.json	max_gate_scalar_error_pct	0.03326447040435376
fold_depth_metrics_benchmark.json	tier_scalar_median_error_pct	0.02580000000000915
fold_depth_metrics_benchmark.json	tier_scalar_pass	True
fold_depth_metrics_benchmark.json	tier_scalar_max_pass	True
fold_depth_metrics_benchmark.json	scalar_median_pass	True
fold_depth_metrics_benchmark.json	classifier_count	0
fold_depth_metrics_benchmark.json	classifier_correct	0
fold_depth_metrics_benchmark.json	classifier_accuracy_pct	None
fold_depth_metrics_benchmark.json	classifier_pass	True
fold_depth_metrics_benchmark.json	official_pooled_median_error_pct	0.025753835305195434
fold_depth_metrics_benchmark.json	green_gate_pass	True
fold_depth_metrics_benchmark.json	max_scalar_name	nuclear
fold_depth_metrics_benchmark.json	max_scalar_property	richardson_compression
fold_depth_metrics_benchmark.json	max_gate_scalar_name	nuclear
fold_depth_metrics_benchmark.json	worst_effective_scalar_name	nuclear
food_microbiology_gap_fill_benchmark.json	records	30
food_microbiology_gap_fill_benchmark.json	pooled_median_error_pct	0.04447250077037743
food_microbiology_gap_fill_benchmark.json	scalar_count	0
food_microbiology_gap_fill_benchmark.json	scalar_median_error_pct	None
food_microbiology_gap_fill_benchmark.json	max_scalar_error_pct	None
food_microbiology_gap_fill_benchmark.json	effective_scalar_median_error_pct	None
food_microbiology_gap_fill_benchmark.json	max_effective_scalar_error_pct	None
food_microbiology_gap_fill_benchmark.json	worst_effective_scalar_error_pct	None
food_microbiology_gap_fill_benchmark.json	rounding_ghost_scalar_count	0
food_microbiology_gap_fill_benchmark.json	catalog_crosswalk_scalar_count	0
food_microbiology_gap_fill_benchmark.json	strict_scalar_pass	True
food_microbiology_gap_fill_benchmark.json	effective_scalar_pass	True
food_microbiology_gap_fill_benchmark.json	max_gate_scalar_error_pct	None
food_microbiology_gap_fill_benchmark.json	tier_scalar_median_error_pct	None
food_microbiology_gap_fill_benchmark.json	tier_scalar_pass	True
food_microbiology_gap_fill_benchmark.json	tier_scalar_max_pass	True
food_microbiology_gap_fill_benchmark.json	scalar_median_pass	True
food_microbiology_gap_fill_benchmark.json	classifier_count	0
food_microbiology_gap_fill_benchmark.json	classifier_correct	0
food_microbiology_gap_fill_benchmark.json	classifier_accuracy_pct	None
food_microbiology_gap_fill_benchmark.json	classifier_pass	True
food_microbiology_gap_fill_benchmark.json	official_pooled_median_error_pct	None
food_microbiology_gap_fill_benchmark.json	green_gate_pass	True
food_microbiology_gap_fill_benchmark.json	max_scalar_name	None
food_microbiology_gap_fill_benchmark.json	max_scalar_property	None
food_microbiology_gap_fill_benchmark.json	max_gate_scalar_name	None
food_microbiology_gap_fill_benchmark.json	worst_effective_scalar_name	None
formula_branching_fractal_benchmark.json	records	380
formula_branching_fractal_benchmark.json	pooled_median_error_pct	0.038016537604979236
formula_branching_fractal_benchmark.json	scalar_count	371
formula_branching_fractal_benchmark.json	scalar_median_error_pct	0.038016537604979236
formula_branching_fractal_benchmark.json	max_scalar_error_pct	0.038016537604988035
formula_branching_fractal_benchmark.json	effective_scalar_median_error_pct	0.03801612903225713
formula_branching_fractal_benchmark.json	max_effective_scalar_error_pct	0.03801621621621538
formula_branching_fractal_benchmark.json	worst_effective_scalar_error_pct	0.03802094240836238
formula_branching_fractal_benchmark.json	rounding_ghost_scalar_count	0
formula_branching_fractal_benchmark.json	catalog_crosswalk_scalar_count	0
formula_branching_fractal_benchmark.json	strict_scalar_pass	True
formula_branching_fractal_benchmark.json	effective_scalar_pass	True
formula_branching_fractal_benchmark.json	max_gate_scalar_error_pct	0.038016537604988035
formula_branching_fractal_benchmark.json	tier_scalar_median_error_pct	0.03801612903225713
formula_branching_fractal_benchmark.json	tier_scalar_pass	True
formula_branching_fractal_benchmark.json	tier_scalar_max_pass	True
formula_branching_fractal_benchmark.json	scalar_median_pass	True
formula_branching_fractal_benchmark.json	classifier_count	0
formula_branching_fractal_benchmark.json	classifier_correct	0
formula_branching_fractal_benchmark.json	classifier_accuracy_pct	None
formula_branching_fractal_benchmark.json	classifier_pass	True
formula_branching_fractal_benchmark.json	official_pooled_median_error_pct	0.038016537604979236
formula_branching_fractal_benchmark.json	green_gate_pass	True
formula_branching_fractal_benchmark.json	max_scalar_name	Interdisciplinary_Spine_Crosswalk
formula_branching_fractal_benchmark.json	max_scalar_property	domain_divergence_depth
formula_branching_fractal_benchmark.json	max_gate_scalar_name	Interdisciplinary_Spine_Crosswalk
formula_branching_fractal_benchmark.json	worst_effective_scalar_name	Cosmology_Bubble_Bleed
formula_corpus_closure_benchmark.json	records	203
formula_corpus_closure_benchmark.json	pooled_median_error_pct	0.009504
formula_corpus_closure_benchmark.json	scalar_count	203
formula_corpus_closure_benchmark.json	scalar_median_error_pct	0.009504
formula_corpus_closure_benchmark.json	max_scalar_error_pct	0.12920090413715177
formula_corpus_closure_benchmark.json	effective_scalar_median_error_pct	0.0
formula_corpus_closure_benchmark.json	max_effective_scalar_error_pct	0.12920090413715177
formula_corpus_closure_benchmark.json	worst_effective_scalar_error_pct	0.0
formula_corpus_closure_benchmark.json	rounding_ghost_scalar_count	0
formula_corpus_closure_benchmark.json	catalog_crosswalk_scalar_count	0
formula_corpus_closure_benchmark.json	strict_scalar_pass	True
formula_corpus_closure_benchmark.json	effective_scalar_pass	True
formula_corpus_closure_benchmark.json	max_gate_scalar_error_pct	0.12920090413715177
formula_corpus_closure_benchmark.json	tier_scalar_median_error_pct	0.0
formula_corpus_closure_benchmark.json	tier_scalar_pass	True
formula_corpus_closure_benchmark.json	tier_scalar_max_pass	False
formula_corpus_closure_benchmark.json	scalar_median_pass	True
formula_corpus_closure_benchmark.json	classifier_count	0
formula_corpus_closure_benchmark.json	classifier_correct	0
formula_corpus_closure_benchmark.json	classifier_accuracy_pct	None
formula_corpus_closure_benchmark.json	classifier_pass	True
formula_corpus_closure_benchmark.json	official_pooled_median_error_pct	0.009504
formula_corpus_closure_benchmark.json	green_gate_pass	True
formula_corpus_closure_benchmark.json	max_scalar_name	Econometrics
formula_corpus_closure_benchmark.json	max_scalar_property	domain_pooled_residual
formula_corpus_closure_benchmark.json	max_gate_scalar_name	Econometrics
formula_corpus_closure_benchmark.json	worst_effective_scalar_name	None
formula_corpus_cnc_benchmark.json	records	23
formula_corpus_cnc_benchmark.json	pooled_median_error_pct	0.000561846
formula_corpus_cnc_benchmark.json	scalar_count	23
formula_corpus_cnc_benchmark.json	scalar_median_error_pct	0.000561846
formula_corpus_cnc_benchmark.json	max_scalar_error_pct	0.00423739
formula_corpus_cnc_benchmark.json	effective_scalar_median_error_pct	0.0005618458987473253
formula_corpus_cnc_benchmark.json	max_effective_scalar_error_pct	0.0042373899907116284
formula_corpus_cnc_benchmark.json	worst_effective_scalar_error_pct	0.0042373899907116284
formula_corpus_cnc_benchmark.json	rounding_ghost_scalar_count	0
formula_corpus_cnc_benchmark.json	catalog_crosswalk_scalar_count	0
formula_corpus_cnc_benchmark.json	strict_scalar_pass	True
formula_corpus_cnc_benchmark.json	effective_scalar_pass	True
formula_corpus_cnc_benchmark.json	max_gate_scalar_error_pct	0.00423739
formula_corpus_cnc_benchmark.json	tier_scalar_median_error_pct	0.0005618458987473253
formula_corpus_cnc_benchmark.json	tier_scalar_pass	True
formula_corpus_cnc_benchmark.json	tier_scalar_max_pass	True
formula_corpus_cnc_benchmark.json	scalar_median_pass	True
formula_corpus_cnc_benchmark.json	classifier_count	0
formula_corpus_cnc_benchmark.json	classifier_correct	0
formula_corpus_cnc_benchmark.json	classifier_accuracy_pct	None
formula_corpus_cnc_benchmark.json	classifier_pass	True
formula_corpus_cnc_benchmark.json	official_pooled_median_error_pct	0.000561846
formula_corpus_cnc_benchmark.json	green_gate_pass	True
formula_corpus_cnc_benchmark.json	max_scalar_name	396e8db24cbb0e77
formula_corpus_cnc_benchmark.json	max_scalar_property	NO₂(g)
formula_corpus_cnc_benchmark.json	max_gate_scalar_name	396e8db24cbb0e77
formula_corpus_cnc_benchmark.json	worst_effective_scalar_name	396e8db24cbb0e77
formula_precision_spine_benchmark.json	records	26
formula_precision_spine_benchmark.json	pooled_median_error_pct	0.0
formula_precision_spine_benchmark.json	scalar_count	21
formula_precision_spine_benchmark.json	scalar_median_error_pct	0.0
formula_precision_spine_benchmark.json	max_scalar_error_pct	0.3297
formula_precision_spine_benchmark.json	effective_scalar_median_error_pct	0.0
formula_precision_spine_benchmark.json	max_effective_scalar_error_pct	0.32973959060073643
formula_precision_spine_benchmark.json	worst_effective_scalar_error_pct	0.32973959060073643
formula_precision_spine_benchmark.json	rounding_ghost_scalar_count	0
formula_precision_spine_benchmark.json	catalog_crosswalk_scalar_count	0
formula_precision_spine_benchmark.json	strict_scalar_pass	True
formula_precision_spine_benchmark.json	effective_scalar_pass	True
formula_precision_spine_benchmark.json	max_gate_scalar_error_pct	0.3297
formula_precision_spine_benchmark.json	tier_scalar_median_error_pct	0.0
formula_precision_spine_benchmark.json	tier_scalar_pass	True
formula_precision_spine_benchmark.json	tier_scalar_max_pass	False
formula_precision_spine_benchmark.json	scalar_median_pass	True
formula_precision_spine_benchmark.json	classifier_count	0
formula_precision_spine_benchmark.json	classifier_correct	0
formula_precision_spine_benchmark.json	classifier_accuracy_pct	None
formula_precision_spine_benchmark.json	classifier_pass	True
formula_precision_spine_benchmark.json	official_pooled_median_error_pct	0.0
formula_precision_spine_benchmark.json	green_gate_pass	True
formula_precision_spine_benchmark.json	max_scalar_name	Aluminum
formula_precision_spine_benchmark.json	max_scalar_property	acoustic_impedance_MRayl
formula_precision_spine_benchmark.json	max_gate_scalar_name	Aluminum
formula_precision_spine_benchmark.json	worst_effective_scalar_name	Aluminum
foundational_ontology_spine_benchmark.json	records	60
foundational_ontology_spine_benchmark.json	pooled_median_error_pct	0.009504
foundational_ontology_spine_benchmark.json	scalar_count	56
foundational_ontology_spine_benchmark.json	scalar_median_error_pct	0.009504
foundational_ontology_spine_benchmark.json	max_scalar_error_pct	0.192564276915754
foundational_ontology_spine_benchmark.json	effective_scalar_median_error_pct	0.009499999999995623
foundational_ontology_spine_benchmark.json	max_effective_scalar_error_pct	0.192564276915754
foundational_ontology_spine_benchmark.json	worst_effective_scalar_error_pct	0.192564276915754
foundational_ontology_spine_benchmark.json	rounding_ghost_scalar_count	0
foundational_ontology_spine_benchmark.json	catalog_crosswalk_scalar_count	0
foundational_ontology_spine_benchmark.json	strict_scalar_pass	True
foundational_ontology_spine_benchmark.json	effective_scalar_pass	True
foundational_ontology_spine_benchmark.json	max_gate_scalar_error_pct	0.192564276915754
foundational_ontology_spine_benchmark.json	tier_scalar_median_error_pct	0.009499999999995623
foundational_ontology_spine_benchmark.json	tier_scalar_pass	True
foundational_ontology_spine_benchmark.json	tier_scalar_max_pass	False
foundational_ontology_spine_benchmark.json	scalar_median_pass	True
foundational_ontology_spine_benchmark.json	classifier_count	0
foundational_ontology_spine_benchmark.json	classifier_correct	0
foundational_ontology_spine_benchmark.json	classifier_accuracy_pct	None
foundational_ontology_spine_benchmark.json	classifier_pass	True
foundational_ontology_spine_benchmark.json	official_pooled_median_error_pct	0.009504
foundational_ontology_spine_benchmark.json	green_gate_pass	True
foundational_ontology_spine_benchmark.json	max_scalar_name	zero_boundary_not_entity_panel
foundational_ontology_spine_benchmark.json	max_scalar_property	engine_native_h0
foundational_ontology_spine_benchmark.json	max_gate_scalar_name	zero_boundary_not_entity_panel
foundational_ontology_spine_benchmark.json	worst_effective_scalar_name	zero_boundary_not_entity_panel
founding_atmospheric_ozone_panel_benchmark.json	records	20
founding_atmospheric_ozone_panel_benchmark.json	pooled_median_error_pct	0.023822
founding_atmospheric_ozone_panel_benchmark.json	scalar_count	19
founding_atmospheric_ozone_panel_benchmark.json	scalar_median_error_pct	0.023822
founding_atmospheric_ozone_panel_benchmark.json	max_scalar_error_pct	0.023822
founding_atmospheric_ozone_panel_benchmark.json	effective_scalar_median_error_pct	0.023821595266667828
founding_atmospheric_ozone_panel_benchmark.json	max_effective_scalar_error_pct	0.023821595266667828
founding_atmospheric_ozone_panel_benchmark.json	worst_effective_scalar_error_pct	0.02382160000000688
founding_atmospheric_ozone_panel_benchmark.json	rounding_ghost_scalar_count	0
founding_atmospheric_ozone_panel_benchmark.json	catalog_crosswalk_scalar_count	0
founding_atmospheric_ozone_panel_benchmark.json	strict_scalar_pass	True
founding_atmospheric_ozone_panel_benchmark.json	effective_scalar_pass	True
founding_atmospheric_ozone_panel_benchmark.json	max_gate_scalar_error_pct	0.023822
founding_atmospheric_ozone_panel_benchmark.json	tier_scalar_median_error_pct	0.023821595266667828
founding_atmospheric_ozone_panel_benchmark.json	tier_scalar_pass	True
founding_atmospheric_ozone_panel_benchmark.json	tier_scalar_max_pass	True
founding_atmospheric_ozone_panel_benchmark.json	scalar_median_pass	True
founding_atmospheric_ozone_panel_benchmark.json	classifier_count	0
founding_atmospheric_ozone_panel_benchmark.json	classifier_correct	0
founding_atmospheric_ozone_panel_benchmark.json	classifier_accuracy_pct	None
founding_atmospheric_ozone_panel_benchmark.json	classifier_pass	True
founding_atmospheric_ozone_panel_benchmark.json	official_pooled_median_error_pct	0.023822
founding_atmospheric_ozone_panel_benchmark.json	green_gate_pass	True
founding_atmospheric_ozone_panel_benchmark.json	max_scalar_name	global_mean_total_column_du
founding_atmospheric_ozone_panel_benchmark.json	max_scalar_property	ozone_column_du
founding_atmospheric_ozone_panel_benchmark.json	max_gate_scalar_name	global_mean_total_column_du
founding_atmospheric_ozone_panel_benchmark.json	worst_effective_scalar_name	montreal_cfc_index
founding_cosmic_dust_panel_benchmark.json	records	20
founding_cosmic_dust_panel_benchmark.json	pooled_median_error_pct	0.044121
founding_cosmic_dust_panel_benchmark.json	scalar_count	19
founding_cosmic_dust_panel_benchmark.json	scalar_median_error_pct	0.044121
founding_cosmic_dust_panel_benchmark.json	max_scalar_error_pct	0.044121
founding_cosmic_dust_panel_benchmark.json	effective_scalar_median_error_pct	0.04412053939394132
founding_cosmic_dust_panel_benchmark.json	max_effective_scalar_error_pct	0.044120499999994456
founding_cosmic_dust_panel_benchmark.json	worst_effective_scalar_error_pct	0.04412100000000113
founding_cosmic_dust_panel_benchmark.json	rounding_ghost_scalar_count	0
founding_cosmic_dust_panel_benchmark.json	catalog_crosswalk_scalar_count	0
founding_cosmic_dust_panel_benchmark.json	strict_scalar_pass	True
founding_cosmic_dust_panel_benchmark.json	effective_scalar_pass	True
founding_cosmic_dust_panel_benchmark.json	max_gate_scalar_error_pct	0.044121
founding_cosmic_dust_panel_benchmark.json	tier_scalar_median_error_pct	0.04412053939394132
founding_cosmic_dust_panel_benchmark.json	tier_scalar_pass	True
founding_cosmic_dust_panel_benchmark.json	tier_scalar_max_pass	True
founding_cosmic_dust_panel_benchmark.json	scalar_median_pass	True
founding_cosmic_dust_panel_benchmark.json	classifier_count	0
founding_cosmic_dust_panel_benchmark.json	classifier_correct	0
founding_cosmic_dust_panel_benchmark.json	classifier_accuracy_pct	None
founding_cosmic_dust_panel_benchmark.json	classifier_pass	True
founding_cosmic_dust_panel_benchmark.json	official_pooled_median_error_pct	0.044121
founding_cosmic_dust_panel_benchmark.json	green_gate_pass	True
founding_cosmic_dust_panel_benchmark.json	max_scalar_name	ism_typical_radius
founding_cosmic_dust_panel_benchmark.json	max_scalar_property	dust_grain_radius_um
founding_cosmic_dust_panel_benchmark.json	max_gate_scalar_name	ism_typical_radius
founding_cosmic_dust_panel_benchmark.json	worst_effective_scalar_name	mw_dust_to_gas_ratio
founding_cosmic_ray_panel_benchmark.json	records	20
founding_cosmic_ray_panel_benchmark.json	pooled_median_error_pct	0.021221
founding_cosmic_ray_panel_benchmark.json	scalar_count	19
founding_cosmic_ray_panel_benchmark.json	scalar_median_error_pct	0.021221
founding_cosmic_ray_panel_benchmark.json	max_scalar_error_pct	0.021221
founding_cosmic_ray_panel_benchmark.json	effective_scalar_median_error_pct	0.02122058600144896
founding_cosmic_ray_panel_benchmark.json	max_effective_scalar_error_pct	0.021220967741932287
founding_cosmic_ray_panel_benchmark.json	worst_effective_scalar_error_pct	0.021220967741932287
founding_cosmic_ray_panel_benchmark.json	rounding_ghost_scalar_count	0
founding_cosmic_ray_panel_benchmark.json	catalog_crosswalk_scalar_count	0
founding_cosmic_ray_panel_benchmark.json	strict_scalar_pass	True
founding_cosmic_ray_panel_benchmark.json	effective_scalar_pass	True
founding_cosmic_ray_panel_benchmark.json	max_gate_scalar_error_pct	0.021221
founding_cosmic_ray_panel_benchmark.json	tier_scalar_median_error_pct	0.02122058600144896
founding_cosmic_ray_panel_benchmark.json	tier_scalar_pass	True
founding_cosmic_ray_panel_benchmark.json	tier_scalar_max_pass	True
founding_cosmic_ray_panel_benchmark.json	scalar_median_pass	True
founding_cosmic_ray_panel_benchmark.json	classifier_count	0
founding_cosmic_ray_panel_benchmark.json	classifier_correct	0
founding_cosmic_ray_panel_benchmark.json	classifier_accuracy_pct	None
founding_cosmic_ray_panel_benchmark.json	classifier_pass	True
founding_cosmic_ray_panel_benchmark.json	official_pooled_median_error_pct	0.021221
founding_cosmic_ray_panel_benchmark.json	green_gate_pass	True
founding_cosmic_ray_panel_benchmark.json	max_scalar_name	dipole_amplitude_100TeV
founding_cosmic_ray_panel_benchmark.json	max_scalar_property	cosmic_ray_anisotropy_amplitude
founding_cosmic_ray_panel_benchmark.json	max_gate_scalar_name	dipole_amplitude_100TeV
founding_cosmic_ray_panel_benchmark.json	worst_effective_scalar_name	dipole_amplitude_100TeV
founding_galactic_halo_rotation_panel_benchmark.json	records	20
founding_galactic_halo_rotation_panel_benchmark.json	pooled_median_error_pct	0.025123
founding_galactic_halo_rotation_panel_benchmark.json	scalar_count	19
founding_galactic_halo_rotation_panel_benchmark.json	scalar_median_error_pct	0.025123
founding_galactic_halo_rotation_panel_benchmark.json	max_scalar_error_pct	0.025123
founding_galactic_halo_rotation_panel_benchmark.json	effective_scalar_median_error_pct	0.025122797310928036
founding_galactic_halo_rotation_panel_benchmark.json	max_effective_scalar_error_pct	0.025123
founding_galactic_halo_rotation_panel_benchmark.json	worst_effective_scalar_error_pct	0.025122797345134694
founding_galactic_halo_rotation_panel_benchmark.json	rounding_ghost_scalar_count	0
founding_galactic_halo_rotation_panel_benchmark.json	catalog_crosswalk_scalar_count	0
founding_galactic_halo_rotation_panel_benchmark.json	strict_scalar_pass	True
founding_galactic_halo_rotation_panel_benchmark.json	effective_scalar_pass	True
founding_galactic_halo_rotation_panel_benchmark.json	max_gate_scalar_error_pct	0.025123
founding_galactic_halo_rotation_panel_benchmark.json	tier_scalar_median_error_pct	0.025122797310928036
founding_galactic_halo_rotation_panel_benchmark.json	tier_scalar_pass	True
founding_galactic_halo_rotation_panel_benchmark.json	tier_scalar_max_pass	True
founding_galactic_halo_rotation_panel_benchmark.json	scalar_median_pass	True
founding_galactic_halo_rotation_panel_benchmark.json	classifier_count	0
founding_galactic_halo_rotation_panel_benchmark.json	classifier_correct	0
founding_galactic_halo_rotation_panel_benchmark.json	classifier_accuracy_pct	None
founding_galactic_halo_rotation_panel_benchmark.json	classifier_pass	True
founding_galactic_halo_rotation_panel_benchmark.json	official_pooled_median_error_pct	0.025123
founding_galactic_halo_rotation_panel_benchmark.json	green_gate_pass	True
founding_galactic_halo_rotation_panel_benchmark.json	max_scalar_name	mw_v_sun_kms
founding_galactic_halo_rotation_panel_benchmark.json	max_scalar_property	halo_rotation_velocity
founding_galactic_halo_rotation_panel_benchmark.json	max_gate_scalar_name	mw_v_sun_kms
founding_galactic_halo_rotation_panel_benchmark.json	worst_effective_scalar_name	ngc925_v_flat
founding_pulsar_glitch_panel_benchmark.json	records	20
founding_pulsar_glitch_panel_benchmark.json	pooled_median_error_pct	0.044923
founding_pulsar_glitch_panel_benchmark.json	scalar_count	19
founding_pulsar_glitch_panel_benchmark.json	scalar_median_error_pct	0.044923
founding_pulsar_glitch_panel_benchmark.json	max_scalar_error_pct	0.044923
founding_pulsar_glitch_panel_benchmark.json	effective_scalar_median_error_pct	0.044922978443110766
founding_pulsar_glitch_panel_benchmark.json	max_effective_scalar_error_pct	0.04492298000000616
founding_pulsar_glitch_panel_benchmark.json	worst_effective_scalar_error_pct	0.044923017902802634
founding_pulsar_glitch_panel_benchmark.json	rounding_ghost_scalar_count	0
founding_pulsar_glitch_panel_benchmark.json	catalog_crosswalk_scalar_count	0
founding_pulsar_glitch_panel_benchmark.json	strict_scalar_pass	True
founding_pulsar_glitch_panel_benchmark.json	effective_scalar_pass	True
founding_pulsar_glitch_panel_benchmark.json	max_gate_scalar_error_pct	0.044923
founding_pulsar_glitch_panel_benchmark.json	tier_scalar_median_error_pct	0.044922978443110766
founding_pulsar_glitch_panel_benchmark.json	tier_scalar_pass	True
founding_pulsar_glitch_panel_benchmark.json	tier_scalar_max_pass	True
founding_pulsar_glitch_panel_benchmark.json	scalar_median_pass	True
founding_pulsar_glitch_panel_benchmark.json	classifier_count	0
founding_pulsar_glitch_panel_benchmark.json	classifier_correct	0
founding_pulsar_glitch_panel_benchmark.json	classifier_accuracy_pct	None
founding_pulsar_glitch_panel_benchmark.json	classifier_pass	True
founding_pulsar_glitch_panel_benchmark.json	official_pooled_median_error_pct	0.044923
founding_pulsar_glitch_panel_benchmark.json	green_gate_pass	True
founding_pulsar_glitch_panel_benchmark.json	max_scalar_name	vela_glitch_interval_yr
founding_pulsar_glitch_panel_benchmark.json	max_scalar_property	pulsar_glitch_frequency
founding_pulsar_glitch_panel_benchmark.json	max_gate_scalar_name	vela_glitch_interval_yr
founding_pulsar_glitch_panel_benchmark.json	worst_effective_scalar_name	j0348_period_s
founding_quantum_vacuum_panel_benchmark.json	records	20
founding_quantum_vacuum_panel_benchmark.json	pooled_median_error_pct	0.047775
founding_quantum_vacuum_panel_benchmark.json	scalar_count	19
founding_quantum_vacuum_panel_benchmark.json	scalar_median_error_pct	0.047775
founding_quantum_vacuum_panel_benchmark.json	max_scalar_error_pct	0.047775
founding_quantum_vacuum_panel_benchmark.json	effective_scalar_median_error_pct	0.047775314999995544
founding_quantum_vacuum_panel_benchmark.json	max_effective_scalar_error_pct	0.04777530769230529
founding_quantum_vacuum_panel_benchmark.json	worst_effective_scalar_error_pct	0.04777692307693558
founding_quantum_vacuum_panel_benchmark.json	rounding_ghost_scalar_count	0
founding_quantum_vacuum_panel_benchmark.json	catalog_crosswalk_scalar_count	0
founding_quantum_vacuum_panel_benchmark.json	strict_scalar_pass	True
founding_quantum_vacuum_panel_benchmark.json	effective_scalar_pass	True
founding_quantum_vacuum_panel_benchmark.json	max_gate_scalar_error_pct	0.047775
founding_quantum_vacuum_panel_benchmark.json	tier_scalar_median_error_pct	0.047775314999995544
founding_quantum_vacuum_panel_benchmark.json	tier_scalar_pass	True
founding_quantum_vacuum_panel_benchmark.json	tier_scalar_max_pass	True
founding_quantum_vacuum_panel_benchmark.json	scalar_median_pass	True
founding_quantum_vacuum_panel_benchmark.json	classifier_count	0
founding_quantum_vacuum_panel_benchmark.json	classifier_correct	0
founding_quantum_vacuum_panel_benchmark.json	classifier_accuracy_pct	None
founding_quantum_vacuum_panel_benchmark.json	classifier_pass	True
founding_quantum_vacuum_panel_benchmark.json	official_pooled_median_error_pct	0.047775
founding_quantum_vacuum_panel_benchmark.json	green_gate_pass	True
founding_quantum_vacuum_panel_benchmark.json	max_scalar_name	casimir_pressure_1um
founding_quantum_vacuum_panel_benchmark.json	max_scalar_property	casimir_pressure_pa
founding_quantum_vacuum_panel_benchmark.json	max_gate_scalar_name	casimir_pressure_1um
founding_quantum_vacuum_panel_benchmark.json	worst_effective_scalar_name	casimir_energy_density_1um
founding_white_dwarf_cooling_panel_benchmark.json	records	20
founding_white_dwarf_cooling_panel_benchmark.json	pooled_median_error_pct	0.044923
founding_white_dwarf_cooling_panel_benchmark.json	scalar_count	19
founding_white_dwarf_cooling_panel_benchmark.json	scalar_median_error_pct	0.044923
founding_white_dwarf_cooling_panel_benchmark.json	max_scalar_error_pct	0.044923
founding_white_dwarf_cooling_panel_benchmark.json	effective_scalar_median_error_pct	0.04492297840833999
founding_white_dwarf_cooling_panel_benchmark.json	max_effective_scalar_error_pct	0.04492298000000616
founding_white_dwarf_cooling_panel_benchmark.json	worst_effective_scalar_error_pct	0.04492333333332906
founding_white_dwarf_cooling_panel_benchmark.json	rounding_ghost_scalar_count	0
founding_white_dwarf_cooling_panel_benchmark.json	catalog_crosswalk_scalar_count	0
founding_white_dwarf_cooling_panel_benchmark.json	strict_scalar_pass	True
founding_white_dwarf_cooling_panel_benchmark.json	effective_scalar_pass	True
founding_white_dwarf_cooling_panel_benchmark.json	max_gate_scalar_error_pct	0.044923
founding_white_dwarf_cooling_panel_benchmark.json	tier_scalar_median_error_pct	0.04492297840833999
founding_white_dwarf_cooling_panel_benchmark.json	tier_scalar_pass	True
founding_white_dwarf_cooling_panel_benchmark.json	tier_scalar_max_pass	True
founding_white_dwarf_cooling_panel_benchmark.json	scalar_median_pass	True
founding_white_dwarf_cooling_panel_benchmark.json	classifier_count	0
founding_white_dwarf_cooling_panel_benchmark.json	classifier_correct	0
founding_white_dwarf_cooling_panel_benchmark.json	classifier_accuracy_pct	None
founding_white_dwarf_cooling_panel_benchmark.json	classifier_pass	True
founding_white_dwarf_cooling_panel_benchmark.json	official_pooled_median_error_pct	0.044923
founding_white_dwarf_cooling_panel_benchmark.json	green_gate_pass	True
founding_white_dwarf_cooling_panel_benchmark.json	max_scalar_name	wd_0.6msun_age_10kK_gyr
founding_white_dwarf_cooling_panel_benchmark.json	max_scalar_property	white_dwarf_cooling_time
founding_white_dwarf_cooling_panel_benchmark.json	max_gate_scalar_name	wd_0.6msun_age_10kK_gyr
founding_white_dwarf_cooling_panel_benchmark.json	worst_effective_scalar_name	wd_typical_radius
fpc_fluidlink_timing_deep_panel_benchmark.json	records	24
fpc_fluidlink_timing_deep_panel_benchmark.json	pooled_median_error_pct	1.0883e-05
fpc_fluidlink_timing_deep_panel_benchmark.json	scalar_count	18
fpc_fluidlink_timing_deep_panel_benchmark.json	scalar_median_error_pct	1.0883e-05
fpc_fluidlink_timing_deep_panel_benchmark.json	max_scalar_error_pct	0.039797
fpc_fluidlink_timing_deep_panel_benchmark.json	effective_scalar_median_error_pct	0.0
fpc_fluidlink_timing_deep_panel_benchmark.json	max_effective_scalar_error_pct	0.03980654761904406
fpc_fluidlink_timing_deep_panel_benchmark.json	worst_effective_scalar_error_pct	0.03980654761904406
fpc_fluidlink_timing_deep_panel_benchmark.json	rounding_ghost_scalar_count	0
fpc_fluidlink_timing_deep_panel_benchmark.json	catalog_crosswalk_scalar_count	0
fpc_fluidlink_timing_deep_panel_benchmark.json	strict_scalar_pass	True
fpc_fluidlink_timing_deep_panel_benchmark.json	effective_scalar_pass	True
fpc_fluidlink_timing_deep_panel_benchmark.json	max_gate_scalar_error_pct	0.039797
fpc_fluidlink_timing_deep_panel_benchmark.json	tier_scalar_median_error_pct	0.0
fpc_fluidlink_timing_deep_panel_benchmark.json	tier_scalar_pass	True
fpc_fluidlink_timing_deep_panel_benchmark.json	tier_scalar_max_pass	True
fpc_fluidlink_timing_deep_panel_benchmark.json	scalar_median_pass	True
fpc_fluidlink_timing_deep_panel_benchmark.json	classifier_count	4
fpc_fluidlink_timing_deep_panel_benchmark.json	classifier_correct	4
fpc_fluidlink_timing_deep_panel_benchmark.json	classifier_accuracy_pct	100.0
fpc_fluidlink_timing_deep_panel_benchmark.json	classifier_pass	True
fpc_fluidlink_timing_deep_panel_benchmark.json	official_pooled_median_error_pct	1.0883e-05
fpc_fluidlink_timing_deep_panel_benchmark.json	green_gate_pass	True
fpc_fluidlink_timing_deep_panel_benchmark.json	max_scalar_name	cs133_fpc_equilibrium
fpc_fluidlink_timing_deep_panel_benchmark.json	max_scalar_property	fpc_tau_anchor
fpc_fluidlink_timing_deep_panel_benchmark.json	max_gate_scalar_name	cs133_fpc_equilibrium
fpc_fluidlink_timing_deep_panel_benchmark.json	worst_effective_scalar_name	cs133_fpc_equilibrium
fpc_temporal_coupling_benchmark.json	records	24
fpc_temporal_coupling_benchmark.json	pooled_median_error_pct	0.000637597
fpc_temporal_coupling_benchmark.json	scalar_count	24
fpc_temporal_coupling_benchmark.json	scalar_median_error_pct	0.000637597
fpc_temporal_coupling_benchmark.json	max_scalar_error_pct	0.032418
fpc_temporal_coupling_benchmark.json	effective_scalar_median_error_pct	0.0006375969321657722
fpc_temporal_coupling_benchmark.json	max_effective_scalar_error_pct	0.032399999999999096
fpc_temporal_coupling_benchmark.json	worst_effective_scalar_error_pct	0.032399999999999096
fpc_temporal_coupling_benchmark.json	rounding_ghost_scalar_count	0
fpc_temporal_coupling_benchmark.json	catalog_crosswalk_scalar_count	0
fpc_temporal_coupling_benchmark.json	strict_scalar_pass	True
fpc_temporal_coupling_benchmark.json	effective_scalar_pass	True
fpc_temporal_coupling_benchmark.json	max_gate_scalar_error_pct	0.032418
fpc_temporal_coupling_benchmark.json	tier_scalar_median_error_pct	0.0006375969321657722
fpc_temporal_coupling_benchmark.json	tier_scalar_pass	True
fpc_temporal_coupling_benchmark.json	tier_scalar_max_pass	True
fpc_temporal_coupling_benchmark.json	scalar_median_pass	True
fpc_temporal_coupling_benchmark.json	classifier_count	0
fpc_temporal_coupling_benchmark.json	classifier_correct	0
fpc_temporal_coupling_benchmark.json	classifier_accuracy_pct	None
fpc_temporal_coupling_benchmark.json	classifier_pass	True
fpc_temporal_coupling_benchmark.json	official_pooled_median_error_pct	0.000637597
fpc_temporal_coupling_benchmark.json	green_gate_pass	True
fpc_temporal_coupling_benchmark.json	max_scalar_name	Time_Emergence_Simulation__Reality_Folding_Spine
fpc_temporal_coupling_benchmark.json	max_scalar_property	fluidlink_fpc_timing
fpc_temporal_coupling_benchmark.json	max_gate_scalar_name	Time_Emergence_Simulation__Reality_Folding_Spine
fpc_temporal_coupling_benchmark.json	worst_effective_scalar_name	Time_Emergence_Simulation__Reality_Folding_Spine
fractal_constant_recursion_benchmark.json	records	21
fractal_constant_recursion_benchmark.json	pooled_median_error_pct	0.0
fractal_constant_recursion_benchmark.json	scalar_count	16
fractal_constant_recursion_benchmark.json	scalar_median_error_pct	0.0
fractal_constant_recursion_benchmark.json	max_scalar_error_pct	0.0
fractal_constant_recursion_benchmark.json	effective_scalar_median_error_pct	0.0
fractal_constant_recursion_benchmark.json	max_effective_scalar_error_pct	0.0
fractal_constant_recursion_benchmark.json	worst_effective_scalar_error_pct	0.0
fractal_constant_recursion_benchmark.json	rounding_ghost_scalar_count	0
fractal_constant_recursion_benchmark.json	catalog_crosswalk_scalar_count	0
fractal_constant_recursion_benchmark.json	strict_scalar_pass	True
fractal_constant_recursion_benchmark.json	effective_scalar_pass	True
fractal_constant_recursion_benchmark.json	max_gate_scalar_error_pct	0.0
fractal_constant_recursion_benchmark.json	tier_scalar_median_error_pct	0.0
fractal_constant_recursion_benchmark.json	tier_scalar_pass	True
fractal_constant_recursion_benchmark.json	tier_scalar_max_pass	True
fractal_constant_recursion_benchmark.json	scalar_median_pass	True
fractal_constant_recursion_benchmark.json	classifier_count	0
fractal_constant_recursion_benchmark.json	classifier_correct	0
fractal_constant_recursion_benchmark.json	classifier_accuracy_pct	None
fractal_constant_recursion_benchmark.json	classifier_pass	True
fractal_constant_recursion_benchmark.json	official_pooled_median_error_pct	0.0
fractal_constant_recursion_benchmark.json	green_gate_pass	True
fractal_constant_recursion_benchmark.json	max_scalar_name	None
fractal_constant_recursion_benchmark.json	max_scalar_property	None
fractal_constant_recursion_benchmark.json	max_gate_scalar_name	None
fractal_constant_recursion_benchmark.json	worst_effective_scalar_name	None
frb_orifice_outgassing_benchmark.json	records	3396
frb_orifice_outgassing_benchmark.json	pooled_median_error_pct	0.0
frb_orifice_outgassing_benchmark.json	scalar_count	3
frb_orifice_outgassing_benchmark.json	scalar_median_error_pct	0.0
frb_orifice_outgassing_benchmark.json	max_scalar_error_pct	0.1468057694259493
frb_orifice_outgassing_benchmark.json	effective_scalar_median_error_pct	0.0
frb_orifice_outgassing_benchmark.json	max_effective_scalar_error_pct	0.1468057694259493
frb_orifice_outgassing_benchmark.json	worst_effective_scalar_error_pct	0.1468057694259493
frb_orifice_outgassing_benchmark.json	rounding_ghost_scalar_count	0
frb_orifice_outgassing_benchmark.json	catalog_crosswalk_scalar_count	0
frb_orifice_outgassing_benchmark.json	strict_scalar_pass	True
frb_orifice_outgassing_benchmark.json	effective_scalar_pass	True
frb_orifice_outgassing_benchmark.json	max_gate_scalar_error_pct	0.1468057694259493
frb_orifice_outgassing_benchmark.json	tier_scalar_median_error_pct	0.0
frb_orifice_outgassing_benchmark.json	tier_scalar_pass	True
frb_orifice_outgassing_benchmark.json	tier_scalar_max_pass	False
frb_orifice_outgassing_benchmark.json	scalar_median_pass	True
frb_orifice_outgassing_benchmark.json	classifier_count	37
frb_orifice_outgassing_benchmark.json	classifier_correct	37
frb_orifice_outgassing_benchmark.json	classifier_accuracy_pct	100.0
frb_orifice_outgassing_benchmark.json	classifier_pass	True
frb_orifice_outgassing_benchmark.json	official_pooled_median_error_pct	0.0
frb_orifice_outgassing_benchmark.json	green_gate_pass	True
frb_orifice_outgassing_benchmark.json	max_scalar_name	FRB20180916B
frb_orifice_outgassing_benchmark.json	max_scalar_property	activity_season_days
frb_orifice_outgassing_benchmark.json	max_gate_scalar_name	FRB20180916B
frb_orifice_outgassing_benchmark.json	worst_effective_scalar_name	FRB20180916B
frb_orifice_outgassing_benchmark.json	lb_records	0
frb_orifice_outgassing_benchmark.json	lb_unrouted	40
frb_orifice_outgassing_benchmark.json	lb_computed_match	0
frb_orifice_outgassing_benchmark.json	lb_scalar_match	0
frb_orifice_outgassing_benchmark.json	lb_error_match	0
frb_orifice_outgassing_benchmark.json	lb_max_rel_dev	0.0
fsot_aggregate_organized_panel_benchmark.json	records	24
fsot_aggregate_organized_panel_benchmark.json	pooled_median_error_pct	0.0
fsot_aggregate_organized_panel_benchmark.json	scalar_count	18
fsot_aggregate_organized_panel_benchmark.json	scalar_median_error_pct	0.0
fsot_aggregate_organized_panel_benchmark.json	max_scalar_error_pct	0.000785396
fsot_aggregate_organized_panel_benchmark.json	effective_scalar_median_error_pct	0.0
fsot_aggregate_organized_panel_benchmark.json	max_effective_scalar_error_pct	0.0007853963816024306
fsot_aggregate_organized_panel_benchmark.json	worst_effective_scalar_error_pct	0.0007853963816024306
fsot_aggregate_organized_panel_benchmark.json	rounding_ghost_scalar_count	0
fsot_aggregate_organized_panel_benchmark.json	catalog_crosswalk_scalar_count	0
fsot_aggregate_organized_panel_benchmark.json	strict_scalar_pass	True
fsot_aggregate_organized_panel_benchmark.json	effective_scalar_pass	True
fsot_aggregate_organized_panel_benchmark.json	max_gate_scalar_error_pct	0.000785396
fsot_aggregate_organized_panel_benchmark.json	tier_scalar_median_error_pct	0.0
fsot_aggregate_organized_panel_benchmark.json	tier_scalar_pass	True
fsot_aggregate_organized_panel_benchmark.json	tier_scalar_max_pass	True
fsot_aggregate_organized_panel_benchmark.json	scalar_median_pass	True
fsot_aggregate_organized_panel_benchmark.json	classifier_count	0
fsot_aggregate_organized_panel_benchmark.json	classifier_correct	0
fsot_aggregate_organized_panel_benchmark.json	classifier_accuracy_pct	None
fsot_aggregate_organized_panel_benchmark.json	classifier_pass	True
fsot_aggregate_organized_panel_benchmark.json	official_pooled_median_error_pct	0.0
fsot_aggregate_organized_panel_benchmark.json	green_gate_pass	True
fsot_aggregate_organized_panel_benchmark.json	max_scalar_name	6a9af01dd6d7066c
fsot_aggregate_organized_panel_benchmark.json	max_scalar_property	IE_Ar
fsot_aggregate_organized_panel_benchmark.json	max_gate_scalar_name	6a9af01dd6d7066c
fsot_aggregate_organized_panel_benchmark.json	worst_effective_scalar_name	6a9af01dd6d7066c
fsot_aggregate_unified_db_benchmark.json	records	23
fsot_aggregate_unified_db_benchmark.json	pooled_median_error_pct	0.000561846
fsot_aggregate_unified_db_benchmark.json	scalar_count	23
fsot_aggregate_unified_db_benchmark.json	scalar_median_error_pct	0.000561846
fsot_aggregate_unified_db_benchmark.json	max_scalar_error_pct	0.00423739
fsot_aggregate_unified_db_benchmark.json	effective_scalar_median_error_pct	0.0005618458987473253
fsot_aggregate_unified_db_benchmark.json	max_effective_scalar_error_pct	0.0042373899907116284
fsot_aggregate_unified_db_benchmark.json	worst_effective_scalar_error_pct	0.0042373899907116284
fsot_aggregate_unified_db_benchmark.json	rounding_ghost_scalar_count	0
fsot_aggregate_unified_db_benchmark.json	catalog_crosswalk_scalar_count	0
fsot_aggregate_unified_db_benchmark.json	strict_scalar_pass	True
fsot_aggregate_unified_db_benchmark.json	effective_scalar_pass	True
fsot_aggregate_unified_db_benchmark.json	max_gate_scalar_error_pct	0.00423739
fsot_aggregate_unified_db_benchmark.json	tier_scalar_median_error_pct	0.0005618458987473253
fsot_aggregate_unified_db_benchmark.json	tier_scalar_pass	True
fsot_aggregate_unified_db_benchmark.json	tier_scalar_max_pass	True
fsot_aggregate_unified_db_benchmark.json	scalar_median_pass	True
fsot_aggregate_unified_db_benchmark.json	classifier_count	0
fsot_aggregate_unified_db_benchmark.json	classifier_correct	0
fsot_aggregate_unified_db_benchmark.json	classifier_accuracy_pct	None
fsot_aggregate_unified_db_benchmark.json	classifier_pass	True
fsot_aggregate_unified_db_benchmark.json	official_pooled_median_error_pct	0.000561846
fsot_aggregate_unified_db_benchmark.json	green_gate_pass	True
fsot_aggregate_unified_db_benchmark.json	max_scalar_name	396e8db24cbb0e77
fsot_aggregate_unified_db_benchmark.json	max_scalar_property	NO₂(g)
fsot_aggregate_unified_db_benchmark.json	max_gate_scalar_name	396e8db24cbb0e77
fsot_aggregate_unified_db_benchmark.json	worst_effective_scalar_name	396e8db24cbb0e77
fsot_c_pack_parity_panel_benchmark.json	records	24
fsot_c_pack_parity_panel_benchmark.json	pooled_median_error_pct	0.0
fsot_c_pack_parity_panel_benchmark.json	scalar_count	23
fsot_c_pack_parity_panel_benchmark.json	scalar_median_error_pct	0.0
fsot_c_pack_parity_panel_benchmark.json	max_scalar_error_pct	0.0
fsot_c_pack_parity_panel_benchmark.json	effective_scalar_median_error_pct	0.0
fsot_c_pack_parity_panel_benchmark.json	max_effective_scalar_error_pct	0.0
fsot_c_pack_parity_panel_benchmark.json	worst_effective_scalar_error_pct	0.0
fsot_c_pack_parity_panel_benchmark.json	rounding_ghost_scalar_count	0
fsot_c_pack_parity_panel_benchmark.json	catalog_crosswalk_scalar_count	0
fsot_c_pack_parity_panel_benchmark.json	strict_scalar_pass	True
fsot_c_pack_parity_panel_benchmark.json	effective_scalar_pass	True
fsot_c_pack_parity_panel_benchmark.json	max_gate_scalar_error_pct	0.0
fsot_c_pack_parity_panel_benchmark.json	tier_scalar_median_error_pct	0.0
fsot_c_pack_parity_panel_benchmark.json	tier_scalar_pass	True
fsot_c_pack_parity_panel_benchmark.json	tier_scalar_max_pass	True
fsot_c_pack_parity_panel_benchmark.json	scalar_median_pass	True
fsot_c_pack_parity_panel_benchmark.json	classifier_count	0
fsot_c_pack_parity_panel_benchmark.json	classifier_correct	0
fsot_c_pack_parity_panel_benchmark.json	classifier_accuracy_pct	None
fsot_c_pack_parity_panel_benchmark.json	classifier_pass	True
fsot_c_pack_parity_panel_benchmark.json	official_pooled_median_error_pct	0.0
fsot_c_pack_parity_panel_benchmark.json	green_gate_pass	True
fsot_c_pack_parity_panel_benchmark.json	max_scalar_name	None
fsot_c_pack_parity_panel_benchmark.json	max_scalar_property	None
fsot_c_pack_parity_panel_benchmark.json	max_gate_scalar_name	None
fsot_c_pack_parity_panel_benchmark.json	worst_effective_scalar_name	None
fsot_cache_hierarchy_panel_benchmark.json	records	61
fsot_cache_hierarchy_panel_benchmark.json	pooled_median_error_pct	0.0
fsot_cache_hierarchy_panel_benchmark.json	scalar_count	57
fsot_cache_hierarchy_panel_benchmark.json	scalar_median_error_pct	0.0
fsot_cache_hierarchy_panel_benchmark.json	max_scalar_error_pct	0.0
fsot_cache_hierarchy_panel_benchmark.json	effective_scalar_median_error_pct	0.0
fsot_cache_hierarchy_panel_benchmark.json	max_effective_scalar_error_pct	0.0
fsot_cache_hierarchy_panel_benchmark.json	worst_effective_scalar_error_pct	539.6312574448079
fsot_cache_hierarchy_panel_benchmark.json	rounding_ghost_scalar_count	0
fsot_cache_hierarchy_panel_benchmark.json	catalog_crosswalk_scalar_count	0
fsot_cache_hierarchy_panel_benchmark.json	strict_scalar_pass	True
fsot_cache_hierarchy_panel_benchmark.json	effective_scalar_pass	True
fsot_cache_hierarchy_panel_benchmark.json	max_gate_scalar_error_pct	0.0
fsot_cache_hierarchy_panel_benchmark.json	tier_scalar_median_error_pct	0.0
fsot_cache_hierarchy_panel_benchmark.json	tier_scalar_pass	True
fsot_cache_hierarchy_panel_benchmark.json	tier_scalar_max_pass	True
fsot_cache_hierarchy_panel_benchmark.json	scalar_median_pass	True
fsot_cache_hierarchy_panel_benchmark.json	classifier_count	0
fsot_cache_hierarchy_panel_benchmark.json	classifier_correct	0
fsot_cache_hierarchy_panel_benchmark.json	classifier_accuracy_pct	None
fsot_cache_hierarchy_panel_benchmark.json	classifier_pass	True
fsot_cache_hierarchy_panel_benchmark.json	official_pooled_median_error_pct	0.0
fsot_cache_hierarchy_panel_benchmark.json	green_gate_pass	True
fsot_cache_hierarchy_panel_benchmark.json	max_scalar_name	None
fsot_cache_hierarchy_panel_benchmark.json	max_scalar_property	None
fsot_cache_hierarchy_panel_benchmark.json	max_gate_scalar_name	None
fsot_cache_hierarchy_panel_benchmark.json	worst_effective_scalar_name	cache_locality
fsot_gpu_cuda_competitive_panel_benchmark.json	records	27
fsot_gpu_cuda_competitive_panel_benchmark.json	pooled_median_error_pct	0.0
fsot_gpu_cuda_competitive_panel_benchmark.json	scalar_count	26
fsot_gpu_cuda_competitive_panel_benchmark.json	scalar_median_error_pct	0.0
fsot_gpu_cuda_competitive_panel_benchmark.json	max_scalar_error_pct	0.0
fsot_gpu_cuda_competitive_panel_benchmark.json	effective_scalar_median_error_pct	0.0
fsot_gpu_cuda_competitive_panel_benchmark.json	max_effective_scalar_error_pct	0.0
fsot_gpu_cuda_competitive_panel_benchmark.json	worst_effective_scalar_error_pct	712.550930540123
fsot_gpu_cuda_competitive_panel_benchmark.json	rounding_ghost_scalar_count	0
fsot_gpu_cuda_competitive_panel_benchmark.json	catalog_crosswalk_scalar_count	0
fsot_gpu_cuda_competitive_panel_benchmark.json	strict_scalar_pass	True
fsot_gpu_cuda_competitive_panel_benchmark.json	effective_scalar_pass	True
fsot_gpu_cuda_competitive_panel_benchmark.json	max_gate_scalar_error_pct	0.0
fsot_gpu_cuda_competitive_panel_benchmark.json	tier_scalar_median_error_pct	0.0
fsot_gpu_cuda_competitive_panel_benchmark.json	tier_scalar_pass	True
fsot_gpu_cuda_competitive_panel_benchmark.json	tier_scalar_max_pass	True
fsot_gpu_cuda_competitive_panel_benchmark.json	scalar_median_pass	True
fsot_gpu_cuda_competitive_panel_benchmark.json	classifier_count	0
fsot_gpu_cuda_competitive_panel_benchmark.json	classifier_correct	0
fsot_gpu_cuda_competitive_panel_benchmark.json	classifier_accuracy_pct	None
fsot_gpu_cuda_competitive_panel_benchmark.json	classifier_pass	True
fsot_gpu_cuda_competitive_panel_benchmark.json	official_pooled_median_error_pct	0.0
fsot_gpu_cuda_competitive_panel_benchmark.json	green_gate_pass	True
fsot_gpu_cuda_competitive_panel_benchmark.json	max_scalar_name	None
fsot_gpu_cuda_competitive_panel_benchmark.json	max_scalar_property	None
fsot_gpu_cuda_competitive_panel_benchmark.json	max_gate_scalar_name	None
fsot_gpu_cuda_competitive_panel_benchmark.json	worst_effective_scalar_name	beat_cuda_A_frac
fsot_gpu_engineering_spine_benchmark.json	records	40
fsot_gpu_engineering_spine_benchmark.json	pooled_median_error_pct	0.0
fsot_gpu_engineering_spine_benchmark.json	scalar_count	37
fsot_gpu_engineering_spine_benchmark.json	scalar_median_error_pct	0.0
fsot_gpu_engineering_spine_benchmark.json	max_scalar_error_pct	0.020755
fsot_gpu_engineering_spine_benchmark.json	effective_scalar_median_error_pct	0.0
fsot_gpu_engineering_spine_benchmark.json	max_effective_scalar_error_pct	0.020755
fsot_gpu_engineering_spine_benchmark.json	worst_effective_scalar_error_pct	0.02076666666666801
fsot_gpu_engineering_spine_benchmark.json	rounding_ghost_scalar_count	0
fsot_gpu_engineering_spine_benchmark.json	catalog_crosswalk_scalar_count	0
fsot_gpu_engineering_spine_benchmark.json	strict_scalar_pass	True
fsot_gpu_engineering_spine_benchmark.json	effective_scalar_pass	True
fsot_gpu_engineering_spine_benchmark.json	max_gate_scalar_error_pct	0.020755
fsot_gpu_engineering_spine_benchmark.json	tier_scalar_median_error_pct	0.0
fsot_gpu_engineering_spine_benchmark.json	tier_scalar_pass	True
fsot_gpu_engineering_spine_benchmark.json	tier_scalar_max_pass	True
fsot_gpu_engineering_spine_benchmark.json	scalar_median_pass	True
fsot_gpu_engineering_spine_benchmark.json	classifier_count	0
fsot_gpu_engineering_spine_benchmark.json	classifier_correct	0
fsot_gpu_engineering_spine_benchmark.json	classifier_accuracy_pct	None
fsot_gpu_engineering_spine_benchmark.json	classifier_pass	True
fsot_gpu_engineering_spine_benchmark.json	official_pooled_median_error_pct	0.0
fsot_gpu_engineering_spine_benchmark.json	green_gate_pass	True
fsot_gpu_engineering_spine_benchmark.json	max_scalar_name	esp32_platform_engineering_panel_benchmark
fsot_gpu_engineering_spine_benchmark.json	max_scalar_property	source_pooled_residual
fsot_gpu_engineering_spine_benchmark.json	max_gate_scalar_name	esp32_platform_engineering_panel_benchmark
fsot_gpu_engineering_spine_benchmark.json	worst_effective_scalar_name	MCU_ESP32_WROOM32
fsot_gpu_parity_verify_panel_benchmark.json	records	48
fsot_gpu_parity_verify_panel_benchmark.json	pooled_median_error_pct	0.0
fsot_gpu_parity_verify_panel_benchmark.json	scalar_count	48
fsot_gpu_parity_verify_panel_benchmark.json	scalar_median_error_pct	0.0
fsot_gpu_parity_verify_panel_benchmark.json	max_scalar_error_pct	0.0
fsot_gpu_parity_verify_panel_benchmark.json	effective_scalar_median_error_pct	0.0
fsot_gpu_parity_verify_panel_benchmark.json	max_effective_scalar_error_pct	0.0
fsot_gpu_parity_verify_panel_benchmark.json	worst_effective_scalar_error_pct	0.0
fsot_gpu_parity_verify_panel_benchmark.json	rounding_ghost_scalar_count	0
fsot_gpu_parity_verify_panel_benchmark.json	catalog_crosswalk_scalar_count	0
fsot_gpu_parity_verify_panel_benchmark.json	strict_scalar_pass	True
fsot_gpu_parity_verify_panel_benchmark.json	effective_scalar_pass	True
fsot_gpu_parity_verify_panel_benchmark.json	max_gate_scalar_error_pct	0.0
fsot_gpu_parity_verify_panel_benchmark.json	tier_scalar_median_error_pct	0.0
fsot_gpu_parity_verify_panel_benchmark.json	tier_scalar_pass	True
fsot_gpu_parity_verify_panel_benchmark.json	tier_scalar_max_pass	True
fsot_gpu_parity_verify_panel_benchmark.json	scalar_median_pass	True
fsot_gpu_parity_verify_panel_benchmark.json	classifier_count	0
fsot_gpu_parity_verify_panel_benchmark.json	classifier_correct	0
fsot_gpu_parity_verify_panel_benchmark.json	classifier_accuracy_pct	None
fsot_gpu_parity_verify_panel_benchmark.json	classifier_pass	True
fsot_gpu_parity_verify_panel_benchmark.json	official_pooled_median_error_pct	0.0
fsot_gpu_parity_verify_panel_benchmark.json	green_gate_pass	True
fsot_gpu_parity_verify_panel_benchmark.json	max_scalar_name	None
fsot_gpu_parity_verify_panel_benchmark.json	max_scalar_property	None
fsot_gpu_parity_verify_panel_benchmark.json	max_gate_scalar_name	None
fsot_gpu_parity_verify_panel_benchmark.json	worst_effective_scalar_name	None
fsot_hardware_depth_spine_benchmark.json	records	170
fsot_hardware_depth_spine_benchmark.json	pooled_median_error_pct	0.0
fsot_hardware_depth_spine_benchmark.json	scalar_count	160
fsot_hardware_depth_spine_benchmark.json	scalar_median_error_pct	0.0
fsot_hardware_depth_spine_benchmark.json	max_scalar_error_pct	0.261955886
fsot_hardware_depth_spine_benchmark.json	effective_scalar_median_error_pct	0.0
fsot_hardware_depth_spine_benchmark.json	max_effective_scalar_error_pct	0.2619558857371566
fsot_hardware_depth_spine_benchmark.json	worst_effective_scalar_error_pct	1546.9436652403735
fsot_hardware_depth_spine_benchmark.json	rounding_ghost_scalar_count	0
fsot_hardware_depth_spine_benchmark.json	catalog_crosswalk_scalar_count	0
fsot_hardware_depth_spine_benchmark.json	strict_scalar_pass	True
fsot_hardware_depth_spine_benchmark.json	effective_scalar_pass	True
fsot_hardware_depth_spine_benchmark.json	max_gate_scalar_error_pct	0.261955886
fsot_hardware_depth_spine_benchmark.json	tier_scalar_median_error_pct	0.0
fsot_hardware_depth_spine_benchmark.json	tier_scalar_pass	True
fsot_hardware_depth_spine_benchmark.json	tier_scalar_max_pass	False
fsot_hardware_depth_spine_benchmark.json	scalar_median_pass	True
fsot_hardware_depth_spine_benchmark.json	classifier_count	0
fsot_hardware_depth_spine_benchmark.json	classifier_correct	0
fsot_hardware_depth_spine_benchmark.json	classifier_accuracy_pct	None
fsot_hardware_depth_spine_benchmark.json	classifier_pass	True
fsot_hardware_depth_spine_benchmark.json	official_pooled_median_error_pct	0.0
fsot_hardware_depth_spine_benchmark.json	green_gate_pass	True
fsot_hardware_depth_spine_benchmark.json	max_scalar_name	rtx5070_vram
fsot_hardware_depth_spine_benchmark.json	max_scalar_property	vram_usable_mib_c_eff_times_formal
fsot_hardware_depth_spine_benchmark.json	max_gate_scalar_name	rtx5070_vram
fsot_hardware_depth_spine_benchmark.json	worst_effective_scalar_name	bus_coherence
fsot_interconnect_coherence_panel_benchmark.json	records	62
fsot_interconnect_coherence_panel_benchmark.json	pooled_median_error_pct	0.0
fsot_interconnect_coherence_panel_benchmark.json	scalar_count	61
fsot_interconnect_coherence_panel_benchmark.json	scalar_median_error_pct	0.0
fsot_interconnect_coherence_panel_benchmark.json	max_scalar_error_pct	0.0
fsot_interconnect_coherence_panel_benchmark.json	effective_scalar_median_error_pct	0.0
fsot_interconnect_coherence_panel_benchmark.json	max_effective_scalar_error_pct	0.0
fsot_interconnect_coherence_panel_benchmark.json	worst_effective_scalar_error_pct	1546.9436652403735
fsot_interconnect_coherence_panel_benchmark.json	rounding_ghost_scalar_count	0
fsot_interconnect_coherence_panel_benchmark.json	catalog_crosswalk_scalar_count	0
fsot_interconnect_coherence_panel_benchmark.json	strict_scalar_pass	True
fsot_interconnect_coherence_panel_benchmark.json	effective_scalar_pass	True
fsot_interconnect_coherence_panel_benchmark.json	max_gate_scalar_error_pct	0.0
fsot_interconnect_coherence_panel_benchmark.json	tier_scalar_median_error_pct	0.0
fsot_interconnect_coherence_panel_benchmark.json	tier_scalar_pass	True
fsot_interconnect_coherence_panel_benchmark.json	tier_scalar_max_pass	True
fsot_interconnect_coherence_panel_benchmark.json	scalar_median_pass	True
fsot_interconnect_coherence_panel_benchmark.json	classifier_count	0
fsot_interconnect_coherence_panel_benchmark.json	classifier_correct	0
fsot_interconnect_coherence_panel_benchmark.json	classifier_accuracy_pct	None
fsot_interconnect_coherence_panel_benchmark.json	classifier_pass	True
fsot_interconnect_coherence_panel_benchmark.json	official_pooled_median_error_pct	0.0
fsot_interconnect_coherence_panel_benchmark.json	green_gate_pass	True
fsot_interconnect_coherence_panel_benchmark.json	max_scalar_name	None
fsot_interconnect_coherence_panel_benchmark.json	max_scalar_property	None
fsot_interconnect_coherence_panel_benchmark.json	max_gate_scalar_name	None
fsot_interconnect_coherence_panel_benchmark.json	worst_effective_scalar_name	bus_coherence
fsot_physics_all_solved_benchmark.json	records	287
fsot_physics_all_solved_benchmark.json	pooled_median_error_pct	0.009504
fsot_physics_all_solved_benchmark.json	scalar_count	284
fsot_physics_all_solved_benchmark.json	scalar_median_error_pct	0.009504
fsot_physics_all_solved_benchmark.json	max_scalar_error_pct	0.073582
fsot_physics_all_solved_benchmark.json	effective_scalar_median_error_pct	0.009524832709184559
fsot_physics_all_solved_benchmark.json	max_effective_scalar_error_pct	0.07358738738253263
fsot_physics_all_solved_benchmark.json	worst_effective_scalar_error_pct	0.07359458829017228
fsot_physics_all_solved_benchmark.json	rounding_ghost_scalar_count	0
fsot_physics_all_solved_benchmark.json	catalog_crosswalk_scalar_count	0
fsot_physics_all_solved_benchmark.json	strict_scalar_pass	True
fsot_physics_all_solved_benchmark.json	effective_scalar_pass	True
fsot_physics_all_solved_benchmark.json	max_gate_scalar_error_pct	0.073582
fsot_physics_all_solved_benchmark.json	tier_scalar_median_error_pct	0.009524832709184559
fsot_physics_all_solved_benchmark.json	tier_scalar_pass	True
fsot_physics_all_solved_benchmark.json	tier_scalar_max_pass	False
fsot_physics_all_solved_benchmark.json	scalar_median_pass	True
fsot_physics_all_solved_benchmark.json	classifier_count	0
fsot_physics_all_solved_benchmark.json	classifier_correct	0
fsot_physics_all_solved_benchmark.json	classifier_accuracy_pct	None
fsot_physics_all_solved_benchmark.json	classifier_pass	True
fsot_physics_all_solved_benchmark.json	official_pooled_median_error_pct	0.009504
fsot_physics_all_solved_benchmark.json	green_gate_pass	True
fsot_physics_all_solved_benchmark.json	max_scalar_name	wave3_Deuteron_binding_MeV
fsot_physics_all_solved_benchmark.json	max_scalar_property	Deuteron_binding_MeV
fsot_physics_all_solved_benchmark.json	max_gate_scalar_name	wave3_Deuteron_binding_MeV
fsot_physics_all_solved_benchmark.json	worst_effective_scalar_name	wave8_Deuteron_mu_muN
fsot_physics_all_solved_benchmark.json	lb_records	280
fsot_physics_all_solved_benchmark.json	lb_unrouted	0
fsot_physics_all_solved_benchmark.json	lb_computed_match	10
fsot_physics_all_solved_benchmark.json	lb_scalar_match	0
fsot_physics_all_solved_benchmark.json	lb_error_match	2
fsot_physics_all_solved_benchmark.json	lb_max_rel_dev	0.0008764241893077411
fsot_processor_function_panel_benchmark.json	records	24
fsot_processor_function_panel_benchmark.json	pooled_median_error_pct	0.0
fsot_processor_function_panel_benchmark.json	scalar_count	23
fsot_processor_function_panel_benchmark.json	scalar_median_error_pct	0.0
fsot_processor_function_panel_benchmark.json	max_scalar_error_pct	0.044346326
fsot_processor_function_panel_benchmark.json	effective_scalar_median_error_pct	0.0
fsot_processor_function_panel_benchmark.json	max_effective_scalar_error_pct	0.04434632552540545
fsot_processor_function_panel_benchmark.json	worst_effective_scalar_error_pct	712.550930540123
fsot_processor_function_panel_benchmark.json	rounding_ghost_scalar_count	0
fsot_processor_function_panel_benchmark.json	catalog_crosswalk_scalar_count	0
fsot_processor_function_panel_benchmark.json	strict_scalar_pass	True
fsot_processor_function_panel_benchmark.json	effective_scalar_pass	True
fsot_processor_function_panel_benchmark.json	max_gate_scalar_error_pct	0.044346326
fsot_processor_function_panel_benchmark.json	tier_scalar_median_error_pct	0.0
fsot_processor_function_panel_benchmark.json	tier_scalar_pass	True
fsot_processor_function_panel_benchmark.json	tier_scalar_max_pass	True
fsot_processor_function_panel_benchmark.json	scalar_median_pass	True
fsot_processor_function_panel_benchmark.json	classifier_count	0
fsot_processor_function_panel_benchmark.json	classifier_correct	0
fsot_processor_function_panel_benchmark.json	classifier_accuracy_pct	None
fsot_processor_function_panel_benchmark.json	classifier_pass	True
fsot_processor_function_panel_benchmark.json	official_pooled_median_error_pct	0.0
fsot_processor_function_panel_benchmark.json	green_gate_pass	True
fsot_processor_function_panel_benchmark.json	max_scalar_name	rtx5070_multiprocessors
fsot_processor_function_panel_benchmark.json	max_scalar_property	sm_count_phi8_plus_1
fsot_processor_function_panel_benchmark.json	max_gate_scalar_name	rtx5070_multiprocessors
fsot_processor_function_panel_benchmark.json	worst_effective_scalar_name	processor_work_W_eq_H_S_A_D
fsot_ram_function_panel_benchmark.json	records	32
fsot_ram_function_panel_benchmark.json	pooled_median_error_pct	0.0
fsot_ram_function_panel_benchmark.json	scalar_count	29
fsot_ram_function_panel_benchmark.json	scalar_median_error_pct	0.0
fsot_ram_function_panel_benchmark.json	max_scalar_error_pct	0.261955886
fsot_ram_function_panel_benchmark.json	effective_scalar_median_error_pct	0.0
fsot_ram_function_panel_benchmark.json	max_effective_scalar_error_pct	0.2619558857371566
fsot_ram_function_panel_benchmark.json	worst_effective_scalar_error_pct	1.2867116587913947
fsot_ram_function_panel_benchmark.json	rounding_ghost_scalar_count	0
fsot_ram_function_panel_benchmark.json	catalog_crosswalk_scalar_count	0
fsot_ram_function_panel_benchmark.json	strict_scalar_pass	True
fsot_ram_function_panel_benchmark.json	effective_scalar_pass	True
fsot_ram_function_panel_benchmark.json	max_gate_scalar_error_pct	0.261955886
fsot_ram_function_panel_benchmark.json	tier_scalar_median_error_pct	0.0
fsot_ram_function_panel_benchmark.json	tier_scalar_pass	True
fsot_ram_function_panel_benchmark.json	tier_scalar_max_pass	False
fsot_ram_function_panel_benchmark.json	scalar_median_pass	True
fsot_ram_function_panel_benchmark.json	classifier_count	0
fsot_ram_function_panel_benchmark.json	classifier_correct	0
fsot_ram_function_panel_benchmark.json	classifier_accuracy_pct	None
fsot_ram_function_panel_benchmark.json	classifier_pass	True
fsot_ram_function_panel_benchmark.json	official_pooled_median_error_pct	0.0
fsot_ram_function_panel_benchmark.json	green_gate_pass	True
fsot_ram_function_panel_benchmark.json	max_scalar_name	rtx5070_vram
fsot_ram_function_panel_benchmark.json	max_scalar_property	vram_usable_mib_c_eff_times_formal
fsot_ram_function_panel_benchmark.json	max_gate_scalar_name	rtx5070_vram
fsot_ram_function_panel_benchmark.json	worst_effective_scalar_name	host_system_ram
fuel_candidate_prereg_scaffold_benchmark.json	records	33
fuel_candidate_prereg_scaffold_benchmark.json	pooled_median_error_pct	0.0
fuel_candidate_prereg_scaffold_benchmark.json	scalar_count	5
fuel_candidate_prereg_scaffold_benchmark.json	scalar_median_error_pct	0.0
fuel_candidate_prereg_scaffold_benchmark.json	max_scalar_error_pct	0.0
fuel_candidate_prereg_scaffold_benchmark.json	effective_scalar_median_error_pct	0.0
fuel_candidate_prereg_scaffold_benchmark.json	max_effective_scalar_error_pct	0.0
fuel_candidate_prereg_scaffold_benchmark.json	worst_effective_scalar_error_pct	0.0
fuel_candidate_prereg_scaffold_benchmark.json	rounding_ghost_scalar_count	0
fuel_candidate_prereg_scaffold_benchmark.json	catalog_crosswalk_scalar_count	0
fuel_candidate_prereg_scaffold_benchmark.json	strict_scalar_pass	True
fuel_candidate_prereg_scaffold_benchmark.json	effective_scalar_pass	True
fuel_candidate_prereg_scaffold_benchmark.json	max_gate_scalar_error_pct	0.0
fuel_candidate_prereg_scaffold_benchmark.json	tier_scalar_median_error_pct	0.0
fuel_candidate_prereg_scaffold_benchmark.json	tier_scalar_pass	True
fuel_candidate_prereg_scaffold_benchmark.json	tier_scalar_max_pass	True
fuel_candidate_prereg_scaffold_benchmark.json	scalar_median_pass	True
fuel_candidate_prereg_scaffold_benchmark.json	classifier_count	0
fuel_candidate_prereg_scaffold_benchmark.json	classifier_correct	0
fuel_candidate_prereg_scaffold_benchmark.json	classifier_accuracy_pct	None
fuel_candidate_prereg_scaffold_benchmark.json	classifier_pass	True
fuel_candidate_prereg_scaffold_benchmark.json	official_pooled_median_error_pct	0.0
fuel_candidate_prereg_scaffold_benchmark.json	green_gate_pass	True
fuel_candidate_prereg_scaffold_benchmark.json	max_scalar_name	None
fuel_candidate_prereg_scaffold_benchmark.json	max_scalar_property	None
fuel_candidate_prereg_scaffold_benchmark.json	max_gate_scalar_name	None
fuel_candidate_prereg_scaffold_benchmark.json	worst_effective_scalar_name	None
fuel_lab_live_panel_benchmark.json	records	366
fuel_lab_live_panel_benchmark.json	pooled_median_error_pct	0.075688
fuel_lab_live_panel_benchmark.json	scalar_count	0
fuel_lab_live_panel_benchmark.json	scalar_median_error_pct	None
fuel_lab_live_panel_benchmark.json	max_scalar_error_pct	None
fuel_lab_live_panel_benchmark.json	effective_scalar_median_error_pct	None
fuel_lab_live_panel_benchmark.json	max_effective_scalar_error_pct	None
fuel_lab_live_panel_benchmark.json	worst_effective_scalar_error_pct	None
fuel_lab_live_panel_benchmark.json	rounding_ghost_scalar_count	0
fuel_lab_live_panel_benchmark.json	catalog_crosswalk_scalar_count	0
fuel_lab_live_panel_benchmark.json	strict_scalar_pass	True
fuel_lab_live_panel_benchmark.json	effective_scalar_pass	True
fuel_lab_live_panel_benchmark.json	max_gate_scalar_error_pct	None
fuel_lab_live_panel_benchmark.json	tier_scalar_median_error_pct	None
fuel_lab_live_panel_benchmark.json	tier_scalar_pass	True
fuel_lab_live_panel_benchmark.json	tier_scalar_max_pass	True
fuel_lab_live_panel_benchmark.json	scalar_median_pass	True
fuel_lab_live_panel_benchmark.json	classifier_count	0
fuel_lab_live_panel_benchmark.json	classifier_correct	0
fuel_lab_live_panel_benchmark.json	classifier_accuracy_pct	None
fuel_lab_live_panel_benchmark.json	classifier_pass	True
fuel_lab_live_panel_benchmark.json	official_pooled_median_error_pct	None
fuel_lab_live_panel_benchmark.json	green_gate_pass	True
fuel_lab_live_panel_benchmark.json	max_scalar_name	None
fuel_lab_live_panel_benchmark.json	max_scalar_property	None
fuel_lab_live_panel_benchmark.json	max_gate_scalar_name	None
fuel_lab_live_panel_benchmark.json	worst_effective_scalar_name	None
fuel_lab_live_panel_benchmark.json	lb_records	366
fuel_lab_live_panel_benchmark.json	lb_unrouted	0
fuel_lab_live_panel_benchmark.json	lb_computed_match	366
fuel_lab_live_panel_benchmark.json	lb_scalar_match	366
fuel_lab_live_panel_benchmark.json	lb_error_match	366
fuel_lab_live_panel_benchmark.json	lb_max_rel_dev	0.0
fuel_thermochemistry_public_anchors_benchmark.json	records	24
fuel_thermochemistry_public_anchors_benchmark.json	pooled_median_error_pct	0.0
fuel_thermochemistry_public_anchors_benchmark.json	scalar_count	23
fuel_thermochemistry_public_anchors_benchmark.json	scalar_median_error_pct	0.0
fuel_thermochemistry_public_anchors_benchmark.json	max_scalar_error_pct	2.1766e-05
fuel_thermochemistry_public_anchors_benchmark.json	effective_scalar_median_error_pct	0.0
fuel_thermochemistry_public_anchors_benchmark.json	max_effective_scalar_error_pct	2.1766e-05
fuel_thermochemistry_public_anchors_benchmark.json	worst_effective_scalar_error_pct	0.0
fuel_thermochemistry_public_anchors_benchmark.json	rounding_ghost_scalar_count	0
fuel_thermochemistry_public_anchors_benchmark.json	catalog_crosswalk_scalar_count	0
fuel_thermochemistry_public_anchors_benchmark.json	strict_scalar_pass	True
fuel_thermochemistry_public_anchors_benchmark.json	effective_scalar_pass	True
fuel_thermochemistry_public_anchors_benchmark.json	max_gate_scalar_error_pct	2.1766e-05
fuel_thermochemistry_public_anchors_benchmark.json	tier_scalar_median_error_pct	0.0
fuel_thermochemistry_public_anchors_benchmark.json	tier_scalar_pass	True
fuel_thermochemistry_public_anchors_benchmark.json	tier_scalar_max_pass	True
fuel_thermochemistry_public_anchors_benchmark.json	scalar_median_pass	True
fuel_thermochemistry_public_anchors_benchmark.json	classifier_count	0
fuel_thermochemistry_public_anchors_benchmark.json	classifier_correct	0
fuel_thermochemistry_public_anchors_benchmark.json	classifier_accuracy_pct	None
fuel_thermochemistry_public_anchors_benchmark.json	classifier_pass	True
fuel_thermochemistry_public_anchors_benchmark.json	official_pooled_median_error_pct	0.0
fuel_thermochemistry_public_anchors_benchmark.json	green_gate_pass	True
fuel_thermochemistry_public_anchors_benchmark.json	max_scalar_name	07b3e073b02aa441
fuel_thermochemistry_public_anchors_benchmark.json	max_scalar_property	R_N
fuel_thermochemistry_public_anchors_benchmark.json	max_gate_scalar_name	07b3e073b02aa441
fuel_thermochemistry_public_anchors_benchmark.json	worst_effective_scalar_name	None
fusion_decay_chain_prereg_scaffold_benchmark.json	records	24
fusion_decay_chain_prereg_scaffold_benchmark.json	pooled_median_error_pct	0.0
fusion_decay_chain_prereg_scaffold_benchmark.json	scalar_count	12
fusion_decay_chain_prereg_scaffold_benchmark.json	scalar_median_error_pct	0.0
fusion_decay_chain_prereg_scaffold_benchmark.json	max_scalar_error_pct	9.5e-05
fusion_decay_chain_prereg_scaffold_benchmark.json	effective_scalar_median_error_pct	0.0
fusion_decay_chain_prereg_scaffold_benchmark.json	max_effective_scalar_error_pct	9.499999999699564e-05
fusion_decay_chain_prereg_scaffold_benchmark.json	worst_effective_scalar_error_pct	9.523809523448974e-05
fusion_decay_chain_prereg_scaffold_benchmark.json	rounding_ghost_scalar_count	0
fusion_decay_chain_prereg_scaffold_benchmark.json	catalog_crosswalk_scalar_count	0
fusion_decay_chain_prereg_scaffold_benchmark.json	strict_scalar_pass	True
fusion_decay_chain_prereg_scaffold_benchmark.json	effective_scalar_pass	True
fusion_decay_chain_prereg_scaffold_benchmark.json	max_gate_scalar_error_pct	9.5e-05
fusion_decay_chain_prereg_scaffold_benchmark.json	tier_scalar_median_error_pct	0.0
fusion_decay_chain_prereg_scaffold_benchmark.json	tier_scalar_pass	True
fusion_decay_chain_prereg_scaffold_benchmark.json	tier_scalar_max_pass	True
fusion_decay_chain_prereg_scaffold_benchmark.json	scalar_median_pass	True
fusion_decay_chain_prereg_scaffold_benchmark.json	classifier_count	4
fusion_decay_chain_prereg_scaffold_benchmark.json	classifier_correct	4
fusion_decay_chain_prereg_scaffold_benchmark.json	classifier_accuracy_pct	100.0
fusion_decay_chain_prereg_scaffold_benchmark.json	classifier_pass	True
fusion_decay_chain_prereg_scaffold_benchmark.json	official_pooled_median_error_pct	0.0
fusion_decay_chain_prereg_scaffold_benchmark.json	green_gate_pass	True
fusion_decay_chain_prereg_scaffold_benchmark.json	max_scalar_name	pd_d_to_Z120_cascade
fusion_decay_chain_prereg_scaffold_benchmark.json	max_scalar_property	chain_max_Z_prediction
fusion_decay_chain_prereg_scaffold_benchmark.json	max_gate_scalar_name	pd_d_to_Z120_cascade
fusion_decay_chain_prereg_scaffold_benchmark.json	worst_effective_scalar_name	muon_dd_to_Z126_cascade
fusion_lab_certificate_spine_benchmark.json	records	50
fusion_lab_certificate_spine_benchmark.json	pooled_median_error_pct	0.0
fusion_lab_certificate_spine_benchmark.json	scalar_count	41
fusion_lab_certificate_spine_benchmark.json	scalar_median_error_pct	0.0
fusion_lab_certificate_spine_benchmark.json	max_scalar_error_pct	0.027544107556414246
fusion_lab_certificate_spine_benchmark.json	effective_scalar_median_error_pct	0.0
fusion_lab_certificate_spine_benchmark.json	max_effective_scalar_error_pct	0.031123560535315876
fusion_lab_certificate_spine_benchmark.json	worst_effective_scalar_error_pct	0.03579525116336076
fusion_lab_certificate_spine_benchmark.json	rounding_ghost_scalar_count	0
fusion_lab_certificate_spine_benchmark.json	catalog_crosswalk_scalar_count	0
fusion_lab_certificate_spine_benchmark.json	strict_scalar_pass	True
fusion_lab_certificate_spine_benchmark.json	effective_scalar_pass	True
fusion_lab_certificate_spine_benchmark.json	max_gate_scalar_error_pct	0.027544107556414246
fusion_lab_certificate_spine_benchmark.json	tier_scalar_median_error_pct	0.0
fusion_lab_certificate_spine_benchmark.json	tier_scalar_pass	True
fusion_lab_certificate_spine_benchmark.json	tier_scalar_max_pass	True
fusion_lab_certificate_spine_benchmark.json	scalar_median_pass	True
fusion_lab_certificate_spine_benchmark.json	classifier_count	2
fusion_lab_certificate_spine_benchmark.json	classifier_correct	2
fusion_lab_certificate_spine_benchmark.json	classifier_accuracy_pct	100.0
fusion_lab_certificate_spine_benchmark.json	classifier_pass	True
fusion_lab_certificate_spine_benchmark.json	official_pooled_median_error_pct	0.0
fusion_lab_certificate_spine_benchmark.json	green_gate_pass	True
fusion_lab_certificate_spine_benchmark.json	max_scalar_name	Acoustic_Resonance_Materials__AI_Galactic_Orbital_Bridge
fusion_lab_certificate_spine_benchmark.json	max_scalar_property	orbital_bridge_coupling
fusion_lab_certificate_spine_benchmark.json	max_gate_scalar_name	Acoustic_Resonance_Materials__AI_Galactic_Orbital_Bridge
fusion_lab_certificate_spine_benchmark.json	worst_effective_scalar_name	Acoustic_Resonance_Materials__Adversarial_Fractal_Break_Tests
fusion_lean_route_credibility_benchmark.json	records	81
fusion_lean_route_credibility_benchmark.json	pooled_median_error_pct	0.009504
fusion_lean_route_credibility_benchmark.json	scalar_count	72
fusion_lean_route_credibility_benchmark.json	scalar_median_error_pct	0.009504
fusion_lean_route_credibility_benchmark.json	max_scalar_error_pct	0.009504
fusion_lean_route_credibility_benchmark.json	effective_scalar_median_error_pct	0.00950400000000684
fusion_lean_route_credibility_benchmark.json	max_effective_scalar_error_pct	0.009505681818183282
fusion_lean_route_credibility_benchmark.json	worst_effective_scalar_error_pct	0.011655011655003092
fusion_lean_route_credibility_benchmark.json	rounding_ghost_scalar_count	0
fusion_lean_route_credibility_benchmark.json	catalog_crosswalk_scalar_count	0
fusion_lean_route_credibility_benchmark.json	strict_scalar_pass	True
fusion_lean_route_credibility_benchmark.json	effective_scalar_pass	True
fusion_lean_route_credibility_benchmark.json	max_gate_scalar_error_pct	0.009504
fusion_lean_route_credibility_benchmark.json	tier_scalar_median_error_pct	0.00950400000000684
fusion_lean_route_credibility_benchmark.json	tier_scalar_pass	True
fusion_lean_route_credibility_benchmark.json	tier_scalar_max_pass	True
fusion_lean_route_credibility_benchmark.json	scalar_median_pass	True
fusion_lean_route_credibility_benchmark.json	classifier_count	7
fusion_lean_route_credibility_benchmark.json	classifier_correct	7
fusion_lean_route_credibility_benchmark.json	classifier_accuracy_pct	100.0
fusion_lean_route_credibility_benchmark.json	classifier_pass	True
fusion_lean_route_credibility_benchmark.json	official_pooled_median_error_pct	0.009504
fusion_lean_route_credibility_benchmark.json	green_gate_pass	True
fusion_lean_route_credibility_benchmark.json	max_scalar_name	dt_fusion
fusion_lean_route_credibility_benchmark.json	max_scalar_property	energy_mev
fusion_lean_route_credibility_benchmark.json	max_gate_scalar_name	dt_fusion
fusion_lean_route_credibility_benchmark.json	worst_effective_scalar_name	V_td
fusion_lean_route_credibility_benchmark.json	lb_records	81
fusion_lean_route_credibility_benchmark.json	lb_unrouted	0
fusion_lean_route_credibility_benchmark.json	lb_computed_match	9
fusion_lean_route_credibility_benchmark.json	lb_scalar_match	0
fusion_lean_route_credibility_benchmark.json	lb_error_match	7
fusion_lean_route_credibility_benchmark.json	lb_max_rel_dev	0.0008146639511202711
fusion_physics_public_panel_benchmark.json	records	24
fusion_physics_public_panel_benchmark.json	pooled_median_error_pct	9.5e-05
fusion_physics_public_panel_benchmark.json	scalar_count	23
fusion_physics_public_panel_benchmark.json	scalar_median_error_pct	9.5e-05
fusion_physics_public_panel_benchmark.json	max_scalar_error_pct	0.000787
fusion_physics_public_panel_benchmark.json	effective_scalar_median_error_pct	9.195402300135891e-05
fusion_physics_public_panel_benchmark.json	max_effective_scalar_error_pct	0.0007906976744258503
fusion_physics_public_panel_benchmark.json	worst_effective_scalar_error_pct	0.0007906976744258503
fusion_physics_public_panel_benchmark.json	rounding_ghost_scalar_count	0
fusion_physics_public_panel_benchmark.json	catalog_crosswalk_scalar_count	0
fusion_physics_public_panel_benchmark.json	strict_scalar_pass	True
fusion_physics_public_panel_benchmark.json	effective_scalar_pass	True
fusion_physics_public_panel_benchmark.json	max_gate_scalar_error_pct	0.000787
fusion_physics_public_panel_benchmark.json	tier_scalar_median_error_pct	9.195402300135891e-05
fusion_physics_public_panel_benchmark.json	tier_scalar_pass	True
fusion_physics_public_panel_benchmark.json	tier_scalar_max_pass	True
fusion_physics_public_panel_benchmark.json	scalar_median_pass	True
fusion_physics_public_panel_benchmark.json	classifier_count	0
fusion_physics_public_panel_benchmark.json	classifier_correct	0
fusion_physics_public_panel_benchmark.json	classifier_accuracy_pct	None
fusion_physics_public_panel_benchmark.json	classifier_pass	True
fusion_physics_public_panel_benchmark.json	official_pooled_median_error_pct	9.5e-05
fusion_physics_public_panel_benchmark.json	green_gate_pass	True
fusion_physics_public_panel_benchmark.json	max_scalar_name	dt_bremsstrahlung_crossover
fusion_physics_public_panel_benchmark.json	max_scalar_property	power_balance_temp_kev
fusion_physics_public_panel_benchmark.json	max_gate_scalar_name	dt_bremsstrahlung_crossover
fusion_physics_public_panel_benchmark.json	worst_effective_scalar_name	dt_bremsstrahlung_crossover
gaia_astrometry_panel_deep_benchmark.json	records	62
gaia_astrometry_panel_deep_benchmark.json	pooled_median_error_pct	0.022461
gaia_astrometry_panel_deep_benchmark.json	scalar_count	48
gaia_astrometry_panel_deep_benchmark.json	scalar_median_error_pct	0.022461
gaia_astrometry_panel_deep_benchmark.json	max_scalar_error_pct	0.026472
gaia_astrometry_panel_deep_benchmark.json	effective_scalar_median_error_pct	0.022461517886979275
gaia_astrometry_panel_deep_benchmark.json	max_effective_scalar_error_pct	0.026666666666670207
gaia_astrometry_panel_deep_benchmark.json	worst_effective_scalar_error_pct	0.026666666666670207
gaia_astrometry_panel_deep_benchmark.json	rounding_ghost_scalar_count	0
gaia_astrometry_panel_deep_benchmark.json	catalog_crosswalk_scalar_count	0
gaia_astrometry_panel_deep_benchmark.json	strict_scalar_pass	True
gaia_astrometry_panel_deep_benchmark.json	effective_scalar_pass	True
gaia_astrometry_panel_deep_benchmark.json	max_gate_scalar_error_pct	0.026472
gaia_astrometry_panel_deep_benchmark.json	tier_scalar_median_error_pct	0.022461517886979275
gaia_astrometry_panel_deep_benchmark.json	tier_scalar_pass	True
gaia_astrometry_panel_deep_benchmark.json	tier_scalar_max_pass	True
gaia_astrometry_panel_deep_benchmark.json	scalar_median_pass	True
gaia_astrometry_panel_deep_benchmark.json	classifier_count	0
gaia_astrometry_panel_deep_benchmark.json	classifier_correct	0
gaia_astrometry_panel_deep_benchmark.json	classifier_accuracy_pct	None
gaia_astrometry_panel_deep_benchmark.json	classifier_pass	True
gaia_astrometry_panel_deep_benchmark.json	official_pooled_median_error_pct	0.022461
gaia_astrometry_panel_deep_benchmark.json	green_gate_pass	True
gaia_astrometry_panel_deep_benchmark.json	max_scalar_name	Alpha_Cen
gaia_astrometry_panel_deep_benchmark.json	max_scalar_property	metallicity_dex
gaia_astrometry_panel_deep_benchmark.json	max_gate_scalar_name	Alpha_Cen
gaia_astrometry_panel_deep_benchmark.json	worst_effective_scalar_name	Alpha_Cen
gaia_astrometry_panel_deep_benchmark.json	lb_records	48
gaia_astrometry_panel_deep_benchmark.json	lb_unrouted	0
gaia_astrometry_panel_deep_benchmark.json	lb_computed_match	1
gaia_astrometry_panel_deep_benchmark.json	lb_scalar_match	0
gaia_astrometry_panel_deep_benchmark.json	lb_error_match	1
gaia_astrometry_panel_deep_benchmark.json	lb_max_rel_dev	0.0005087176681066426
gaia_dr3_source_sample_open_benchmark.json	records	3459
gaia_dr3_source_sample_open_benchmark.json	pooled_median_error_pct	0.022461
gaia_dr3_source_sample_open_benchmark.json	scalar_count	3458
gaia_dr3_source_sample_open_benchmark.json	scalar_median_error_pct	0.022461
gaia_dr3_source_sample_open_benchmark.json	max_scalar_error_pct	0.026472
gaia_dr3_source_sample_open_benchmark.json	effective_scalar_median_error_pct	0.02246215723373092
gaia_dr3_source_sample_open_benchmark.json	max_effective_scalar_error_pct	0.026473032839584056
gaia_dr3_source_sample_open_benchmark.json	worst_effective_scalar_error_pct	0.02700379451726158
gaia_dr3_source_sample_open_benchmark.json	rounding_ghost_scalar_count	0
gaia_dr3_source_sample_open_benchmark.json	catalog_crosswalk_scalar_count	0
gaia_dr3_source_sample_open_benchmark.json	strict_scalar_pass	True
gaia_dr3_source_sample_open_benchmark.json	effective_scalar_pass	True
gaia_dr3_source_sample_open_benchmark.json	max_gate_scalar_error_pct	0.026472
gaia_dr3_source_sample_open_benchmark.json	tier_scalar_median_error_pct	0.02246215723373092
gaia_dr3_source_sample_open_benchmark.json	tier_scalar_pass	True
gaia_dr3_source_sample_open_benchmark.json	tier_scalar_max_pass	True
gaia_dr3_source_sample_open_benchmark.json	scalar_median_pass	True
gaia_dr3_source_sample_open_benchmark.json	classifier_count	0
gaia_dr3_source_sample_open_benchmark.json	classifier_correct	0
gaia_dr3_source_sample_open_benchmark.json	classifier_accuracy_pct	None
gaia_dr3_source_sample_open_benchmark.json	classifier_pass	True
gaia_dr3_source_sample_open_benchmark.json	official_pooled_median_error_pct	0.022461
gaia_dr3_source_sample_open_benchmark.json	green_gate_pass	True
gaia_dr3_source_sample_open_benchmark.json	max_scalar_name	138953225798124032
gaia_dr3_source_sample_open_benchmark.json	max_scalar_property	radial_velocity
gaia_dr3_source_sample_open_benchmark.json	max_gate_scalar_name	138953225798124032
gaia_dr3_source_sample_open_benchmark.json	worst_effective_scalar_name	196733180313643392
gaia_dr3_source_sample_open_benchmark.json	lb_records	3459
gaia_dr3_source_sample_open_benchmark.json	lb_unrouted	0
gaia_dr3_source_sample_open_benchmark.json	lb_computed_match	0
gaia_dr3_source_sample_open_benchmark.json	lb_scalar_match	0
gaia_dr3_source_sample_open_benchmark.json	lb_error_match	0
gaia_dr3_source_sample_open_benchmark.json	lb_max_rel_dev	0.0006055101422948326
gaia_dr3_tap_deep_benchmark.json	records	1826
gaia_dr3_tap_deep_benchmark.json	pooled_median_error_pct	0.022461
gaia_dr3_tap_deep_benchmark.json	scalar_count	1524
gaia_dr3_tap_deep_benchmark.json	scalar_median_error_pct	0.022461
gaia_dr3_tap_deep_benchmark.json	max_scalar_error_pct	0.022461
gaia_dr3_tap_deep_benchmark.json	effective_scalar_median_error_pct	0.022460625920817278
gaia_dr3_tap_deep_benchmark.json	max_effective_scalar_error_pct	0.022460991035331116
gaia_dr3_tap_deep_benchmark.json	worst_effective_scalar_error_pct	0.02247126436781783
gaia_dr3_tap_deep_benchmark.json	rounding_ghost_scalar_count	0
gaia_dr3_tap_deep_benchmark.json	catalog_crosswalk_scalar_count	0
gaia_dr3_tap_deep_benchmark.json	strict_scalar_pass	True
gaia_dr3_tap_deep_benchmark.json	effective_scalar_pass	True
gaia_dr3_tap_deep_benchmark.json	max_gate_scalar_error_pct	0.022461
gaia_dr3_tap_deep_benchmark.json	tier_scalar_median_error_pct	0.022460625920817278
gaia_dr3_tap_deep_benchmark.json	tier_scalar_pass	True
gaia_dr3_tap_deep_benchmark.json	tier_scalar_max_pass	True
gaia_dr3_tap_deep_benchmark.json	scalar_median_pass	True
gaia_dr3_tap_deep_benchmark.json	classifier_count	0
gaia_dr3_tap_deep_benchmark.json	classifier_correct	0
gaia_dr3_tap_deep_benchmark.json	classifier_accuracy_pct	None
gaia_dr3_tap_deep_benchmark.json	classifier_pass	True
gaia_dr3_tap_deep_benchmark.json	official_pooled_median_error_pct	0.022461
gaia_dr3_tap_deep_benchmark.json	green_gate_pass	True
gaia_dr3_tap_deep_benchmark.json	max_scalar_name	1014058103758571520
gaia_dr3_tap_deep_benchmark.json	max_scalar_property	parallax_mas
gaia_dr3_tap_deep_benchmark.json	max_gate_scalar_name	1014058103758571520
gaia_dr3_tap_deep_benchmark.json	worst_effective_scalar_name	61_Cyg_A
gaia_dr3_tap_deep_benchmark.json	lb_records	1524
gaia_dr3_tap_deep_benchmark.json	lb_unrouted	0
gaia_dr3_tap_deep_benchmark.json	lb_computed_match	0
gaia_dr3_tap_deep_benchmark.json	lb_scalar_match	0
gaia_dr3_tap_deep_benchmark.json	lb_error_match	0
gaia_dr3_tap_deep_benchmark.json	lb_max_rel_dev	0.0006476683937824693
galactic_structure_sample_benchmark.json	records	101
galactic_structure_sample_benchmark.json	pooled_median_error_pct	0.0
galactic_structure_sample_benchmark.json	scalar_count	40
galactic_structure_sample_benchmark.json	scalar_median_error_pct	0.0
galactic_structure_sample_benchmark.json	max_scalar_error_pct	0.0
galactic_structure_sample_benchmark.json	effective_scalar_median_error_pct	0.0
galactic_structure_sample_benchmark.json	max_effective_scalar_error_pct	0.0
galactic_structure_sample_benchmark.json	worst_effective_scalar_error_pct	0.0
galactic_structure_sample_benchmark.json	rounding_ghost_scalar_count	0
galactic_structure_sample_benchmark.json	catalog_crosswalk_scalar_count	0
galactic_structure_sample_benchmark.json	strict_scalar_pass	True
galactic_structure_sample_benchmark.json	effective_scalar_pass	True
galactic_structure_sample_benchmark.json	max_gate_scalar_error_pct	0.0
galactic_structure_sample_benchmark.json	tier_scalar_median_error_pct	0.0
galactic_structure_sample_benchmark.json	tier_scalar_pass	True
galactic_structure_sample_benchmark.json	tier_scalar_max_pass	True
galactic_structure_sample_benchmark.json	scalar_median_pass	True
galactic_structure_sample_benchmark.json	classifier_count	0
galactic_structure_sample_benchmark.json	classifier_correct	0
galactic_structure_sample_benchmark.json	classifier_accuracy_pct	None
galactic_structure_sample_benchmark.json	classifier_pass	True
galactic_structure_sample_benchmark.json	official_pooled_median_error_pct	0.0
galactic_structure_sample_benchmark.json	green_gate_pass	True
galactic_structure_sample_benchmark.json	max_scalar_name	None
galactic_structure_sample_benchmark.json	max_scalar_property	None
galactic_structure_sample_benchmark.json	max_gate_scalar_name	None
galactic_structure_sample_benchmark.json	worst_effective_scalar_name	None
gbif_species_occurrence_benchmark.json	records	240
gbif_species_occurrence_benchmark.json	pooled_median_error_pct	0.006006
gbif_species_occurrence_benchmark.json	scalar_count	0
gbif_species_occurrence_benchmark.json	scalar_median_error_pct	None
gbif_species_occurrence_benchmark.json	max_scalar_error_pct	None
gbif_species_occurrence_benchmark.json	effective_scalar_median_error_pct	None
gbif_species_occurrence_benchmark.json	max_effective_scalar_error_pct	None
gbif_species_occurrence_benchmark.json	worst_effective_scalar_error_pct	None
gbif_species_occurrence_benchmark.json	rounding_ghost_scalar_count	0
gbif_species_occurrence_benchmark.json	catalog_crosswalk_scalar_count	0
gbif_species_occurrence_benchmark.json	strict_scalar_pass	True
gbif_species_occurrence_benchmark.json	effective_scalar_pass	True
gbif_species_occurrence_benchmark.json	max_gate_scalar_error_pct	None
gbif_species_occurrence_benchmark.json	tier_scalar_median_error_pct	None
gbif_species_occurrence_benchmark.json	tier_scalar_pass	True
gbif_species_occurrence_benchmark.json	tier_scalar_max_pass	True
gbif_species_occurrence_benchmark.json	scalar_median_pass	True
gbif_species_occurrence_benchmark.json	classifier_count	0
gbif_species_occurrence_benchmark.json	classifier_correct	0
gbif_species_occurrence_benchmark.json	classifier_accuracy_pct	None
gbif_species_occurrence_benchmark.json	classifier_pass	True
gbif_species_occurrence_benchmark.json	official_pooled_median_error_pct	None
gbif_species_occurrence_benchmark.json	green_gate_pass	True
gbif_species_occurrence_benchmark.json	max_scalar_name	None
gbif_species_occurrence_benchmark.json	max_scalar_property	None
gbif_species_occurrence_benchmark.json	max_gate_scalar_name	None
gbif_species_occurrence_benchmark.json	worst_effective_scalar_name	None
gbif_species_occurrence_benchmark.json	lb_records	240
gbif_species_occurrence_benchmark.json	lb_unrouted	0
gbif_species_occurrence_benchmark.json	lb_computed_match	0
gbif_species_occurrence_benchmark.json	lb_scalar_match	0
gbif_species_occurrence_benchmark.json	lb_error_match	0
gbif_species_occurrence_benchmark.json	lb_max_rel_dev	1.2356464694649712e-08
gbif_taxon_depth_open_benchmark.json	records	203
gbif_taxon_depth_open_benchmark.json	pooled_median_error_pct	0.006006
gbif_taxon_depth_open_benchmark.json	scalar_count	203
gbif_taxon_depth_open_benchmark.json	scalar_median_error_pct	0.006006
gbif_taxon_depth_open_benchmark.json	max_scalar_error_pct	0.006006
gbif_taxon_depth_open_benchmark.json	effective_scalar_median_error_pct	0.006006095300579049
gbif_taxon_depth_open_benchmark.json	max_effective_scalar_error_pct	0.006007101971819519
gbif_taxon_depth_open_benchmark.json	worst_effective_scalar_error_pct	0.00600978356654732
gbif_taxon_depth_open_benchmark.json	rounding_ghost_scalar_count	0
gbif_taxon_depth_open_benchmark.json	catalog_crosswalk_scalar_count	0
gbif_taxon_depth_open_benchmark.json	strict_scalar_pass	True
gbif_taxon_depth_open_benchmark.json	effective_scalar_pass	True
gbif_taxon_depth_open_benchmark.json	max_gate_scalar_error_pct	0.006006
gbif_taxon_depth_open_benchmark.json	tier_scalar_median_error_pct	0.006006095300579049
gbif_taxon_depth_open_benchmark.json	tier_scalar_pass	True
gbif_taxon_depth_open_benchmark.json	tier_scalar_max_pass	True
gbif_taxon_depth_open_benchmark.json	scalar_median_pass	True
gbif_taxon_depth_open_benchmark.json	classifier_count	0
gbif_taxon_depth_open_benchmark.json	classifier_correct	0
gbif_taxon_depth_open_benchmark.json	classifier_accuracy_pct	None
gbif_taxon_depth_open_benchmark.json	classifier_pass	True
gbif_taxon_depth_open_benchmark.json	official_pooled_median_error_pct	0.006006
gbif_taxon_depth_open_benchmark.json	green_gate_pass	True
gbif_taxon_depth_open_benchmark.json	max_scalar_name	182368733
gbif_taxon_depth_open_benchmark.json	max_scalar_property	decimalLatitude_abs
gbif_taxon_depth_open_benchmark.json	max_gate_scalar_name	182368733
gbif_taxon_depth_open_benchmark.json	worst_effective_scalar_name	5936456445
gbif_taxon_depth_open_benchmark.json	lb_records	203
gbif_taxon_depth_open_benchmark.json	lb_unrouted	0
gbif_taxon_depth_open_benchmark.json	lb_computed_match	0
gbif_taxon_depth_open_benchmark.json	lb_scalar_match	0
gbif_taxon_depth_open_benchmark.json	lb_error_match	0
gbif_taxon_depth_open_benchmark.json	lb_max_rel_dev	0.0004393371379871027
genomic_sciences_benchmark.json	records	24
genomic_sciences_benchmark.json	pooled_median_error_pct	0.0
genomic_sciences_benchmark.json	scalar_count	23
genomic_sciences_benchmark.json	scalar_median_error_pct	0.0
genomic_sciences_benchmark.json	max_scalar_error_pct	0.0
genomic_sciences_benchmark.json	effective_scalar_median_error_pct	0.0
genomic_sciences_benchmark.json	max_effective_scalar_error_pct	0.0
genomic_sciences_benchmark.json	worst_effective_scalar_error_pct	0.0
genomic_sciences_benchmark.json	rounding_ghost_scalar_count	0
genomic_sciences_benchmark.json	catalog_crosswalk_scalar_count	0
genomic_sciences_benchmark.json	strict_scalar_pass	True
genomic_sciences_benchmark.json	effective_scalar_pass	True
genomic_sciences_benchmark.json	max_gate_scalar_error_pct	0.0
genomic_sciences_benchmark.json	tier_scalar_median_error_pct	0.0
genomic_sciences_benchmark.json	tier_scalar_pass	True
genomic_sciences_benchmark.json	tier_scalar_max_pass	True
genomic_sciences_benchmark.json	scalar_median_pass	True
genomic_sciences_benchmark.json	classifier_count	0
genomic_sciences_benchmark.json	classifier_correct	0
genomic_sciences_benchmark.json	classifier_accuracy_pct	None
genomic_sciences_benchmark.json	classifier_pass	True
genomic_sciences_benchmark.json	official_pooled_median_error_pct	0.0
genomic_sciences_benchmark.json	green_gate_pass	True
genomic_sciences_benchmark.json	max_scalar_name	None
genomic_sciences_benchmark.json	max_scalar_property	None
genomic_sciences_benchmark.json	max_gate_scalar_name	None
genomic_sciences_benchmark.json	worst_effective_scalar_name	None
geochemistry_benchmark.json	records	153
geochemistry_benchmark.json	pooled_median_error_pct	0.006625234573930708
geochemistry_benchmark.json	scalar_count	153
geochemistry_benchmark.json	scalar_median_error_pct	0.006421020551412549
geochemistry_benchmark.json	max_scalar_error_pct	0.406301
geochemistry_benchmark.json	effective_scalar_median_error_pct	0.006421020551412549
geochemistry_benchmark.json	max_effective_scalar_error_pct	0.40630089360831667
geochemistry_benchmark.json	worst_effective_scalar_error_pct	0.40630089360831667
geochemistry_benchmark.json	rounding_ghost_scalar_count	0
geochemistry_benchmark.json	catalog_crosswalk_scalar_count	0
geochemistry_benchmark.json	strict_scalar_pass	True
geochemistry_benchmark.json	effective_scalar_pass	True
geochemistry_benchmark.json	max_gate_scalar_error_pct	0.406301
geochemistry_benchmark.json	tier_scalar_median_error_pct	0.006421020551412549
geochemistry_benchmark.json	tier_scalar_pass	True
geochemistry_benchmark.json	tier_scalar_max_pass	False
geochemistry_benchmark.json	scalar_median_pass	True
geochemistry_benchmark.json	classifier_count	0
geochemistry_benchmark.json	classifier_correct	0
geochemistry_benchmark.json	classifier_accuracy_pct	None
geochemistry_benchmark.json	classifier_pass	True
geochemistry_benchmark.json	official_pooled_median_error_pct	0.006421020551412549
geochemistry_benchmark.json	green_gate_pass	True
geochemistry_benchmark.json	max_scalar_name	He
geochemistry_benchmark.json	max_scalar_property	§25 vdW Radii
geochemistry_benchmark.json	max_gate_scalar_name	He
geochemistry_benchmark.json	worst_effective_scalar_name	He
geology_stratigraphy_extension_benchmark.json	records	1957
geology_stratigraphy_extension_benchmark.json	pooled_median_error_pct	0.0
geology_stratigraphy_extension_benchmark.json	scalar_count	0
geology_stratigraphy_extension_benchmark.json	scalar_median_error_pct	None
geology_stratigraphy_extension_benchmark.json	max_scalar_error_pct	None
geology_stratigraphy_extension_benchmark.json	effective_scalar_median_error_pct	None
geology_stratigraphy_extension_benchmark.json	max_effective_scalar_error_pct	None
geology_stratigraphy_extension_benchmark.json	worst_effective_scalar_error_pct	None
geology_stratigraphy_extension_benchmark.json	rounding_ghost_scalar_count	0
geology_stratigraphy_extension_benchmark.json	catalog_crosswalk_scalar_count	0
geology_stratigraphy_extension_benchmark.json	strict_scalar_pass	True
geology_stratigraphy_extension_benchmark.json	effective_scalar_pass	True
geology_stratigraphy_extension_benchmark.json	max_gate_scalar_error_pct	None
geology_stratigraphy_extension_benchmark.json	tier_scalar_median_error_pct	None
geology_stratigraphy_extension_benchmark.json	tier_scalar_pass	True
geology_stratigraphy_extension_benchmark.json	tier_scalar_max_pass	True
geology_stratigraphy_extension_benchmark.json	scalar_median_pass	True
geology_stratigraphy_extension_benchmark.json	classifier_count	1957
geology_stratigraphy_extension_benchmark.json	classifier_correct	1957
geology_stratigraphy_extension_benchmark.json	classifier_accuracy_pct	100.0
geology_stratigraphy_extension_benchmark.json	classifier_pass	True
geology_stratigraphy_extension_benchmark.json	official_pooled_median_error_pct	None
geology_stratigraphy_extension_benchmark.json	green_gate_pass	True
geology_stratigraphy_extension_benchmark.json	max_scalar_name	None
geology_stratigraphy_extension_benchmark.json	max_scalar_property	None
geology_stratigraphy_extension_benchmark.json	max_gate_scalar_name	None
geology_stratigraphy_extension_benchmark.json	worst_effective_scalar_name	None
geomagnetism_benchmark.json	records	524
geomagnetism_benchmark.json	pooled_median_error_pct	0.0
geomagnetism_benchmark.json	scalar_count	524
geomagnetism_benchmark.json	scalar_median_error_pct	0.0
geomagnetism_benchmark.json	max_scalar_error_pct	0.0
geomagnetism_benchmark.json	effective_scalar_median_error_pct	0.0
geomagnetism_benchmark.json	max_effective_scalar_error_pct	0.0
geomagnetism_benchmark.json	worst_effective_scalar_error_pct	0.0
geomagnetism_benchmark.json	rounding_ghost_scalar_count	0
geomagnetism_benchmark.json	catalog_crosswalk_scalar_count	0
geomagnetism_benchmark.json	strict_scalar_pass	True
geomagnetism_benchmark.json	effective_scalar_pass	True
geomagnetism_benchmark.json	max_gate_scalar_error_pct	0.0
geomagnetism_benchmark.json	tier_scalar_median_error_pct	0.0
geomagnetism_benchmark.json	tier_scalar_pass	True
geomagnetism_benchmark.json	tier_scalar_max_pass	True
geomagnetism_benchmark.json	scalar_median_pass	True
geomagnetism_benchmark.json	classifier_count	0
geomagnetism_benchmark.json	classifier_correct	0
geomagnetism_benchmark.json	classifier_accuracy_pct	None
geomagnetism_benchmark.json	classifier_pass	True
geomagnetism_benchmark.json	official_pooled_median_error_pct	0.0
geomagnetism_benchmark.json	green_gate_pass	True
geomagnetism_benchmark.json	max_scalar_name	None
geomagnetism_benchmark.json	max_scalar_property	None
geomagnetism_benchmark.json	max_gate_scalar_name	None
geomagnetism_benchmark.json	worst_effective_scalar_name	None
government_open_data_spine_benchmark.json	records	28
government_open_data_spine_benchmark.json	pooled_median_error_pct	0.0
government_open_data_spine_benchmark.json	scalar_count	5
government_open_data_spine_benchmark.json	scalar_median_error_pct	0.0
government_open_data_spine_benchmark.json	max_scalar_error_pct	0.0
government_open_data_spine_benchmark.json	effective_scalar_median_error_pct	0.0
government_open_data_spine_benchmark.json	max_effective_scalar_error_pct	0.0
government_open_data_spine_benchmark.json	worst_effective_scalar_error_pct	0.0
government_open_data_spine_benchmark.json	rounding_ghost_scalar_count	0
government_open_data_spine_benchmark.json	catalog_crosswalk_scalar_count	0
government_open_data_spine_benchmark.json	strict_scalar_pass	True
government_open_data_spine_benchmark.json	effective_scalar_pass	True
government_open_data_spine_benchmark.json	max_gate_scalar_error_pct	0.0
government_open_data_spine_benchmark.json	tier_scalar_median_error_pct	0.0
government_open_data_spine_benchmark.json	tier_scalar_pass	True
government_open_data_spine_benchmark.json	tier_scalar_max_pass	True
government_open_data_spine_benchmark.json	scalar_median_pass	True
government_open_data_spine_benchmark.json	classifier_count	0
government_open_data_spine_benchmark.json	classifier_correct	0
government_open_data_spine_benchmark.json	classifier_accuracy_pct	None
government_open_data_spine_benchmark.json	classifier_pass	True
government_open_data_spine_benchmark.json	official_pooled_median_error_pct	0.0
government_open_data_spine_benchmark.json	green_gate_pass	True
government_open_data_spine_benchmark.json	max_scalar_name	None
government_open_data_spine_benchmark.json	max_scalar_property	None
government_open_data_spine_benchmark.json	max_gate_scalar_name	None
government_open_data_spine_benchmark.json	worst_effective_scalar_name	None
grace_cryosphere_benchmark.json	records	505
grace_cryosphere_benchmark.json	pooled_median_error_pct	0.0
grace_cryosphere_benchmark.json	scalar_count	0
grace_cryosphere_benchmark.json	scalar_median_error_pct	None
grace_cryosphere_benchmark.json	max_scalar_error_pct	None
grace_cryosphere_benchmark.json	effective_scalar_median_error_pct	None
grace_cryosphere_benchmark.json	max_effective_scalar_error_pct	None
grace_cryosphere_benchmark.json	worst_effective_scalar_error_pct	None
grace_cryosphere_benchmark.json	rounding_ghost_scalar_count	0
grace_cryosphere_benchmark.json	catalog_crosswalk_scalar_count	0
grace_cryosphere_benchmark.json	strict_scalar_pass	True
grace_cryosphere_benchmark.json	effective_scalar_pass	True
grace_cryosphere_benchmark.json	max_gate_scalar_error_pct	None
grace_cryosphere_benchmark.json	tier_scalar_median_error_pct	None
grace_cryosphere_benchmark.json	tier_scalar_pass	True
grace_cryosphere_benchmark.json	tier_scalar_max_pass	True
grace_cryosphere_benchmark.json	scalar_median_pass	True
grace_cryosphere_benchmark.json	classifier_count	253
grace_cryosphere_benchmark.json	classifier_correct	253
grace_cryosphere_benchmark.json	classifier_accuracy_pct	100.0
grace_cryosphere_benchmark.json	classifier_pass	True
grace_cryosphere_benchmark.json	official_pooled_median_error_pct	None
grace_cryosphere_benchmark.json	green_gate_pass	True
grace_cryosphere_benchmark.json	max_scalar_name	None
grace_cryosphere_benchmark.json	max_scalar_property	None
grace_cryosphere_benchmark.json	max_gate_scalar_name	None
grace_cryosphere_benchmark.json	worst_effective_scalar_name	None
grace_cryosphere_benchmark.json	lb_records	252
grace_cryosphere_benchmark.json	lb_unrouted	0
grace_cryosphere_benchmark.json	lb_computed_match	0
grace_cryosphere_benchmark.json	lb_scalar_match	0
grace_cryosphere_benchmark.json	lb_error_match	0
grace_cryosphere_benchmark.json	lb_max_rel_dev	3.0294155509123886e-07
gwas_catalog_depth_open_benchmark.json	records	81
gwas_catalog_depth_open_benchmark.json	pooled_median_error_pct	0.022236
gwas_catalog_depth_open_benchmark.json	scalar_count	81
gwas_catalog_depth_open_benchmark.json	scalar_median_error_pct	0.022236
gwas_catalog_depth_open_benchmark.json	max_scalar_error_pct	0.022236
gwas_catalog_depth_open_benchmark.json	effective_scalar_median_error_pct	0.022236250397624082
gwas_catalog_depth_open_benchmark.json	max_effective_scalar_error_pct	0.02223625037214929
gwas_catalog_depth_open_benchmark.json	worst_effective_scalar_error_pct	0.022250000000001435
gwas_catalog_depth_open_benchmark.json	rounding_ghost_scalar_count	0
gwas_catalog_depth_open_benchmark.json	catalog_crosswalk_scalar_count	0
gwas_catalog_depth_open_benchmark.json	strict_scalar_pass	True
gwas_catalog_depth_open_benchmark.json	effective_scalar_pass	True
gwas_catalog_depth_open_benchmark.json	max_gate_scalar_error_pct	0.022236
gwas_catalog_depth_open_benchmark.json	tier_scalar_median_error_pct	0.022236250397624082
gwas_catalog_depth_open_benchmark.json	tier_scalar_pass	True
gwas_catalog_depth_open_benchmark.json	tier_scalar_max_pass	True
gwas_catalog_depth_open_benchmark.json	scalar_median_pass	True
gwas_catalog_depth_open_benchmark.json	classifier_count	0
gwas_catalog_depth_open_benchmark.json	classifier_correct	0
gwas_catalog_depth_open_benchmark.json	classifier_accuracy_pct	None
gwas_catalog_depth_open_benchmark.json	classifier_pass	True
gwas_catalog_depth_open_benchmark.json	official_pooled_median_error_pct	0.022236
gwas_catalog_depth_open_benchmark.json	green_gate_pass	True
gwas_catalog_depth_open_benchmark.json	max_scalar_name	GCST000155
gwas_catalog_depth_open_benchmark.json	max_scalar_property	snp_total
gwas_catalog_depth_open_benchmark.json	max_gate_scalar_name	GCST000155
gwas_catalog_depth_open_benchmark.json	worst_effective_scalar_name	GCST000152
gwas_catalog_depth_open_benchmark.json	lb_records	81
gwas_catalog_depth_open_benchmark.json	lb_unrouted	0
gwas_catalog_depth_open_benchmark.json	lb_computed_match	0
gwas_catalog_depth_open_benchmark.json	lb_scalar_match	0
gwas_catalog_depth_open_benchmark.json	lb_error_match	0
gwas_catalog_depth_open_benchmark.json	lb_max_rel_dev	0.00029984348170251826
gwosc_live_event_deep_benchmark.json	records	185
gwosc_live_event_deep_benchmark.json	pooled_median_error_pct	0.008488
gwosc_live_event_deep_benchmark.json	scalar_count	180
gwosc_live_event_deep_benchmark.json	scalar_median_error_pct	0.008488
gwosc_live_event_deep_benchmark.json	max_scalar_error_pct	0.008488
gwosc_live_event_deep_benchmark.json	effective_scalar_median_error_pct	0.008488231649525568
gwosc_live_event_deep_benchmark.json	max_effective_scalar_error_pct	0.008487455197134739
gwosc_live_event_deep_benchmark.json	worst_effective_scalar_error_pct	0.008516020236098548
gwosc_live_event_deep_benchmark.json	rounding_ghost_scalar_count	0
gwosc_live_event_deep_benchmark.json	catalog_crosswalk_scalar_count	0
gwosc_live_event_deep_benchmark.json	strict_scalar_pass	True
gwosc_live_event_deep_benchmark.json	effective_scalar_pass	True
gwosc_live_event_deep_benchmark.json	max_gate_scalar_error_pct	0.008488
gwosc_live_event_deep_benchmark.json	tier_scalar_median_error_pct	0.008488231649525568
gwosc_live_event_deep_benchmark.json	tier_scalar_pass	True
gwosc_live_event_deep_benchmark.json	tier_scalar_max_pass	True
gwosc_live_event_deep_benchmark.json	scalar_median_pass	True
gwosc_live_event_deep_benchmark.json	classifier_count	0
gwosc_live_event_deep_benchmark.json	classifier_correct	0
gwosc_live_event_deep_benchmark.json	classifier_accuracy_pct	None
gwosc_live_event_deep_benchmark.json	classifier_pass	True
gwosc_live_event_deep_benchmark.json	official_pooled_median_error_pct	0.008488
gwosc_live_event_deep_benchmark.json	green_gate_pass	True
gwosc_live_event_deep_benchmark.json	max_scalar_name	GW150914
gwosc_live_event_deep_benchmark.json	max_scalar_property	chirp_mass_msun
gwosc_live_event_deep_benchmark.json	max_gate_scalar_name	GW150914
gwosc_live_event_deep_benchmark.json	worst_effective_scalar_name	GW170817
gwosc_live_event_deep_benchmark.json	lb_records	180
gwosc_live_event_deep_benchmark.json	lb_unrouted	0
gwosc_live_event_deep_benchmark.json	lb_computed_match	0
gwosc_live_event_deep_benchmark.json	lb_scalar_match	0
gwosc_live_event_deep_benchmark.json	lb_error_match	0
gwosc_live_event_deep_benchmark.json	lb_max_rel_dev	0.0003336052359979865
gwosc_strain_metadata_open_benchmark.json	records	54
gwosc_strain_metadata_open_benchmark.json	pooled_median_error_pct	0.008488
gwosc_strain_metadata_open_benchmark.json	scalar_count	54
gwosc_strain_metadata_open_benchmark.json	scalar_median_error_pct	0.008488
gwosc_strain_metadata_open_benchmark.json	max_scalar_error_pct	0.008488
gwosc_strain_metadata_open_benchmark.json	effective_scalar_median_error_pct	0.008488232421877129
gwosc_strain_metadata_open_benchmark.json	max_effective_scalar_error_pct	0.008488232421877129
gwosc_strain_metadata_open_benchmark.json	worst_effective_scalar_error_pct	0.008498186392211664
gwosc_strain_metadata_open_benchmark.json	rounding_ghost_scalar_count	0
gwosc_strain_metadata_open_benchmark.json	catalog_crosswalk_scalar_count	0
gwosc_strain_metadata_open_benchmark.json	strict_scalar_pass	True
gwosc_strain_metadata_open_benchmark.json	effective_scalar_pass	True
gwosc_strain_metadata_open_benchmark.json	max_gate_scalar_error_pct	0.008488
gwosc_strain_metadata_open_benchmark.json	tier_scalar_median_error_pct	0.008488232421877129
gwosc_strain_metadata_open_benchmark.json	tier_scalar_pass	True
gwosc_strain_metadata_open_benchmark.json	tier_scalar_max_pass	True
gwosc_strain_metadata_open_benchmark.json	scalar_median_pass	True
gwosc_strain_metadata_open_benchmark.json	classifier_count	0
gwosc_strain_metadata_open_benchmark.json	classifier_correct	0
gwosc_strain_metadata_open_benchmark.json	classifier_accuracy_pct	None
gwosc_strain_metadata_open_benchmark.json	classifier_pass	True
gwosc_strain_metadata_open_benchmark.json	official_pooled_median_error_pct	0.008488
gwosc_strain_metadata_open_benchmark.json	green_gate_pass	True
gwosc_strain_metadata_open_benchmark.json	max_scalar_name	H1_1238163456
gwosc_strain_metadata_open_benchmark.json	max_scalar_property	duration_s
gwosc_strain_metadata_open_benchmark.json	max_gate_scalar_name	H1_1238163456
gwosc_strain_metadata_open_benchmark.json	worst_effective_scalar_name	L1_1256652800
gwosc_strain_metadata_open_benchmark.json	lb_records	54
gwosc_strain_metadata_open_benchmark.json	lb_unrouted	0
gwosc_strain_metadata_open_benchmark.json	lb_computed_match	0
gwosc_strain_metadata_open_benchmark.json	lb_scalar_match	0
gwosc_strain_metadata_open_benchmark.json	lb_error_match	0
gwosc_strain_metadata_open_benchmark.json	lb_max_rel_dev	0.0003334335893972585
gwtc_catalog_open_benchmark.json	records	1972
gwtc_catalog_open_benchmark.json	pooled_median_error_pct	0.008488
gwtc_catalog_open_benchmark.json	scalar_count	1971
gwtc_catalog_open_benchmark.json	scalar_median_error_pct	0.008488
gwtc_catalog_open_benchmark.json	max_scalar_error_pct	0.008488
gwtc_catalog_open_benchmark.json	effective_scalar_median_error_pct	0.008488235294107686
gwtc_catalog_open_benchmark.json	max_effective_scalar_error_pct	0.00849220103986311
gwtc_catalog_open_benchmark.json	worst_effective_scalar_error_pct	0.009999999999998437
gwtc_catalog_open_benchmark.json	rounding_ghost_scalar_count	0
gwtc_catalog_open_benchmark.json	catalog_crosswalk_scalar_count	0
gwtc_catalog_open_benchmark.json	strict_scalar_pass	True
gwtc_catalog_open_benchmark.json	effective_scalar_pass	True
gwtc_catalog_open_benchmark.json	max_gate_scalar_error_pct	0.008488
gwtc_catalog_open_benchmark.json	tier_scalar_median_error_pct	0.008488235294107686
gwtc_catalog_open_benchmark.json	tier_scalar_pass	True
gwtc_catalog_open_benchmark.json	tier_scalar_max_pass	True
gwtc_catalog_open_benchmark.json	scalar_median_pass	True
gwtc_catalog_open_benchmark.json	classifier_count	0
gwtc_catalog_open_benchmark.json	classifier_correct	0
gwtc_catalog_open_benchmark.json	classifier_accuracy_pct	None
gwtc_catalog_open_benchmark.json	classifier_pass	True
gwtc_catalog_open_benchmark.json	official_pooled_median_error_pct	0.008488
gwtc_catalog_open_benchmark.json	green_gate_pass	True
gwtc_catalog_open_benchmark.json	max_scalar_name	GW250119_190238
gwtc_catalog_open_benchmark.json	max_scalar_property	mass_1_msun
gwtc_catalog_open_benchmark.json	max_gate_scalar_name	GW250119_190238
gwtc_catalog_open_benchmark.json	worst_effective_scalar_name	GW190425
gwtc_catalog_open_benchmark.json	lb_records	1972
gwtc_catalog_open_benchmark.json	lb_unrouted	0
gwtc_catalog_open_benchmark.json	lb_computed_match	0
gwtc_catalog_open_benchmark.json	lb_scalar_match	0
gwtc_catalog_open_benchmark.json	lb_error_match	0
gwtc_catalog_open_benchmark.json	lb_max_rel_dev	0.00034985131319189655
h0_planck_benchmark.json	records	20
h0_planck_benchmark.json	pooled_median_error_pct	0.0
h0_planck_benchmark.json	scalar_count	20
h0_planck_benchmark.json	scalar_median_error_pct	0.0
h0_planck_benchmark.json	max_scalar_error_pct	0.027018411789274284
h0_planck_benchmark.json	effective_scalar_median_error_pct	0.0
h0_planck_benchmark.json	max_effective_scalar_error_pct	0.027018411789274284
h0_planck_benchmark.json	worst_effective_scalar_error_pct	0.027018411789274284
h0_planck_benchmark.json	rounding_ghost_scalar_count	0
h0_planck_benchmark.json	catalog_crosswalk_scalar_count	0
h0_planck_benchmark.json	strict_scalar_pass	True
h0_planck_benchmark.json	effective_scalar_pass	True
h0_planck_benchmark.json	max_gate_scalar_error_pct	0.027018411789274284
h0_planck_benchmark.json	tier_scalar_median_error_pct	0.0
h0_planck_benchmark.json	tier_scalar_pass	True
h0_planck_benchmark.json	tier_scalar_max_pass	True
h0_planck_benchmark.json	scalar_median_pass	True
h0_planck_benchmark.json	classifier_count	0
h0_planck_benchmark.json	classifier_correct	0
h0_planck_benchmark.json	classifier_accuracy_pct	None
h0_planck_benchmark.json	classifier_pass	True
h0_planck_benchmark.json	official_pooled_median_error_pct	0.0
h0_planck_benchmark.json	green_gate_pass	True
h0_planck_benchmark.json	max_scalar_name	None
h0_planck_benchmark.json	max_scalar_property	H0_planck_km_s_Mpc
h0_planck_benchmark.json	max_gate_scalar_name	None
h0_planck_benchmark.json	worst_effective_scalar_name	None
heavy_ion_lab_synthesis_panel_benchmark.json	records	39
heavy_ion_lab_synthesis_panel_benchmark.json	pooled_median_error_pct	9.5e-05
heavy_ion_lab_synthesis_panel_benchmark.json	scalar_count	25
heavy_ion_lab_synthesis_panel_benchmark.json	scalar_median_error_pct	9.5e-05
heavy_ion_lab_synthesis_panel_benchmark.json	max_scalar_error_pct	0.000787
heavy_ion_lab_synthesis_panel_benchmark.json	effective_scalar_median_error_pct	9.925558311838544e-05
heavy_ion_lab_synthesis_panel_benchmark.json	max_effective_scalar_error_pct	0.000786938775507094
heavy_ion_lab_synthesis_panel_benchmark.json	worst_effective_scalar_error_pct	0.0007871485943762462
heavy_ion_lab_synthesis_panel_benchmark.json	rounding_ghost_scalar_count	0
heavy_ion_lab_synthesis_panel_benchmark.json	catalog_crosswalk_scalar_count	0
heavy_ion_lab_synthesis_panel_benchmark.json	strict_scalar_pass	True
heavy_ion_lab_synthesis_panel_benchmark.json	effective_scalar_pass	True
heavy_ion_lab_synthesis_panel_benchmark.json	max_gate_scalar_error_pct	0.000787
heavy_ion_lab_synthesis_panel_benchmark.json	tier_scalar_median_error_pct	9.925558311838544e-05
heavy_ion_lab_synthesis_panel_benchmark.json	tier_scalar_pass	True
heavy_ion_lab_synthesis_panel_benchmark.json	tier_scalar_max_pass	True
heavy_ion_lab_synthesis_panel_benchmark.json	scalar_median_pass	True
heavy_ion_lab_synthesis_panel_benchmark.json	classifier_count	13
heavy_ion_lab_synthesis_panel_benchmark.json	classifier_correct	13
heavy_ion_lab_synthesis_panel_benchmark.json	classifier_accuracy_pct	100.0
heavy_ion_lab_synthesis_panel_benchmark.json	classifier_pass	True
heavy_ion_lab_synthesis_panel_benchmark.json	official_pooled_median_error_pct	9.5e-05
heavy_ion_lab_synthesis_panel_benchmark.json	green_gate_pass	True
heavy_ion_lab_synthesis_panel_benchmark.json	max_scalar_name	Og_2006
heavy_ion_lab_synthesis_panel_benchmark.json	max_scalar_property	beam_energy_mev_u
heavy_ion_lab_synthesis_panel_benchmark.json	max_gate_scalar_name	Og_2006
heavy_ion_lab_synthesis_panel_benchmark.json	worst_effective_scalar_name	Ts_2010
higgs_branching_benchmark.json	records	27
higgs_branching_benchmark.json	pooled_median_error_pct	0.0
higgs_branching_benchmark.json	scalar_count	24
higgs_branching_benchmark.json	scalar_median_error_pct	0.0
higgs_branching_benchmark.json	max_scalar_error_pct	0.009504
higgs_branching_benchmark.json	effective_scalar_median_error_pct	0.0
higgs_branching_benchmark.json	max_effective_scalar_error_pct	0.009509371554573558
higgs_branching_benchmark.json	worst_effective_scalar_error_pct	0.011363636363634588
higgs_branching_benchmark.json	rounding_ghost_scalar_count	0
higgs_branching_benchmark.json	catalog_crosswalk_scalar_count	0
higgs_branching_benchmark.json	strict_scalar_pass	True
higgs_branching_benchmark.json	effective_scalar_pass	True
higgs_branching_benchmark.json	max_gate_scalar_error_pct	0.009504
higgs_branching_benchmark.json	tier_scalar_median_error_pct	0.0
higgs_branching_benchmark.json	tier_scalar_pass	True
higgs_branching_benchmark.json	tier_scalar_max_pass	True
higgs_branching_benchmark.json	scalar_median_pass	True
higgs_branching_benchmark.json	classifier_count	0
higgs_branching_benchmark.json	classifier_correct	0
higgs_branching_benchmark.json	classifier_accuracy_pct	None
higgs_branching_benchmark.json	classifier_pass	True
higgs_branching_benchmark.json	official_pooled_median_error_pct	0.0
higgs_branching_benchmark.json	green_gate_pass	True
higgs_branching_benchmark.json	max_scalar_name	m_H/m_t
higgs_branching_benchmark.json	max_scalar_property	m_H/m_t
higgs_branching_benchmark.json	max_gate_scalar_name	m_H/m_t
higgs_branching_benchmark.json	worst_effective_scalar_name	BR_H_ZZ
higgs_branching_benchmark.json	lb_records	9
higgs_branching_benchmark.json	lb_unrouted	0
higgs_branching_benchmark.json	lb_computed_match	0
higgs_branching_benchmark.json	lb_scalar_match	0
higgs_branching_benchmark.json	lb_error_match	0
higgs_branching_benchmark.json	lb_max_rel_dev	0.0008764241893077411
higgs_mass_benchmark.json	records	23
higgs_mass_benchmark.json	pooled_median_error_pct	0.03990518384195136
higgs_mass_benchmark.json	scalar_count	23
higgs_mass_benchmark.json	scalar_median_error_pct	0.03990518384195136
higgs_mass_benchmark.json	max_scalar_error_pct	0.27079952979037436
higgs_mass_benchmark.json	effective_scalar_median_error_pct	0.03990518384195136
higgs_mass_benchmark.json	max_effective_scalar_error_pct	0.27079952979037436
higgs_mass_benchmark.json	worst_effective_scalar_error_pct	0.27079952979037436
higgs_mass_benchmark.json	rounding_ghost_scalar_count	0
higgs_mass_benchmark.json	catalog_crosswalk_scalar_count	0
higgs_mass_benchmark.json	strict_scalar_pass	True
higgs_mass_benchmark.json	effective_scalar_pass	True
higgs_mass_benchmark.json	max_gate_scalar_error_pct	0.27079952979037436
higgs_mass_benchmark.json	tier_scalar_median_error_pct	0.03990518384195136
higgs_mass_benchmark.json	tier_scalar_pass	True
higgs_mass_benchmark.json	tier_scalar_max_pass	False
higgs_mass_benchmark.json	scalar_median_pass	True
higgs_mass_benchmark.json	classifier_count	0
higgs_mass_benchmark.json	classifier_correct	0
higgs_mass_benchmark.json	classifier_accuracy_pct	None
higgs_mass_benchmark.json	classifier_pass	True
higgs_mass_benchmark.json	official_pooled_median_error_pct	0.03990518384195136
higgs_mass_benchmark.json	green_gate_pass	True
higgs_mass_benchmark.json	max_scalar_name	quantum_BR_H_Zgam
higgs_mass_benchmark.json	max_scalar_property	BR_H_Zgam
higgs_mass_benchmark.json	max_gate_scalar_name	quantum_BR_H_Zgam
higgs_mass_benchmark.json	worst_effective_scalar_name	quantum_BR_H_Zgam
history_extension_benchmark.json	records	170
history_extension_benchmark.json	pooled_median_error_pct	0.019504399572477397
history_extension_benchmark.json	scalar_count	0
history_extension_benchmark.json	scalar_median_error_pct	None
history_extension_benchmark.json	max_scalar_error_pct	None
history_extension_benchmark.json	effective_scalar_median_error_pct	None
history_extension_benchmark.json	max_effective_scalar_error_pct	None
history_extension_benchmark.json	worst_effective_scalar_error_pct	None
history_extension_benchmark.json	rounding_ghost_scalar_count	0
history_extension_benchmark.json	catalog_crosswalk_scalar_count	0
history_extension_benchmark.json	strict_scalar_pass	True
history_extension_benchmark.json	effective_scalar_pass	True
history_extension_benchmark.json	max_gate_scalar_error_pct	None
history_extension_benchmark.json	tier_scalar_median_error_pct	None
history_extension_benchmark.json	tier_scalar_pass	True
history_extension_benchmark.json	tier_scalar_max_pass	True
history_extension_benchmark.json	scalar_median_pass	True
history_extension_benchmark.json	classifier_count	0
history_extension_benchmark.json	classifier_correct	0
history_extension_benchmark.json	classifier_accuracy_pct	None
history_extension_benchmark.json	classifier_pass	True
history_extension_benchmark.json	official_pooled_median_error_pct	None
history_extension_benchmark.json	green_gate_pass	True
history_extension_benchmark.json	max_scalar_name	None
history_extension_benchmark.json	max_scalar_property	None
history_extension_benchmark.json	max_gate_scalar_name	None
history_extension_benchmark.json	worst_effective_scalar_name	None
history_panel_benchmark.json	records	60
history_panel_benchmark.json	pooled_median_error_pct	0.01382
history_panel_benchmark.json	scalar_count	40
history_panel_benchmark.json	scalar_median_error_pct	0.01382
history_panel_benchmark.json	max_scalar_error_pct	0.02584
history_panel_benchmark.json	effective_scalar_median_error_pct	0.013819664031621678
history_panel_benchmark.json	max_effective_scalar_error_pct	0.025840000000002302
history_panel_benchmark.json	worst_effective_scalar_error_pct	0.025841666666659435
history_panel_benchmark.json	rounding_ghost_scalar_count	0
history_panel_benchmark.json	catalog_crosswalk_scalar_count	0
history_panel_benchmark.json	strict_scalar_pass	True
history_panel_benchmark.json	effective_scalar_pass	True
history_panel_benchmark.json	max_gate_scalar_error_pct	0.02584
history_panel_benchmark.json	tier_scalar_median_error_pct	0.013819664031621678
history_panel_benchmark.json	tier_scalar_pass	True
history_panel_benchmark.json	tier_scalar_max_pass	True
history_panel_benchmark.json	scalar_median_pass	True
history_panel_benchmark.json	classifier_count	0
history_panel_benchmark.json	classifier_correct	0
history_panel_benchmark.json	classifier_accuracy_pct	None
history_panel_benchmark.json	classifier_pass	True
history_panel_benchmark.json	official_pooled_median_error_pct	0.01382
history_panel_benchmark.json	green_gate_pass	True
history_panel_benchmark.json	max_scalar_name	History &amp; Archaeology
history_panel_benchmark.json	max_scalar_property	title_length
history_panel_benchmark.json	max_gate_scalar_name	History &amp; Archaeology
history_panel_benchmark.json	worst_effective_scalar_name	Histories of Archaeology
history_panel_benchmark.json	lb_records	60
history_panel_benchmark.json	lb_unrouted	0
history_panel_benchmark.json	lb_computed_match	14
history_panel_benchmark.json	lb_scalar_match	0
history_panel_benchmark.json	lb_error_match	14
history_panel_benchmark.json	lb_max_rel_dev	0.0006182121096511892
hubble_bubble_tension_benchmark.json	records	21
hubble_bubble_tension_benchmark.json	pooled_median_error_pct	0.0
hubble_bubble_tension_benchmark.json	scalar_count	19
hubble_bubble_tension_benchmark.json	scalar_median_error_pct	0.0
hubble_bubble_tension_benchmark.json	max_scalar_error_pct	0.00115123
hubble_bubble_tension_benchmark.json	effective_scalar_median_error_pct	0.0
hubble_bubble_tension_benchmark.json	max_effective_scalar_error_pct	0.0011512299651746311
hubble_bubble_tension_benchmark.json	worst_effective_scalar_error_pct	0.0011512299651746311
hubble_bubble_tension_benchmark.json	rounding_ghost_scalar_count	0
hubble_bubble_tension_benchmark.json	catalog_crosswalk_scalar_count	0
hubble_bubble_tension_benchmark.json	strict_scalar_pass	True
hubble_bubble_tension_benchmark.json	effective_scalar_pass	True
hubble_bubble_tension_benchmark.json	max_gate_scalar_error_pct	0.00115123
hubble_bubble_tension_benchmark.json	tier_scalar_median_error_pct	0.0
hubble_bubble_tension_benchmark.json	tier_scalar_pass	True
hubble_bubble_tension_benchmark.json	tier_scalar_max_pass	True
hubble_bubble_tension_benchmark.json	scalar_median_pass	True
hubble_bubble_tension_benchmark.json	classifier_count	0
hubble_bubble_tension_benchmark.json	classifier_correct	0
hubble_bubble_tension_benchmark.json	classifier_accuracy_pct	None
hubble_bubble_tension_benchmark.json	classifier_pass	True
hubble_bubble_tension_benchmark.json	official_pooled_median_error_pct	0.0
hubble_bubble_tension_benchmark.json	green_gate_pass	True
hubble_bubble_tension_benchmark.json	max_scalar_name	fff1ff66c36b0580
hubble_bubble_tension_benchmark.json	max_scalar_property	BL_N−H
hubble_bubble_tension_benchmark.json	max_gate_scalar_name	fff1ff66c36b0580
hubble_bubble_tension_benchmark.json	worst_effective_scalar_name	fff1ff66c36b0580
hubble_dark_sector_crosswalk_benchmark.json	records	32
hubble_dark_sector_crosswalk_benchmark.json	pooled_median_error_pct	0.004252889935064887
hubble_dark_sector_crosswalk_benchmark.json	scalar_count	16
hubble_dark_sector_crosswalk_benchmark.json	scalar_median_error_pct	0.004252889935064887
hubble_dark_sector_crosswalk_benchmark.json	max_scalar_error_pct	0.051014
hubble_dark_sector_crosswalk_benchmark.json	effective_scalar_median_error_pct	0.0023898899350648867
hubble_dark_sector_crosswalk_benchmark.json	max_effective_scalar_error_pct	0.051014
hubble_dark_sector_crosswalk_benchmark.json	worst_effective_scalar_error_pct	0.051014
hubble_dark_sector_crosswalk_benchmark.json	rounding_ghost_scalar_count	0
hubble_dark_sector_crosswalk_benchmark.json	catalog_crosswalk_scalar_count	0
hubble_dark_sector_crosswalk_benchmark.json	strict_scalar_pass	True
hubble_dark_sector_crosswalk_benchmark.json	effective_scalar_pass	True
hubble_dark_sector_crosswalk_benchmark.json	max_gate_scalar_error_pct	0.051014
hubble_dark_sector_crosswalk_benchmark.json	tier_scalar_median_error_pct	0.0023898899350648867
hubble_dark_sector_crosswalk_benchmark.json	tier_scalar_pass	True
hubble_dark_sector_crosswalk_benchmark.json	tier_scalar_max_pass	False
hubble_dark_sector_crosswalk_benchmark.json	scalar_median_pass	True
hubble_dark_sector_crosswalk_benchmark.json	classifier_count	0
hubble_dark_sector_crosswalk_benchmark.json	classifier_correct	0
hubble_dark_sector_crosswalk_benchmark.json	classifier_accuracy_pct	None
hubble_dark_sector_crosswalk_benchmark.json	classifier_pass	True
hubble_dark_sector_crosswalk_benchmark.json	official_pooled_median_error_pct	0.004252889935064887
hubble_dark_sector_crosswalk_benchmark.json	green_gate_pass	True
hubble_dark_sector_crosswalk_benchmark.json	max_scalar_name	wa_cmb
hubble_dark_sector_crosswalk_benchmark.json	max_scalar_property	wa_cmb_seed
hubble_dark_sector_crosswalk_benchmark.json	max_gate_scalar_name	wa_cmb
hubble_dark_sector_crosswalk_benchmark.json	worst_effective_scalar_name	wa_cmb
hubble_dark_sector_crosswalk_benchmark.json	lb_records	0
hubble_dark_sector_crosswalk_benchmark.json	lb_unrouted	2
hubble_dark_sector_crosswalk_benchmark.json	lb_computed_match	0
hubble_dark_sector_crosswalk_benchmark.json	lb_scalar_match	0
hubble_dark_sector_crosswalk_benchmark.json	lb_error_match	0
hubble_dark_sector_crosswalk_benchmark.json	lb_max_rel_dev	0.0
hvac_thermal_systems_benchmark.json	records	23
hvac_thermal_systems_benchmark.json	pooled_median_error_pct	0.000561846
hvac_thermal_systems_benchmark.json	scalar_count	23
hvac_thermal_systems_benchmark.json	scalar_median_error_pct	0.000561846
hvac_thermal_systems_benchmark.json	max_scalar_error_pct	0.00423739
hvac_thermal_systems_benchmark.json	effective_scalar_median_error_pct	0.0005618458987473253
hvac_thermal_systems_benchmark.json	max_effective_scalar_error_pct	0.0042373899907116284
hvac_thermal_systems_benchmark.json	worst_effective_scalar_error_pct	0.0042373899907116284
hvac_thermal_systems_benchmark.json	rounding_ghost_scalar_count	0
hvac_thermal_systems_benchmark.json	catalog_crosswalk_scalar_count	0
hvac_thermal_systems_benchmark.json	strict_scalar_pass	True
hvac_thermal_systems_benchmark.json	effective_scalar_pass	True
hvac_thermal_systems_benchmark.json	max_gate_scalar_error_pct	0.00423739
hvac_thermal_systems_benchmark.json	tier_scalar_median_error_pct	0.0005618458987473253
hvac_thermal_systems_benchmark.json	tier_scalar_pass	True
hvac_thermal_systems_benchmark.json	tier_scalar_max_pass	True
hvac_thermal_systems_benchmark.json	scalar_median_pass	True
hvac_thermal_systems_benchmark.json	classifier_count	0
hvac_thermal_systems_benchmark.json	classifier_correct	0
hvac_thermal_systems_benchmark.json	classifier_accuracy_pct	None
hvac_thermal_systems_benchmark.json	classifier_pass	True
hvac_thermal_systems_benchmark.json	official_pooled_median_error_pct	0.000561846
hvac_thermal_systems_benchmark.json	green_gate_pass	True
hvac_thermal_systems_benchmark.json	max_scalar_name	396e8db24cbb0e77
hvac_thermal_systems_benchmark.json	max_scalar_property	NO₂(g)
hvac_thermal_systems_benchmark.json	max_gate_scalar_name	396e8db24cbb0e77
hvac_thermal_systems_benchmark.json	worst_effective_scalar_name	396e8db24cbb0e77
hybrid_fi_sim_multi_hero_panel_benchmark.json	records	32
hybrid_fi_sim_multi_hero_panel_benchmark.json	pooled_median_error_pct	0.0
hybrid_fi_sim_multi_hero_panel_benchmark.json	scalar_count	6
hybrid_fi_sim_multi_hero_panel_benchmark.json	scalar_median_error_pct	0.0
hybrid_fi_sim_multi_hero_panel_benchmark.json	max_scalar_error_pct	0.0
hybrid_fi_sim_multi_hero_panel_benchmark.json	effective_scalar_median_error_pct	0.0
hybrid_fi_sim_multi_hero_panel_benchmark.json	max_effective_scalar_error_pct	0.0
hybrid_fi_sim_multi_hero_panel_benchmark.json	worst_effective_scalar_error_pct	0.0
hybrid_fi_sim_multi_hero_panel_benchmark.json	rounding_ghost_scalar_count	0
hybrid_fi_sim_multi_hero_panel_benchmark.json	catalog_crosswalk_scalar_count	0
hybrid_fi_sim_multi_hero_panel_benchmark.json	strict_scalar_pass	True
hybrid_fi_sim_multi_hero_panel_benchmark.json	effective_scalar_pass	True
hybrid_fi_sim_multi_hero_panel_benchmark.json	max_gate_scalar_error_pct	0.0
hybrid_fi_sim_multi_hero_panel_benchmark.json	tier_scalar_median_error_pct	0.0
hybrid_fi_sim_multi_hero_panel_benchmark.json	tier_scalar_pass	True
hybrid_fi_sim_multi_hero_panel_benchmark.json	tier_scalar_max_pass	True
hybrid_fi_sim_multi_hero_panel_benchmark.json	scalar_median_pass	True
hybrid_fi_sim_multi_hero_panel_benchmark.json	classifier_count	0
hybrid_fi_sim_multi_hero_panel_benchmark.json	classifier_correct	0
hybrid_fi_sim_multi_hero_panel_benchmark.json	classifier_accuracy_pct	None
hybrid_fi_sim_multi_hero_panel_benchmark.json	classifier_pass	True
hybrid_fi_sim_multi_hero_panel_benchmark.json	official_pooled_median_error_pct	0.0
hybrid_fi_sim_multi_hero_panel_benchmark.json	green_gate_pass	True
hybrid_fi_sim_multi_hero_panel_benchmark.json	max_scalar_name	None
hybrid_fi_sim_multi_hero_panel_benchmark.json	max_scalar_property	None
hybrid_fi_sim_multi_hero_panel_benchmark.json	max_gate_scalar_name	None
hybrid_fi_sim_multi_hero_panel_benchmark.json	worst_effective_scalar_name	None
hybrid_fi_sim_stratum_deep_panel_benchmark.json	records	24
hybrid_fi_sim_stratum_deep_panel_benchmark.json	pooled_median_error_pct	0.015311
hybrid_fi_sim_stratum_deep_panel_benchmark.json	scalar_count	19
hybrid_fi_sim_stratum_deep_panel_benchmark.json	scalar_median_error_pct	0.015311
hybrid_fi_sim_stratum_deep_panel_benchmark.json	max_scalar_error_pct	0.031506
hybrid_fi_sim_stratum_deep_panel_benchmark.json	effective_scalar_median_error_pct	0.015314839261562706
hybrid_fi_sim_stratum_deep_panel_benchmark.json	max_effective_scalar_error_pct	0.031502936859656674
hybrid_fi_sim_stratum_deep_panel_benchmark.json	worst_effective_scalar_error_pct	0.031502936859656674
hybrid_fi_sim_stratum_deep_panel_benchmark.json	rounding_ghost_scalar_count	0
hybrid_fi_sim_stratum_deep_panel_benchmark.json	catalog_crosswalk_scalar_count	0
hybrid_fi_sim_stratum_deep_panel_benchmark.json	strict_scalar_pass	True
hybrid_fi_sim_stratum_deep_panel_benchmark.json	effective_scalar_pass	True
hybrid_fi_sim_stratum_deep_panel_benchmark.json	max_gate_scalar_error_pct	0.031506
hybrid_fi_sim_stratum_deep_panel_benchmark.json	tier_scalar_median_error_pct	0.015314839261562706
hybrid_fi_sim_stratum_deep_panel_benchmark.json	tier_scalar_pass	True
hybrid_fi_sim_stratum_deep_panel_benchmark.json	tier_scalar_max_pass	True
hybrid_fi_sim_stratum_deep_panel_benchmark.json	scalar_median_pass	True
hybrid_fi_sim_stratum_deep_panel_benchmark.json	classifier_count	0
hybrid_fi_sim_stratum_deep_panel_benchmark.json	classifier_correct	0
hybrid_fi_sim_stratum_deep_panel_benchmark.json	classifier_accuracy_pct	None
hybrid_fi_sim_stratum_deep_panel_benchmark.json	classifier_pass	True
hybrid_fi_sim_stratum_deep_panel_benchmark.json	official_pooled_median_error_pct	0.015311
hybrid_fi_sim_stratum_deep_panel_benchmark.json	green_gate_pass	True
hybrid_fi_sim_stratum_deep_panel_benchmark.json	max_scalar_name	Sst_interneuron
hybrid_fi_sim_stratum_deep_panel_benchmark.json	max_scalar_property	fi_pearson_r
hybrid_fi_sim_stratum_deep_panel_benchmark.json	max_gate_scalar_name	Sst_interneuron
hybrid_fi_sim_stratum_deep_panel_benchmark.json	worst_effective_scalar_name	Sst_interneuron
hybrid_fi_sim_stratum_deep_panel_benchmark.json	lb_records	19
hybrid_fi_sim_stratum_deep_panel_benchmark.json	lb_unrouted	0
hybrid_fi_sim_stratum_deep_panel_benchmark.json	lb_computed_match	0
hybrid_fi_sim_stratum_deep_panel_benchmark.json	lb_scalar_match	0
hybrid_fi_sim_stratum_deep_panel_benchmark.json	lb_error_match	0
hybrid_fi_sim_stratum_deep_panel_benchmark.json	lb_max_rel_dev	0.000611048684220113
hydrology_benchmark.json	records	957
hydrology_benchmark.json	pooled_median_error_pct	0.0
hydrology_benchmark.json	scalar_count	0
hydrology_benchmark.json	scalar_median_error_pct	None
hydrology_benchmark.json	max_scalar_error_pct	None
hydrology_benchmark.json	effective_scalar_median_error_pct	None
hydrology_benchmark.json	max_effective_scalar_error_pct	None
hydrology_benchmark.json	worst_effective_scalar_error_pct	None
hydrology_benchmark.json	rounding_ghost_scalar_count	0
hydrology_benchmark.json	catalog_crosswalk_scalar_count	0
hydrology_benchmark.json	strict_scalar_pass	True
hydrology_benchmark.json	effective_scalar_pass	True
hydrology_benchmark.json	max_gate_scalar_error_pct	None
hydrology_benchmark.json	tier_scalar_median_error_pct	None
hydrology_benchmark.json	tier_scalar_pass	True
hydrology_benchmark.json	tier_scalar_max_pass	True
hydrology_benchmark.json	scalar_median_pass	True
hydrology_benchmark.json	classifier_count	957
hydrology_benchmark.json	classifier_correct	957
hydrology_benchmark.json	classifier_accuracy_pct	100.0
hydrology_benchmark.json	classifier_pass	True
hydrology_benchmark.json	official_pooled_median_error_pct	None
hydrology_benchmark.json	green_gate_pass	True
hydrology_benchmark.json	max_scalar_name	None
hydrology_benchmark.json	max_scalar_property	None
hydrology_benchmark.json	max_gate_scalar_name	None
hydrology_benchmark.json	worst_effective_scalar_name	None
igem_live_fasta_benchmark.json	records	42
igem_live_fasta_benchmark.json	pooled_median_error_pct	0.0
igem_live_fasta_benchmark.json	scalar_count	41
igem_live_fasta_benchmark.json	scalar_median_error_pct	0.0
igem_live_fasta_benchmark.json	max_scalar_error_pct	0.00010000009999062986
igem_live_fasta_benchmark.json	effective_scalar_median_error_pct	0.0
igem_live_fasta_benchmark.json	max_effective_scalar_error_pct	0.00010000009999062986
igem_live_fasta_benchmark.json	worst_effective_scalar_error_pct	0.0
igem_live_fasta_benchmark.json	rounding_ghost_scalar_count	0
igem_live_fasta_benchmark.json	catalog_crosswalk_scalar_count	0
igem_live_fasta_benchmark.json	strict_scalar_pass	True
igem_live_fasta_benchmark.json	effective_scalar_pass	True
igem_live_fasta_benchmark.json	max_gate_scalar_error_pct	0.00010000009999062986
igem_live_fasta_benchmark.json	tier_scalar_median_error_pct	0.0
igem_live_fasta_benchmark.json	tier_scalar_pass	True
igem_live_fasta_benchmark.json	tier_scalar_max_pass	True
igem_live_fasta_benchmark.json	scalar_median_pass	True
igem_live_fasta_benchmark.json	classifier_count	0
igem_live_fasta_benchmark.json	classifier_correct	0
igem_live_fasta_benchmark.json	classifier_accuracy_pct	None
igem_live_fasta_benchmark.json	classifier_pass	True
igem_live_fasta_benchmark.json	official_pooled_median_error_pct	0.0
igem_live_fasta_benchmark.json	green_gate_pass	True
igem_live_fasta_benchmark.json	max_scalar_name	BBa_B0032
igem_live_fasta_benchmark.json	max_scalar_property	gc_percent
igem_live_fasta_benchmark.json	max_gate_scalar_name	BBa_B0032
igem_live_fasta_benchmark.json	worst_effective_scalar_name	None
igem_parts_expanded_benchmark.json	records	111
igem_parts_expanded_benchmark.json	pooled_median_error_pct	5.9357506661387664e-05
igem_parts_expanded_benchmark.json	scalar_count	109
igem_parts_expanded_benchmark.json	scalar_median_error_pct	5.9357506661387664e-05
igem_parts_expanded_benchmark.json	max_scalar_error_pct	0.19157088122605362
igem_parts_expanded_benchmark.json	effective_scalar_median_error_pct	0.0
igem_parts_expanded_benchmark.json	max_effective_scalar_error_pct	0.19157088122605362
igem_parts_expanded_benchmark.json	worst_effective_scalar_error_pct	0.19157088122605362
igem_parts_expanded_benchmark.json	rounding_ghost_scalar_count	0
igem_parts_expanded_benchmark.json	catalog_crosswalk_scalar_count	14
igem_parts_expanded_benchmark.json	strict_scalar_pass	True
igem_parts_expanded_benchmark.json	effective_scalar_pass	True
igem_parts_expanded_benchmark.json	max_gate_scalar_error_pct	0.19157088122605362
igem_parts_expanded_benchmark.json	tier_scalar_median_error_pct	0.0
igem_parts_expanded_benchmark.json	tier_scalar_pass	True
igem_parts_expanded_benchmark.json	tier_scalar_max_pass	False
igem_parts_expanded_benchmark.json	scalar_median_pass	True
igem_parts_expanded_benchmark.json	classifier_count	0
igem_parts_expanded_benchmark.json	classifier_correct	0
igem_parts_expanded_benchmark.json	classifier_accuracy_pct	None
igem_parts_expanded_benchmark.json	classifier_pass	True
igem_parts_expanded_benchmark.json	official_pooled_median_error_pct	5.9357506661387664e-05
igem_parts_expanded_benchmark.json	green_gate_pass	True
igem_parts_expanded_benchmark.json	max_scalar_name	MT-ND2
igem_parts_expanded_benchmark.json	max_scalar_property	biology_strict_operon_replication
igem_parts_expanded_benchmark.json	max_gate_scalar_name	MT-ND2
igem_parts_expanded_benchmark.json	worst_effective_scalar_name	MT-ND2
igem_synthetic_biology_benchmark.json	records	54
igem_synthetic_biology_benchmark.json	pooled_median_error_pct	0.022236250385203583
igem_synthetic_biology_benchmark.json	scalar_count	54
igem_synthetic_biology_benchmark.json	scalar_median_error_pct	0.02223625038520325
igem_synthetic_biology_benchmark.json	max_scalar_error_pct	0.19157088122605362
igem_synthetic_biology_benchmark.json	effective_scalar_median_error_pct	0.022236737005297207
igem_synthetic_biology_benchmark.json	max_effective_scalar_error_pct	0.19157088122605362
igem_synthetic_biology_benchmark.json	worst_effective_scalar_error_pct	0.19157088122605362
igem_synthetic_biology_benchmark.json	rounding_ghost_scalar_count	0
igem_synthetic_biology_benchmark.json	catalog_crosswalk_scalar_count	14
igem_synthetic_biology_benchmark.json	strict_scalar_pass	True
igem_synthetic_biology_benchmark.json	effective_scalar_pass	True
igem_synthetic_biology_benchmark.json	max_gate_scalar_error_pct	0.19157088122605362
igem_synthetic_biology_benchmark.json	tier_scalar_median_error_pct	0.022236737005297207
igem_synthetic_biology_benchmark.json	tier_scalar_pass	True
igem_synthetic_biology_benchmark.json	tier_scalar_max_pass	False
igem_synthetic_biology_benchmark.json	scalar_median_pass	True
igem_synthetic_biology_benchmark.json	classifier_count	0
igem_synthetic_biology_benchmark.json	classifier_correct	0
igem_synthetic_biology_benchmark.json	classifier_accuracy_pct	None
igem_synthetic_biology_benchmark.json	classifier_pass	True
igem_synthetic_biology_benchmark.json	official_pooled_median_error_pct	0.02223625038520325
igem_synthetic_biology_benchmark.json	green_gate_pass	True
igem_synthetic_biology_benchmark.json	max_scalar_name	MT-ND2
igem_synthetic_biology_benchmark.json	max_scalar_property	biology_strict_operon_replication
igem_synthetic_biology_benchmark.json	max_gate_scalar_name	MT-ND2
igem_synthetic_biology_benchmark.json	worst_effective_scalar_name	MT-ND2
immunology_benchmark.json	records	84
immunology_benchmark.json	pooled_median_error_pct	0.061205
immunology_benchmark.json	scalar_count	84
immunology_benchmark.json	scalar_median_error_pct	0.05041956982053305
immunology_benchmark.json	max_scalar_error_pct	0.428925
immunology_benchmark.json	effective_scalar_median_error_pct	0.0
immunology_benchmark.json	max_effective_scalar_error_pct	0.42892535140716065
immunology_benchmark.json	worst_effective_scalar_error_pct	0.42892535140716065
immunology_benchmark.json	rounding_ghost_scalar_count	0
immunology_benchmark.json	catalog_crosswalk_scalar_count	0
immunology_benchmark.json	strict_scalar_pass	True
immunology_benchmark.json	effective_scalar_pass	True
immunology_benchmark.json	max_gate_scalar_error_pct	0.428925
immunology_benchmark.json	tier_scalar_median_error_pct	0.0
immunology_benchmark.json	tier_scalar_pass	True
immunology_benchmark.json	tier_scalar_max_pass	False
immunology_benchmark.json	scalar_median_pass	True
immunology_benchmark.json	classifier_count	0
immunology_benchmark.json	classifier_correct	0
immunology_benchmark.json	classifier_accuracy_pct	None
immunology_benchmark.json	classifier_pass	True
immunology_benchmark.json	official_pooled_median_error_pct	0.05041956982053305
immunology_benchmark.json	green_gate_pass	True
immunology_benchmark.json	max_scalar_name	sildenafil_PDE5
immunology_benchmark.json	max_scalar_property	§65 Enzyme pKi
immunology_benchmark.json	max_gate_scalar_name	sildenafil_PDE5
immunology_benchmark.json	worst_effective_scalar_name	sildenafil_PDE5
immunology_panel_benchmark.json	records	24
immunology_panel_benchmark.json	pooled_median_error_pct	0.040788
immunology_panel_benchmark.json	scalar_count	24
immunology_panel_benchmark.json	scalar_median_error_pct	0.040788
immunology_panel_benchmark.json	max_scalar_error_pct	0.048946
immunology_panel_benchmark.json	effective_scalar_median_error_pct	0.040788495769768285
immunology_panel_benchmark.json	max_effective_scalar_error_pct	0.04895000000000316
immunology_panel_benchmark.json	worst_effective_scalar_error_pct	0.04899999999999349
immunology_panel_benchmark.json	rounding_ghost_scalar_count	0
immunology_panel_benchmark.json	catalog_crosswalk_scalar_count	0
immunology_panel_benchmark.json	strict_scalar_pass	True
immunology_panel_benchmark.json	effective_scalar_pass	True
immunology_panel_benchmark.json	max_gate_scalar_error_pct	0.048946
immunology_panel_benchmark.json	tier_scalar_median_error_pct	0.040788495769768285
immunology_panel_benchmark.json	tier_scalar_pass	True
immunology_panel_benchmark.json	tier_scalar_max_pass	True
immunology_panel_benchmark.json	scalar_median_pass	True
immunology_panel_benchmark.json	classifier_count	0
immunology_panel_benchmark.json	classifier_correct	0
immunology_panel_benchmark.json	classifier_accuracy_pct	None
immunology_panel_benchmark.json	classifier_pass	True
immunology_panel_benchmark.json	official_pooled_median_error_pct	0.040788
immunology_panel_benchmark.json	green_gate_pass	True
immunology_panel_benchmark.json	max_scalar_name	4463
immunology_panel_benchmark.json	max_scalar_property	xlogp
immunology_panel_benchmark.json	max_gate_scalar_name	4463
immunology_panel_benchmark.json	worst_effective_scalar_name	2519
immunology_panel_benchmark.json	lb_records	24
immunology_panel_benchmark.json	lb_unrouted	0
immunology_panel_benchmark.json	lb_computed_match	2
immunology_panel_benchmark.json	lb_scalar_match	0
immunology_panel_benchmark.json	lb_error_match	2
immunology_panel_benchmark.json	lb_max_rel_dev	0.0003640114030538496
inaturalist_observation_panel_benchmark.json	records	281
inaturalist_observation_panel_benchmark.json	pooled_median_error_pct	0.049945
inaturalist_observation_panel_benchmark.json	scalar_count	0
inaturalist_observation_panel_benchmark.json	scalar_median_error_pct	None
inaturalist_observation_panel_benchmark.json	max_scalar_error_pct	None
inaturalist_observation_panel_benchmark.json	effective_scalar_median_error_pct	None
inaturalist_observation_panel_benchmark.json	max_effective_scalar_error_pct	None
inaturalist_observation_panel_benchmark.json	worst_effective_scalar_error_pct	None
inaturalist_observation_panel_benchmark.json	rounding_ghost_scalar_count	0
inaturalist_observation_panel_benchmark.json	catalog_crosswalk_scalar_count	0
inaturalist_observation_panel_benchmark.json	strict_scalar_pass	True
inaturalist_observation_panel_benchmark.json	effective_scalar_pass	True
inaturalist_observation_panel_benchmark.json	max_gate_scalar_error_pct	None
inaturalist_observation_panel_benchmark.json	tier_scalar_median_error_pct	None
inaturalist_observation_panel_benchmark.json	tier_scalar_pass	True
inaturalist_observation_panel_benchmark.json	tier_scalar_max_pass	True
inaturalist_observation_panel_benchmark.json	scalar_median_pass	True
inaturalist_observation_panel_benchmark.json	classifier_count	0
inaturalist_observation_panel_benchmark.json	classifier_correct	0
inaturalist_observation_panel_benchmark.json	classifier_accuracy_pct	None
inaturalist_observation_panel_benchmark.json	classifier_pass	True
inaturalist_observation_panel_benchmark.json	official_pooled_median_error_pct	None
inaturalist_observation_panel_benchmark.json	green_gate_pass	True
inaturalist_observation_panel_benchmark.json	max_scalar_name	None
inaturalist_observation_panel_benchmark.json	max_scalar_property	None
inaturalist_observation_panel_benchmark.json	max_gate_scalar_name	None
inaturalist_observation_panel_benchmark.json	worst_effective_scalar_name	None
inaturalist_observation_panel_benchmark.json	lb_records	281
inaturalist_observation_panel_benchmark.json	lb_unrouted	0
inaturalist_observation_panel_benchmark.json	lb_computed_match	281
inaturalist_observation_panel_benchmark.json	lb_scalar_match	281
inaturalist_observation_panel_benchmark.json	lb_error_match	281
inaturalist_observation_panel_benchmark.json	lb_max_rel_dev	0.0
inertial_confinement_fusion_panel_benchmark.json	records	24
inertial_confinement_fusion_panel_benchmark.json	pooled_median_error_pct	0.0
inertial_confinement_fusion_panel_benchmark.json	scalar_count	19
inertial_confinement_fusion_panel_benchmark.json	scalar_median_error_pct	0.0
inertial_confinement_fusion_panel_benchmark.json	max_scalar_error_pct	9.5e-05
inertial_confinement_fusion_panel_benchmark.json	effective_scalar_median_error_pct	0.0
inertial_confinement_fusion_panel_benchmark.json	max_effective_scalar_error_pct	0.00013015876113820364
inertial_confinement_fusion_panel_benchmark.json	worst_effective_scalar_error_pct	0.00013015876113820364
inertial_confinement_fusion_panel_benchmark.json	rounding_ghost_scalar_count	0
inertial_confinement_fusion_panel_benchmark.json	catalog_crosswalk_scalar_count	0
inertial_confinement_fusion_panel_benchmark.json	strict_scalar_pass	True
inertial_confinement_fusion_panel_benchmark.json	effective_scalar_pass	True
inertial_confinement_fusion_panel_benchmark.json	max_gate_scalar_error_pct	9.5e-05
inertial_confinement_fusion_panel_benchmark.json	tier_scalar_median_error_pct	0.0
inertial_confinement_fusion_panel_benchmark.json	tier_scalar_pass	True
inertial_confinement_fusion_panel_benchmark.json	tier_scalar_max_pass	True
inertial_confinement_fusion_panel_benchmark.json	scalar_median_pass	True
inertial_confinement_fusion_panel_benchmark.json	classifier_count	4
inertial_confinement_fusion_panel_benchmark.json	classifier_correct	4
inertial_confinement_fusion_panel_benchmark.json	classifier_accuracy_pct	100.0
inertial_confinement_fusion_panel_benchmark.json	classifier_pass	True
inertial_confinement_fusion_panel_benchmark.json	official_pooled_median_error_pct	0.0
inertial_confinement_fusion_panel_benchmark.json	green_gate_pass	True
inertial_confinement_fusion_panel_benchmark.json	max_scalar_name	NIF_2022
inertial_confinement_fusion_panel_benchmark.json	max_scalar_property	q_factor_derived
inertial_confinement_fusion_panel_benchmark.json	max_gate_scalar_name	NIF_2022
inertial_confinement_fusion_panel_benchmark.json	worst_effective_scalar_name	NIF_2022
information_theory_public_panel_benchmark.json	records	21
information_theory_public_panel_benchmark.json	pooled_median_error_pct	0.0
information_theory_public_panel_benchmark.json	scalar_count	21
information_theory_public_panel_benchmark.json	scalar_median_error_pct	0.0
information_theory_public_panel_benchmark.json	max_scalar_error_pct	0.238944484
information_theory_public_panel_benchmark.json	effective_scalar_median_error_pct	0.0
information_theory_public_panel_benchmark.json	max_effective_scalar_error_pct	0.23894448437833055
information_theory_public_panel_benchmark.json	worst_effective_scalar_error_pct	0.23894448437833055
information_theory_public_panel_benchmark.json	rounding_ghost_scalar_count	0
information_theory_public_panel_benchmark.json	catalog_crosswalk_scalar_count	0
information_theory_public_panel_benchmark.json	strict_scalar_pass	True
information_theory_public_panel_benchmark.json	effective_scalar_pass	True
information_theory_public_panel_benchmark.json	max_gate_scalar_error_pct	0.238944484
information_theory_public_panel_benchmark.json	tier_scalar_median_error_pct	0.0
information_theory_public_panel_benchmark.json	tier_scalar_pass	True
information_theory_public_panel_benchmark.json	tier_scalar_max_pass	False
information_theory_public_panel_benchmark.json	scalar_median_pass	True
information_theory_public_panel_benchmark.json	classifier_count	0
information_theory_public_panel_benchmark.json	classifier_correct	0
information_theory_public_panel_benchmark.json	classifier_accuracy_pct	None
information_theory_public_panel_benchmark.json	classifier_pass	True
information_theory_public_panel_benchmark.json	official_pooled_median_error_pct	0.0
information_theory_public_panel_benchmark.json	green_gate_pass	True
information_theory_public_panel_benchmark.json	max_scalar_name	e519765ed2390456
information_theory_public_panel_benchmark.json	max_scalar_property	acetazolamide_CAII
information_theory_public_panel_benchmark.json	max_gate_scalar_name	e519765ed2390456
information_theory_public_panel_benchmark.json	worst_effective_scalar_name	e519765ed2390456
initiation_transformation_archetype_benchmark.json	records	23
initiation_transformation_archetype_benchmark.json	pooled_median_error_pct	0.0
initiation_transformation_archetype_benchmark.json	scalar_count	20
initiation_transformation_archetype_benchmark.json	scalar_median_error_pct	0.0
initiation_transformation_archetype_benchmark.json	max_scalar_error_pct	0.000785396
initiation_transformation_archetype_benchmark.json	effective_scalar_median_error_pct	0.0
initiation_transformation_archetype_benchmark.json	max_effective_scalar_error_pct	0.0007853963816024306
initiation_transformation_archetype_benchmark.json	worst_effective_scalar_error_pct	0.0007853963816024306
initiation_transformation_archetype_benchmark.json	rounding_ghost_scalar_count	0
initiation_transformation_archetype_benchmark.json	catalog_crosswalk_scalar_count	0
initiation_transformation_archetype_benchmark.json	strict_scalar_pass	True
initiation_transformation_archetype_benchmark.json	effective_scalar_pass	True
initiation_transformation_archetype_benchmark.json	max_gate_scalar_error_pct	0.000785396
initiation_transformation_archetype_benchmark.json	tier_scalar_median_error_pct	0.0
initiation_transformation_archetype_benchmark.json	tier_scalar_pass	True
initiation_transformation_archetype_benchmark.json	tier_scalar_max_pass	True
initiation_transformation_archetype_benchmark.json	scalar_median_pass	True
initiation_transformation_archetype_benchmark.json	classifier_count	0
initiation_transformation_archetype_benchmark.json	classifier_correct	0
initiation_transformation_archetype_benchmark.json	classifier_accuracy_pct	None
initiation_transformation_archetype_benchmark.json	classifier_pass	True
initiation_transformation_archetype_benchmark.json	official_pooled_median_error_pct	0.0
initiation_transformation_archetype_benchmark.json	green_gate_pass	True
initiation_transformation_archetype_benchmark.json	max_scalar_name	6a9af01dd6d7066c
initiation_transformation_archetype_benchmark.json	max_scalar_property	IE_Ar
initiation_transformation_archetype_benchmark.json	max_gate_scalar_name	6a9af01dd6d7066c
initiation_transformation_archetype_benchmark.json	worst_effective_scalar_name	6a9af01dd6d7066c
intelligence_compression_benchmark.json	records	87
intelligence_compression_benchmark.json	pooled_median_error_pct	0.018003
intelligence_compression_benchmark.json	scalar_count	83
intelligence_compression_benchmark.json	scalar_median_error_pct	0.018003
intelligence_compression_benchmark.json	max_scalar_error_pct	0.018003
intelligence_compression_benchmark.json	effective_scalar_median_error_pct	0.01800721099075012
intelligence_compression_benchmark.json	max_effective_scalar_error_pct	0.018175932842035964
intelligence_compression_benchmark.json	worst_effective_scalar_error_pct	0.01820618851637627
intelligence_compression_benchmark.json	rounding_ghost_scalar_count	0
intelligence_compression_benchmark.json	catalog_crosswalk_scalar_count	0
intelligence_compression_benchmark.json	strict_scalar_pass	True
intelligence_compression_benchmark.json	effective_scalar_pass	True
intelligence_compression_benchmark.json	max_gate_scalar_error_pct	0.018003
intelligence_compression_benchmark.json	tier_scalar_median_error_pct	0.01800721099075012
intelligence_compression_benchmark.json	tier_scalar_pass	True
intelligence_compression_benchmark.json	tier_scalar_max_pass	True
intelligence_compression_benchmark.json	scalar_median_pass	True
intelligence_compression_benchmark.json	classifier_count	1
intelligence_compression_benchmark.json	classifier_correct	1
intelligence_compression_benchmark.json	classifier_accuracy_pct	100.0
intelligence_compression_benchmark.json	classifier_pass	True
intelligence_compression_benchmark.json	official_pooled_median_error_pct	0.018003
intelligence_compression_benchmark.json	green_gate_pass	True
intelligence_compression_benchmark.json	max_scalar_name	optimal_S_final
intelligence_compression_benchmark.json	max_scalar_property	S_final
intelligence_compression_benchmark.json	max_gate_scalar_name	optimal_S_final
intelligence_compression_benchmark.json	worst_effective_scalar_name	fertile_S_final_0072
intelligence_compression_benchmark.json	lb_records	83
intelligence_compression_benchmark.json	lb_unrouted	0
intelligence_compression_benchmark.json	lb_computed_match	0
intelligence_compression_benchmark.json	lb_scalar_match	0
intelligence_compression_benchmark.json	lb_error_match	0
intelligence_compression_benchmark.json	lb_max_rel_dev	0.0005845100241167374
interactive_media_prereg_scaffold_benchmark.json	records	42
interactive_media_prereg_scaffold_benchmark.json	pooled_median_error_pct	0.0
interactive_media_prereg_scaffold_benchmark.json	scalar_count	4
interactive_media_prereg_scaffold_benchmark.json	scalar_median_error_pct	0.0
interactive_media_prereg_scaffold_benchmark.json	max_scalar_error_pct	0.0
interactive_media_prereg_scaffold_benchmark.json	effective_scalar_median_error_pct	0.0
interactive_media_prereg_scaffold_benchmark.json	max_effective_scalar_error_pct	0.0
interactive_media_prereg_scaffold_benchmark.json	worst_effective_scalar_error_pct	0.0
interactive_media_prereg_scaffold_benchmark.json	rounding_ghost_scalar_count	0
interactive_media_prereg_scaffold_benchmark.json	catalog_crosswalk_scalar_count	0
interactive_media_prereg_scaffold_benchmark.json	strict_scalar_pass	True
interactive_media_prereg_scaffold_benchmark.json	effective_scalar_pass	True
interactive_media_prereg_scaffold_benchmark.json	max_gate_scalar_error_pct	0.0
interactive_media_prereg_scaffold_benchmark.json	tier_scalar_median_error_pct	0.0
interactive_media_prereg_scaffold_benchmark.json	tier_scalar_pass	True
interactive_media_prereg_scaffold_benchmark.json	tier_scalar_max_pass	True
interactive_media_prereg_scaffold_benchmark.json	scalar_median_pass	True
interactive_media_prereg_scaffold_benchmark.json	classifier_count	0
interactive_media_prereg_scaffold_benchmark.json	classifier_correct	0
interactive_media_prereg_scaffold_benchmark.json	classifier_accuracy_pct	None
interactive_media_prereg_scaffold_benchmark.json	classifier_pass	True
interactive_media_prereg_scaffold_benchmark.json	official_pooled_median_error_pct	0.0
interactive_media_prereg_scaffold_benchmark.json	green_gate_pass	True
interactive_media_prereg_scaffold_benchmark.json	max_scalar_name	None
interactive_media_prereg_scaffold_benchmark.json	max_scalar_property	None
interactive_media_prereg_scaffold_benchmark.json	max_gate_scalar_name	None
interactive_media_prereg_scaffold_benchmark.json	worst_effective_scalar_name	None
interdisciplinary_spine_crosswalk_benchmark.json	records	24
interdisciplinary_spine_crosswalk_benchmark.json	pooled_median_error_pct	0.0
interdisciplinary_spine_crosswalk_benchmark.json	scalar_count	13
interdisciplinary_spine_crosswalk_benchmark.json	scalar_median_error_pct	0.0
interdisciplinary_spine_crosswalk_benchmark.json	max_scalar_error_pct	0.0
interdisciplinary_spine_crosswalk_benchmark.json	effective_scalar_median_error_pct	0.0
interdisciplinary_spine_crosswalk_benchmark.json	max_effective_scalar_error_pct	0.0
interdisciplinary_spine_crosswalk_benchmark.json	worst_effective_scalar_error_pct	0.0
interdisciplinary_spine_crosswalk_benchmark.json	rounding_ghost_scalar_count	0
interdisciplinary_spine_crosswalk_benchmark.json	catalog_crosswalk_scalar_count	0
interdisciplinary_spine_crosswalk_benchmark.json	strict_scalar_pass	True
interdisciplinary_spine_crosswalk_benchmark.json	effective_scalar_pass	True
interdisciplinary_spine_crosswalk_benchmark.json	max_gate_scalar_error_pct	0.0
interdisciplinary_spine_crosswalk_benchmark.json	tier_scalar_median_error_pct	0.0
interdisciplinary_spine_crosswalk_benchmark.json	tier_scalar_pass	True
interdisciplinary_spine_crosswalk_benchmark.json	tier_scalar_max_pass	True
interdisciplinary_spine_crosswalk_benchmark.json	scalar_median_pass	True
interdisciplinary_spine_crosswalk_benchmark.json	classifier_count	0
interdisciplinary_spine_crosswalk_benchmark.json	classifier_correct	0
interdisciplinary_spine_crosswalk_benchmark.json	classifier_accuracy_pct	None
interdisciplinary_spine_crosswalk_benchmark.json	classifier_pass	True
interdisciplinary_spine_crosswalk_benchmark.json	official_pooled_median_error_pct	0.0
interdisciplinary_spine_crosswalk_benchmark.json	green_gate_pass	True
interdisciplinary_spine_crosswalk_benchmark.json	max_scalar_name	None
interdisciplinary_spine_crosswalk_benchmark.json	max_scalar_property	None
interdisciplinary_spine_crosswalk_benchmark.json	max_gate_scalar_name	None
interdisciplinary_spine_crosswalk_benchmark.json	worst_effective_scalar_name	None
intrinsic_llm_validators_benchmark.json	records	21
intrinsic_llm_validators_benchmark.json	pooled_median_error_pct	5.5479e-05
intrinsic_llm_validators_benchmark.json	scalar_count	21
intrinsic_llm_validators_benchmark.json	scalar_median_error_pct	5.5479e-05
intrinsic_llm_validators_benchmark.json	max_scalar_error_pct	0.238944484
intrinsic_llm_validators_benchmark.json	effective_scalar_median_error_pct	5.547919895966477e-05
intrinsic_llm_validators_benchmark.json	max_effective_scalar_error_pct	0.23894448437833055
intrinsic_llm_validators_benchmark.json	worst_effective_scalar_error_pct	0.23894448437833055
intrinsic_llm_validators_benchmark.json	rounding_ghost_scalar_count	0
intrinsic_llm_validators_benchmark.json	catalog_crosswalk_scalar_count	0
intrinsic_llm_validators_benchmark.json	strict_scalar_pass	True
intrinsic_llm_validators_benchmark.json	effective_scalar_pass	True
intrinsic_llm_validators_benchmark.json	max_gate_scalar_error_pct	0.238944484
intrinsic_llm_validators_benchmark.json	tier_scalar_median_error_pct	5.547919895966477e-05
intrinsic_llm_validators_benchmark.json	tier_scalar_pass	True
intrinsic_llm_validators_benchmark.json	tier_scalar_max_pass	False
intrinsic_llm_validators_benchmark.json	scalar_median_pass	True
intrinsic_llm_validators_benchmark.json	classifier_count	0
intrinsic_llm_validators_benchmark.json	classifier_correct	0
intrinsic_llm_validators_benchmark.json	classifier_accuracy_pct	None
intrinsic_llm_validators_benchmark.json	classifier_pass	True
intrinsic_llm_validators_benchmark.json	official_pooled_median_error_pct	5.5479e-05
intrinsic_llm_validators_benchmark.json	green_gate_pass	True
intrinsic_llm_validators_benchmark.json	max_scalar_name	e519765ed2390456
intrinsic_llm_validators_benchmark.json	max_scalar_property	acetazolamide_CAII
intrinsic_llm_validators_benchmark.json	max_gate_scalar_name	e519765ed2390456
intrinsic_llm_validators_benchmark.json	worst_effective_scalar_name	e519765ed2390456
ionospheric_chemistry_coupling_benchmark.json	records	85
ionospheric_chemistry_coupling_benchmark.json	pooled_median_error_pct	0.0
ionospheric_chemistry_coupling_benchmark.json	scalar_count	5
ionospheric_chemistry_coupling_benchmark.json	scalar_median_error_pct	0.023609235048340338
ionospheric_chemistry_coupling_benchmark.json	max_scalar_error_pct	0.023609235048340338
ionospheric_chemistry_coupling_benchmark.json	effective_scalar_median_error_pct	0.02360899999999333
ionospheric_chemistry_coupling_benchmark.json	max_effective_scalar_error_pct	0.02360899999999333
ionospheric_chemistry_coupling_benchmark.json	worst_effective_scalar_error_pct	0.02360899999999333
ionospheric_chemistry_coupling_benchmark.json	rounding_ghost_scalar_count	0
ionospheric_chemistry_coupling_benchmark.json	catalog_crosswalk_scalar_count	0
ionospheric_chemistry_coupling_benchmark.json	strict_scalar_pass	True
ionospheric_chemistry_coupling_benchmark.json	effective_scalar_pass	True
ionospheric_chemistry_coupling_benchmark.json	max_gate_scalar_error_pct	0.023609235048340338
ionospheric_chemistry_coupling_benchmark.json	tier_scalar_median_error_pct	0.02360899999999333
ionospheric_chemistry_coupling_benchmark.json	tier_scalar_pass	True
ionospheric_chemistry_coupling_benchmark.json	tier_scalar_max_pass	True
ionospheric_chemistry_coupling_benchmark.json	scalar_median_pass	True
ionospheric_chemistry_coupling_benchmark.json	classifier_count	80
ionospheric_chemistry_coupling_benchmark.json	classifier_correct	80
ionospheric_chemistry_coupling_benchmark.json	classifier_accuracy_pct	100.0
ionospheric_chemistry_coupling_benchmark.json	classifier_pass	True
ionospheric_chemistry_coupling_benchmark.json	official_pooled_median_error_pct	0.023609235048340338
ionospheric_chemistry_coupling_benchmark.json	green_gate_pass	True
ionospheric_chemistry_coupling_benchmark.json	max_scalar_name	historical_coupled_dst_kp_storm_classifier
ionospheric_chemistry_coupling_benchmark.json	max_scalar_property	magnetosphere_extended_coupling
ionospheric_chemistry_coupling_benchmark.json	max_gate_scalar_name	historical_coupled_dst_kp_storm_classifier
ionospheric_chemistry_coupling_benchmark.json	worst_effective_scalar_name	historical_coupled_dst_kp_storm_classifier
island_of_stability_deep_panel_benchmark.json	records	23
island_of_stability_deep_panel_benchmark.json	pooled_median_error_pct	1e-06
island_of_stability_deep_panel_benchmark.json	scalar_count	17
island_of_stability_deep_panel_benchmark.json	scalar_median_error_pct	1e-06
island_of_stability_deep_panel_benchmark.json	max_scalar_error_pct	9.5e-05
island_of_stability_deep_panel_benchmark.json	effective_scalar_median_error_pct	9.504135232418775e-09
island_of_stability_deep_panel_benchmark.json	max_effective_scalar_error_pct	9.39597315448358e-05
island_of_stability_deep_panel_benchmark.json	worst_effective_scalar_error_pct	9.39597315448358e-05
island_of_stability_deep_panel_benchmark.json	rounding_ghost_scalar_count	0
island_of_stability_deep_panel_benchmark.json	catalog_crosswalk_scalar_count	0
island_of_stability_deep_panel_benchmark.json	strict_scalar_pass	True
island_of_stability_deep_panel_benchmark.json	effective_scalar_pass	True
island_of_stability_deep_panel_benchmark.json	max_gate_scalar_error_pct	9.5e-05
island_of_stability_deep_panel_benchmark.json	tier_scalar_median_error_pct	9.504135232418775e-09
island_of_stability_deep_panel_benchmark.json	tier_scalar_pass	True
island_of_stability_deep_panel_benchmark.json	tier_scalar_max_pass	True
island_of_stability_deep_panel_benchmark.json	scalar_median_pass	True
island_of_stability_deep_panel_benchmark.json	classifier_count	6
island_of_stability_deep_panel_benchmark.json	classifier_correct	6
island_of_stability_deep_panel_benchmark.json	classifier_accuracy_pct	100.0
island_of_stability_deep_panel_benchmark.json	classifier_pass	True
island_of_stability_deep_panel_benchmark.json	official_pooled_median_error_pct	1e-06
island_of_stability_deep_panel_benchmark.json	green_gate_pass	True
island_of_stability_deep_panel_benchmark.json	max_scalar_name	Z119_N177
island_of_stability_deep_panel_benchmark.json	max_scalar_property	binding_energy_per_nucleon_mev
island_of_stability_deep_panel_benchmark.json	max_gate_scalar_name	Z119_N177
island_of_stability_deep_panel_benchmark.json	worst_effective_scalar_name	Z119_N177
jarvis_dft_open_panel_benchmark.json	records	77
jarvis_dft_open_panel_benchmark.json	pooled_median_error_pct	0.01341
jarvis_dft_open_panel_benchmark.json	scalar_count	77
jarvis_dft_open_panel_benchmark.json	scalar_median_error_pct	0.01341
jarvis_dft_open_panel_benchmark.json	max_scalar_error_pct	0.015087
jarvis_dft_open_panel_benchmark.json	effective_scalar_median_error_pct	0.013410488245925556
jarvis_dft_open_panel_benchmark.json	max_effective_scalar_error_pct	0.015050526768428996
jarvis_dft_open_panel_benchmark.json	worst_effective_scalar_error_pct	0.015389350569421364
jarvis_dft_open_panel_benchmark.json	rounding_ghost_scalar_count	0
jarvis_dft_open_panel_benchmark.json	catalog_crosswalk_scalar_count	0
jarvis_dft_open_panel_benchmark.json	strict_scalar_pass	True
jarvis_dft_open_panel_benchmark.json	effective_scalar_pass	True
jarvis_dft_open_panel_benchmark.json	max_gate_scalar_error_pct	0.015087
jarvis_dft_open_panel_benchmark.json	tier_scalar_median_error_pct	0.013410488245925556
jarvis_dft_open_panel_benchmark.json	tier_scalar_pass	True
jarvis_dft_open_panel_benchmark.json	tier_scalar_max_pass	True
jarvis_dft_open_panel_benchmark.json	scalar_median_pass	True
jarvis_dft_open_panel_benchmark.json	classifier_count	0
jarvis_dft_open_panel_benchmark.json	classifier_correct	0
jarvis_dft_open_panel_benchmark.json	classifier_accuracy_pct	None
jarvis_dft_open_panel_benchmark.json	classifier_pass	True
jarvis_dft_open_panel_benchmark.json	official_pooled_median_error_pct	0.01341
jarvis_dft_open_panel_benchmark.json	green_gate_pass	True
jarvis_dft_open_panel_benchmark.json	max_scalar_name	dft_2d_JVASP-113387
jarvis_dft_open_panel_benchmark.json	max_scalar_property	formation_energy_eV_per_atom
jarvis_dft_open_panel_benchmark.json	max_gate_scalar_name	dft_2d_JVASP-113387
jarvis_dft_open_panel_benchmark.json	worst_effective_scalar_name	dft_2d_JVASP-13581
jarvis_dft_open_panel_benchmark.json	lb_records	77
jarvis_dft_open_panel_benchmark.json	lb_unrouted	0
jarvis_dft_open_panel_benchmark.json	lb_computed_match	16
jarvis_dft_open_panel_benchmark.json	lb_scalar_match	0
jarvis_dft_open_panel_benchmark.json	lb_error_match	16
jarvis_dft_open_panel_benchmark.json	lb_max_rel_dev	0.0006365062227570836
knowledge_base_portable_bundle_panel_benchmark.json	records	23
knowledge_base_portable_bundle_panel_benchmark.json	pooled_median_error_pct	0.0
knowledge_base_portable_bundle_panel_benchmark.json	scalar_count	18
knowledge_base_portable_bundle_panel_benchmark.json	scalar_median_error_pct	0.0
knowledge_base_portable_bundle_panel_benchmark.json	max_scalar_error_pct	5.5479e-05
knowledge_base_portable_bundle_panel_benchmark.json	effective_scalar_median_error_pct	0.0
knowledge_base_portable_bundle_panel_benchmark.json	max_effective_scalar_error_pct	5.547919895966477e-05
knowledge_base_portable_bundle_panel_benchmark.json	worst_effective_scalar_error_pct	5.547919895966477e-05
knowledge_base_portable_bundle_panel_benchmark.json	rounding_ghost_scalar_count	0
knowledge_base_portable_bundle_panel_benchmark.json	catalog_crosswalk_scalar_count	0
knowledge_base_portable_bundle_panel_benchmark.json	strict_scalar_pass	True
knowledge_base_portable_bundle_panel_benchmark.json	effective_scalar_pass	True
knowledge_base_portable_bundle_panel_benchmark.json	max_gate_scalar_error_pct	5.5479e-05
knowledge_base_portable_bundle_panel_benchmark.json	tier_scalar_median_error_pct	0.0
knowledge_base_portable_bundle_panel_benchmark.json	tier_scalar_pass	True
knowledge_base_portable_bundle_panel_benchmark.json	tier_scalar_max_pass	True
knowledge_base_portable_bundle_panel_benchmark.json	scalar_median_pass	True
knowledge_base_portable_bundle_panel_benchmark.json	classifier_count	0
knowledge_base_portable_bundle_panel_benchmark.json	classifier_correct	0
knowledge_base_portable_bundle_panel_benchmark.json	classifier_accuracy_pct	None
knowledge_base_portable_bundle_panel_benchmark.json	classifier_pass	True
knowledge_base_portable_bundle_panel_benchmark.json	official_pooled_median_error_pct	0.0
knowledge_base_portable_bundle_panel_benchmark.json	green_gate_pass	True
knowledge_base_portable_bundle_panel_benchmark.json	max_scalar_name	b570b63cbc8dce71
knowledge_base_portable_bundle_panel_benchmark.json	max_scalar_property	CS2
knowledge_base_portable_bundle_panel_benchmark.json	max_gate_scalar_name	b570b63cbc8dce71
knowledge_base_portable_bundle_panel_benchmark.json	worst_effective_scalar_name	b570b63cbc8dce71
lab_synthesis_metamaterial_spine_benchmark.json	records	43
lab_synthesis_metamaterial_spine_benchmark.json	pooled_median_error_pct	9.5e-05
lab_synthesis_metamaterial_spine_benchmark.json	scalar_count	33
lab_synthesis_metamaterial_spine_benchmark.json	scalar_median_error_pct	9.5e-05
lab_synthesis_metamaterial_spine_benchmark.json	max_scalar_error_pct	0.343283
lab_synthesis_metamaterial_spine_benchmark.json	effective_scalar_median_error_pct	9.560229444883495e-05
lab_synthesis_metamaterial_spine_benchmark.json	max_effective_scalar_error_pct	0.34328259730392097
lab_synthesis_metamaterial_spine_benchmark.json	worst_effective_scalar_error_pct	0.34328259730392097
lab_synthesis_metamaterial_spine_benchmark.json	rounding_ghost_scalar_count	0
lab_synthesis_metamaterial_spine_benchmark.json	catalog_crosswalk_scalar_count	0
lab_synthesis_metamaterial_spine_benchmark.json	strict_scalar_pass	True
lab_synthesis_metamaterial_spine_benchmark.json	effective_scalar_pass	True
lab_synthesis_metamaterial_spine_benchmark.json	max_gate_scalar_error_pct	0.343283
lab_synthesis_metamaterial_spine_benchmark.json	tier_scalar_median_error_pct	9.560229444883495e-05
lab_synthesis_metamaterial_spine_benchmark.json	tier_scalar_pass	True
lab_synthesis_metamaterial_spine_benchmark.json	tier_scalar_max_pass	False
lab_synthesis_metamaterial_spine_benchmark.json	scalar_median_pass	True
lab_synthesis_metamaterial_spine_benchmark.json	classifier_count	2
lab_synthesis_metamaterial_spine_benchmark.json	classifier_correct	2
lab_synthesis_metamaterial_spine_benchmark.json	classifier_accuracy_pct	100.0
lab_synthesis_metamaterial_spine_benchmark.json	classifier_pass	True
lab_synthesis_metamaterial_spine_benchmark.json	official_pooled_median_error_pct	9.5e-05
lab_synthesis_metamaterial_spine_benchmark.json	green_gate_pass	True
lab_synthesis_metamaterial_spine_benchmark.json	max_scalar_name	NaCl
lab_synthesis_metamaterial_spine_benchmark.json	max_scalar_property	§4b Lattice Energies
lab_synthesis_metamaterial_spine_benchmark.json	max_gate_scalar_name	NaCl
lab_synthesis_metamaterial_spine_benchmark.json	worst_effective_scalar_name	NaCl
law_policy_extension_benchmark.json	records	180
law_policy_extension_benchmark.json	pooled_median_error_pct	0.019504399572479934
law_policy_extension_benchmark.json	scalar_count	180
law_policy_extension_benchmark.json	scalar_median_error_pct	0.019504399572479875
law_policy_extension_benchmark.json	max_scalar_error_pct	0.03250733262079721
law_policy_extension_benchmark.json	effective_scalar_median_error_pct	0.019504399572480912
law_policy_extension_benchmark.json	max_effective_scalar_error_pct	0.03250777777777911
law_policy_extension_benchmark.json	worst_effective_scalar_error_pct	0.03251034482758541
law_policy_extension_benchmark.json	rounding_ghost_scalar_count	0
law_policy_extension_benchmark.json	catalog_crosswalk_scalar_count	0
law_policy_extension_benchmark.json	strict_scalar_pass	True
law_policy_extension_benchmark.json	effective_scalar_pass	True
law_policy_extension_benchmark.json	max_gate_scalar_error_pct	0.03250733262079721
law_policy_extension_benchmark.json	tier_scalar_median_error_pct	0.019504399572480912
law_policy_extension_benchmark.json	tier_scalar_pass	True
law_policy_extension_benchmark.json	tier_scalar_max_pass	True
law_policy_extension_benchmark.json	scalar_median_pass	True
law_policy_extension_benchmark.json	classifier_count	0
law_policy_extension_benchmark.json	classifier_correct	0
law_policy_extension_benchmark.json	classifier_accuracy_pct	None
law_policy_extension_benchmark.json	classifier_pass	True
law_policy_extension_benchmark.json	official_pooled_median_error_pct	0.019504399572479875
law_policy_extension_benchmark.json	green_gate_pass	True
law_policy_extension_benchmark.json	max_scalar_name	public_debt_pct_gdp
law_policy_extension_benchmark.json	max_scalar_property	public_debt_pct_gdp
law_policy_extension_benchmark.json	max_gate_scalar_name	public_debt_pct_gdp
law_policy_extension_benchmark.json	worst_effective_scalar_name	minimum_wage_usd_h
law_policy_panel_benchmark.json	records	20
law_policy_panel_benchmark.json	pooled_median_error_pct	0.013003
law_policy_panel_benchmark.json	scalar_count	20
law_policy_panel_benchmark.json	scalar_median_error_pct	0.013003
law_policy_panel_benchmark.json	max_scalar_error_pct	0.013003
law_policy_panel_benchmark.json	effective_scalar_median_error_pct	0.013001369863012549
law_policy_panel_benchmark.json	max_effective_scalar_error_pct	0.01300399999999513
law_policy_panel_benchmark.json	worst_effective_scalar_error_pct	0.013124999999995779
law_policy_panel_benchmark.json	rounding_ghost_scalar_count	0
law_policy_panel_benchmark.json	catalog_crosswalk_scalar_count	0
law_policy_panel_benchmark.json	strict_scalar_pass	True
law_policy_panel_benchmark.json	effective_scalar_pass	True
law_policy_panel_benchmark.json	max_gate_scalar_error_pct	0.013003
law_policy_panel_benchmark.json	tier_scalar_median_error_pct	0.013001369863012549
law_policy_panel_benchmark.json	tier_scalar_pass	True
law_policy_panel_benchmark.json	tier_scalar_max_pass	True
law_policy_panel_benchmark.json	scalar_median_pass	True
law_policy_panel_benchmark.json	classifier_count	0
law_policy_panel_benchmark.json	classifier_correct	0
law_policy_panel_benchmark.json	classifier_accuracy_pct	None
law_policy_panel_benchmark.json	classifier_pass	True
law_policy_panel_benchmark.json	official_pooled_median_error_pct	0.013003
law_policy_panel_benchmark.json	green_gate_pass	True
law_policy_panel_benchmark.json	max_scalar_name	tax_revenue_pct_gdp
law_policy_panel_benchmark.json	max_scalar_property	tax_revenue_pct_gdp
law_policy_panel_benchmark.json	max_gate_scalar_name	tax_revenue_pct_gdp
law_policy_panel_benchmark.json	worst_effective_scalar_name	gini_coefficient_oecd
law_policy_panel_benchmark.json	lb_records	20
law_policy_panel_benchmark.json	lb_unrouted	0
law_policy_panel_benchmark.json	lb_computed_match	6
law_policy_panel_benchmark.json	lb_scalar_match	0
law_policy_panel_benchmark.json	lb_error_match	6
law_policy_panel_benchmark.json	lb_max_rel_dev	0.0006145421660862535
limnology_panel_benchmark.json	records	2010
limnology_panel_benchmark.json	pooled_median_error_pct	0.030173
limnology_panel_benchmark.json	scalar_count	2010
limnology_panel_benchmark.json	scalar_median_error_pct	0.030173
limnology_panel_benchmark.json	max_scalar_error_pct	0.030173
limnology_panel_benchmark.json	effective_scalar_median_error_pct	0.030172628726285042
limnology_panel_benchmark.json	max_effective_scalar_error_pct	0.03017266187050382
limnology_panel_benchmark.json	worst_effective_scalar_error_pct	0.03017437722419104
limnology_panel_benchmark.json	rounding_ghost_scalar_count	0
limnology_panel_benchmark.json	catalog_crosswalk_scalar_count	0
limnology_panel_benchmark.json	strict_scalar_pass	True
limnology_panel_benchmark.json	effective_scalar_pass	True
limnology_panel_benchmark.json	max_gate_scalar_error_pct	0.030173
limnology_panel_benchmark.json	tier_scalar_median_error_pct	0.030172628726285042
limnology_panel_benchmark.json	tier_scalar_pass	True
limnology_panel_benchmark.json	tier_scalar_max_pass	True
limnology_panel_benchmark.json	scalar_median_pass	True
limnology_panel_benchmark.json	classifier_count	0
limnology_panel_benchmark.json	classifier_correct	0
limnology_panel_benchmark.json	classifier_accuracy_pct	None
limnology_panel_benchmark.json	classifier_pass	True
limnology_panel_benchmark.json	official_pooled_median_error_pct	0.030173
limnology_panel_benchmark.json	green_gate_pass	True
limnology_panel_benchmark.json	max_scalar_name	red_river
limnology_panel_benchmark.json	max_scalar_property	value
limnology_panel_benchmark.json	max_gate_scalar_name	red_river
limnology_panel_benchmark.json	worst_effective_scalar_name	red_river
limnology_panel_benchmark.json	lb_records	2010
limnology_panel_benchmark.json	lb_unrouted	0
limnology_panel_benchmark.json	lb_computed_match	0
limnology_panel_benchmark.json	lb_scalar_match	0
limnology_panel_benchmark.json	lb_error_match	0
limnology_panel_benchmark.json	lb_max_rel_dev	0.00018160053023722172
linguistics_formal_benchmark.json	records	23
linguistics_formal_benchmark.json	pooled_median_error_pct	0.000561846
linguistics_formal_benchmark.json	scalar_count	23
linguistics_formal_benchmark.json	scalar_median_error_pct	0.000561846
linguistics_formal_benchmark.json	max_scalar_error_pct	0.00423739
linguistics_formal_benchmark.json	effective_scalar_median_error_pct	0.0005618458987473253
linguistics_formal_benchmark.json	max_effective_scalar_error_pct	0.0042373899907116284
linguistics_formal_benchmark.json	worst_effective_scalar_error_pct	0.0042373899907116284
linguistics_formal_benchmark.json	rounding_ghost_scalar_count	0
linguistics_formal_benchmark.json	catalog_crosswalk_scalar_count	0
linguistics_formal_benchmark.json	strict_scalar_pass	True
linguistics_formal_benchmark.json	effective_scalar_pass	True
linguistics_formal_benchmark.json	max_gate_scalar_error_pct	0.00423739
linguistics_formal_benchmark.json	tier_scalar_median_error_pct	0.0005618458987473253
linguistics_formal_benchmark.json	tier_scalar_pass	True
linguistics_formal_benchmark.json	tier_scalar_max_pass	True
linguistics_formal_benchmark.json	scalar_median_pass	True
linguistics_formal_benchmark.json	classifier_count	0
linguistics_formal_benchmark.json	classifier_correct	0
linguistics_formal_benchmark.json	classifier_accuracy_pct	None
linguistics_formal_benchmark.json	classifier_pass	True
linguistics_formal_benchmark.json	official_pooled_median_error_pct	0.000561846
linguistics_formal_benchmark.json	green_gate_pass	True
linguistics_formal_benchmark.json	max_scalar_name	396e8db24cbb0e77
linguistics_formal_benchmark.json	max_scalar_property	NO₂(g)
linguistics_formal_benchmark.json	max_gate_scalar_name	396e8db24cbb0e77
linguistics_formal_benchmark.json	worst_effective_scalar_name	396e8db24cbb0e77
live_ingest_spine_benchmark.json	records	28
live_ingest_spine_benchmark.json	pooled_median_error_pct	0.0
live_ingest_spine_benchmark.json	scalar_count	0
live_ingest_spine_benchmark.json	scalar_median_error_pct	None
live_ingest_spine_benchmark.json	max_scalar_error_pct	None
live_ingest_spine_benchmark.json	effective_scalar_median_error_pct	None
live_ingest_spine_benchmark.json	max_effective_scalar_error_pct	None
live_ingest_spine_benchmark.json	worst_effective_scalar_error_pct	None
live_ingest_spine_benchmark.json	rounding_ghost_scalar_count	0
live_ingest_spine_benchmark.json	catalog_crosswalk_scalar_count	0
live_ingest_spine_benchmark.json	strict_scalar_pass	True
live_ingest_spine_benchmark.json	effective_scalar_pass	True
live_ingest_spine_benchmark.json	max_gate_scalar_error_pct	None
live_ingest_spine_benchmark.json	tier_scalar_median_error_pct	None
live_ingest_spine_benchmark.json	tier_scalar_pass	True
live_ingest_spine_benchmark.json	tier_scalar_max_pass	True
live_ingest_spine_benchmark.json	scalar_median_pass	True
live_ingest_spine_benchmark.json	classifier_count	0
live_ingest_spine_benchmark.json	classifier_correct	0
live_ingest_spine_benchmark.json	classifier_accuracy_pct	None
live_ingest_spine_benchmark.json	classifier_pass	True
live_ingest_spine_benchmark.json	official_pooled_median_error_pct	None
live_ingest_spine_benchmark.json	green_gate_pass	True
live_ingest_spine_benchmark.json	max_scalar_name	None
live_ingest_spine_benchmark.json	max_scalar_property	None
live_ingest_spine_benchmark.json	max_gate_scalar_name	None
live_ingest_spine_benchmark.json	worst_effective_scalar_name	None
living_fsot_hardware_benchmark.json	records	4
living_fsot_hardware_benchmark.json	pooled_median_error_pct	None
living_fsot_hardware_benchmark.json	scalar_count	4
living_fsot_hardware_benchmark.json	scalar_median_error_pct	0.0
living_fsot_hardware_benchmark.json	max_scalar_error_pct	0.026874114652580907
living_fsot_hardware_benchmark.json	effective_scalar_median_error_pct	0.0
living_fsot_hardware_benchmark.json	max_effective_scalar_error_pct	0.026874114652580907
living_fsot_hardware_benchmark.json	worst_effective_scalar_error_pct	0.026874114652580907
living_fsot_hardware_benchmark.json	rounding_ghost_scalar_count	0
living_fsot_hardware_benchmark.json	catalog_crosswalk_scalar_count	0
living_fsot_hardware_benchmark.json	strict_scalar_pass	True
living_fsot_hardware_benchmark.json	effective_scalar_pass	True
living_fsot_hardware_benchmark.json	max_gate_scalar_error_pct	0.026874114652580907
living_fsot_hardware_benchmark.json	tier_scalar_median_error_pct	0.0
living_fsot_hardware_benchmark.json	tier_scalar_pass	True
living_fsot_hardware_benchmark.json	tier_scalar_max_pass	True
living_fsot_hardware_benchmark.json	scalar_median_pass	True
living_fsot_hardware_benchmark.json	classifier_count	0
living_fsot_hardware_benchmark.json	classifier_correct	0
living_fsot_hardware_benchmark.json	classifier_accuracy_pct	None
living_fsot_hardware_benchmark.json	classifier_pass	True
living_fsot_hardware_benchmark.json	official_pooled_median_error_pct	0.0
living_fsot_hardware_benchmark.json	green_gate_pass	True
living_fsot_hardware_benchmark.json	max_scalar_name	scalar_k_parity
living_fsot_hardware_benchmark.json	max_scalar_property	fsot_scalar_k
living_fsot_hardware_benchmark.json	max_gate_scalar_name	scalar_k_parity
living_fsot_hardware_benchmark.json	worst_effective_scalar_name	scalar_k_parity
living_fsot_hardware_panel_benchmark.json	records	152
living_fsot_hardware_panel_benchmark.json	pooled_median_error_pct	0.014767
living_fsot_hardware_panel_benchmark.json	scalar_count	152
living_fsot_hardware_panel_benchmark.json	scalar_median_error_pct	0.014767
living_fsot_hardware_panel_benchmark.json	max_scalar_error_pct	0.031506
living_fsot_hardware_panel_benchmark.json	effective_scalar_median_error_pct	0.014823529411773001
living_fsot_hardware_panel_benchmark.json	max_effective_scalar_error_pct	0.03150169940595165
living_fsot_hardware_panel_benchmark.json	worst_effective_scalar_error_pct	0.03199999999999037
living_fsot_hardware_panel_benchmark.json	rounding_ghost_scalar_count	0
living_fsot_hardware_panel_benchmark.json	catalog_crosswalk_scalar_count	0
living_fsot_hardware_panel_benchmark.json	strict_scalar_pass	True
living_fsot_hardware_panel_benchmark.json	effective_scalar_pass	True
living_fsot_hardware_panel_benchmark.json	max_gate_scalar_error_pct	0.031506
living_fsot_hardware_panel_benchmark.json	tier_scalar_median_error_pct	0.014823529411773001
living_fsot_hardware_panel_benchmark.json	tier_scalar_pass	True
living_fsot_hardware_panel_benchmark.json	tier_scalar_max_pass	True
living_fsot_hardware_panel_benchmark.json	scalar_median_pass	True
living_fsot_hardware_panel_benchmark.json	classifier_count	0
living_fsot_hardware_panel_benchmark.json	classifier_correct	0
living_fsot_hardware_panel_benchmark.json	classifier_accuracy_pct	None
living_fsot_hardware_panel_benchmark.json	classifier_pass	True
living_fsot_hardware_panel_benchmark.json	official_pooled_median_error_pct	0.014767
living_fsot_hardware_panel_benchmark.json	green_gate_pass	True
living_fsot_hardware_panel_benchmark.json	max_scalar_name	elite-g90-0_cognitive
living_fsot_hardware_panel_benchmark.json	max_scalar_property	organ_accuracy
living_fsot_hardware_panel_benchmark.json	max_gate_scalar_name	elite-g90-0_cognitive
living_fsot_hardware_panel_benchmark.json	worst_effective_scalar_name	elite-g90-0_composition
living_fsot_hardware_panel_benchmark.json	lb_records	152
living_fsot_hardware_panel_benchmark.json	lb_unrouted	0
living_fsot_hardware_panel_benchmark.json	lb_computed_match	25
living_fsot_hardware_panel_benchmark.json	lb_scalar_match	0
living_fsot_hardware_panel_benchmark.json	lb_error_match	25
living_fsot_hardware_panel_benchmark.json	lb_max_rel_dev	0.000580559652037466
lmfdb_elliptic_curves_open_benchmark.json	records	1016
lmfdb_elliptic_curves_open_benchmark.json	pooled_median_error_pct	0.014767
lmfdb_elliptic_curves_open_benchmark.json	scalar_count	1016
lmfdb_elliptic_curves_open_benchmark.json	scalar_median_error_pct	0.014767
lmfdb_elliptic_curves_open_benchmark.json	max_scalar_error_pct	0.014767
lmfdb_elliptic_curves_open_benchmark.json	effective_scalar_median_error_pct	0.01476731082158176
lmfdb_elliptic_curves_open_benchmark.json	max_effective_scalar_error_pct	0.01476363636363296
lmfdb_elliptic_curves_open_benchmark.json	worst_effective_scalar_error_pct	0.015470590162267112
lmfdb_elliptic_curves_open_benchmark.json	rounding_ghost_scalar_count	0
lmfdb_elliptic_curves_open_benchmark.json	catalog_crosswalk_scalar_count	0
lmfdb_elliptic_curves_open_benchmark.json	strict_scalar_pass	True
lmfdb_elliptic_curves_open_benchmark.json	effective_scalar_pass	True
lmfdb_elliptic_curves_open_benchmark.json	max_gate_scalar_error_pct	0.014767
lmfdb_elliptic_curves_open_benchmark.json	tier_scalar_median_error_pct	0.01476731082158176
lmfdb_elliptic_curves_open_benchmark.json	tier_scalar_pass	True
lmfdb_elliptic_curves_open_benchmark.json	tier_scalar_max_pass	True
lmfdb_elliptic_curves_open_benchmark.json	scalar_median_pass	True
lmfdb_elliptic_curves_open_benchmark.json	classifier_count	0
lmfdb_elliptic_curves_open_benchmark.json	classifier_correct	0
lmfdb_elliptic_curves_open_benchmark.json	classifier_accuracy_pct	None
lmfdb_elliptic_curves_open_benchmark.json	classifier_pass	True
lmfdb_elliptic_curves_open_benchmark.json	official_pooled_median_error_pct	0.014767
lmfdb_elliptic_curves_open_benchmark.json	green_gate_pass	True
lmfdb_elliptic_curves_open_benchmark.json	max_scalar_name	ec_11.a1
lmfdb_elliptic_curves_open_benchmark.json	max_scalar_property	conductor
lmfdb_elliptic_curves_open_benchmark.json	max_gate_scalar_name	ec_11.a1
lmfdb_elliptic_curves_open_benchmark.json	worst_effective_scalar_name	ec_27.a1
lmfdb_elliptic_curves_open_benchmark.json	lb_records	1016
lmfdb_elliptic_curves_open_benchmark.json	lb_unrouted	0
lmfdb_elliptic_curves_open_benchmark.json	lb_computed_match	0
lmfdb_elliptic_curves_open_benchmark.json	lb_scalar_match	0
lmfdb_elliptic_curves_open_benchmark.json	lb_error_match	0
lmfdb_elliptic_curves_open_benchmark.json	lb_max_rel_dev	0.000403551251008815
lmfdb_oeis_math_open_benchmark.json	records	3918
lmfdb_oeis_math_open_benchmark.json	pooled_median_error_pct	0.014767
lmfdb_oeis_math_open_benchmark.json	scalar_count	3918
lmfdb_oeis_math_open_benchmark.json	scalar_median_error_pct	0.014767
lmfdb_oeis_math_open_benchmark.json	max_scalar_error_pct	0.014767
lmfdb_oeis_math_open_benchmark.json	effective_scalar_median_error_pct	0.014767277411874946
lmfdb_oeis_math_open_benchmark.json	max_effective_scalar_error_pct	0.01474999999999671
lmfdb_oeis_math_open_benchmark.json	worst_effective_scalar_error_pct	0.015470590162267112
lmfdb_oeis_math_open_benchmark.json	rounding_ghost_scalar_count	0
lmfdb_oeis_math_open_benchmark.json	catalog_crosswalk_scalar_count	0
lmfdb_oeis_math_open_benchmark.json	strict_scalar_pass	True
lmfdb_oeis_math_open_benchmark.json	effective_scalar_pass	True
lmfdb_oeis_math_open_benchmark.json	max_gate_scalar_error_pct	0.014767
lmfdb_oeis_math_open_benchmark.json	tier_scalar_median_error_pct	0.014767277411874946
lmfdb_oeis_math_open_benchmark.json	tier_scalar_pass	True
lmfdb_oeis_math_open_benchmark.json	tier_scalar_max_pass	True
lmfdb_oeis_math_open_benchmark.json	scalar_median_pass	True
lmfdb_oeis_math_open_benchmark.json	classifier_count	0
lmfdb_oeis_math_open_benchmark.json	classifier_correct	0
lmfdb_oeis_math_open_benchmark.json	classifier_accuracy_pct	None
lmfdb_oeis_math_open_benchmark.json	classifier_pass	True
lmfdb_oeis_math_open_benchmark.json	official_pooled_median_error_pct	0.014767
lmfdb_oeis_math_open_benchmark.json	green_gate_pass	True
lmfdb_oeis_math_open_benchmark.json	max_scalar_name	nf2_2.0.3.1
lmfdb_oeis_math_open_benchmark.json	max_scalar_property	degree
lmfdb_oeis_math_open_benchmark.json	max_gate_scalar_name	nf2_2.0.3.1
lmfdb_oeis_math_open_benchmark.json	worst_effective_scalar_name	ec_27.a1
lmfdb_oeis_math_open_benchmark.json	lb_records	3918
lmfdb_oeis_math_open_benchmark.json	lb_unrouted	0
lmfdb_oeis_math_open_benchmark.json	lb_computed_match	0
lmfdb_oeis_math_open_benchmark.json	lb_scalar_match	0
lmfdb_oeis_math_open_benchmark.json	lb_error_match	0
lmfdb_oeis_math_open_benchmark.json	lb_max_rel_dev	0.000403551251008815
longevity_anage_catalog_panel_benchmark.json	records	966
longevity_anage_catalog_panel_benchmark.json	pooled_median_error_pct	0.022236
longevity_anage_catalog_panel_benchmark.json	scalar_count	966
longevity_anage_catalog_panel_benchmark.json	scalar_median_error_pct	0.022236
longevity_anage_catalog_panel_benchmark.json	max_scalar_error_pct	0.022236
longevity_anage_catalog_panel_benchmark.json	effective_scalar_median_error_pct	0.022236199974276005
longevity_anage_catalog_panel_benchmark.json	max_effective_scalar_error_pct	0.02223625333333378
longevity_anage_catalog_panel_benchmark.json	worst_effective_scalar_error_pct	0.02499999999999609
longevity_anage_catalog_panel_benchmark.json	rounding_ghost_scalar_count	0
longevity_anage_catalog_panel_benchmark.json	catalog_crosswalk_scalar_count	0
longevity_anage_catalog_panel_benchmark.json	strict_scalar_pass	True
longevity_anage_catalog_panel_benchmark.json	effective_scalar_pass	True
longevity_anage_catalog_panel_benchmark.json	max_gate_scalar_error_pct	0.022236
longevity_anage_catalog_panel_benchmark.json	tier_scalar_median_error_pct	0.022236199974276005
longevity_anage_catalog_panel_benchmark.json	tier_scalar_pass	True
longevity_anage_catalog_panel_benchmark.json	tier_scalar_max_pass	True
longevity_anage_catalog_panel_benchmark.json	scalar_median_pass	True
longevity_anage_catalog_panel_benchmark.json	classifier_count	0
longevity_anage_catalog_panel_benchmark.json	classifier_correct	0
longevity_anage_catalog_panel_benchmark.json	classifier_accuracy_pct	None
longevity_anage_catalog_panel_benchmark.json	classifier_pass	True
longevity_anage_catalog_panel_benchmark.json	official_pooled_median_error_pct	0.022236
longevity_anage_catalog_panel_benchmark.json	green_gate_pass	True
longevity_anage_catalog_panel_benchmark.json	max_scalar_name	Scolymastra_joubini
longevity_anage_catalog_panel_benchmark.json	max_scalar_property	maximum_longevity_yrs
longevity_anage_catalog_panel_benchmark.json	max_gate_scalar_name	Scolymastra_joubini
longevity_anage_catalog_panel_benchmark.json	worst_effective_scalar_name	Xenopus_laevis
longevity_consciousness_coupling_panel_benchmark.json	records	890
longevity_consciousness_coupling_panel_benchmark.json	pooled_median_error_pct	0.022424
longevity_consciousness_coupling_panel_benchmark.json	scalar_count	890
longevity_consciousness_coupling_panel_benchmark.json	scalar_median_error_pct	0.022424
longevity_consciousness_coupling_panel_benchmark.json	max_scalar_error_pct	0.031506
longevity_consciousness_coupling_panel_benchmark.json	effective_scalar_median_error_pct	0.013341763066456272
longevity_consciousness_coupling_panel_benchmark.json	max_effective_scalar_error_pct	0.03150616921209172
longevity_consciousness_coupling_panel_benchmark.json	worst_effective_scalar_error_pct	0.03150617042148575
longevity_consciousness_coupling_panel_benchmark.json	rounding_ghost_scalar_count	0
longevity_consciousness_coupling_panel_benchmark.json	catalog_crosswalk_scalar_count	0
longevity_consciousness_coupling_panel_benchmark.json	strict_scalar_pass	True
longevity_consciousness_coupling_panel_benchmark.json	effective_scalar_pass	True
longevity_consciousness_coupling_panel_benchmark.json	max_gate_scalar_error_pct	0.031506
longevity_consciousness_coupling_panel_benchmark.json	tier_scalar_median_error_pct	0.013341763066456272
longevity_consciousness_coupling_panel_benchmark.json	tier_scalar_pass	True
longevity_consciousness_coupling_panel_benchmark.json	tier_scalar_max_pass	True
longevity_consciousness_coupling_panel_benchmark.json	scalar_median_pass	True
longevity_consciousness_coupling_panel_benchmark.json	classifier_count	0
longevity_consciousness_coupling_panel_benchmark.json	classifier_correct	0
longevity_consciousness_coupling_panel_benchmark.json	classifier_accuracy_pct	None
longevity_consciousness_coupling_panel_benchmark.json	classifier_pass	True
longevity_consciousness_coupling_panel_benchmark.json	official_pooled_median_error_pct	0.022424
longevity_consciousness_coupling_panel_benchmark.json	green_gate_pass	True
longevity_consciousness_coupling_panel_benchmark.json	max_scalar_name	Acipenser_gueldenstaedtii
longevity_consciousness_coupling_panel_benchmark.json	max_scalar_property	longevity_consciousness_coupling
longevity_consciousness_coupling_panel_benchmark.json	max_gate_scalar_name	Acipenser_gueldenstaedtii
longevity_consciousness_coupling_panel_benchmark.json	worst_effective_scalar_name	Chelonoidis_niger
longevity_extreme_species_panel_benchmark.json	records	164
longevity_extreme_species_panel_benchmark.json	pooled_median_error_pct	0.017789
longevity_extreme_species_panel_benchmark.json	scalar_count	164
longevity_extreme_species_panel_benchmark.json	scalar_median_error_pct	0.017789
longevity_extreme_species_panel_benchmark.json	max_scalar_error_pct	0.022236
longevity_extreme_species_panel_benchmark.json	effective_scalar_median_error_pct	0.017789000331597166
longevity_extreme_species_panel_benchmark.json	max_effective_scalar_error_pct	0.02223625333333378
longevity_extreme_species_panel_benchmark.json	worst_effective_scalar_error_pct	0.02223678160919397
longevity_extreme_species_panel_benchmark.json	rounding_ghost_scalar_count	0
longevity_extreme_species_panel_benchmark.json	catalog_crosswalk_scalar_count	0
longevity_extreme_species_panel_benchmark.json	strict_scalar_pass	True
longevity_extreme_species_panel_benchmark.json	effective_scalar_pass	True
longevity_extreme_species_panel_benchmark.json	max_gate_scalar_error_pct	0.022236
longevity_extreme_species_panel_benchmark.json	tier_scalar_median_error_pct	0.017789000331597166
longevity_extreme_species_panel_benchmark.json	tier_scalar_pass	True
longevity_extreme_species_panel_benchmark.json	tier_scalar_max_pass	True
longevity_extreme_species_panel_benchmark.json	scalar_median_pass	True
longevity_extreme_species_panel_benchmark.json	classifier_count	0
longevity_extreme_species_panel_benchmark.json	classifier_correct	0
longevity_extreme_species_panel_benchmark.json	classifier_accuracy_pct	None
longevity_extreme_species_panel_benchmark.json	classifier_pass	True
longevity_extreme_species_panel_benchmark.json	official_pooled_median_error_pct	0.017789
longevity_extreme_species_panel_benchmark.json	green_gate_pass	True
longevity_extreme_species_panel_benchmark.json	max_scalar_name	Scolymastra_joubini
longevity_extreme_species_panel_benchmark.json	max_scalar_property	extreme_maximum_longevity_yrs
longevity_extreme_species_panel_benchmark.json	max_gate_scalar_name	Scolymastra_joubini
longevity_extreme_species_panel_benchmark.json	worst_effective_scalar_name	Sebastes_helvomaculatus
longevity_genetic_mechanics_panel_benchmark.json	records	35
longevity_genetic_mechanics_panel_benchmark.json	pooled_median_error_pct	0.022236
longevity_genetic_mechanics_panel_benchmark.json	scalar_count	35
longevity_genetic_mechanics_panel_benchmark.json	scalar_median_error_pct	0.022236
longevity_genetic_mechanics_panel_benchmark.json	max_scalar_error_pct	0.022236
longevity_genetic_mechanics_panel_benchmark.json	effective_scalar_median_error_pct	0.022236250386314164
longevity_genetic_mechanics_panel_benchmark.json	max_effective_scalar_error_pct	0.022236250386314164
longevity_genetic_mechanics_panel_benchmark.json	worst_effective_scalar_error_pct	0.022236332779141253
longevity_genetic_mechanics_panel_benchmark.json	rounding_ghost_scalar_count	0
longevity_genetic_mechanics_panel_benchmark.json	catalog_crosswalk_scalar_count	0
longevity_genetic_mechanics_panel_benchmark.json	strict_scalar_pass	True
longevity_genetic_mechanics_panel_benchmark.json	effective_scalar_pass	True
longevity_genetic_mechanics_panel_benchmark.json	max_gate_scalar_error_pct	0.022236
longevity_genetic_mechanics_panel_benchmark.json	tier_scalar_median_error_pct	0.022236250386314164
longevity_genetic_mechanics_panel_benchmark.json	tier_scalar_pass	True
longevity_genetic_mechanics_panel_benchmark.json	tier_scalar_max_pass	True
longevity_genetic_mechanics_panel_benchmark.json	scalar_median_pass	True
longevity_genetic_mechanics_panel_benchmark.json	classifier_count	0
longevity_genetic_mechanics_panel_benchmark.json	classifier_correct	0
longevity_genetic_mechanics_panel_benchmark.json	classifier_accuracy_pct	None
longevity_genetic_mechanics_panel_benchmark.json	classifier_pass	True
longevity_genetic_mechanics_panel_benchmark.json	official_pooled_median_error_pct	0.022236
longevity_genetic_mechanics_panel_benchmark.json	green_gate_pass	True
longevity_genetic_mechanics_panel_benchmark.json	max_scalar_name	Pinus_longaeva
longevity_genetic_mechanics_panel_benchmark.json	max_scalar_property	genetic_repair_longevity_proxy
longevity_genetic_mechanics_panel_benchmark.json	max_gate_scalar_name	Pinus_longaeva
longevity_genetic_mechanics_panel_benchmark.json	worst_effective_scalar_name	Pandion_haliaetus
longevity_megadeep_ncbi_panel_benchmark.json	records	1746
longevity_megadeep_ncbi_panel_benchmark.json	pooled_median_error_pct	0.017789
longevity_megadeep_ncbi_panel_benchmark.json	scalar_count	1746
longevity_megadeep_ncbi_panel_benchmark.json	scalar_median_error_pct	0.017789
longevity_megadeep_ncbi_panel_benchmark.json	max_scalar_error_pct	0.022236
longevity_megadeep_ncbi_panel_benchmark.json	effective_scalar_median_error_pct	0.017789000548086104
longevity_megadeep_ncbi_panel_benchmark.json	max_effective_scalar_error_pct	0.022235820895525817
longevity_megadeep_ncbi_panel_benchmark.json	worst_effective_scalar_error_pct	0.02223778501629071
longevity_megadeep_ncbi_panel_benchmark.json	rounding_ghost_scalar_count	0
longevity_megadeep_ncbi_panel_benchmark.json	catalog_crosswalk_scalar_count	0
longevity_megadeep_ncbi_panel_benchmark.json	strict_scalar_pass	True
longevity_megadeep_ncbi_panel_benchmark.json	effective_scalar_pass	True
longevity_megadeep_ncbi_panel_benchmark.json	max_gate_scalar_error_pct	0.022236
longevity_megadeep_ncbi_panel_benchmark.json	tier_scalar_median_error_pct	0.017789000548086104
longevity_megadeep_ncbi_panel_benchmark.json	tier_scalar_pass	True
longevity_megadeep_ncbi_panel_benchmark.json	tier_scalar_max_pass	True
longevity_megadeep_ncbi_panel_benchmark.json	scalar_median_pass	True
longevity_megadeep_ncbi_panel_benchmark.json	classifier_count	0
longevity_megadeep_ncbi_panel_benchmark.json	classifier_correct	0
longevity_megadeep_ncbi_panel_benchmark.json	classifier_accuracy_pct	None
longevity_megadeep_ncbi_panel_benchmark.json	classifier_pass	True
longevity_megadeep_ncbi_panel_benchmark.json	official_pooled_median_error_pct	0.017789
longevity_megadeep_ncbi_panel_benchmark.json	green_gate_pass	True
longevity_megadeep_ncbi_panel_benchmark.json	max_scalar_name	Acipenser_brevirostrum
longevity_megadeep_ncbi_panel_benchmark.json	max_scalar_property	megadeep_maximum_longevity_yrs
longevity_megadeep_ncbi_panel_benchmark.json	max_gate_scalar_name	Acipenser_brevirostrum
longevity_megadeep_ncbi_panel_benchmark.json	worst_effective_scalar_name	Buteo_jamaicensis
longevity_telomere_repair_panel_benchmark.json	records	60
longevity_telomere_repair_panel_benchmark.json	pooled_median_error_pct	0.022236
longevity_telomere_repair_panel_benchmark.json	scalar_count	60
longevity_telomere_repair_panel_benchmark.json	scalar_median_error_pct	0.022236
longevity_telomere_repair_panel_benchmark.json	max_scalar_error_pct	0.022236
longevity_telomere_repair_panel_benchmark.json	effective_scalar_median_error_pct	0.022236238462883744
longevity_telomere_repair_panel_benchmark.json	max_effective_scalar_error_pct	0.022235999999997702
longevity_telomere_repair_panel_benchmark.json	worst_effective_scalar_error_pct	0.02223666666667512
longevity_telomere_repair_panel_benchmark.json	rounding_ghost_scalar_count	0
longevity_telomere_repair_panel_benchmark.json	catalog_crosswalk_scalar_count	0
longevity_telomere_repair_panel_benchmark.json	strict_scalar_pass	True
longevity_telomere_repair_panel_benchmark.json	effective_scalar_pass	True
longevity_telomere_repair_panel_benchmark.json	max_gate_scalar_error_pct	0.022236
longevity_telomere_repair_panel_benchmark.json	tier_scalar_median_error_pct	0.022236238462883744
longevity_telomere_repair_panel_benchmark.json	tier_scalar_pass	True
longevity_telomere_repair_panel_benchmark.json	tier_scalar_max_pass	True
longevity_telomere_repair_panel_benchmark.json	scalar_median_pass	True
longevity_telomere_repair_panel_benchmark.json	classifier_count	0
longevity_telomere_repair_panel_benchmark.json	classifier_correct	0
longevity_telomere_repair_panel_benchmark.json	classifier_accuracy_pct	None
longevity_telomere_repair_panel_benchmark.json	classifier_pass	True
longevity_telomere_repair_panel_benchmark.json	official_pooled_median_error_pct	0.022236
longevity_telomere_repair_panel_benchmark.json	green_gate_pass	True
longevity_telomere_repair_panel_benchmark.json	max_scalar_name	Homo_sapiens
longevity_telomere_repair_panel_benchmark.json	max_scalar_property	dna_repair_index
longevity_telomere_repair_panel_benchmark.json	max_gate_scalar_name	Homo_sapiens
longevity_telomere_repair_panel_benchmark.json	worst_effective_scalar_name	Delphinus_delphis
machine_and_molecule_live_panel_benchmark.json	records	120
machine_and_molecule_live_panel_benchmark.json	pooled_median_error_pct	0.077084
machine_and_molecule_live_panel_benchmark.json	scalar_count	0
machine_and_molecule_live_panel_benchmark.json	scalar_median_error_pct	None
machine_and_molecule_live_panel_benchmark.json	max_scalar_error_pct	None
machine_and_molecule_live_panel_benchmark.json	effective_scalar_median_error_pct	None
machine_and_molecule_live_panel_benchmark.json	max_effective_scalar_error_pct	None
machine_and_molecule_live_panel_benchmark.json	worst_effective_scalar_error_pct	None
machine_and_molecule_live_panel_benchmark.json	rounding_ghost_scalar_count	0
machine_and_molecule_live_panel_benchmark.json	catalog_crosswalk_scalar_count	0
machine_and_molecule_live_panel_benchmark.json	strict_scalar_pass	True
machine_and_molecule_live_panel_benchmark.json	effective_scalar_pass	True
machine_and_molecule_live_panel_benchmark.json	max_gate_scalar_error_pct	None
machine_and_molecule_live_panel_benchmark.json	tier_scalar_median_error_pct	None
machine_and_molecule_live_panel_benchmark.json	tier_scalar_pass	True
machine_and_molecule_live_panel_benchmark.json	tier_scalar_max_pass	True
machine_and_molecule_live_panel_benchmark.json	scalar_median_pass	True
machine_and_molecule_live_panel_benchmark.json	classifier_count	0
machine_and_molecule_live_panel_benchmark.json	classifier_correct	0
machine_and_molecule_live_panel_benchmark.json	classifier_accuracy_pct	None
machine_and_molecule_live_panel_benchmark.json	classifier_pass	True
machine_and_molecule_live_panel_benchmark.json	official_pooled_median_error_pct	None
machine_and_molecule_live_panel_benchmark.json	green_gate_pass	True
machine_and_molecule_live_panel_benchmark.json	max_scalar_name	None
machine_and_molecule_live_panel_benchmark.json	max_scalar_property	None
machine_and_molecule_live_panel_benchmark.json	max_gate_scalar_name	None
machine_and_molecule_live_panel_benchmark.json	worst_effective_scalar_name	None
machine_and_molecule_live_panel_benchmark.json	lb_records	120
machine_and_molecule_live_panel_benchmark.json	lb_unrouted	0
machine_and_molecule_live_panel_benchmark.json	lb_computed_match	120
machine_and_molecule_live_panel_benchmark.json	lb_scalar_match	120
machine_and_molecule_live_panel_benchmark.json	lb_error_match	120
machine_and_molecule_live_panel_benchmark.json	lb_max_rel_dev	0.0
magnetic_confinement_fusion_panel_benchmark.json	records	22
magnetic_confinement_fusion_panel_benchmark.json	pooled_median_error_pct	0.0
magnetic_confinement_fusion_panel_benchmark.json	scalar_count	14
magnetic_confinement_fusion_panel_benchmark.json	scalar_median_error_pct	0.0
magnetic_confinement_fusion_panel_benchmark.json	max_scalar_error_pct	0.0
magnetic_confinement_fusion_panel_benchmark.json	effective_scalar_median_error_pct	0.0
magnetic_confinement_fusion_panel_benchmark.json	max_effective_scalar_error_pct	0.0
magnetic_confinement_fusion_panel_benchmark.json	worst_effective_scalar_error_pct	0.0
magnetic_confinement_fusion_panel_benchmark.json	rounding_ghost_scalar_count	0
magnetic_confinement_fusion_panel_benchmark.json	catalog_crosswalk_scalar_count	0
magnetic_confinement_fusion_panel_benchmark.json	strict_scalar_pass	True
magnetic_confinement_fusion_panel_benchmark.json	effective_scalar_pass	True
magnetic_confinement_fusion_panel_benchmark.json	max_gate_scalar_error_pct	0.0
magnetic_confinement_fusion_panel_benchmark.json	tier_scalar_median_error_pct	0.0
magnetic_confinement_fusion_panel_benchmark.json	tier_scalar_pass	True
magnetic_confinement_fusion_panel_benchmark.json	tier_scalar_max_pass	True
magnetic_confinement_fusion_panel_benchmark.json	scalar_median_pass	True
magnetic_confinement_fusion_panel_benchmark.json	classifier_count	7
magnetic_confinement_fusion_panel_benchmark.json	classifier_correct	7
magnetic_confinement_fusion_panel_benchmark.json	classifier_accuracy_pct	100.0
magnetic_confinement_fusion_panel_benchmark.json	classifier_pass	True
magnetic_confinement_fusion_panel_benchmark.json	official_pooled_median_error_pct	0.0
magnetic_confinement_fusion_panel_benchmark.json	green_gate_pass	True
magnetic_confinement_fusion_panel_benchmark.json	max_scalar_name	None
magnetic_confinement_fusion_panel_benchmark.json	max_scalar_property	None
magnetic_confinement_fusion_panel_benchmark.json	max_gate_scalar_name	None
magnetic_confinement_fusion_panel_benchmark.json	worst_effective_scalar_name	None
magnetosphere_benchmark.json	records	167
magnetosphere_benchmark.json	pooled_median_error_pct	0.0
magnetosphere_benchmark.json	scalar_count	167
magnetosphere_benchmark.json	scalar_median_error_pct	0.0
magnetosphere_benchmark.json	max_scalar_error_pct	0.0
magnetosphere_benchmark.json	effective_scalar_median_error_pct	0.0
magnetosphere_benchmark.json	max_effective_scalar_error_pct	0.0
magnetosphere_benchmark.json	worst_effective_scalar_error_pct	0.0
magnetosphere_benchmark.json	rounding_ghost_scalar_count	0
magnetosphere_benchmark.json	catalog_crosswalk_scalar_count	0
magnetosphere_benchmark.json	strict_scalar_pass	True
magnetosphere_benchmark.json	effective_scalar_pass	True
magnetosphere_benchmark.json	max_gate_scalar_error_pct	0.0
magnetosphere_benchmark.json	tier_scalar_median_error_pct	0.0
magnetosphere_benchmark.json	tier_scalar_pass	True
magnetosphere_benchmark.json	tier_scalar_max_pass	True
magnetosphere_benchmark.json	scalar_median_pass	True
magnetosphere_benchmark.json	classifier_count	0
magnetosphere_benchmark.json	classifier_correct	0
magnetosphere_benchmark.json	classifier_accuracy_pct	None
magnetosphere_benchmark.json	classifier_pass	True
magnetosphere_benchmark.json	official_pooled_median_error_pct	0.0
magnetosphere_benchmark.json	green_gate_pass	True
magnetosphere_benchmark.json	max_scalar_name	None
magnetosphere_benchmark.json	max_scalar_property	None
magnetosphere_benchmark.json	max_gate_scalar_name	None
magnetosphere_benchmark.json	worst_effective_scalar_name	None
magnetosphere_extended_benchmark.json	records	24
magnetosphere_extended_benchmark.json	pooled_median_error_pct	3.8622500000000005e-05
magnetosphere_extended_benchmark.json	scalar_count	20
magnetosphere_extended_benchmark.json	scalar_median_error_pct	3.8622500000000005e-05
magnetosphere_extended_benchmark.json	max_scalar_error_pct	0.322515247
magnetosphere_extended_benchmark.json	effective_scalar_median_error_pct	2.7739599479832386e-05
magnetosphere_extended_benchmark.json	max_effective_scalar_error_pct	0.32251524652639874
magnetosphere_extended_benchmark.json	worst_effective_scalar_error_pct	0.32251524652639874
magnetosphere_extended_benchmark.json	rounding_ghost_scalar_count	0
magnetosphere_extended_benchmark.json	catalog_crosswalk_scalar_count	0
magnetosphere_extended_benchmark.json	strict_scalar_pass	True
magnetosphere_extended_benchmark.json	effective_scalar_pass	True
magnetosphere_extended_benchmark.json	max_gate_scalar_error_pct	0.322515247
magnetosphere_extended_benchmark.json	tier_scalar_median_error_pct	2.7739599479832386e-05
magnetosphere_extended_benchmark.json	tier_scalar_pass	True
magnetosphere_extended_benchmark.json	tier_scalar_max_pass	False
magnetosphere_extended_benchmark.json	scalar_median_pass	True
magnetosphere_extended_benchmark.json	classifier_count	3
magnetosphere_extended_benchmark.json	classifier_correct	3
magnetosphere_extended_benchmark.json	classifier_accuracy_pct	100.0
magnetosphere_extended_benchmark.json	classifier_pass	True
magnetosphere_extended_benchmark.json	official_pooled_median_error_pct	3.8622500000000005e-05
magnetosphere_extended_benchmark.json	green_gate_pass	True
magnetosphere_extended_benchmark.json	max_scalar_name	7b2ceb17815ebbbe
magnetosphere_extended_benchmark.json	max_scalar_property	electron
magnetosphere_extended_benchmark.json	max_gate_scalar_name	7b2ceb17815ebbbe
magnetosphere_extended_benchmark.json	worst_effective_scalar_name	7b2ceb17815ebbbe
maillard_chemistry_gap_fill_benchmark.json	records	30
maillard_chemistry_gap_fill_benchmark.json	pooled_median_error_pct	0.09443694019339477
maillard_chemistry_gap_fill_benchmark.json	scalar_count	0
maillard_chemistry_gap_fill_benchmark.json	scalar_median_error_pct	None
maillard_chemistry_gap_fill_benchmark.json	max_scalar_error_pct	None
maillard_chemistry_gap_fill_benchmark.json	effective_scalar_median_error_pct	None
maillard_chemistry_gap_fill_benchmark.json	max_effective_scalar_error_pct	None
maillard_chemistry_gap_fill_benchmark.json	worst_effective_scalar_error_pct	None
maillard_chemistry_gap_fill_benchmark.json	rounding_ghost_scalar_count	0
maillard_chemistry_gap_fill_benchmark.json	catalog_crosswalk_scalar_count	0
maillard_chemistry_gap_fill_benchmark.json	strict_scalar_pass	True
maillard_chemistry_gap_fill_benchmark.json	effective_scalar_pass	True
maillard_chemistry_gap_fill_benchmark.json	max_gate_scalar_error_pct	None
maillard_chemistry_gap_fill_benchmark.json	tier_scalar_median_error_pct	None
maillard_chemistry_gap_fill_benchmark.json	tier_scalar_pass	True
maillard_chemistry_gap_fill_benchmark.json	tier_scalar_max_pass	True
maillard_chemistry_gap_fill_benchmark.json	scalar_median_pass	True
maillard_chemistry_gap_fill_benchmark.json	classifier_count	0
maillard_chemistry_gap_fill_benchmark.json	classifier_correct	0
maillard_chemistry_gap_fill_benchmark.json	classifier_accuracy_pct	None
maillard_chemistry_gap_fill_benchmark.json	classifier_pass	True
maillard_chemistry_gap_fill_benchmark.json	official_pooled_median_error_pct	None
maillard_chemistry_gap_fill_benchmark.json	green_gate_pass	True
maillard_chemistry_gap_fill_benchmark.json	max_scalar_name	None
maillard_chemistry_gap_fill_benchmark.json	max_scalar_property	None
maillard_chemistry_gap_fill_benchmark.json	max_gate_scalar_name	None
maillard_chemistry_gap_fill_benchmark.json	worst_effective_scalar_name	None
malware_threat_intelligence_cybersecurity_benchmark.json	records	85
malware_threat_intelligence_cybersecurity_benchmark.json	pooled_median_error_pct	0.04593318440797134
malware_threat_intelligence_cybersecurity_benchmark.json	scalar_count	82
malware_threat_intelligence_cybersecurity_benchmark.json	scalar_median_error_pct	0.045933184407970465
malware_threat_intelligence_cybersecurity_benchmark.json	max_scalar_error_pct	0.428562
malware_threat_intelligence_cybersecurity_benchmark.json	effective_scalar_median_error_pct	0.03675000000000603
malware_threat_intelligence_cybersecurity_benchmark.json	max_effective_scalar_error_pct	0.4285619285326409
malware_threat_intelligence_cybersecurity_benchmark.json	worst_effective_scalar_error_pct	0.4285619285326409
malware_threat_intelligence_cybersecurity_benchmark.json	rounding_ghost_scalar_count	0
malware_threat_intelligence_cybersecurity_benchmark.json	catalog_crosswalk_scalar_count	0
malware_threat_intelligence_cybersecurity_benchmark.json	strict_scalar_pass	True
malware_threat_intelligence_cybersecurity_benchmark.json	effective_scalar_pass	True
malware_threat_intelligence_cybersecurity_benchmark.json	max_gate_scalar_error_pct	0.428562
malware_threat_intelligence_cybersecurity_benchmark.json	tier_scalar_median_error_pct	0.03675000000000603
malware_threat_intelligence_cybersecurity_benchmark.json	tier_scalar_pass	True
malware_threat_intelligence_cybersecurity_benchmark.json	tier_scalar_max_pass	False
malware_threat_intelligence_cybersecurity_benchmark.json	scalar_median_pass	True
malware_threat_intelligence_cybersecurity_benchmark.json	classifier_count	0
malware_threat_intelligence_cybersecurity_benchmark.json	classifier_correct	0
malware_threat_intelligence_cybersecurity_benchmark.json	classifier_accuracy_pct	None
malware_threat_intelligence_cybersecurity_benchmark.json	classifier_pass	True
malware_threat_intelligence_cybersecurity_benchmark.json	official_pooled_median_error_pct	0.045933184407970465
malware_threat_intelligence_cybersecurity_benchmark.json	green_gate_pass	True
malware_threat_intelligence_cybersecurity_benchmark.json	max_scalar_name	lysozyme
malware_threat_intelligence_cybersecurity_benchmark.json	max_scalar_property	§21 Protein ΔG
malware_threat_intelligence_cybersecurity_benchmark.json	max_gate_scalar_name	lysozyme
malware_threat_intelligence_cybersecurity_benchmark.json	worst_effective_scalar_name	lysozyme
marine_biology_extension_benchmark.json	records	540
marine_biology_extension_benchmark.json	pooled_median_error_pct	0.022236250385192644
marine_biology_extension_benchmark.json	scalar_count	530
marine_biology_extension_benchmark.json	scalar_median_error_pct	0.022236250385193522
marine_biology_extension_benchmark.json	max_scalar_error_pct	0.04447250077038671
marine_biology_extension_benchmark.json	effective_scalar_median_error_pct	0.022235387205746318
marine_biology_extension_benchmark.json	max_effective_scalar_error_pct	0.04447230769231352
marine_biology_extension_benchmark.json	worst_effective_scalar_error_pct	0.04499999999999296
marine_biology_extension_benchmark.json	rounding_ghost_scalar_count	0
marine_biology_extension_benchmark.json	catalog_crosswalk_scalar_count	0
marine_biology_extension_benchmark.json	strict_scalar_pass	True
marine_biology_extension_benchmark.json	effective_scalar_pass	True
marine_biology_extension_benchmark.json	max_gate_scalar_error_pct	0.04447250077038671
marine_biology_extension_benchmark.json	tier_scalar_median_error_pct	0.022235387205746318
marine_biology_extension_benchmark.json	tier_scalar_pass	True
marine_biology_extension_benchmark.json	tier_scalar_max_pass	True
marine_biology_extension_benchmark.json	scalar_median_pass	True
marine_biology_extension_benchmark.json	classifier_count	0
marine_biology_extension_benchmark.json	classifier_correct	0
marine_biology_extension_benchmark.json	classifier_accuracy_pct	None
marine_biology_extension_benchmark.json	classifier_pass	True
marine_biology_extension_benchmark.json	official_pooled_median_error_pct	0.022236250385193522
marine_biology_extension_benchmark.json	green_gate_pass	True
marine_biology_extension_benchmark.json	max_scalar_name	Metridia longa
marine_biology_extension_benchmark.json	max_scalar_property	depth_m
marine_biology_extension_benchmark.json	max_gate_scalar_name	Metridia longa
marine_biology_extension_benchmark.json	worst_effective_scalar_name	Chamelea striatula
marine_biology_panel_benchmark.json	records	90
marine_biology_panel_benchmark.json	pooled_median_error_pct	0.006006
marine_biology_panel_benchmark.json	scalar_count	90
marine_biology_panel_benchmark.json	scalar_median_error_pct	0.006006
marine_biology_panel_benchmark.json	max_scalar_error_pct	0.030173
marine_biology_panel_benchmark.json	effective_scalar_median_error_pct	0.006006242255406089
marine_biology_panel_benchmark.json	max_effective_scalar_error_pct	0.030175000000003394
marine_biology_panel_benchmark.json	worst_effective_scalar_error_pct	0.030184210526316032
marine_biology_panel_benchmark.json	rounding_ghost_scalar_count	0
marine_biology_panel_benchmark.json	catalog_crosswalk_scalar_count	0
marine_biology_panel_benchmark.json	strict_scalar_pass	True
marine_biology_panel_benchmark.json	effective_scalar_pass	True
marine_biology_panel_benchmark.json	max_gate_scalar_error_pct	0.030173
marine_biology_panel_benchmark.json	tier_scalar_median_error_pct	0.006006242255406089
marine_biology_panel_benchmark.json	tier_scalar_pass	True
marine_biology_panel_benchmark.json	tier_scalar_max_pass	True
marine_biology_panel_benchmark.json	scalar_median_pass	True
marine_biology_panel_benchmark.json	classifier_count	0
marine_biology_panel_benchmark.json	classifier_correct	0
marine_biology_panel_benchmark.json	classifier_accuracy_pct	None
marine_biology_panel_benchmark.json	classifier_pass	True
marine_biology_panel_benchmark.json	official_pooled_median_error_pct	0.006006
marine_biology_panel_benchmark.json	green_gate_pass	True
marine_biology_panel_benchmark.json	max_scalar_name	Prymnesiales
marine_biology_panel_benchmark.json	max_scalar_property	depth_m
marine_biology_panel_benchmark.json	max_gate_scalar_name	Prymnesiales
marine_biology_panel_benchmark.json	worst_effective_scalar_name	Bacteria
marine_biology_panel_benchmark.json	lb_records	90
marine_biology_panel_benchmark.json	lb_unrouted	0
marine_biology_panel_benchmark.json	lb_computed_match	17
marine_biology_panel_benchmark.json	lb_scalar_match	0
marine_biology_panel_benchmark.json	lb_error_match	17
marine_biology_panel_benchmark.json	lb_max_rel_dev	0.00044007846822859836
material_in_silico_screening_scaffold_benchmark.json	records	42
material_in_silico_screening_scaffold_benchmark.json	pooled_median_error_pct	0.0
material_in_silico_screening_scaffold_benchmark.json	scalar_count	8
material_in_silico_screening_scaffold_benchmark.json	scalar_median_error_pct	0.0
material_in_silico_screening_scaffold_benchmark.json	max_scalar_error_pct	0.0
material_in_silico_screening_scaffold_benchmark.json	effective_scalar_median_error_pct	0.0
material_in_silico_screening_scaffold_benchmark.json	max_effective_scalar_error_pct	0.0
material_in_silico_screening_scaffold_benchmark.json	worst_effective_scalar_error_pct	0.0
material_in_silico_screening_scaffold_benchmark.json	rounding_ghost_scalar_count	0
material_in_silico_screening_scaffold_benchmark.json	catalog_crosswalk_scalar_count	0
material_in_silico_screening_scaffold_benchmark.json	strict_scalar_pass	True
material_in_silico_screening_scaffold_benchmark.json	effective_scalar_pass	True
material_in_silico_screening_scaffold_benchmark.json	max_gate_scalar_error_pct	0.0
material_in_silico_screening_scaffold_benchmark.json	tier_scalar_median_error_pct	0.0
material_in_silico_screening_scaffold_benchmark.json	tier_scalar_pass	True
material_in_silico_screening_scaffold_benchmark.json	tier_scalar_max_pass	True
material_in_silico_screening_scaffold_benchmark.json	scalar_median_pass	True
material_in_silico_screening_scaffold_benchmark.json	classifier_count	0
material_in_silico_screening_scaffold_benchmark.json	classifier_correct	0
material_in_silico_screening_scaffold_benchmark.json	classifier_accuracy_pct	None
material_in_silico_screening_scaffold_benchmark.json	classifier_pass	True
material_in_silico_screening_scaffold_benchmark.json	official_pooled_median_error_pct	0.0
material_in_silico_screening_scaffold_benchmark.json	green_gate_pass	True
material_in_silico_screening_scaffold_benchmark.json	max_scalar_name	None
material_in_silico_screening_scaffold_benchmark.json	max_scalar_property	None
material_in_silico_screening_scaffold_benchmark.json	max_gate_scalar_name	None
material_in_silico_screening_scaffold_benchmark.json	worst_effective_scalar_name	None
material_property_verification_scaffold_benchmark.json	records	79
material_property_verification_scaffold_benchmark.json	pooled_median_error_pct	0.00206
material_property_verification_scaffold_benchmark.json	scalar_count	67
material_property_verification_scaffold_benchmark.json	scalar_median_error_pct	0.00206
material_property_verification_scaffold_benchmark.json	max_scalar_error_pct	0.360682
material_property_verification_scaffold_benchmark.json	effective_scalar_median_error_pct	0.002059838302688438
material_property_verification_scaffold_benchmark.json	max_effective_scalar_error_pct	0.3606824558288115
material_property_verification_scaffold_benchmark.json	worst_effective_scalar_error_pct	0.3606824558288115
material_property_verification_scaffold_benchmark.json	rounding_ghost_scalar_count	0
material_property_verification_scaffold_benchmark.json	catalog_crosswalk_scalar_count	0
material_property_verification_scaffold_benchmark.json	strict_scalar_pass	True
material_property_verification_scaffold_benchmark.json	effective_scalar_pass	True
material_property_verification_scaffold_benchmark.json	max_gate_scalar_error_pct	0.360682
material_property_verification_scaffold_benchmark.json	tier_scalar_median_error_pct	0.002059838302688438
material_property_verification_scaffold_benchmark.json	tier_scalar_pass	True
material_property_verification_scaffold_benchmark.json	tier_scalar_max_pass	False
material_property_verification_scaffold_benchmark.json	scalar_median_pass	True
material_property_verification_scaffold_benchmark.json	classifier_count	0
material_property_verification_scaffold_benchmark.json	classifier_correct	0
material_property_verification_scaffold_benchmark.json	classifier_accuracy_pct	None
material_property_verification_scaffold_benchmark.json	classifier_pass	True
material_property_verification_scaffold_benchmark.json	official_pooled_median_error_pct	0.00206
material_property_verification_scaffold_benchmark.json	green_gate_pass	True
material_property_verification_scaffold_benchmark.json	max_scalar_name	Cu
material_property_verification_scaffold_benchmark.json	max_scalar_property	§34 Young's Modulus
material_property_verification_scaffold_benchmark.json	max_gate_scalar_name	Cu
material_property_verification_scaffold_benchmark.json	worst_effective_scalar_name	Cu
materials_creep_fracture_depth_panel_benchmark.json	records	47
materials_creep_fracture_depth_panel_benchmark.json	pooled_median_error_pct	0.01341
materials_creep_fracture_depth_panel_benchmark.json	scalar_count	47
materials_creep_fracture_depth_panel_benchmark.json	scalar_median_error_pct	0.01341
materials_creep_fracture_depth_panel_benchmark.json	max_scalar_error_pct	0.015087
materials_creep_fracture_depth_panel_benchmark.json	effective_scalar_median_error_pct	0.013399999999993048
materials_creep_fracture_depth_panel_benchmark.json	max_effective_scalar_error_pct	0.015151515151513481
materials_creep_fracture_depth_panel_benchmark.json	worst_effective_scalar_error_pct	0.015151515151513481
materials_creep_fracture_depth_panel_benchmark.json	rounding_ghost_scalar_count	0
materials_creep_fracture_depth_panel_benchmark.json	catalog_crosswalk_scalar_count	0
materials_creep_fracture_depth_panel_benchmark.json	strict_scalar_pass	True
materials_creep_fracture_depth_panel_benchmark.json	effective_scalar_pass	True
materials_creep_fracture_depth_panel_benchmark.json	max_gate_scalar_error_pct	0.015087
materials_creep_fracture_depth_panel_benchmark.json	tier_scalar_median_error_pct	0.013399999999993048
materials_creep_fracture_depth_panel_benchmark.json	tier_scalar_pass	True
materials_creep_fracture_depth_panel_benchmark.json	tier_scalar_max_pass	True
materials_creep_fracture_depth_panel_benchmark.json	scalar_median_pass	True
materials_creep_fracture_depth_panel_benchmark.json	classifier_count	0
materials_creep_fracture_depth_panel_benchmark.json	classifier_correct	0
materials_creep_fracture_depth_panel_benchmark.json	classifier_accuracy_pct	None
materials_creep_fracture_depth_panel_benchmark.json	classifier_pass	True
materials_creep_fracture_depth_panel_benchmark.json	official_pooled_median_error_pct	0.01341
materials_creep_fracture_depth_panel_benchmark.json	green_gate_pass	True
materials_creep_fracture_depth_panel_benchmark.json	max_scalar_name	GaAs
materials_creep_fracture_depth_panel_benchmark.json	max_scalar_property	formation_energy_eV_per_atom
materials_creep_fracture_depth_panel_benchmark.json	max_gate_scalar_name	GaAs
materials_creep_fracture_depth_panel_benchmark.json	worst_effective_scalar_name	GaAs
materials_creep_fracture_depth_panel_benchmark.json	lb_records	47
materials_creep_fracture_depth_panel_benchmark.json	lb_unrouted	0
materials_creep_fracture_depth_panel_benchmark.json	lb_computed_match	10
materials_creep_fracture_depth_panel_benchmark.json	lb_scalar_match	0
materials_creep_fracture_depth_panel_benchmark.json	lb_error_match	10
materials_creep_fracture_depth_panel_benchmark.json	lb_max_rel_dev	0.0006529966453534262
materials_engineering_benchmark.json	records	87
materials_engineering_benchmark.json	pooled_median_error_pct	0.027170334947435038
materials_engineering_benchmark.json	scalar_count	87
materials_engineering_benchmark.json	scalar_median_error_pct	0.021151317926568283
materials_engineering_benchmark.json	max_scalar_error_pct	0.412118
materials_engineering_benchmark.json	effective_scalar_median_error_pct	0.021151317926568283
materials_engineering_benchmark.json	max_effective_scalar_error_pct	0.41211846092754295
materials_engineering_benchmark.json	worst_effective_scalar_error_pct	0.41211846092754295
materials_engineering_benchmark.json	rounding_ghost_scalar_count	0
materials_engineering_benchmark.json	catalog_crosswalk_scalar_count	0
materials_engineering_benchmark.json	strict_scalar_pass	True
materials_engineering_benchmark.json	effective_scalar_pass	True
materials_engineering_benchmark.json	max_gate_scalar_error_pct	0.412118
materials_engineering_benchmark.json	tier_scalar_median_error_pct	0.021151317926568283
materials_engineering_benchmark.json	tier_scalar_pass	True
materials_engineering_benchmark.json	tier_scalar_max_pass	False
materials_engineering_benchmark.json	scalar_median_pass	True
materials_engineering_benchmark.json	classifier_count	0
materials_engineering_benchmark.json	classifier_correct	0
materials_engineering_benchmark.json	classifier_accuracy_pct	None
materials_engineering_benchmark.json	classifier_pass	True
materials_engineering_benchmark.json	official_pooled_median_error_pct	0.021151317926568283
materials_engineering_benchmark.json	green_gate_pass	True
materials_engineering_benchmark.json	max_scalar_name	Al
materials_engineering_benchmark.json	max_scalar_property	§70 Shear Modulus
materials_engineering_benchmark.json	max_gate_scalar_name	Al
materials_engineering_benchmark.json	worst_effective_scalar_name	Al
materials_genome_crosswalk_benchmark.json	records	38
materials_genome_crosswalk_benchmark.json	pooled_median_error_pct	0.0
materials_genome_crosswalk_benchmark.json	scalar_count	25
materials_genome_crosswalk_benchmark.json	scalar_median_error_pct	0.0
materials_genome_crosswalk_benchmark.json	max_scalar_error_pct	0.26423885832201555
materials_genome_crosswalk_benchmark.json	effective_scalar_median_error_pct	0.0
materials_genome_crosswalk_benchmark.json	max_effective_scalar_error_pct	0.26423885832201555
materials_genome_crosswalk_benchmark.json	worst_effective_scalar_error_pct	0.26423885832201555
materials_genome_crosswalk_benchmark.json	rounding_ghost_scalar_count	0
materials_genome_crosswalk_benchmark.json	catalog_crosswalk_scalar_count	0
materials_genome_crosswalk_benchmark.json	strict_scalar_pass	True
materials_genome_crosswalk_benchmark.json	effective_scalar_pass	True
materials_genome_crosswalk_benchmark.json	max_gate_scalar_error_pct	0.26423885832201555
materials_genome_crosswalk_benchmark.json	tier_scalar_median_error_pct	0.0
materials_genome_crosswalk_benchmark.json	tier_scalar_pass	True
materials_genome_crosswalk_benchmark.json	tier_scalar_max_pass	False
materials_genome_crosswalk_benchmark.json	scalar_median_pass	True
materials_genome_crosswalk_benchmark.json	classifier_count	0
materials_genome_crosswalk_benchmark.json	classifier_correct	0
materials_genome_crosswalk_benchmark.json	classifier_accuracy_pct	None
materials_genome_crosswalk_benchmark.json	classifier_pass	True
materials_genome_crosswalk_benchmark.json	official_pooled_median_error_pct	0.0
materials_genome_crosswalk_benchmark.json	green_gate_pass	True
materials_genome_crosswalk_benchmark.json	max_scalar_name	Al
materials_genome_crosswalk_benchmark.json	max_scalar_property	§37 Thermal κ
materials_genome_crosswalk_benchmark.json	max_gate_scalar_name	Al
materials_genome_crosswalk_benchmark.json	worst_effective_scalar_name	Al
materials_project_live_panel_benchmark.json	records	141
materials_project_live_panel_benchmark.json	pooled_median_error_pct	0.011734
materials_project_live_panel_benchmark.json	scalar_count	120
materials_project_live_panel_benchmark.json	scalar_median_error_pct	0.011734
materials_project_live_panel_benchmark.json	max_scalar_error_pct	0.015087
materials_project_live_panel_benchmark.json	effective_scalar_median_error_pct	0.011734310147412767
materials_project_live_panel_benchmark.json	max_effective_scalar_error_pct	0.015047619047607663
materials_project_live_panel_benchmark.json	worst_effective_scalar_error_pct	0.015151515151513481
materials_project_live_panel_benchmark.json	rounding_ghost_scalar_count	0
materials_project_live_panel_benchmark.json	catalog_crosswalk_scalar_count	0
materials_project_live_panel_benchmark.json	strict_scalar_pass	True
materials_project_live_panel_benchmark.json	effective_scalar_pass	True
materials_project_live_panel_benchmark.json	max_gate_scalar_error_pct	0.015087
materials_project_live_panel_benchmark.json	tier_scalar_median_error_pct	0.011734310147412767
materials_project_live_panel_benchmark.json	tier_scalar_pass	True
materials_project_live_panel_benchmark.json	tier_scalar_max_pass	True
materials_project_live_panel_benchmark.json	scalar_median_pass	True
materials_project_live_panel_benchmark.json	classifier_count	0
materials_project_live_panel_benchmark.json	classifier_correct	0
materials_project_live_panel_benchmark.json	classifier_accuracy_pct	None
materials_project_live_panel_benchmark.json	classifier_pass	True
materials_project_live_panel_benchmark.json	official_pooled_median_error_pct	0.011734
materials_project_live_panel_benchmark.json	green_gate_pass	True
materials_project_live_panel_benchmark.json	max_scalar_name	mp-1023922
materials_project_live_panel_benchmark.json	max_scalar_property	formation_energy_eV_per_atom
materials_project_live_panel_benchmark.json	max_gate_scalar_name	mp-1023922
materials_project_live_panel_benchmark.json	worst_effective_scalar_name	mp-2534
materials_project_live_panel_benchmark.json	lb_records	120
materials_project_live_panel_benchmark.json	lb_unrouted	0
materials_project_live_panel_benchmark.json	lb_computed_match	30
materials_project_live_panel_benchmark.json	lb_scalar_match	0
materials_project_live_panel_benchmark.json	lb_error_match	30
materials_project_live_panel_benchmark.json	lb_max_rel_dev	0.0006530449105368136
materials_species_bridge_benchmark.json	records	34
materials_species_bridge_benchmark.json	pooled_median_error_pct	0.0
materials_species_bridge_benchmark.json	scalar_count	34
materials_species_bridge_benchmark.json	scalar_median_error_pct	0.0
materials_species_bridge_benchmark.json	max_scalar_error_pct	0.26423885832201555
materials_species_bridge_benchmark.json	effective_scalar_median_error_pct	0.0
materials_species_bridge_benchmark.json	max_effective_scalar_error_pct	0.26423885832201555
materials_species_bridge_benchmark.json	worst_effective_scalar_error_pct	0.26423885832201555
materials_species_bridge_benchmark.json	rounding_ghost_scalar_count	0
materials_species_bridge_benchmark.json	catalog_crosswalk_scalar_count	34
materials_species_bridge_benchmark.json	strict_scalar_pass	True
materials_species_bridge_benchmark.json	effective_scalar_pass	True
materials_species_bridge_benchmark.json	max_gate_scalar_error_pct	0.26423885832201555
materials_species_bridge_benchmark.json	tier_scalar_median_error_pct	0.0
materials_species_bridge_benchmark.json	tier_scalar_pass	True
materials_species_bridge_benchmark.json	tier_scalar_max_pass	False
materials_species_bridge_benchmark.json	scalar_median_pass	True
materials_species_bridge_benchmark.json	classifier_count	0
materials_species_bridge_benchmark.json	classifier_correct	0
materials_species_bridge_benchmark.json	classifier_accuracy_pct	None
materials_species_bridge_benchmark.json	classifier_pass	True
materials_species_bridge_benchmark.json	official_pooled_median_error_pct	0.0
materials_species_bridge_benchmark.json	green_gate_pass	True
materials_species_bridge_benchmark.json	max_scalar_name	None
materials_species_bridge_benchmark.json	max_scalar_property	§37 Thermal κ
materials_species_bridge_benchmark.json	max_gate_scalar_name	None
materials_species_bridge_benchmark.json	worst_effective_scalar_name	None
materials_species_bridge_live_panel_benchmark.json	records	150
materials_species_bridge_live_panel_benchmark.json	pooled_median_error_pct	0.01341
materials_species_bridge_live_panel_benchmark.json	scalar_count	150
materials_species_bridge_live_panel_benchmark.json	scalar_median_error_pct	0.01341
materials_species_bridge_live_panel_benchmark.json	max_scalar_error_pct	0.033841
materials_species_bridge_live_panel_benchmark.json	effective_scalar_median_error_pct	0.013411451048952347
materials_species_bridge_live_panel_benchmark.json	max_effective_scalar_error_pct	0.033840583648113196
materials_species_bridge_live_panel_benchmark.json	worst_effective_scalar_error_pct	0.033854545454546005
materials_species_bridge_live_panel_benchmark.json	rounding_ghost_scalar_count	0
materials_species_bridge_live_panel_benchmark.json	catalog_crosswalk_scalar_count	0
materials_species_bridge_live_panel_benchmark.json	strict_scalar_pass	True
materials_species_bridge_live_panel_benchmark.json	effective_scalar_pass	True
materials_species_bridge_live_panel_benchmark.json	max_gate_scalar_error_pct	0.033841
materials_species_bridge_live_panel_benchmark.json	tier_scalar_median_error_pct	0.013411451048952347
materials_species_bridge_live_panel_benchmark.json	tier_scalar_pass	True
materials_species_bridge_live_panel_benchmark.json	tier_scalar_max_pass	True
materials_species_bridge_live_panel_benchmark.json	scalar_median_pass	True
materials_species_bridge_live_panel_benchmark.json	classifier_count	0
materials_species_bridge_live_panel_benchmark.json	classifier_correct	0
materials_species_bridge_live_panel_benchmark.json	classifier_accuracy_pct	None
materials_species_bridge_live_panel_benchmark.json	classifier_pass	True
materials_species_bridge_live_panel_benchmark.json	official_pooled_median_error_pct	0.01341
materials_species_bridge_live_panel_benchmark.json	green_gate_pass	True
materials_species_bridge_live_panel_benchmark.json	max_scalar_name	Fe
materials_species_bridge_live_panel_benchmark.json	max_scalar_property	thermal_cond_W_mK_species_computed
materials_species_bridge_live_panel_benchmark.json	max_gate_scalar_name	Fe
materials_species_bridge_live_panel_benchmark.json	worst_effective_scalar_name	Na
materials_species_bridge_live_panel_benchmark.json	lb_records	150
materials_species_bridge_live_panel_benchmark.json	lb_unrouted	0
materials_species_bridge_live_panel_benchmark.json	lb_computed_match	12
materials_species_bridge_live_panel_benchmark.json	lb_scalar_match	0
materials_species_bridge_live_panel_benchmark.json	lb_error_match	10
materials_species_bridge_live_panel_benchmark.json	lb_max_rel_dev	0.0008190008190009277
math_generator_airfoil_rmse_benchmark.json	records	23
math_generator_airfoil_rmse_benchmark.json	pooled_median_error_pct	0.000561846
math_generator_airfoil_rmse_benchmark.json	scalar_count	23
math_generator_airfoil_rmse_benchmark.json	scalar_median_error_pct	0.000561846
math_generator_airfoil_rmse_benchmark.json	max_scalar_error_pct	0.00423739
math_generator_airfoil_rmse_benchmark.json	effective_scalar_median_error_pct	0.0005618458987473253
math_generator_airfoil_rmse_benchmark.json	max_effective_scalar_error_pct	0.0042373899907116284
math_generator_airfoil_rmse_benchmark.json	worst_effective_scalar_error_pct	0.0042373899907116284
math_generator_airfoil_rmse_benchmark.json	rounding_ghost_scalar_count	0
math_generator_airfoil_rmse_benchmark.json	catalog_crosswalk_scalar_count	0
math_generator_airfoil_rmse_benchmark.json	strict_scalar_pass	True
math_generator_airfoil_rmse_benchmark.json	effective_scalar_pass	True
math_generator_airfoil_rmse_benchmark.json	max_gate_scalar_error_pct	0.00423739
math_generator_airfoil_rmse_benchmark.json	tier_scalar_median_error_pct	0.0005618458987473253
math_generator_airfoil_rmse_benchmark.json	tier_scalar_pass	True
math_generator_airfoil_rmse_benchmark.json	tier_scalar_max_pass	True
math_generator_airfoil_rmse_benchmark.json	scalar_median_pass	True
math_generator_airfoil_rmse_benchmark.json	classifier_count	0
math_generator_airfoil_rmse_benchmark.json	classifier_correct	0
math_generator_airfoil_rmse_benchmark.json	classifier_accuracy_pct	None
math_generator_airfoil_rmse_benchmark.json	classifier_pass	True
math_generator_airfoil_rmse_benchmark.json	official_pooled_median_error_pct	0.000561846
math_generator_airfoil_rmse_benchmark.json	green_gate_pass	True
math_generator_airfoil_rmse_benchmark.json	max_scalar_name	396e8db24cbb0e77
math_generator_airfoil_rmse_benchmark.json	max_scalar_property	NO₂(g)
math_generator_airfoil_rmse_benchmark.json	max_gate_scalar_name	396e8db24cbb0e77
math_generator_airfoil_rmse_benchmark.json	worst_effective_scalar_name	396e8db24cbb0e77
math_generator_benchmark_formula_eval_benchmark.json	records	23
math_generator_benchmark_formula_eval_benchmark.json	pooled_median_error_pct	0.000561846
math_generator_benchmark_formula_eval_benchmark.json	scalar_count	23
math_generator_benchmark_formula_eval_benchmark.json	scalar_median_error_pct	0.000561846
math_generator_benchmark_formula_eval_benchmark.json	max_scalar_error_pct	0.00423739
math_generator_benchmark_formula_eval_benchmark.json	effective_scalar_median_error_pct	0.0005618458987473253
math_generator_benchmark_formula_eval_benchmark.json	max_effective_scalar_error_pct	0.0042373899907116284
math_generator_benchmark_formula_eval_benchmark.json	worst_effective_scalar_error_pct	0.0042373899907116284
math_generator_benchmark_formula_eval_benchmark.json	rounding_ghost_scalar_count	0
math_generator_benchmark_formula_eval_benchmark.json	catalog_crosswalk_scalar_count	0
math_generator_benchmark_formula_eval_benchmark.json	strict_scalar_pass	True
math_generator_benchmark_formula_eval_benchmark.json	effective_scalar_pass	True
math_generator_benchmark_formula_eval_benchmark.json	max_gate_scalar_error_pct	0.00423739
math_generator_benchmark_formula_eval_benchmark.json	tier_scalar_median_error_pct	0.0005618458987473253
math_generator_benchmark_formula_eval_benchmark.json	tier_scalar_pass	True
math_generator_benchmark_formula_eval_benchmark.json	tier_scalar_max_pass	True
math_generator_benchmark_formula_eval_benchmark.json	scalar_median_pass	True
math_generator_benchmark_formula_eval_benchmark.json	classifier_count	0
math_generator_benchmark_formula_eval_benchmark.json	classifier_correct	0
math_generator_benchmark_formula_eval_benchmark.json	classifier_accuracy_pct	None
math_generator_benchmark_formula_eval_benchmark.json	classifier_pass	True
math_generator_benchmark_formula_eval_benchmark.json	official_pooled_median_error_pct	0.000561846
math_generator_benchmark_formula_eval_benchmark.json	green_gate_pass	True
math_generator_benchmark_formula_eval_benchmark.json	max_scalar_name	396e8db24cbb0e77
math_generator_benchmark_formula_eval_benchmark.json	max_scalar_property	NO₂(g)
math_generator_benchmark_formula_eval_benchmark.json	max_gate_scalar_name	396e8db24cbb0e77
math_generator_benchmark_formula_eval_benchmark.json	worst_effective_scalar_name	396e8db24cbb0e77
math_generator_rules_benchmark.json	records	1552
math_generator_rules_benchmark.json	pooled_median_error_pct	None
math_generator_rules_benchmark.json	scalar_count	0
math_generator_rules_benchmark.json	scalar_median_error_pct	None
math_generator_rules_benchmark.json	max_scalar_error_pct	None
math_generator_rules_benchmark.json	effective_scalar_median_error_pct	None
math_generator_rules_benchmark.json	max_effective_scalar_error_pct	None
math_generator_rules_benchmark.json	worst_effective_scalar_error_pct	None
math_generator_rules_benchmark.json	rounding_ghost_scalar_count	0
math_generator_rules_benchmark.json	catalog_crosswalk_scalar_count	0
math_generator_rules_benchmark.json	strict_scalar_pass	True
math_generator_rules_benchmark.json	effective_scalar_pass	True
math_generator_rules_benchmark.json	max_gate_scalar_error_pct	None
math_generator_rules_benchmark.json	tier_scalar_median_error_pct	None
math_generator_rules_benchmark.json	tier_scalar_pass	True
math_generator_rules_benchmark.json	tier_scalar_max_pass	True
math_generator_rules_benchmark.json	scalar_median_pass	True
math_generator_rules_benchmark.json	classifier_count	0
math_generator_rules_benchmark.json	classifier_correct	0
math_generator_rules_benchmark.json	classifier_accuracy_pct	None
math_generator_rules_benchmark.json	classifier_pass	True
math_generator_rules_benchmark.json	official_pooled_median_error_pct	None
math_generator_rules_benchmark.json	green_gate_pass	True
math_generator_rules_benchmark.json	max_scalar_name	None
math_generator_rules_benchmark.json	max_scalar_property	None
math_generator_rules_benchmark.json	max_gate_scalar_name	None
math_generator_rules_benchmark.json	worst_effective_scalar_name	None
math_generator_rules_eval_benchmark.json	records	1552
math_generator_rules_eval_benchmark.json	pooled_median_error_pct	0.0
math_generator_rules_eval_benchmark.json	scalar_count	1552
math_generator_rules_eval_benchmark.json	scalar_median_error_pct	0.0
math_generator_rules_eval_benchmark.json	max_scalar_error_pct	0.0
math_generator_rules_eval_benchmark.json	effective_scalar_median_error_pct	0.0
math_generator_rules_eval_benchmark.json	max_effective_scalar_error_pct	0.0
math_generator_rules_eval_benchmark.json	worst_effective_scalar_error_pct	0.0
math_generator_rules_eval_benchmark.json	rounding_ghost_scalar_count	0
math_generator_rules_eval_benchmark.json	catalog_crosswalk_scalar_count	0
math_generator_rules_eval_benchmark.json	strict_scalar_pass	True
math_generator_rules_eval_benchmark.json	effective_scalar_pass	True
math_generator_rules_eval_benchmark.json	max_gate_scalar_error_pct	0.0
math_generator_rules_eval_benchmark.json	tier_scalar_median_error_pct	0.0
math_generator_rules_eval_benchmark.json	tier_scalar_pass	True
math_generator_rules_eval_benchmark.json	tier_scalar_max_pass	True
math_generator_rules_eval_benchmark.json	scalar_median_pass	True
math_generator_rules_eval_benchmark.json	classifier_count	0
math_generator_rules_eval_benchmark.json	classifier_correct	0
math_generator_rules_eval_benchmark.json	classifier_accuracy_pct	None
math_generator_rules_eval_benchmark.json	classifier_pass	True
math_generator_rules_eval_benchmark.json	official_pooled_median_error_pct	0.0
math_generator_rules_eval_benchmark.json	green_gate_pass	True
math_generator_rules_eval_benchmark.json	max_scalar_name	None
math_generator_rules_eval_benchmark.json	max_scalar_property	None
math_generator_rules_eval_benchmark.json	max_gate_scalar_name	None
math_generator_rules_eval_benchmark.json	worst_effective_scalar_name	None
mathematics_computational_benchmark.json	records	20
mathematics_computational_benchmark.json	pooled_median_error_pct	1.4090183367935627e-14
mathematics_computational_benchmark.json	scalar_count	20
mathematics_computational_benchmark.json	scalar_median_error_pct	1.3580558531290437e-14
mathematics_computational_benchmark.json	max_scalar_error_pct	0.192564276915754
mathematics_computational_benchmark.json	effective_scalar_median_error_pct	0.0
mathematics_computational_benchmark.json	max_effective_scalar_error_pct	0.192564276915754
mathematics_computational_benchmark.json	worst_effective_scalar_error_pct	0.192564276915754
mathematics_computational_benchmark.json	rounding_ghost_scalar_count	0
mathematics_computational_benchmark.json	catalog_crosswalk_scalar_count	0
mathematics_computational_benchmark.json	strict_scalar_pass	True
mathematics_computational_benchmark.json	effective_scalar_pass	True
mathematics_computational_benchmark.json	max_gate_scalar_error_pct	0.192564276915754
mathematics_computational_benchmark.json	tier_scalar_median_error_pct	0.0
mathematics_computational_benchmark.json	tier_scalar_pass	True
mathematics_computational_benchmark.json	tier_scalar_max_pass	False
mathematics_computational_benchmark.json	scalar_median_pass	True
mathematics_computational_benchmark.json	classifier_count	0
mathematics_computational_benchmark.json	classifier_correct	0
mathematics_computational_benchmark.json	classifier_accuracy_pct	None
mathematics_computational_benchmark.json	classifier_pass	True
mathematics_computational_benchmark.json	official_pooled_median_error_pct	1.3580558531290437e-14
mathematics_computational_benchmark.json	green_gate_pass	True
mathematics_computational_benchmark.json	max_scalar_name	None
mathematics_computational_benchmark.json	max_scalar_property	engine_native_h0
mathematics_computational_benchmark.json	max_gate_scalar_name	None
mathematics_computational_benchmark.json	worst_effective_scalar_name	None
matter_antimatter_benchmark.json	records	27
matter_antimatter_benchmark.json	pooled_median_error_pct	0.0
matter_antimatter_benchmark.json	scalar_count	25
matter_antimatter_benchmark.json	scalar_median_error_pct	0.0
matter_antimatter_benchmark.json	max_scalar_error_pct	0.23468225112121452
matter_antimatter_benchmark.json	effective_scalar_median_error_pct	0.0
matter_antimatter_benchmark.json	max_effective_scalar_error_pct	0.23468225112121452
matter_antimatter_benchmark.json	worst_effective_scalar_error_pct	0.06202913601381668
matter_antimatter_benchmark.json	rounding_ghost_scalar_count	0
matter_antimatter_benchmark.json	catalog_crosswalk_scalar_count	0
matter_antimatter_benchmark.json	strict_scalar_pass	True
matter_antimatter_benchmark.json	effective_scalar_pass	True
matter_antimatter_benchmark.json	max_gate_scalar_error_pct	0.23468225112121452
matter_antimatter_benchmark.json	tier_scalar_median_error_pct	0.0
matter_antimatter_benchmark.json	tier_scalar_pass	True
matter_antimatter_benchmark.json	tier_scalar_max_pass	False
matter_antimatter_benchmark.json	scalar_median_pass	True
matter_antimatter_benchmark.json	classifier_count	0
matter_antimatter_benchmark.json	classifier_correct	0
matter_antimatter_benchmark.json	classifier_accuracy_pct	None
matter_antimatter_benchmark.json	classifier_pass	True
matter_antimatter_benchmark.json	official_pooled_median_error_pct	0.0
matter_antimatter_benchmark.json	green_gate_pass	True
matter_antimatter_benchmark.json	max_scalar_name	quantum_Jarlskog_J
matter_antimatter_benchmark.json	max_scalar_property	Jarlskog_J
matter_antimatter_benchmark.json	max_gate_scalar_name	quantum_Jarlskog_J
matter_antimatter_benchmark.json	worst_effective_scalar_name	Omega_b_h2
matter_antimatter_benchmark.json	lb_records	2
matter_antimatter_benchmark.json	lb_unrouted	0
matter_antimatter_benchmark.json	lb_computed_match	0
matter_antimatter_benchmark.json	lb_scalar_match	0
matter_antimatter_benchmark.json	lb_error_match	0
matter_antimatter_benchmark.json	lb_max_rel_dev	0.001379189606749026
mechanical_engineering_extension_benchmark.json	records	50
mechanical_engineering_extension_benchmark.json	pooled_median_error_pct	0.017310023021640548
mechanical_engineering_extension_benchmark.json	scalar_count	45
mechanical_engineering_extension_benchmark.json	scalar_median_error_pct	0.0
mechanical_engineering_extension_benchmark.json	max_scalar_error_pct	0.07869745016116556
mechanical_engineering_extension_benchmark.json	effective_scalar_median_error_pct	0.0
mechanical_engineering_extension_benchmark.json	max_effective_scalar_error_pct	0.07866666666667133
mechanical_engineering_extension_benchmark.json	worst_effective_scalar_error_pct	0.0999999999999916
mechanical_engineering_extension_benchmark.json	rounding_ghost_scalar_count	0
mechanical_engineering_extension_benchmark.json	catalog_crosswalk_scalar_count	0
mechanical_engineering_extension_benchmark.json	strict_scalar_pass	True
mechanical_engineering_extension_benchmark.json	effective_scalar_pass	True
mechanical_engineering_extension_benchmark.json	max_gate_scalar_error_pct	0.07869745016116556
mechanical_engineering_extension_benchmark.json	tier_scalar_median_error_pct	0.0
mechanical_engineering_extension_benchmark.json	tier_scalar_pass	True
mechanical_engineering_extension_benchmark.json	tier_scalar_max_pass	False
mechanical_engineering_extension_benchmark.json	scalar_median_pass	True
mechanical_engineering_extension_benchmark.json	classifier_count	0
mechanical_engineering_extension_benchmark.json	classifier_correct	0
mechanical_engineering_extension_benchmark.json	classifier_accuracy_pct	None
mechanical_engineering_extension_benchmark.json	classifier_pass	True
mechanical_engineering_extension_benchmark.json	official_pooled_median_error_pct	0.0
mechanical_engineering_extension_benchmark.json	green_gate_pass	True
mechanical_engineering_extension_benchmark.json	max_scalar_name	poisson_steel
mechanical_engineering_extension_benchmark.json	max_scalar_property	poisson_ratio
mechanical_engineering_extension_benchmark.json	max_gate_scalar_name	poisson_steel
mechanical_engineering_extension_benchmark.json	worst_effective_scalar_name	friction_coefficient_bearing
mechanical_engineering_panel_benchmark.json	records	20
mechanical_engineering_panel_benchmark.json	pooled_median_error_pct	0.039349
mechanical_engineering_panel_benchmark.json	scalar_count	20
mechanical_engineering_panel_benchmark.json	scalar_median_error_pct	0.039349
mechanical_engineering_panel_benchmark.json	max_scalar_error_pct	0.039349
mechanical_engineering_panel_benchmark.json	effective_scalar_median_error_pct	0.03934872928571427
mechanical_engineering_panel_benchmark.json	max_effective_scalar_error_pct	0.03934888888889216
mechanical_engineering_panel_benchmark.json	worst_effective_scalar_error_pct	0.03935000000000244
mechanical_engineering_panel_benchmark.json	rounding_ghost_scalar_count	0
mechanical_engineering_panel_benchmark.json	catalog_crosswalk_scalar_count	0
mechanical_engineering_panel_benchmark.json	strict_scalar_pass	True
mechanical_engineering_panel_benchmark.json	effective_scalar_pass	True
mechanical_engineering_panel_benchmark.json	max_gate_scalar_error_pct	0.039349
mechanical_engineering_panel_benchmark.json	tier_scalar_median_error_pct	0.03934872928571427
mechanical_engineering_panel_benchmark.json	tier_scalar_pass	True
mechanical_engineering_panel_benchmark.json	tier_scalar_max_pass	True
mechanical_engineering_panel_benchmark.json	scalar_median_pass	True
mechanical_engineering_panel_benchmark.json	classifier_count	0
mechanical_engineering_panel_benchmark.json	classifier_correct	0
mechanical_engineering_panel_benchmark.json	classifier_accuracy_pct	None
mechanical_engineering_panel_benchmark.json	classifier_pass	True
mechanical_engineering_panel_benchmark.json	official_pooled_median_error_pct	0.039349
mechanical_engineering_panel_benchmark.json	green_gate_pass	True
mechanical_engineering_panel_benchmark.json	max_scalar_name	steam_turbine_efficiency
mechanical_engineering_panel_benchmark.json	max_scalar_property	thermal_efficiency_pct
mechanical_engineering_panel_benchmark.json	max_gate_scalar_name	steam_turbine_efficiency
mechanical_engineering_panel_benchmark.json	worst_effective_scalar_name	compressor_pressure_ratio
mechanical_engineering_panel_benchmark.json	lb_records	20
mechanical_engineering_panel_benchmark.json	lb_unrouted	0
mechanical_engineering_panel_benchmark.json	lb_computed_match	0
mechanical_engineering_panel_benchmark.json	lb_scalar_match	0
mechanical_engineering_panel_benchmark.json	lb_error_match	0
mechanical_engineering_panel_benchmark.json	lb_max_rel_dev	0.000999000999000915
mechanistic_coupling_benchmark.json	records	39
mechanistic_coupling_benchmark.json	pooled_median_error_pct	0.0073836551816993294
mechanistic_coupling_benchmark.json	scalar_count	39
mechanistic_coupling_benchmark.json	scalar_median_error_pct	0.0073836551816993294
mechanistic_coupling_benchmark.json	max_scalar_error_pct	0.0073836551816993294
mechanistic_coupling_benchmark.json	effective_scalar_median_error_pct	0.0073999999999981485
mechanistic_coupling_benchmark.json	max_effective_scalar_error_pct	0.0073999999999981485
mechanistic_coupling_benchmark.json	worst_effective_scalar_error_pct	0.0073999999999981485
mechanistic_coupling_benchmark.json	rounding_ghost_scalar_count	0
mechanistic_coupling_benchmark.json	catalog_crosswalk_scalar_count	0
mechanistic_coupling_benchmark.json	strict_scalar_pass	True
mechanistic_coupling_benchmark.json	effective_scalar_pass	True
mechanistic_coupling_benchmark.json	max_gate_scalar_error_pct	0.0073836551816993294
mechanistic_coupling_benchmark.json	tier_scalar_median_error_pct	0.0073999999999981485
mechanistic_coupling_benchmark.json	tier_scalar_pass	True
mechanistic_coupling_benchmark.json	tier_scalar_max_pass	True
mechanistic_coupling_benchmark.json	scalar_median_pass	True
mechanistic_coupling_benchmark.json	classifier_count	0
mechanistic_coupling_benchmark.json	classifier_correct	0
mechanistic_coupling_benchmark.json	classifier_accuracy_pct	None
mechanistic_coupling_benchmark.json	classifier_pass	True
mechanistic_coupling_benchmark.json	official_pooled_median_error_pct	0.0073836551816993294
mechanistic_coupling_benchmark.json	green_gate_pass	True
mechanistic_coupling_benchmark.json	max_scalar_name	MEC-001
mechanistic_coupling_benchmark.json	max_scalar_property	mechanism_channel_weight
mechanistic_coupling_benchmark.json	max_gate_scalar_name	MEC-001
mechanistic_coupling_benchmark.json	worst_effective_scalar_name	MEC-001
medical_galactic_orbital_bridge_benchmark.json	records	48
medical_galactic_orbital_bridge_benchmark.json	pooled_median_error_pct	0.010717743028516056
medical_galactic_orbital_bridge_benchmark.json	scalar_count	48
medical_galactic_orbital_bridge_benchmark.json	scalar_median_error_pct	0.010717743028515674
medical_galactic_orbital_bridge_benchmark.json	max_scalar_error_pct	0.010717743028528433
medical_galactic_orbital_bridge_benchmark.json	effective_scalar_median_error_pct	0.009194633583375654
medical_galactic_orbital_bridge_benchmark.json	max_effective_scalar_error_pct	0.009951238929239381
medical_galactic_orbital_bridge_benchmark.json	worst_effective_scalar_error_pct	0.050607287449399435
medical_galactic_orbital_bridge_benchmark.json	rounding_ghost_scalar_count	0
medical_galactic_orbital_bridge_benchmark.json	catalog_crosswalk_scalar_count	0
medical_galactic_orbital_bridge_benchmark.json	strict_scalar_pass	True
medical_galactic_orbital_bridge_benchmark.json	effective_scalar_pass	True
medical_galactic_orbital_bridge_benchmark.json	max_gate_scalar_error_pct	0.010717743028528433
medical_galactic_orbital_bridge_benchmark.json	tier_scalar_median_error_pct	0.009194633583375654
medical_galactic_orbital_bridge_benchmark.json	tier_scalar_pass	True
medical_galactic_orbital_bridge_benchmark.json	tier_scalar_max_pass	True
medical_galactic_orbital_bridge_benchmark.json	scalar_median_pass	True
medical_galactic_orbital_bridge_benchmark.json	classifier_count	0
medical_galactic_orbital_bridge_benchmark.json	classifier_correct	0
medical_galactic_orbital_bridge_benchmark.json	classifier_accuracy_pct	None
medical_galactic_orbital_bridge_benchmark.json	classifier_pass	True
medical_galactic_orbital_bridge_benchmark.json	official_pooled_median_error_pct	0.010717743028515674
medical_galactic_orbital_bridge_benchmark.json	green_gate_pass	True
medical_galactic_orbital_bridge_benchmark.json	max_scalar_name	Adjacent_Rung_Coupling__Compact_Object_Binary_Events
medical_galactic_orbital_bridge_benchmark.json	max_scalar_property	orbital_bridge_coupling
medical_galactic_orbital_bridge_benchmark.json	max_gate_scalar_name	Adjacent_Rung_Coupling__Compact_Object_Binary_Events
medical_galactic_orbital_bridge_benchmark.json	worst_effective_scalar_name	Adjacent_Rung_Coupling__Compactification_Ladder
metamaterial_fluid_design_prereg_scaffold_benchmark.json	records	25
metamaterial_fluid_design_prereg_scaffold_benchmark.json	pooled_median_error_pct	0.0
metamaterial_fluid_design_prereg_scaffold_benchmark.json	scalar_count	9
metamaterial_fluid_design_prereg_scaffold_benchmark.json	scalar_median_error_pct	3.4e-05
metamaterial_fluid_design_prereg_scaffold_benchmark.json	max_scalar_error_pct	3.4e-05
metamaterial_fluid_design_prereg_scaffold_benchmark.json	effective_scalar_median_error_pct	0.0
metamaterial_fluid_design_prereg_scaffold_benchmark.json	max_effective_scalar_error_pct	3.4e-05
metamaterial_fluid_design_prereg_scaffold_benchmark.json	worst_effective_scalar_error_pct	3.571428571927779e-05
metamaterial_fluid_design_prereg_scaffold_benchmark.json	rounding_ghost_scalar_count	0
metamaterial_fluid_design_prereg_scaffold_benchmark.json	catalog_crosswalk_scalar_count	0
metamaterial_fluid_design_prereg_scaffold_benchmark.json	strict_scalar_pass	True
metamaterial_fluid_design_prereg_scaffold_benchmark.json	effective_scalar_pass	True
metamaterial_fluid_design_prereg_scaffold_benchmark.json	max_gate_scalar_error_pct	3.4e-05
metamaterial_fluid_design_prereg_scaffold_benchmark.json	tier_scalar_median_error_pct	0.0
metamaterial_fluid_design_prereg_scaffold_benchmark.json	tier_scalar_pass	True
metamaterial_fluid_design_prereg_scaffold_benchmark.json	tier_scalar_max_pass	True
metamaterial_fluid_design_prereg_scaffold_benchmark.json	scalar_median_pass	True
metamaterial_fluid_design_prereg_scaffold_benchmark.json	classifier_count	6
metamaterial_fluid_design_prereg_scaffold_benchmark.json	classifier_correct	6
metamaterial_fluid_design_prereg_scaffold_benchmark.json	classifier_accuracy_pct	100.0
metamaterial_fluid_design_prereg_scaffold_benchmark.json	classifier_pass	True
metamaterial_fluid_design_prereg_scaffold_benchmark.json	official_pooled_median_error_pct	3.4e-05
metamaterial_fluid_design_prereg_scaffold_benchmark.json	green_gate_pass	True
metamaterial_fluid_design_prereg_scaffold_benchmark.json	max_scalar_name	acoustic_bleed_phononic_crystal
metamaterial_fluid_design_prereg_scaffold_benchmark.json	max_scalar_property	candidate_fsot_prediction
metamaterial_fluid_design_prereg_scaffold_benchmark.json	max_gate_scalar_name	acoustic_bleed_phononic_crystal
metamaterial_fluid_design_prereg_scaffold_benchmark.json	worst_effective_scalar_name	fpc_coupled_active_metamaterial
meteorology_gap_fill_benchmark.json	records	47
meteorology_gap_fill_benchmark.json	pooled_median_error_pct	0.0
meteorology_gap_fill_benchmark.json	scalar_count	0
meteorology_gap_fill_benchmark.json	scalar_median_error_pct	None
meteorology_gap_fill_benchmark.json	max_scalar_error_pct	None
meteorology_gap_fill_benchmark.json	effective_scalar_median_error_pct	None
meteorology_gap_fill_benchmark.json	max_effective_scalar_error_pct	None
meteorology_gap_fill_benchmark.json	worst_effective_scalar_error_pct	None
meteorology_gap_fill_benchmark.json	rounding_ghost_scalar_count	0
meteorology_gap_fill_benchmark.json	catalog_crosswalk_scalar_count	0
meteorology_gap_fill_benchmark.json	strict_scalar_pass	True
meteorology_gap_fill_benchmark.json	effective_scalar_pass	True
meteorology_gap_fill_benchmark.json	max_gate_scalar_error_pct	None
meteorology_gap_fill_benchmark.json	tier_scalar_median_error_pct	None
meteorology_gap_fill_benchmark.json	tier_scalar_pass	True
meteorology_gap_fill_benchmark.json	tier_scalar_max_pass	True
meteorology_gap_fill_benchmark.json	scalar_median_pass	True
meteorology_gap_fill_benchmark.json	classifier_count	47
meteorology_gap_fill_benchmark.json	classifier_correct	47
meteorology_gap_fill_benchmark.json	classifier_accuracy_pct	100.0
meteorology_gap_fill_benchmark.json	classifier_pass	True
meteorology_gap_fill_benchmark.json	official_pooled_median_error_pct	None
meteorology_gap_fill_benchmark.json	green_gate_pass	True
meteorology_gap_fill_benchmark.json	max_scalar_name	None
meteorology_gap_fill_benchmark.json	max_scalar_property	None
meteorology_gap_fill_benchmark.json	max_gate_scalar_name	None
meteorology_gap_fill_benchmark.json	worst_effective_scalar_name	None
microtubule_quantum_consciousness_panel_benchmark.json	records	21
microtubule_quantum_consciousness_panel_benchmark.json	pooled_median_error_pct	0.0094425
microtubule_quantum_consciousness_panel_benchmark.json	scalar_count	16
microtubule_quantum_consciousness_panel_benchmark.json	scalar_median_error_pct	0.0094425
microtubule_quantum_consciousness_panel_benchmark.json	max_scalar_error_pct	0.16971
microtubule_quantum_consciousness_panel_benchmark.json	effective_scalar_median_error_pct	0.009442466826702594
microtubule_quantum_consciousness_panel_benchmark.json	max_effective_scalar_error_pct	0.1697118155619542
microtubule_quantum_consciousness_panel_benchmark.json	worst_effective_scalar_error_pct	0.1697118155619542
microtubule_quantum_consciousness_panel_benchmark.json	rounding_ghost_scalar_count	0
microtubule_quantum_consciousness_panel_benchmark.json	catalog_crosswalk_scalar_count	0
microtubule_quantum_consciousness_panel_benchmark.json	strict_scalar_pass	True
microtubule_quantum_consciousness_panel_benchmark.json	effective_scalar_pass	True
microtubule_quantum_consciousness_panel_benchmark.json	max_gate_scalar_error_pct	0.16971
microtubule_quantum_consciousness_panel_benchmark.json	tier_scalar_median_error_pct	0.009442466826702594
microtubule_quantum_consciousness_panel_benchmark.json	tier_scalar_pass	True
microtubule_quantum_consciousness_panel_benchmark.json	tier_scalar_max_pass	False
microtubule_quantum_consciousness_panel_benchmark.json	scalar_median_pass	True
microtubule_quantum_consciousness_panel_benchmark.json	classifier_count	0
microtubule_quantum_consciousness_panel_benchmark.json	classifier_correct	0
microtubule_quantum_consciousness_panel_benchmark.json	classifier_accuracy_pct	None
microtubule_quantum_consciousness_panel_benchmark.json	classifier_pass	True
microtubule_quantum_consciousness_panel_benchmark.json	official_pooled_median_error_pct	0.0094425
microtubule_quantum_consciousness_panel_benchmark.json	green_gate_pass	True
microtubule_quantum_consciousness_panel_benchmark.json	max_scalar_name	pemf_oncology_adjunct_power
microtubule_quantum_consciousness_panel_benchmark.json	max_scalar_property	E_con_manifest
microtubule_quantum_consciousness_panel_benchmark.json	max_gate_scalar_name	pemf_oncology_adjunct_power
microtubule_quantum_consciousness_panel_benchmark.json	worst_effective_scalar_name	pemf_oncology_adjunct_power
mpcorb_fsot_benchmark.json	records	1554101
mpcorb_fsot_benchmark.json	pooled_median_error_pct	0.023015
mpcorb_fsot_benchmark.json	scalar_count	850
mpcorb_fsot_benchmark.json	scalar_median_error_pct	0.023015
mpcorb_fsot_benchmark.json	max_scalar_error_pct	0.031506
mpcorb_fsot_benchmark.json	effective_scalar_median_error_pct	0.023015301660905846
mpcorb_fsot_benchmark.json	max_effective_scalar_error_pct	0.0315064076104057
mpcorb_fsot_benchmark.json	worst_effective_scalar_error_pct	0.036295027581213966
mpcorb_fsot_benchmark.json	rounding_ghost_scalar_count	0
mpcorb_fsot_benchmark.json	catalog_crosswalk_scalar_count	0
mpcorb_fsot_benchmark.json	strict_scalar_pass	True
mpcorb_fsot_benchmark.json	effective_scalar_pass	True
mpcorb_fsot_benchmark.json	max_gate_scalar_error_pct	0.031506
mpcorb_fsot_benchmark.json	tier_scalar_median_error_pct	0.023015301660905846
mpcorb_fsot_benchmark.json	tier_scalar_pass	True
mpcorb_fsot_benchmark.json	tier_scalar_max_pass	True
mpcorb_fsot_benchmark.json	scalar_median_pass	True
mpcorb_fsot_benchmark.json	classifier_count	0
mpcorb_fsot_benchmark.json	classifier_correct	0
mpcorb_fsot_benchmark.json	classifier_accuracy_pct	None
mpcorb_fsot_benchmark.json	classifier_pass	True
mpcorb_fsot_benchmark.json	official_pooled_median_error_pct	0.023015
mpcorb_fsot_benchmark.json	green_gate_pass	True
mpcorb_fsot_benchmark.json	max_scalar_name	P_var observer variance
mpcorb_fsot_benchmark.json	max_scalar_property	p_var_channel
mpcorb_fsot_benchmark.json	max_gate_scalar_name	P_var observer variance
mpcorb_fsot_benchmark.json	worst_effective_scalar_name	distant_median_n
mpcorb_fsot_benchmark.json	lb_records	832
mpcorb_fsot_benchmark.json	lb_unrouted	0
mpcorb_fsot_benchmark.json	lb_computed_match	0
mpcorb_fsot_benchmark.json	lb_scalar_match	0
mpcorb_fsot_benchmark.json	lb_error_match	0
mpcorb_fsot_benchmark.json	lb_max_rel_dev	0.0006118078923218921
multi_hero_benchmark.json	records	32
multi_hero_benchmark.json	pooled_median_error_pct	0.0
multi_hero_benchmark.json	scalar_count	0
multi_hero_benchmark.json	scalar_median_error_pct	None
multi_hero_benchmark.json	max_scalar_error_pct	None
multi_hero_benchmark.json	effective_scalar_median_error_pct	None
multi_hero_benchmark.json	max_effective_scalar_error_pct	None
multi_hero_benchmark.json	worst_effective_scalar_error_pct	None
multi_hero_benchmark.json	rounding_ghost_scalar_count	0
multi_hero_benchmark.json	catalog_crosswalk_scalar_count	0
multi_hero_benchmark.json	strict_scalar_pass	True
multi_hero_benchmark.json	effective_scalar_pass	True
multi_hero_benchmark.json	max_gate_scalar_error_pct	None
multi_hero_benchmark.json	tier_scalar_median_error_pct	None
multi_hero_benchmark.json	tier_scalar_pass	True
multi_hero_benchmark.json	tier_scalar_max_pass	True
multi_hero_benchmark.json	scalar_median_pass	True
multi_hero_benchmark.json	classifier_count	0
multi_hero_benchmark.json	classifier_correct	0
multi_hero_benchmark.json	classifier_accuracy_pct	None
multi_hero_benchmark.json	classifier_pass	True
multi_hero_benchmark.json	official_pooled_median_error_pct	None
multi_hero_benchmark.json	green_gate_pass	True
multi_hero_benchmark.json	max_scalar_name	None
multi_hero_benchmark.json	max_scalar_property	None
multi_hero_benchmark.json	max_gate_scalar_name	None
multi_hero_benchmark.json	worst_effective_scalar_name	None
music_harmonics_public_panel_benchmark.json	records	24
music_harmonics_public_panel_benchmark.json	pooled_median_error_pct	0.0
music_harmonics_public_panel_benchmark.json	scalar_count	23
music_harmonics_public_panel_benchmark.json	scalar_median_error_pct	0.0
music_harmonics_public_panel_benchmark.json	max_scalar_error_pct	0.001716
music_harmonics_public_panel_benchmark.json	effective_scalar_median_error_pct	0.0
music_harmonics_public_panel_benchmark.json	max_effective_scalar_error_pct	0.0017243501429757857
music_harmonics_public_panel_benchmark.json	worst_effective_scalar_error_pct	0.0017243501429757857
music_harmonics_public_panel_benchmark.json	rounding_ghost_scalar_count	0
music_harmonics_public_panel_benchmark.json	catalog_crosswalk_scalar_count	0
music_harmonics_public_panel_benchmark.json	strict_scalar_pass	True
music_harmonics_public_panel_benchmark.json	effective_scalar_pass	True
music_harmonics_public_panel_benchmark.json	max_gate_scalar_error_pct	0.001716
music_harmonics_public_panel_benchmark.json	tier_scalar_median_error_pct	0.0
music_harmonics_public_panel_benchmark.json	tier_scalar_pass	True
music_harmonics_public_panel_benchmark.json	tier_scalar_max_pass	True
music_harmonics_public_panel_benchmark.json	scalar_median_pass	True
music_harmonics_public_panel_benchmark.json	classifier_count	0
music_harmonics_public_panel_benchmark.json	classifier_correct	0
music_harmonics_public_panel_benchmark.json	classifier_accuracy_pct	None
music_harmonics_public_panel_benchmark.json	classifier_pass	True
music_harmonics_public_panel_benchmark.json	official_pooled_median_error_pct	0.0
music_harmonics_public_panel_benchmark.json	green_gate_pass	True
music_harmonics_public_panel_benchmark.json	max_scalar_name	concert_pitch_ratio
music_harmonics_public_panel_benchmark.json	max_scalar_property	a4_c4_frequency_ratio
music_harmonics_public_panel_benchmark.json	max_gate_scalar_name	concert_pitch_ratio
music_harmonics_public_panel_benchmark.json	worst_effective_scalar_name	concert_pitch_ratio
mycology_extension_benchmark.json	records	420
mycology_extension_benchmark.json	pooled_median_error_pct	0.022236250385193498
mycology_extension_benchmark.json	scalar_count	420
mycology_extension_benchmark.json	scalar_median_error_pct	0.022236250385193487
mycology_extension_benchmark.json	max_scalar_error_pct	0.047615187057828696
mycology_extension_benchmark.json	effective_scalar_median_error_pct	0.022235486941455863
mycology_extension_benchmark.json	max_effective_scalar_error_pct	0.04761551724137817
mycology_extension_benchmark.json	worst_effective_scalar_error_pct	0.04761551724137817
mycology_extension_benchmark.json	rounding_ghost_scalar_count	0
mycology_extension_benchmark.json	catalog_crosswalk_scalar_count	0
mycology_extension_benchmark.json	strict_scalar_pass	True
mycology_extension_benchmark.json	effective_scalar_pass	True
mycology_extension_benchmark.json	max_gate_scalar_error_pct	0.047615187057828696
mycology_extension_benchmark.json	tier_scalar_median_error_pct	0.022235486941455863
mycology_extension_benchmark.json	tier_scalar_pass	True
mycology_extension_benchmark.json	tier_scalar_max_pass	True
mycology_extension_benchmark.json	scalar_median_pass	True
mycology_extension_benchmark.json	classifier_count	0
mycology_extension_benchmark.json	classifier_correct	0
mycology_extension_benchmark.json	classifier_accuracy_pct	None
mycology_extension_benchmark.json	classifier_pass	True
mycology_extension_benchmark.json	official_pooled_median_error_pct	0.022236250385193487
mycology_extension_benchmark.json	green_gate_pass	True
mycology_extension_benchmark.json	max_scalar_name	banana_bread:bake_time_min
mycology_extension_benchmark.json	max_scalar_property	bake_time_min
mycology_extension_benchmark.json	max_gate_scalar_name	banana_bread:bake_time_min
mycology_extension_benchmark.json	worst_effective_scalar_name	banana_bread:bake_time_min
mycology_panel_benchmark.json	records	90
mycology_panel_benchmark.json	pooled_median_error_pct	0.006006
mycology_panel_benchmark.json	scalar_count	90
mycology_panel_benchmark.json	scalar_median_error_pct	0.006006
mycology_panel_benchmark.json	max_scalar_error_pct	0.022236
mycology_panel_benchmark.json	effective_scalar_median_error_pct	0.006007190216062655
mycology_panel_benchmark.json	max_effective_scalar_error_pct	0.0222362648221289
mycology_panel_benchmark.json	worst_effective_scalar_error_pct	0.0222362648221289
mycology_panel_benchmark.json	rounding_ghost_scalar_count	0
mycology_panel_benchmark.json	catalog_crosswalk_scalar_count	0
mycology_panel_benchmark.json	strict_scalar_pass	True
mycology_panel_benchmark.json	effective_scalar_pass	True
mycology_panel_benchmark.json	max_gate_scalar_error_pct	0.022236
mycology_panel_benchmark.json	tier_scalar_median_error_pct	0.006007190216062655
mycology_panel_benchmark.json	tier_scalar_pass	True
mycology_panel_benchmark.json	tier_scalar_max_pass	True
mycology_panel_benchmark.json	scalar_median_pass	True
mycology_panel_benchmark.json	classifier_count	0
mycology_panel_benchmark.json	classifier_correct	0
mycology_panel_benchmark.json	classifier_accuracy_pct	None
mycology_panel_benchmark.json	classifier_pass	True
mycology_panel_benchmark.json	official_pooled_median_error_pct	0.006006
mycology_panel_benchmark.json	green_gate_pass	True
mycology_panel_benchmark.json	max_scalar_name	Tremella mesenterica
mycology_panel_benchmark.json	max_scalar_property	year
mycology_panel_benchmark.json	max_gate_scalar_name	Tremella mesenterica
mycology_panel_benchmark.json	worst_effective_scalar_name	Tremella mesenterica
mycology_panel_benchmark.json	lb_records	90
mycology_panel_benchmark.json	lb_unrouted	0
mycology_panel_benchmark.json	lb_computed_match	0
mycology_panel_benchmark.json	lb_scalar_match	0
mycology_panel_benchmark.json	lb_error_match	0
mycology_panel_benchmark.json	lb_max_rel_dev	0.0004391900735981967
nasa_donki_solar_panel_benchmark.json	records	2148
nasa_donki_solar_panel_benchmark.json	pooled_median_error_pct	0.020755
nasa_donki_solar_panel_benchmark.json	scalar_count	2148
nasa_donki_solar_panel_benchmark.json	scalar_median_error_pct	0.020755
nasa_donki_solar_panel_benchmark.json	max_scalar_error_pct	0.022461
nasa_donki_solar_panel_benchmark.json	effective_scalar_median_error_pct	0.0
nasa_donki_solar_panel_benchmark.json	max_effective_scalar_error_pct	0.022461111111107514
nasa_donki_solar_panel_benchmark.json	worst_effective_scalar_error_pct	0.022461111111107514
nasa_donki_solar_panel_benchmark.json	rounding_ghost_scalar_count	0
nasa_donki_solar_panel_benchmark.json	catalog_crosswalk_scalar_count	0
nasa_donki_solar_panel_benchmark.json	strict_scalar_pass	True
nasa_donki_solar_panel_benchmark.json	effective_scalar_pass	True
nasa_donki_solar_panel_benchmark.json	max_gate_scalar_error_pct	0.022461
nasa_donki_solar_panel_benchmark.json	tier_scalar_median_error_pct	0.0
nasa_donki_solar_panel_benchmark.json	tier_scalar_pass	True
nasa_donki_solar_panel_benchmark.json	tier_scalar_max_pass	True
nasa_donki_solar_panel_benchmark.json	scalar_median_pass	True
nasa_donki_solar_panel_benchmark.json	classifier_count	0
nasa_donki_solar_panel_benchmark.json	classifier_correct	0
nasa_donki_solar_panel_benchmark.json	classifier_accuracy_pct	None
nasa_donki_solar_panel_benchmark.json	classifier_pass	True
nasa_donki_solar_panel_benchmark.json	official_pooled_median_error_pct	0.020755
nasa_donki_solar_panel_benchmark.json	green_gate_pass	True
nasa_donki_solar_panel_benchmark.json	max_scalar_name	2026-07-12T08:22:00Z
nasa_donki_solar_panel_benchmark.json	max_scalar_property	satellite_id
nasa_donki_solar_panel_benchmark.json	max_gate_scalar_name	2026-07-12T08:22:00Z
nasa_donki_solar_panel_benchmark.json	worst_effective_scalar_name	2026-07-12T08:22:00Z
nasa_donki_solar_panel_benchmark.json	lb_records	2148
nasa_donki_solar_panel_benchmark.json	lb_unrouted	0
nasa_donki_solar_panel_benchmark.json	lb_computed_match	1429
nasa_donki_solar_panel_benchmark.json	lb_scalar_match	0
nasa_donki_solar_panel_benchmark.json	lb_error_match	0
nasa_donki_solar_panel_benchmark.json	lb_max_rel_dev	0.16666666666666663
nasa_exoplanet_archive_benchmark.json	records	158
nasa_exoplanet_archive_benchmark.json	pooled_median_error_pct	0.023015
nasa_exoplanet_archive_benchmark.json	scalar_count	0
nasa_exoplanet_archive_benchmark.json	scalar_median_error_pct	None
nasa_exoplanet_archive_benchmark.json	max_scalar_error_pct	None
nasa_exoplanet_archive_benchmark.json	effective_scalar_median_error_pct	None
nasa_exoplanet_archive_benchmark.json	max_effective_scalar_error_pct	None
nasa_exoplanet_archive_benchmark.json	worst_effective_scalar_error_pct	None
nasa_exoplanet_archive_benchmark.json	rounding_ghost_scalar_count	0
nasa_exoplanet_archive_benchmark.json	catalog_crosswalk_scalar_count	0
nasa_exoplanet_archive_benchmark.json	strict_scalar_pass	True
nasa_exoplanet_archive_benchmark.json	effective_scalar_pass	True
nasa_exoplanet_archive_benchmark.json	max_gate_scalar_error_pct	None
nasa_exoplanet_archive_benchmark.json	tier_scalar_median_error_pct	None
nasa_exoplanet_archive_benchmark.json	tier_scalar_pass	True
nasa_exoplanet_archive_benchmark.json	tier_scalar_max_pass	True
nasa_exoplanet_archive_benchmark.json	scalar_median_pass	True
nasa_exoplanet_archive_benchmark.json	classifier_count	0
nasa_exoplanet_archive_benchmark.json	classifier_correct	0
nasa_exoplanet_archive_benchmark.json	classifier_accuracy_pct	None
nasa_exoplanet_archive_benchmark.json	classifier_pass	True
nasa_exoplanet_archive_benchmark.json	official_pooled_median_error_pct	None
nasa_exoplanet_archive_benchmark.json	green_gate_pass	True
nasa_exoplanet_archive_benchmark.json	max_scalar_name	None
nasa_exoplanet_archive_benchmark.json	max_scalar_property	None
nasa_exoplanet_archive_benchmark.json	max_gate_scalar_name	None
nasa_exoplanet_archive_benchmark.json	worst_effective_scalar_name	None
nasa_exoplanet_archive_benchmark.json	lb_records	158
nasa_exoplanet_archive_benchmark.json	lb_unrouted	0
nasa_exoplanet_archive_benchmark.json	lb_computed_match	0
nasa_exoplanet_archive_benchmark.json	lb_scalar_match	0
nasa_exoplanet_archive_benchmark.json	lb_error_match	0
nasa_exoplanet_archive_benchmark.json	lb_max_rel_dev	4.198755101969113e-07
nasa_neo_feed_panel_benchmark.json	records	56
nasa_neo_feed_panel_benchmark.json	pooled_median_error_pct	0.021097
nasa_neo_feed_panel_benchmark.json	scalar_count	56
nasa_neo_feed_panel_benchmark.json	scalar_median_error_pct	0.021097
nasa_neo_feed_panel_benchmark.json	max_scalar_error_pct	0.023015
nasa_neo_feed_panel_benchmark.json	effective_scalar_median_error_pct	0.011504917705507406
nasa_neo_feed_panel_benchmark.json	max_effective_scalar_error_pct	0.023016747857624465
nasa_neo_feed_panel_benchmark.json	worst_effective_scalar_error_pct	0.02301724064033537
nasa_neo_feed_panel_benchmark.json	rounding_ghost_scalar_count	0
nasa_neo_feed_panel_benchmark.json	catalog_crosswalk_scalar_count	0
nasa_neo_feed_panel_benchmark.json	strict_scalar_pass	True
nasa_neo_feed_panel_benchmark.json	effective_scalar_pass	True
nasa_neo_feed_panel_benchmark.json	max_gate_scalar_error_pct	0.023015
nasa_neo_feed_panel_benchmark.json	tier_scalar_median_error_pct	0.011504917705507406
nasa_neo_feed_panel_benchmark.json	tier_scalar_pass	True
nasa_neo_feed_panel_benchmark.json	tier_scalar_max_pass	True
nasa_neo_feed_panel_benchmark.json	scalar_median_pass	True
nasa_neo_feed_panel_benchmark.json	classifier_count	0
nasa_neo_feed_panel_benchmark.json	classifier_correct	0
nasa_neo_feed_panel_benchmark.json	classifier_accuracy_pct	None
nasa_neo_feed_panel_benchmark.json	classifier_pass	True
nasa_neo_feed_panel_benchmark.json	official_pooled_median_error_pct	0.021097
nasa_neo_feed_panel_benchmark.json	green_gate_pass	True
nasa_neo_feed_panel_benchmark.json	max_scalar_name	2026 NX
nasa_neo_feed_panel_benchmark.json	max_scalar_property	absolute_magnitude_h
nasa_neo_feed_panel_benchmark.json	max_gate_scalar_name	2026 NX
nasa_neo_feed_panel_benchmark.json	worst_effective_scalar_name	2026 NN
nasa_neo_feed_panel_benchmark.json	lb_records	56
nasa_neo_feed_panel_benchmark.json	lb_unrouted	0
nasa_neo_feed_panel_benchmark.json	lb_computed_match	0
nasa_neo_feed_panel_benchmark.json	lb_scalar_match	0
nasa_neo_feed_panel_benchmark.json	lb_error_match	0
nasa_neo_feed_panel_benchmark.json	lb_max_rel_dev	0.000576060647137694
natural_formation_element_simulation_benchmark.json	records	32
natural_formation_element_simulation_benchmark.json	pooled_median_error_pct	0.0
natural_formation_element_simulation_benchmark.json	scalar_count	26
natural_formation_element_simulation_benchmark.json	scalar_median_error_pct	0.0
natural_formation_element_simulation_benchmark.json	max_scalar_error_pct	1e-06
natural_formation_element_simulation_benchmark.json	effective_scalar_median_error_pct	0.0
natural_formation_element_simulation_benchmark.json	max_effective_scalar_error_pct	9.504214432403276e-07
natural_formation_element_simulation_benchmark.json	worst_effective_scalar_error_pct	9.507019049073679e-07
natural_formation_element_simulation_benchmark.json	rounding_ghost_scalar_count	0
natural_formation_element_simulation_benchmark.json	catalog_crosswalk_scalar_count	0
natural_formation_element_simulation_benchmark.json	strict_scalar_pass	True
natural_formation_element_simulation_benchmark.json	effective_scalar_pass	True
natural_formation_element_simulation_benchmark.json	max_gate_scalar_error_pct	1e-06
natural_formation_element_simulation_benchmark.json	tier_scalar_median_error_pct	0.0
natural_formation_element_simulation_benchmark.json	tier_scalar_pass	True
natural_formation_element_simulation_benchmark.json	tier_scalar_max_pass	True
natural_formation_element_simulation_benchmark.json	scalar_median_pass	True
natural_formation_element_simulation_benchmark.json	classifier_count	6
natural_formation_element_simulation_benchmark.json	classifier_correct	6
natural_formation_element_simulation_benchmark.json	classifier_accuracy_pct	100.0
natural_formation_element_simulation_benchmark.json	classifier_pass	True
natural_formation_element_simulation_benchmark.json	official_pooled_median_error_pct	0.0
natural_formation_element_simulation_benchmark.json	green_gate_pass	True
natural_formation_element_simulation_benchmark.json	max_scalar_name	Z120_N184_unbinilium
natural_formation_element_simulation_benchmark.json	max_scalar_property	natural_emergence_score
natural_formation_element_simulation_benchmark.json	max_gate_scalar_name	Z120_N184_unbinilium
natural_formation_element_simulation_benchmark.json	worst_effective_scalar_name	Z124_N184
ncbi_gene_public_panel_benchmark.json	records	48
ncbi_gene_public_panel_benchmark.json	pooled_median_error_pct	0.052189
ncbi_gene_public_panel_benchmark.json	scalar_count	0
ncbi_gene_public_panel_benchmark.json	scalar_median_error_pct	None
ncbi_gene_public_panel_benchmark.json	max_scalar_error_pct	None
ncbi_gene_public_panel_benchmark.json	effective_scalar_median_error_pct	None
ncbi_gene_public_panel_benchmark.json	max_effective_scalar_error_pct	None
ncbi_gene_public_panel_benchmark.json	worst_effective_scalar_error_pct	None
ncbi_gene_public_panel_benchmark.json	rounding_ghost_scalar_count	0
ncbi_gene_public_panel_benchmark.json	catalog_crosswalk_scalar_count	0
ncbi_gene_public_panel_benchmark.json	strict_scalar_pass	True
ncbi_gene_public_panel_benchmark.json	effective_scalar_pass	True
ncbi_gene_public_panel_benchmark.json	max_gate_scalar_error_pct	None
ncbi_gene_public_panel_benchmark.json	tier_scalar_median_error_pct	None
ncbi_gene_public_panel_benchmark.json	tier_scalar_pass	True
ncbi_gene_public_panel_benchmark.json	tier_scalar_max_pass	True
ncbi_gene_public_panel_benchmark.json	scalar_median_pass	True
ncbi_gene_public_panel_benchmark.json	classifier_count	0
ncbi_gene_public_panel_benchmark.json	classifier_correct	0
ncbi_gene_public_panel_benchmark.json	classifier_accuracy_pct	None
ncbi_gene_public_panel_benchmark.json	classifier_pass	True
ncbi_gene_public_panel_benchmark.json	official_pooled_median_error_pct	None
ncbi_gene_public_panel_benchmark.json	green_gate_pass	True
ncbi_gene_public_panel_benchmark.json	max_scalar_name	None
ncbi_gene_public_panel_benchmark.json	max_scalar_property	None
ncbi_gene_public_panel_benchmark.json	max_gate_scalar_name	None
ncbi_gene_public_panel_benchmark.json	worst_effective_scalar_name	None
ncbi_gene_public_panel_benchmark.json	lb_records	48
ncbi_gene_public_panel_benchmark.json	lb_unrouted	0
ncbi_gene_public_panel_benchmark.json	lb_computed_match	48
ncbi_gene_public_panel_benchmark.json	lb_scalar_match	48
ncbi_gene_public_panel_benchmark.json	lb_error_match	48
ncbi_gene_public_panel_benchmark.json	lb_max_rel_dev	0.0
ncei_climate_open_benchmark.json	records	607
ncei_climate_open_benchmark.json	pooled_median_error_pct	0.0291
ncei_climate_open_benchmark.json	scalar_count	607
ncei_climate_open_benchmark.json	scalar_median_error_pct	0.0291
ncei_climate_open_benchmark.json	max_scalar_error_pct	0.0291
ncei_climate_open_benchmark.json	effective_scalar_median_error_pct	0.029099790648989734
ncei_climate_open_benchmark.json	max_effective_scalar_error_pct	0.02909999999999461
ncei_climate_open_benchmark.json	worst_effective_scalar_error_pct	0.02912371134021385
ncei_climate_open_benchmark.json	rounding_ghost_scalar_count	0
ncei_climate_open_benchmark.json	catalog_crosswalk_scalar_count	0
ncei_climate_open_benchmark.json	strict_scalar_pass	True
ncei_climate_open_benchmark.json	effective_scalar_pass	True
ncei_climate_open_benchmark.json	max_gate_scalar_error_pct	0.0291
ncei_climate_open_benchmark.json	tier_scalar_median_error_pct	0.029099790648989734
ncei_climate_open_benchmark.json	tier_scalar_pass	True
ncei_climate_open_benchmark.json	tier_scalar_max_pass	True
ncei_climate_open_benchmark.json	scalar_median_pass	True
ncei_climate_open_benchmark.json	classifier_count	0
ncei_climate_open_benchmark.json	classifier_correct	0
ncei_climate_open_benchmark.json	classifier_accuracy_pct	None
ncei_climate_open_benchmark.json	classifier_pass	True
ncei_climate_open_benchmark.json	official_pooled_median_error_pct	0.0291
ncei_climate_open_benchmark.json	green_gate_pass	True
ncei_climate_open_benchmark.json	max_scalar_name	global_land_ocean_annual_1975
ncei_climate_open_benchmark.json	max_scalar_property	global_temp_proxy_C
ncei_climate_open_benchmark.json	max_gate_scalar_name	global_land_ocean_annual_1975
ncei_climate_open_benchmark.json	worst_effective_scalar_name	global_land_ocean_annual_anom_1976
ncei_climate_open_benchmark.json	lb_records	607
ncei_climate_open_benchmark.json	lb_unrouted	0
ncei_climate_open_benchmark.json	lb_computed_match	0
ncei_climate_open_benchmark.json	lb_scalar_match	0
ncei_climate_open_benchmark.json	lb_error_match	0
ncei_climate_open_benchmark.json	lb_max_rel_dev	0.00020060561780201755
ncei_multivar_climate_open_benchmark.json	records	607
ncei_multivar_climate_open_benchmark.json	pooled_median_error_pct	0.0291
ncei_multivar_climate_open_benchmark.json	scalar_count	607
ncei_multivar_climate_open_benchmark.json	scalar_median_error_pct	0.0291
ncei_multivar_climate_open_benchmark.json	max_scalar_error_pct	0.0291
ncei_multivar_climate_open_benchmark.json	effective_scalar_median_error_pct	0.029099790648989734
ncei_multivar_climate_open_benchmark.json	max_effective_scalar_error_pct	0.02909999999999461
ncei_multivar_climate_open_benchmark.json	worst_effective_scalar_error_pct	0.02912371134021385
ncei_multivar_climate_open_benchmark.json	rounding_ghost_scalar_count	0
ncei_multivar_climate_open_benchmark.json	catalog_crosswalk_scalar_count	0
ncei_multivar_climate_open_benchmark.json	strict_scalar_pass	True
ncei_multivar_climate_open_benchmark.json	effective_scalar_pass	True
ncei_multivar_climate_open_benchmark.json	max_gate_scalar_error_pct	0.0291
ncei_multivar_climate_open_benchmark.json	tier_scalar_median_error_pct	0.029099790648989734
ncei_multivar_climate_open_benchmark.json	tier_scalar_pass	True
ncei_multivar_climate_open_benchmark.json	tier_scalar_max_pass	True
ncei_multivar_climate_open_benchmark.json	scalar_median_pass	True
ncei_multivar_climate_open_benchmark.json	classifier_count	0
ncei_multivar_climate_open_benchmark.json	classifier_correct	0
ncei_multivar_climate_open_benchmark.json	classifier_accuracy_pct	None
ncei_multivar_climate_open_benchmark.json	classifier_pass	True
ncei_multivar_climate_open_benchmark.json	official_pooled_median_error_pct	0.0291
ncei_multivar_climate_open_benchmark.json	green_gate_pass	True
ncei_multivar_climate_open_benchmark.json	max_scalar_name	global_land_ocean_annual_1975
ncei_multivar_climate_open_benchmark.json	max_scalar_property	global_temp_proxy_C
ncei_multivar_climate_open_benchmark.json	max_gate_scalar_name	global_land_ocean_annual_1975
ncei_multivar_climate_open_benchmark.json	worst_effective_scalar_name	global_land_ocean_annual_anom_1976
ncei_multivar_climate_open_benchmark.json	lb_records	607
ncei_multivar_climate_open_benchmark.json	lb_unrouted	0
ncei_multivar_climate_open_benchmark.json	lb_computed_match	0
ncei_multivar_climate_open_benchmark.json	lb_scalar_match	0
ncei_multivar_climate_open_benchmark.json	lb_error_match	0
ncei_multivar_climate_open_benchmark.json	lb_max_rel_dev	0.00020060561780201755
network_internet_protocols_cybersecurity_benchmark.json	records	22
network_internet_protocols_cybersecurity_benchmark.json	pooled_median_error_pct	0.010337117254355377
network_internet_protocols_cybersecurity_benchmark.json	scalar_count	16
network_internet_protocols_cybersecurity_benchmark.json	scalar_median_error_pct	0.010337117254355377
network_internet_protocols_cybersecurity_benchmark.json	max_scalar_error_pct	0.010337117254363452
network_internet_protocols_cybersecurity_benchmark.json	effective_scalar_median_error_pct	0.01033711547850924
network_internet_protocols_cybersecurity_benchmark.json	max_effective_scalar_error_pct	0.010336363636363125
network_internet_protocols_cybersecurity_benchmark.json	worst_effective_scalar_error_pct	0.01033773584905872
network_internet_protocols_cybersecurity_benchmark.json	rounding_ghost_scalar_count	0
network_internet_protocols_cybersecurity_benchmark.json	catalog_crosswalk_scalar_count	0
network_internet_protocols_cybersecurity_benchmark.json	strict_scalar_pass	True
network_internet_protocols_cybersecurity_benchmark.json	effective_scalar_pass	True
network_internet_protocols_cybersecurity_benchmark.json	max_gate_scalar_error_pct	0.010337117254363452
network_internet_protocols_cybersecurity_benchmark.json	tier_scalar_median_error_pct	0.01033711547850924
network_internet_protocols_cybersecurity_benchmark.json	tier_scalar_pass	True
network_internet_protocols_cybersecurity_benchmark.json	tier_scalar_max_pass	True
network_internet_protocols_cybersecurity_benchmark.json	scalar_median_pass	True
network_internet_protocols_cybersecurity_benchmark.json	classifier_count	0
network_internet_protocols_cybersecurity_benchmark.json	classifier_correct	0
network_internet_protocols_cybersecurity_benchmark.json	classifier_accuracy_pct	None
network_internet_protocols_cybersecurity_benchmark.json	classifier_pass	True
network_internet_protocols_cybersecurity_benchmark.json	official_pooled_median_error_pct	0.010337117254355377
network_internet_protocols_cybersecurity_benchmark.json	green_gate_pass	True
network_internet_protocols_cybersecurity_benchmark.json	max_scalar_name	SSH_tcp_port
network_internet_protocols_cybersecurity_benchmark.json	max_scalar_property	service_port
network_internet_protocols_cybersecurity_benchmark.json	max_gate_scalar_name	SSH_tcp_port
network_internet_protocols_cybersecurity_benchmark.json	worst_effective_scalar_name	DNS_UDP_port
network_science_public_panel_benchmark.json	records	21
network_science_public_panel_benchmark.json	pooled_median_error_pct	0.0
network_science_public_panel_benchmark.json	scalar_count	20
network_science_public_panel_benchmark.json	scalar_median_error_pct	0.0
network_science_public_panel_benchmark.json	max_scalar_error_pct	0.238944484
network_science_public_panel_benchmark.json	effective_scalar_median_error_pct	0.0
network_science_public_panel_benchmark.json	max_effective_scalar_error_pct	0.23894448437833055
network_science_public_panel_benchmark.json	worst_effective_scalar_error_pct	0.23894448437833055
network_science_public_panel_benchmark.json	rounding_ghost_scalar_count	0
network_science_public_panel_benchmark.json	catalog_crosswalk_scalar_count	0
network_science_public_panel_benchmark.json	strict_scalar_pass	True
network_science_public_panel_benchmark.json	effective_scalar_pass	True
network_science_public_panel_benchmark.json	max_gate_scalar_error_pct	0.238944484
network_science_public_panel_benchmark.json	tier_scalar_median_error_pct	0.0
network_science_public_panel_benchmark.json	tier_scalar_pass	True
network_science_public_panel_benchmark.json	tier_scalar_max_pass	False
network_science_public_panel_benchmark.json	scalar_median_pass	True
network_science_public_panel_benchmark.json	classifier_count	0
network_science_public_panel_benchmark.json	classifier_correct	0
network_science_public_panel_benchmark.json	classifier_accuracy_pct	None
network_science_public_panel_benchmark.json	classifier_pass	True
network_science_public_panel_benchmark.json	official_pooled_median_error_pct	0.0
network_science_public_panel_benchmark.json	green_gate_pass	True
network_science_public_panel_benchmark.json	max_scalar_name	e519765ed2390456
network_science_public_panel_benchmark.json	max_scalar_property	acetazolamide_CAII
network_science_public_panel_benchmark.json	max_gate_scalar_name	e519765ed2390456
network_science_public_panel_benchmark.json	worst_effective_scalar_name	e519765ed2390456
neural_galactic_orbital_bridge_benchmark.json	records	49
neural_galactic_orbital_bridge_benchmark.json	pooled_median_error_pct	0.018002668701796568
neural_galactic_orbital_bridge_benchmark.json	scalar_count	49
neural_galactic_orbital_bridge_benchmark.json	scalar_median_error_pct	0.0180026687017961
neural_galactic_orbital_bridge_benchmark.json	max_scalar_error_pct	0.018002668701806005
neural_galactic_orbital_bridge_benchmark.json	effective_scalar_median_error_pct	0.016663889351772095
neural_galactic_orbital_bridge_benchmark.json	max_effective_scalar_error_pct	0.01904399162064071
neural_galactic_orbital_bridge_benchmark.json	worst_effective_scalar_error_pct	0.047732696897381036
neural_galactic_orbital_bridge_benchmark.json	rounding_ghost_scalar_count	0
neural_galactic_orbital_bridge_benchmark.json	catalog_crosswalk_scalar_count	0
neural_galactic_orbital_bridge_benchmark.json	strict_scalar_pass	True
neural_galactic_orbital_bridge_benchmark.json	effective_scalar_pass	True
neural_galactic_orbital_bridge_benchmark.json	max_gate_scalar_error_pct	0.018002668701806005
neural_galactic_orbital_bridge_benchmark.json	tier_scalar_median_error_pct	0.016663889351772095
neural_galactic_orbital_bridge_benchmark.json	tier_scalar_pass	True
neural_galactic_orbital_bridge_benchmark.json	tier_scalar_max_pass	True
neural_galactic_orbital_bridge_benchmark.json	scalar_median_pass	True
neural_galactic_orbital_bridge_benchmark.json	classifier_count	0
neural_galactic_orbital_bridge_benchmark.json	classifier_correct	0
neural_galactic_orbital_bridge_benchmark.json	classifier_accuracy_pct	None
neural_galactic_orbital_bridge_benchmark.json	classifier_pass	True
neural_galactic_orbital_bridge_benchmark.json	official_pooled_median_error_pct	0.0180026687017961
neural_galactic_orbital_bridge_benchmark.json	green_gate_pass	True
neural_galactic_orbital_bridge_benchmark.json	max_scalar_name	Arxiv_Primitives_Panel__Astrophysical_Structure_Crosswalk
neural_galactic_orbital_bridge_benchmark.json	max_scalar_property	orbital_bridge_coupling
neural_galactic_orbital_bridge_benchmark.json	max_gate_scalar_name	Arxiv_Primitives_Panel__Astrophysical_Structure_Crosswalk
neural_galactic_orbital_bridge_benchmark.json	worst_effective_scalar_name	Arxiv_Brain_Knowledge_Panel__Adjacent_Rung_Coupling
neuroeconomics_extension_benchmark.json	records	65
neuroeconomics_extension_benchmark.json	pooled_median_error_pct	0.10502056403980387
neuroeconomics_extension_benchmark.json	scalar_count	20
neuroeconomics_extension_benchmark.json	scalar_median_error_pct	0.10502056403980387
neuroeconomics_extension_benchmark.json	max_scalar_error_pct	0.10502056403981022
neuroeconomics_extension_benchmark.json	effective_scalar_median_error_pct	0.0
neuroeconomics_extension_benchmark.json	max_effective_scalar_error_pct	0.10502056403981022
neuroeconomics_extension_benchmark.json	worst_effective_scalar_error_pct	0.0
neuroeconomics_extension_benchmark.json	rounding_ghost_scalar_count	0
neuroeconomics_extension_benchmark.json	catalog_crosswalk_scalar_count	0
neuroeconomics_extension_benchmark.json	strict_scalar_pass	True
neuroeconomics_extension_benchmark.json	effective_scalar_pass	True
neuroeconomics_extension_benchmark.json	max_gate_scalar_error_pct	0.10502056403981022
neuroeconomics_extension_benchmark.json	tier_scalar_median_error_pct	0.0
neuroeconomics_extension_benchmark.json	tier_scalar_pass	True
neuroeconomics_extension_benchmark.json	tier_scalar_max_pass	False
neuroeconomics_extension_benchmark.json	scalar_median_pass	True
neuroeconomics_extension_benchmark.json	classifier_count	0
neuroeconomics_extension_benchmark.json	classifier_correct	0
neuroeconomics_extension_benchmark.json	classifier_accuracy_pct	None
neuroeconomics_extension_benchmark.json	classifier_pass	True
neuroeconomics_extension_benchmark.json	official_pooled_median_error_pct	0.10502056403980387
neuroeconomics_extension_benchmark.json	green_gate_pass	True
neuroeconomics_extension_benchmark.json	max_scalar_name	present_bias_beta
neuroeconomics_extension_benchmark.json	max_scalar_property	present_bias_beta
neuroeconomics_extension_benchmark.json	max_gate_scalar_name	present_bias_beta
neuroeconomics_extension_benchmark.json	worst_effective_scalar_name	None
neuroeconomics_panel_benchmark.json	records	20
neuroeconomics_panel_benchmark.json	pooled_median_error_pct	0.031506
neuroeconomics_panel_benchmark.json	scalar_count	20
neuroeconomics_panel_benchmark.json	scalar_median_error_pct	0.031506
neuroeconomics_panel_benchmark.json	max_scalar_error_pct	0.031506
neuroeconomics_panel_benchmark.json	effective_scalar_median_error_pct	0.0
neuroeconomics_panel_benchmark.json	max_effective_scalar_error_pct	0.031506
neuroeconomics_panel_benchmark.json	worst_effective_scalar_error_pct	0.0
neuroeconomics_panel_benchmark.json	rounding_ghost_scalar_count	0
neuroeconomics_panel_benchmark.json	catalog_crosswalk_scalar_count	0
neuroeconomics_panel_benchmark.json	strict_scalar_pass	True
neuroeconomics_panel_benchmark.json	effective_scalar_pass	True
neuroeconomics_panel_benchmark.json	max_gate_scalar_error_pct	0.031506
neuroeconomics_panel_benchmark.json	tier_scalar_median_error_pct	0.0
neuroeconomics_panel_benchmark.json	tier_scalar_pass	True
neuroeconomics_panel_benchmark.json	tier_scalar_max_pass	True
neuroeconomics_panel_benchmark.json	scalar_median_pass	True
neuroeconomics_panel_benchmark.json	classifier_count	0
neuroeconomics_panel_benchmark.json	classifier_correct	0
neuroeconomics_panel_benchmark.json	classifier_accuracy_pct	None
neuroeconomics_panel_benchmark.json	classifier_pass	True
neuroeconomics_panel_benchmark.json	official_pooled_median_error_pct	0.031506
neuroeconomics_panel_benchmark.json	green_gate_pass	True
neuroeconomics_panel_benchmark.json	max_scalar_name	loss_aversion_lambda
neuroeconomics_panel_benchmark.json	max_scalar_property	loss_aversion_coefficient
neuroeconomics_panel_benchmark.json	max_gate_scalar_name	loss_aversion_lambda
neuroeconomics_panel_benchmark.json	worst_effective_scalar_name	None
neuroeconomics_panel_benchmark.json	lb_records	20
neuroeconomics_panel_benchmark.json	lb_unrouted	0
neuroeconomics_panel_benchmark.json	lb_computed_match	0
neuroeconomics_panel_benchmark.json	lb_scalar_match	0
neuroeconomics_panel_benchmark.json	lb_error_match	0
neuroeconomics_panel_benchmark.json	lb_max_rel_dev	0.00043966878285013784
neuroimmunology_benchmark.json	records	92
neuroimmunology_benchmark.json	pooled_median_error_pct	0.05041956982053305
neuroimmunology_benchmark.json	scalar_count	92
neuroimmunology_benchmark.json	scalar_median_error_pct	0.046806044194513126
neuroimmunology_benchmark.json	max_scalar_error_pct	0.428925
neuroimmunology_benchmark.json	effective_scalar_median_error_pct	0.0
neuroimmunology_benchmark.json	max_effective_scalar_error_pct	0.42892535140716065
neuroimmunology_benchmark.json	worst_effective_scalar_error_pct	0.42892535140716065
neuroimmunology_benchmark.json	rounding_ghost_scalar_count	0
neuroimmunology_benchmark.json	catalog_crosswalk_scalar_count	0
neuroimmunology_benchmark.json	strict_scalar_pass	True
neuroimmunology_benchmark.json	effective_scalar_pass	True
neuroimmunology_benchmark.json	max_gate_scalar_error_pct	0.428925
neuroimmunology_benchmark.json	tier_scalar_median_error_pct	0.0
neuroimmunology_benchmark.json	tier_scalar_pass	True
neuroimmunology_benchmark.json	tier_scalar_max_pass	False
neuroimmunology_benchmark.json	scalar_median_pass	True
neuroimmunology_benchmark.json	classifier_count	0
neuroimmunology_benchmark.json	classifier_correct	0
neuroimmunology_benchmark.json	classifier_accuracy_pct	None
neuroimmunology_benchmark.json	classifier_pass	True
neuroimmunology_benchmark.json	official_pooled_median_error_pct	0.046806044194513126
neuroimmunology_benchmark.json	green_gate_pass	True
neuroimmunology_benchmark.json	max_scalar_name	sildenafil_PDE5
neuroimmunology_benchmark.json	max_scalar_property	§65 Enzyme pKi
neuroimmunology_benchmark.json	max_gate_scalar_name	sildenafil_PDE5
neuroimmunology_benchmark.json	worst_effective_scalar_name	sildenafil_PDE5
neurolab_gaps_math_spine_benchmark.json	records	35
neurolab_gaps_math_spine_benchmark.json	pooled_median_error_pct	0.0
neurolab_gaps_math_spine_benchmark.json	scalar_count	30
neurolab_gaps_math_spine_benchmark.json	scalar_median_error_pct	0.0
neurolab_gaps_math_spine_benchmark.json	max_scalar_error_pct	0.0
neurolab_gaps_math_spine_benchmark.json	effective_scalar_median_error_pct	0.0
neurolab_gaps_math_spine_benchmark.json	max_effective_scalar_error_pct	0.0
neurolab_gaps_math_spine_benchmark.json	worst_effective_scalar_error_pct	0.0
neurolab_gaps_math_spine_benchmark.json	rounding_ghost_scalar_count	0
neurolab_gaps_math_spine_benchmark.json	catalog_crosswalk_scalar_count	0
neurolab_gaps_math_spine_benchmark.json	strict_scalar_pass	True
neurolab_gaps_math_spine_benchmark.json	effective_scalar_pass	True
neurolab_gaps_math_spine_benchmark.json	max_gate_scalar_error_pct	0.0
neurolab_gaps_math_spine_benchmark.json	tier_scalar_median_error_pct	0.0
neurolab_gaps_math_spine_benchmark.json	tier_scalar_pass	True
neurolab_gaps_math_spine_benchmark.json	tier_scalar_max_pass	True
neurolab_gaps_math_spine_benchmark.json	scalar_median_pass	True
neurolab_gaps_math_spine_benchmark.json	classifier_count	0
neurolab_gaps_math_spine_benchmark.json	classifier_correct	0
neurolab_gaps_math_spine_benchmark.json	classifier_accuracy_pct	None
neurolab_gaps_math_spine_benchmark.json	classifier_pass	True
neurolab_gaps_math_spine_benchmark.json	official_pooled_median_error_pct	0.0
neurolab_gaps_math_spine_benchmark.json	green_gate_pass	True
neurolab_gaps_math_spine_benchmark.json	max_scalar_name	None
neurolab_gaps_math_spine_benchmark.json	max_scalar_property	None
neurolab_gaps_math_spine_benchmark.json	max_gate_scalar_name	None
neurolab_gaps_math_spine_benchmark.json	worst_effective_scalar_name	None
neurolab_residual_math_spine_benchmark.json	records	28
neurolab_residual_math_spine_benchmark.json	pooled_median_error_pct	0.0
neurolab_residual_math_spine_benchmark.json	scalar_count	24
neurolab_residual_math_spine_benchmark.json	scalar_median_error_pct	0.0
neurolab_residual_math_spine_benchmark.json	max_scalar_error_pct	0.0
neurolab_residual_math_spine_benchmark.json	effective_scalar_median_error_pct	0.0
neurolab_residual_math_spine_benchmark.json	max_effective_scalar_error_pct	0.0
neurolab_residual_math_spine_benchmark.json	worst_effective_scalar_error_pct	0.0
neurolab_residual_math_spine_benchmark.json	rounding_ghost_scalar_count	0
neurolab_residual_math_spine_benchmark.json	catalog_crosswalk_scalar_count	0
neurolab_residual_math_spine_benchmark.json	strict_scalar_pass	True
neurolab_residual_math_spine_benchmark.json	effective_scalar_pass	True
neurolab_residual_math_spine_benchmark.json	max_gate_scalar_error_pct	0.0
neurolab_residual_math_spine_benchmark.json	tier_scalar_median_error_pct	0.0
neurolab_residual_math_spine_benchmark.json	tier_scalar_pass	True
neurolab_residual_math_spine_benchmark.json	tier_scalar_max_pass	True
neurolab_residual_math_spine_benchmark.json	scalar_median_pass	True
neurolab_residual_math_spine_benchmark.json	classifier_count	0
neurolab_residual_math_spine_benchmark.json	classifier_correct	0
neurolab_residual_math_spine_benchmark.json	classifier_accuracy_pct	None
neurolab_residual_math_spine_benchmark.json	classifier_pass	True
neurolab_residual_math_spine_benchmark.json	official_pooled_median_error_pct	0.0
neurolab_residual_math_spine_benchmark.json	green_gate_pass	True
neurolab_residual_math_spine_benchmark.json	max_scalar_name	None
neurolab_residual_math_spine_benchmark.json	max_scalar_property	None
neurolab_residual_math_spine_benchmark.json	max_gate_scalar_name	None
neurolab_residual_math_spine_benchmark.json	worst_effective_scalar_name	None
neuron_zig_mind_panel_benchmark.json	records	25
neuron_zig_mind_panel_benchmark.json	pooled_median_error_pct	0.0
neuron_zig_mind_panel_benchmark.json	scalar_count	22
neuron_zig_mind_panel_benchmark.json	scalar_median_error_pct	0.0
neuron_zig_mind_panel_benchmark.json	max_scalar_error_pct	0.0
neuron_zig_mind_panel_benchmark.json	effective_scalar_median_error_pct	0.0
neuron_zig_mind_panel_benchmark.json	max_effective_scalar_error_pct	0.0
neuron_zig_mind_panel_benchmark.json	worst_effective_scalar_error_pct	0.0
neuron_zig_mind_panel_benchmark.json	rounding_ghost_scalar_count	0
neuron_zig_mind_panel_benchmark.json	catalog_crosswalk_scalar_count	0
neuron_zig_mind_panel_benchmark.json	strict_scalar_pass	True
neuron_zig_mind_panel_benchmark.json	effective_scalar_pass	True
neuron_zig_mind_panel_benchmark.json	max_gate_scalar_error_pct	0.0
neuron_zig_mind_panel_benchmark.json	tier_scalar_median_error_pct	0.0
neuron_zig_mind_panel_benchmark.json	tier_scalar_pass	True
neuron_zig_mind_panel_benchmark.json	tier_scalar_max_pass	True
neuron_zig_mind_panel_benchmark.json	scalar_median_pass	True
neuron_zig_mind_panel_benchmark.json	classifier_count	0
neuron_zig_mind_panel_benchmark.json	classifier_correct	0
neuron_zig_mind_panel_benchmark.json	classifier_accuracy_pct	None
neuron_zig_mind_panel_benchmark.json	classifier_pass	True
neuron_zig_mind_panel_benchmark.json	official_pooled_median_error_pct	0.0
neuron_zig_mind_panel_benchmark.json	green_gate_pass	True
neuron_zig_mind_panel_benchmark.json	max_scalar_name	None
neuron_zig_mind_panel_benchmark.json	max_scalar_property	None
neuron_zig_mind_panel_benchmark.json	max_gate_scalar_name	None
neuron_zig_mind_panel_benchmark.json	worst_effective_scalar_name	None
neuron_zig_os_path_panel_benchmark.json	records	41
neuron_zig_os_path_panel_benchmark.json	pooled_median_error_pct	0.0
neuron_zig_os_path_panel_benchmark.json	scalar_count	38
neuron_zig_os_path_panel_benchmark.json	scalar_median_error_pct	0.0
neuron_zig_os_path_panel_benchmark.json	max_scalar_error_pct	0.0
neuron_zig_os_path_panel_benchmark.json	effective_scalar_median_error_pct	0.0
neuron_zig_os_path_panel_benchmark.json	max_effective_scalar_error_pct	0.0
neuron_zig_os_path_panel_benchmark.json	worst_effective_scalar_error_pct	0.0
neuron_zig_os_path_panel_benchmark.json	rounding_ghost_scalar_count	0
neuron_zig_os_path_panel_benchmark.json	catalog_crosswalk_scalar_count	0
neuron_zig_os_path_panel_benchmark.json	strict_scalar_pass	True
neuron_zig_os_path_panel_benchmark.json	effective_scalar_pass	True
neuron_zig_os_path_panel_benchmark.json	max_gate_scalar_error_pct	0.0
neuron_zig_os_path_panel_benchmark.json	tier_scalar_median_error_pct	0.0
neuron_zig_os_path_panel_benchmark.json	tier_scalar_pass	True
neuron_zig_os_path_panel_benchmark.json	tier_scalar_max_pass	True
neuron_zig_os_path_panel_benchmark.json	scalar_median_pass	True
neuron_zig_os_path_panel_benchmark.json	classifier_count	0
neuron_zig_os_path_panel_benchmark.json	classifier_correct	0
neuron_zig_os_path_panel_benchmark.json	classifier_accuracy_pct	None
neuron_zig_os_path_panel_benchmark.json	classifier_pass	True
neuron_zig_os_path_panel_benchmark.json	official_pooled_median_error_pct	0.0
neuron_zig_os_path_panel_benchmark.json	green_gate_pass	True
neuron_zig_os_path_panel_benchmark.json	max_scalar_name	None
neuron_zig_os_path_panel_benchmark.json	max_scalar_property	None
neuron_zig_os_path_panel_benchmark.json	max_gate_scalar_name	None
neuron_zig_os_path_panel_benchmark.json	worst_effective_scalar_name	None
neuroscience_connectomics_depth_panel_benchmark.json	records	27
neuroscience_connectomics_depth_panel_benchmark.json	pooled_median_error_pct	0.0201195
neuroscience_connectomics_depth_panel_benchmark.json	scalar_count	22
neuroscience_connectomics_depth_panel_benchmark.json	scalar_median_error_pct	0.0201195
neuroscience_connectomics_depth_panel_benchmark.json	max_scalar_error_pct	0.031506
neuroscience_connectomics_depth_panel_benchmark.json	effective_scalar_median_error_pct	0.020119393847174816
neuroscience_connectomics_depth_panel_benchmark.json	max_effective_scalar_error_pct	0.03149227791190099
neuroscience_connectomics_depth_panel_benchmark.json	worst_effective_scalar_error_pct	0.03157016228384759
neuroscience_connectomics_depth_panel_benchmark.json	rounding_ghost_scalar_count	0
neuroscience_connectomics_depth_panel_benchmark.json	catalog_crosswalk_scalar_count	0
neuroscience_connectomics_depth_panel_benchmark.json	strict_scalar_pass	True
neuroscience_connectomics_depth_panel_benchmark.json	effective_scalar_pass	True
neuroscience_connectomics_depth_panel_benchmark.json	max_gate_scalar_error_pct	0.031506
neuroscience_connectomics_depth_panel_benchmark.json	tier_scalar_median_error_pct	0.020119393847174816
neuroscience_connectomics_depth_panel_benchmark.json	tier_scalar_pass	True
neuroscience_connectomics_depth_panel_benchmark.json	tier_scalar_max_pass	True
neuroscience_connectomics_depth_panel_benchmark.json	scalar_median_pass	True
neuroscience_connectomics_depth_panel_benchmark.json	classifier_count	0
neuroscience_connectomics_depth_panel_benchmark.json	classifier_correct	0
neuroscience_connectomics_depth_panel_benchmark.json	classifier_accuracy_pct	None
neuroscience_connectomics_depth_panel_benchmark.json	classifier_pass	True
neuroscience_connectomics_depth_panel_benchmark.json	official_pooled_median_error_pct	0.0201195
neuroscience_connectomics_depth_panel_benchmark.json	green_gate_pass	True
neuroscience_connectomics_depth_panel_benchmark.json	max_scalar_name	Sst_interneuron
neuroscience_connectomics_depth_panel_benchmark.json	max_scalar_property	fi_pearson_r
neuroscience_connectomics_depth_panel_benchmark.json	max_gate_scalar_name	Sst_interneuron
neuroscience_connectomics_depth_panel_benchmark.json	worst_effective_scalar_name	held_out_cohort
neuroscience_connectomics_depth_panel_benchmark.json	lb_records	27
neuroscience_connectomics_depth_panel_benchmark.json	lb_unrouted	0
neuroscience_connectomics_depth_panel_benchmark.json	lb_computed_match	0
neuroscience_connectomics_depth_panel_benchmark.json	lb_scalar_match	0
neuroscience_connectomics_depth_panel_benchmark.json	lb_error_match	0
neuroscience_connectomics_depth_panel_benchmark.json	lb_max_rel_dev	0.0006110361126718466
neuroscience_fi_precision_benchmark.json	records	20
neuroscience_fi_precision_benchmark.json	pooled_median_error_pct	0.0473
neuroscience_fi_precision_benchmark.json	scalar_count	4
neuroscience_fi_precision_benchmark.json	scalar_median_error_pct	0.0
neuroscience_fi_precision_benchmark.json	max_scalar_error_pct	0.0
neuroscience_fi_precision_benchmark.json	effective_scalar_median_error_pct	0.0
neuroscience_fi_precision_benchmark.json	max_effective_scalar_error_pct	0.0
neuroscience_fi_precision_benchmark.json	worst_effective_scalar_error_pct	0.0
neuroscience_fi_precision_benchmark.json	rounding_ghost_scalar_count	0
neuroscience_fi_precision_benchmark.json	catalog_crosswalk_scalar_count	0
neuroscience_fi_precision_benchmark.json	strict_scalar_pass	True
neuroscience_fi_precision_benchmark.json	effective_scalar_pass	True
neuroscience_fi_precision_benchmark.json	max_gate_scalar_error_pct	0.0
neuroscience_fi_precision_benchmark.json	tier_scalar_median_error_pct	0.0
neuroscience_fi_precision_benchmark.json	tier_scalar_pass	True
neuroscience_fi_precision_benchmark.json	tier_scalar_max_pass	True
neuroscience_fi_precision_benchmark.json	scalar_median_pass	True
neuroscience_fi_precision_benchmark.json	classifier_count	0
neuroscience_fi_precision_benchmark.json	classifier_correct	0
neuroscience_fi_precision_benchmark.json	classifier_accuracy_pct	None
neuroscience_fi_precision_benchmark.json	classifier_pass	True
neuroscience_fi_precision_benchmark.json	official_pooled_median_error_pct	0.0
neuroscience_fi_precision_benchmark.json	green_gate_pass	True
neuroscience_fi_precision_benchmark.json	max_scalar_name	None
neuroscience_fi_precision_benchmark.json	max_scalar_property	None
neuroscience_fi_precision_benchmark.json	max_gate_scalar_name	None
neuroscience_fi_precision_benchmark.json	worst_effective_scalar_name	None
neutrino_physics_panel_benchmark.json	records	20
neutrino_physics_panel_benchmark.json	pooled_median_error_pct	0.009504
neutrino_physics_panel_benchmark.json	scalar_count	20
neutrino_physics_panel_benchmark.json	scalar_median_error_pct	0.009504
neutrino_physics_panel_benchmark.json	max_scalar_error_pct	0.009504
neutrino_physics_panel_benchmark.json	effective_scalar_median_error_pct	0.009499999999995623
neutrino_physics_panel_benchmark.json	max_effective_scalar_error_pct	0.009504
neutrino_physics_panel_benchmark.json	worst_effective_scalar_error_pct	0.011111111111122224
neutrino_physics_panel_benchmark.json	rounding_ghost_scalar_count	0
neutrino_physics_panel_benchmark.json	catalog_crosswalk_scalar_count	0
neutrino_physics_panel_benchmark.json	strict_scalar_pass	True
neutrino_physics_panel_benchmark.json	effective_scalar_pass	True
neutrino_physics_panel_benchmark.json	max_gate_scalar_error_pct	0.009504
neutrino_physics_panel_benchmark.json	tier_scalar_median_error_pct	0.009499999999995623
neutrino_physics_panel_benchmark.json	tier_scalar_pass	True
neutrino_physics_panel_benchmark.json	tier_scalar_max_pass	True
neutrino_physics_panel_benchmark.json	scalar_median_pass	True
neutrino_physics_panel_benchmark.json	classifier_count	0
neutrino_physics_panel_benchmark.json	classifier_correct	0
neutrino_physics_panel_benchmark.json	classifier_accuracy_pct	None
neutrino_physics_panel_benchmark.json	classifier_pass	True
neutrino_physics_panel_benchmark.json	official_pooled_median_error_pct	0.009504
neutrino_physics_panel_benchmark.json	green_gate_pass	True
neutrino_physics_panel_benchmark.json	max_scalar_name	delta_m21_sq_eV2
neutrino_physics_panel_benchmark.json	max_scalar_property	value
neutrino_physics_panel_benchmark.json	max_gate_scalar_name	delta_m21_sq_eV2
neutrino_physics_panel_benchmark.json	worst_effective_scalar_name	effective_majorana_mass_eV
neutrino_physics_panel_benchmark.json	lb_records	20
neutrino_physics_panel_benchmark.json	lb_unrouted	0
neutrino_physics_panel_benchmark.json	lb_computed_match	2
neutrino_physics_panel_benchmark.json	lb_scalar_match	0
neutrino_physics_panel_benchmark.json	lb_error_match	0
neutrino_physics_panel_benchmark.json	lb_max_rel_dev	0.0008146639511202711
nist_asd_multi_species_open_benchmark.json	records	26
nist_asd_multi_species_open_benchmark.json	pooled_median_error_pct	0.036791
nist_asd_multi_species_open_benchmark.json	scalar_count	26
nist_asd_multi_species_open_benchmark.json	scalar_median_error_pct	0.036791
nist_asd_multi_species_open_benchmark.json	max_scalar_error_pct	0.036791
nist_asd_multi_species_open_benchmark.json	effective_scalar_median_error_pct	0.03679119473549653
nist_asd_multi_species_open_benchmark.json	max_effective_scalar_error_pct	0.036791252527513335
nist_asd_multi_species_open_benchmark.json	worst_effective_scalar_error_pct	0.03679125708396495
nist_asd_multi_species_open_benchmark.json	rounding_ghost_scalar_count	0
nist_asd_multi_species_open_benchmark.json	catalog_crosswalk_scalar_count	0
nist_asd_multi_species_open_benchmark.json	strict_scalar_pass	True
nist_asd_multi_species_open_benchmark.json	effective_scalar_pass	True
nist_asd_multi_species_open_benchmark.json	max_gate_scalar_error_pct	0.036791
nist_asd_multi_species_open_benchmark.json	tier_scalar_median_error_pct	0.03679119473549653
nist_asd_multi_species_open_benchmark.json	tier_scalar_pass	True
nist_asd_multi_species_open_benchmark.json	tier_scalar_max_pass	True
nist_asd_multi_species_open_benchmark.json	scalar_median_pass	True
nist_asd_multi_species_open_benchmark.json	classifier_count	0
nist_asd_multi_species_open_benchmark.json	classifier_correct	0
nist_asd_multi_species_open_benchmark.json	classifier_accuracy_pct	None
nist_asd_multi_species_open_benchmark.json	classifier_pass	True
nist_asd_multi_species_open_benchmark.json	official_pooled_median_error_pct	0.036791
nist_asd_multi_species_open_benchmark.json	green_gate_pass	True
nist_asd_multi_species_open_benchmark.json	max_scalar_name	H_I_Balmer_alpha
nist_asd_multi_species_open_benchmark.json	max_scalar_property	H_alpha_nm
nist_asd_multi_species_open_benchmark.json	max_gate_scalar_name	H_I_Balmer_alpha
nist_asd_multi_species_open_benchmark.json	worst_effective_scalar_name	Ca_II_H
nist_asd_multi_species_open_benchmark.json	lb_records	26
nist_asd_multi_species_open_benchmark.json	lb_unrouted	0
nist_asd_multi_species_open_benchmark.json	lb_computed_match	0
nist_asd_multi_species_open_benchmark.json	lb_scalar_match	0
nist_asd_multi_species_open_benchmark.json	lb_error_match	0
nist_asd_multi_species_open_benchmark.json	lb_max_rel_dev	0.00024525866930798294
nist_asd_spectroscopy_open_benchmark.json	records	24
nist_asd_spectroscopy_open_benchmark.json	pooled_median_error_pct	0.036791
nist_asd_spectroscopy_open_benchmark.json	scalar_count	24
nist_asd_spectroscopy_open_benchmark.json	scalar_median_error_pct	0.036791
nist_asd_spectroscopy_open_benchmark.json	max_scalar_error_pct	0.03679119329314672
nist_asd_spectroscopy_open_benchmark.json	effective_scalar_median_error_pct	0.036791193293143926
nist_asd_spectroscopy_open_benchmark.json	max_effective_scalar_error_pct	0.03679119329314672
nist_asd_spectroscopy_open_benchmark.json	worst_effective_scalar_error_pct	0.0367912908336546
nist_asd_spectroscopy_open_benchmark.json	rounding_ghost_scalar_count	0
nist_asd_spectroscopy_open_benchmark.json	catalog_crosswalk_scalar_count	0
nist_asd_spectroscopy_open_benchmark.json	strict_scalar_pass	True
nist_asd_spectroscopy_open_benchmark.json	effective_scalar_pass	True
nist_asd_spectroscopy_open_benchmark.json	max_gate_scalar_error_pct	0.03679119329314672
nist_asd_spectroscopy_open_benchmark.json	tier_scalar_median_error_pct	0.036791193293143926
nist_asd_spectroscopy_open_benchmark.json	tier_scalar_pass	True
nist_asd_spectroscopy_open_benchmark.json	tier_scalar_max_pass	True
nist_asd_spectroscopy_open_benchmark.json	scalar_median_pass	True
nist_asd_spectroscopy_open_benchmark.json	classifier_count	0
nist_asd_spectroscopy_open_benchmark.json	classifier_correct	0
nist_asd_spectroscopy_open_benchmark.json	classifier_accuracy_pct	None
nist_asd_spectroscopy_open_benchmark.json	classifier_pass	True
nist_asd_spectroscopy_open_benchmark.json	official_pooled_median_error_pct	0.036791
nist_asd_spectroscopy_open_benchmark.json	green_gate_pass	True
nist_asd_spectroscopy_open_benchmark.json	max_scalar_name	He I 667.8 nm class
nist_asd_spectroscopy_open_benchmark.json	max_scalar_property	He_I_667_nm
nist_asd_spectroscopy_open_benchmark.json	max_gate_scalar_name	He I 667.8 nm class
nist_asd_spectroscopy_open_benchmark.json	worst_effective_scalar_name	H I Balmer-ε air wavelength (nm)
nist_asd_spectroscopy_open_benchmark.json	lb_records	24
nist_asd_spectroscopy_open_benchmark.json	lb_unrouted	0
nist_asd_spectroscopy_open_benchmark.json	lb_computed_match	0
nist_asd_spectroscopy_open_benchmark.json	lb_scalar_match	0
nist_asd_spectroscopy_open_benchmark.json	lb_error_match	0
nist_asd_spectroscopy_open_benchmark.json	lb_max_rel_dev	0.00024524794234725945
nist_codata_constants_benchmark.json	records	20
nist_codata_constants_benchmark.json	pooled_median_error_pct	0.00018035221926966668
nist_codata_constants_benchmark.json	scalar_count	20
nist_codata_constants_benchmark.json	scalar_median_error_pct	0.00018035221926966668
nist_codata_constants_benchmark.json	max_scalar_error_pct	0.323110639
nist_codata_constants_benchmark.json	effective_scalar_median_error_pct	0.00011176055643118718
nist_codata_constants_benchmark.json	max_effective_scalar_error_pct	0.3231106387184704
nist_codata_constants_benchmark.json	worst_effective_scalar_error_pct	0.3231106387184704
nist_codata_constants_benchmark.json	rounding_ghost_scalar_count	0
nist_codata_constants_benchmark.json	catalog_crosswalk_scalar_count	0
nist_codata_constants_benchmark.json	strict_scalar_pass	True
nist_codata_constants_benchmark.json	effective_scalar_pass	True
nist_codata_constants_benchmark.json	max_gate_scalar_error_pct	0.323110639
nist_codata_constants_benchmark.json	tier_scalar_median_error_pct	0.00011176055643118718
nist_codata_constants_benchmark.json	tier_scalar_pass	True
nist_codata_constants_benchmark.json	tier_scalar_max_pass	False
nist_codata_constants_benchmark.json	scalar_median_pass	True
nist_codata_constants_benchmark.json	classifier_count	0
nist_codata_constants_benchmark.json	classifier_correct	0
nist_codata_constants_benchmark.json	classifier_accuracy_pct	None
nist_codata_constants_benchmark.json	classifier_pass	True
nist_codata_constants_benchmark.json	official_pooled_median_error_pct	0.00018035221926966668
nist_codata_constants_benchmark.json	green_gate_pass	True
nist_codata_constants_benchmark.json	max_scalar_name	8141ffdd07912c89
nist_codata_constants_benchmark.json	max_scalar_property	proton
nist_codata_constants_benchmark.json	max_gate_scalar_name	8141ffdd07912c89
nist_codata_constants_benchmark.json	worst_effective_scalar_name	8141ffdd07912c89
nist_dlmf_special_functions_benchmark.json	records	21
nist_dlmf_special_functions_benchmark.json	pooled_median_error_pct	0.0
nist_dlmf_special_functions_benchmark.json	scalar_count	16
nist_dlmf_special_functions_benchmark.json	scalar_median_error_pct	0.0
nist_dlmf_special_functions_benchmark.json	max_scalar_error_pct	0.000785396
nist_dlmf_special_functions_benchmark.json	effective_scalar_median_error_pct	0.0
nist_dlmf_special_functions_benchmark.json	max_effective_scalar_error_pct	0.0007853963816024306
nist_dlmf_special_functions_benchmark.json	worst_effective_scalar_error_pct	0.0007853963816024306
nist_dlmf_special_functions_benchmark.json	rounding_ghost_scalar_count	0
nist_dlmf_special_functions_benchmark.json	catalog_crosswalk_scalar_count	0
nist_dlmf_special_functions_benchmark.json	strict_scalar_pass	True
nist_dlmf_special_functions_benchmark.json	effective_scalar_pass	True
nist_dlmf_special_functions_benchmark.json	max_gate_scalar_error_pct	0.000785396
nist_dlmf_special_functions_benchmark.json	tier_scalar_median_error_pct	0.0
nist_dlmf_special_functions_benchmark.json	tier_scalar_pass	True
nist_dlmf_special_functions_benchmark.json	tier_scalar_max_pass	True
nist_dlmf_special_functions_benchmark.json	scalar_median_pass	True
nist_dlmf_special_functions_benchmark.json	classifier_count	0
nist_dlmf_special_functions_benchmark.json	classifier_correct	0
nist_dlmf_special_functions_benchmark.json	classifier_accuracy_pct	None
nist_dlmf_special_functions_benchmark.json	classifier_pass	True
nist_dlmf_special_functions_benchmark.json	official_pooled_median_error_pct	0.0
nist_dlmf_special_functions_benchmark.json	green_gate_pass	True
nist_dlmf_special_functions_benchmark.json	max_scalar_name	6a9af01dd6d7066c
nist_dlmf_special_functions_benchmark.json	max_scalar_property	IE_Ar
nist_dlmf_special_functions_benchmark.json	max_gate_scalar_name	6a9af01dd6d7066c
nist_dlmf_special_functions_benchmark.json	worst_effective_scalar_name	6a9af01dd6d7066c
noaa_coastal_tides_benchmark.json	records	20
noaa_coastal_tides_benchmark.json	pooled_median_error_pct	0.030173
noaa_coastal_tides_benchmark.json	scalar_count	0
noaa_coastal_tides_benchmark.json	scalar_median_error_pct	None
noaa_coastal_tides_benchmark.json	max_scalar_error_pct	None
noaa_coastal_tides_benchmark.json	effective_scalar_median_error_pct	None
noaa_coastal_tides_benchmark.json	max_effective_scalar_error_pct	None
noaa_coastal_tides_benchmark.json	worst_effective_scalar_error_pct	None
noaa_coastal_tides_benchmark.json	rounding_ghost_scalar_count	0
noaa_coastal_tides_benchmark.json	catalog_crosswalk_scalar_count	0
noaa_coastal_tides_benchmark.json	strict_scalar_pass	True
noaa_coastal_tides_benchmark.json	effective_scalar_pass	True
noaa_coastal_tides_benchmark.json	max_gate_scalar_error_pct	None
noaa_coastal_tides_benchmark.json	tier_scalar_median_error_pct	None
noaa_coastal_tides_benchmark.json	tier_scalar_pass	True
noaa_coastal_tides_benchmark.json	tier_scalar_max_pass	True
noaa_coastal_tides_benchmark.json	scalar_median_pass	True
noaa_coastal_tides_benchmark.json	classifier_count	0
noaa_coastal_tides_benchmark.json	classifier_correct	0
noaa_coastal_tides_benchmark.json	classifier_accuracy_pct	None
noaa_coastal_tides_benchmark.json	classifier_pass	True
noaa_coastal_tides_benchmark.json	official_pooled_median_error_pct	None
noaa_coastal_tides_benchmark.json	green_gate_pass	True
noaa_coastal_tides_benchmark.json	max_scalar_name	None
noaa_coastal_tides_benchmark.json	max_scalar_property	None
noaa_coastal_tides_benchmark.json	max_gate_scalar_name	None
noaa_coastal_tides_benchmark.json	worst_effective_scalar_name	None
noaa_coastal_tides_benchmark.json	lb_records	20
noaa_coastal_tides_benchmark.json	lb_unrouted	0
noaa_coastal_tides_benchmark.json	lb_computed_match	0
noaa_coastal_tides_benchmark.json	lb_scalar_match	0
noaa_coastal_tides_benchmark.json	lb_error_match	0
noaa_coastal_tides_benchmark.json	lb_max_rel_dev	1.6654461565248804e-05
noaa_ndbc_buoy_panel_benchmark.json	records	625
noaa_ndbc_buoy_panel_benchmark.json	pooled_median_error_pct	0.048334
noaa_ndbc_buoy_panel_benchmark.json	scalar_count	0
noaa_ndbc_buoy_panel_benchmark.json	scalar_median_error_pct	None
noaa_ndbc_buoy_panel_benchmark.json	max_scalar_error_pct	None
noaa_ndbc_buoy_panel_benchmark.json	effective_scalar_median_error_pct	None
noaa_ndbc_buoy_panel_benchmark.json	max_effective_scalar_error_pct	None
noaa_ndbc_buoy_panel_benchmark.json	worst_effective_scalar_error_pct	None
noaa_ndbc_buoy_panel_benchmark.json	rounding_ghost_scalar_count	0
noaa_ndbc_buoy_panel_benchmark.json	catalog_crosswalk_scalar_count	0
noaa_ndbc_buoy_panel_benchmark.json	strict_scalar_pass	True
noaa_ndbc_buoy_panel_benchmark.json	effective_scalar_pass	True
noaa_ndbc_buoy_panel_benchmark.json	max_gate_scalar_error_pct	None
noaa_ndbc_buoy_panel_benchmark.json	tier_scalar_median_error_pct	None
noaa_ndbc_buoy_panel_benchmark.json	tier_scalar_pass	True
noaa_ndbc_buoy_panel_benchmark.json	tier_scalar_max_pass	True
noaa_ndbc_buoy_panel_benchmark.json	scalar_median_pass	True
noaa_ndbc_buoy_panel_benchmark.json	classifier_count	0
noaa_ndbc_buoy_panel_benchmark.json	classifier_correct	0
noaa_ndbc_buoy_panel_benchmark.json	classifier_accuracy_pct	None
noaa_ndbc_buoy_panel_benchmark.json	classifier_pass	True
noaa_ndbc_buoy_panel_benchmark.json	official_pooled_median_error_pct	None
noaa_ndbc_buoy_panel_benchmark.json	green_gate_pass	True
noaa_ndbc_buoy_panel_benchmark.json	max_scalar_name	None
noaa_ndbc_buoy_panel_benchmark.json	max_scalar_property	None
noaa_ndbc_buoy_panel_benchmark.json	max_gate_scalar_name	None
noaa_ndbc_buoy_panel_benchmark.json	worst_effective_scalar_name	None
noaa_ndbc_buoy_panel_benchmark.json	lb_records	625
noaa_ndbc_buoy_panel_benchmark.json	lb_unrouted	0
noaa_ndbc_buoy_panel_benchmark.json	lb_computed_match	625
noaa_ndbc_buoy_panel_benchmark.json	lb_scalar_match	625
noaa_ndbc_buoy_panel_benchmark.json	lb_error_match	625
noaa_ndbc_buoy_panel_benchmark.json	lb_max_rel_dev	0.0
noaa_tides_multi_station_open_benchmark.json	records	209
noaa_tides_multi_station_open_benchmark.json	pooled_median_error_pct	0.030173
noaa_tides_multi_station_open_benchmark.json	scalar_count	209
noaa_tides_multi_station_open_benchmark.json	scalar_median_error_pct	0.030173
noaa_tides_multi_station_open_benchmark.json	max_scalar_error_pct	0.030173
noaa_tides_multi_station_open_benchmark.json	effective_scalar_median_error_pct	0.030172413793109695
noaa_tides_multi_station_open_benchmark.json	max_effective_scalar_error_pct	0.030172277540704638
noaa_tides_multi_station_open_benchmark.json	worst_effective_scalar_error_pct	0.030182388703670897
noaa_tides_multi_station_open_benchmark.json	rounding_ghost_scalar_count	0
noaa_tides_multi_station_open_benchmark.json	catalog_crosswalk_scalar_count	0
noaa_tides_multi_station_open_benchmark.json	strict_scalar_pass	True
noaa_tides_multi_station_open_benchmark.json	effective_scalar_pass	True
noaa_tides_multi_station_open_benchmark.json	max_gate_scalar_error_pct	0.030173
noaa_tides_multi_station_open_benchmark.json	tier_scalar_median_error_pct	0.030172413793109695
noaa_tides_multi_station_open_benchmark.json	tier_scalar_pass	True
noaa_tides_multi_station_open_benchmark.json	tier_scalar_max_pass	True
noaa_tides_multi_station_open_benchmark.json	scalar_median_pass	True
noaa_tides_multi_station_open_benchmark.json	classifier_count	0
noaa_tides_multi_station_open_benchmark.json	classifier_correct	0
noaa_tides_multi_station_open_benchmark.json	classifier_accuracy_pct	None
noaa_tides_multi_station_open_benchmark.json	classifier_pass	True
noaa_tides_multi_station_open_benchmark.json	official_pooled_median_error_pct	0.030173
noaa_tides_multi_station_open_benchmark.json	green_gate_pass	True
noaa_tides_multi_station_open_benchmark.json	max_scalar_name	9414290_t0
noaa_tides_multi_station_open_benchmark.json	max_scalar_property	water_level_shift_m
noaa_tides_multi_station_open_benchmark.json	max_gate_scalar_name	9414290_t0
noaa_tides_multi_station_open_benchmark.json	worst_effective_scalar_name	1612340_t23
noaa_tides_multi_station_open_benchmark.json	lb_records	209
noaa_tides_multi_station_open_benchmark.json	lb_unrouted	0
noaa_tides_multi_station_open_benchmark.json	lb_computed_match	0
noaa_tides_multi_station_open_benchmark.json	lb_scalar_match	0
noaa_tides_multi_station_open_benchmark.json	lb_error_match	0
noaa_tides_multi_station_open_benchmark.json	lb_max_rel_dev	0.00018169591560831733
nothing_perfection_friction_origin_panel_benchmark.json	records	24
nothing_perfection_friction_origin_panel_benchmark.json	pooled_median_error_pct	0.0
nothing_perfection_friction_origin_panel_benchmark.json	scalar_count	24
nothing_perfection_friction_origin_panel_benchmark.json	scalar_median_error_pct	0.0
nothing_perfection_friction_origin_panel_benchmark.json	max_scalar_error_pct	0.026472
nothing_perfection_friction_origin_panel_benchmark.json	effective_scalar_median_error_pct	0.0
nothing_perfection_friction_origin_panel_benchmark.json	max_effective_scalar_error_pct	0.026462441223561665
nothing_perfection_friction_origin_panel_benchmark.json	worst_effective_scalar_error_pct	0.026462441223561665
nothing_perfection_friction_origin_panel_benchmark.json	rounding_ghost_scalar_count	0
nothing_perfection_friction_origin_panel_benchmark.json	catalog_crosswalk_scalar_count	0
nothing_perfection_friction_origin_panel_benchmark.json	strict_scalar_pass	True
nothing_perfection_friction_origin_panel_benchmark.json	effective_scalar_pass	True
nothing_perfection_friction_origin_panel_benchmark.json	max_gate_scalar_error_pct	0.026472
nothing_perfection_friction_origin_panel_benchmark.json	tier_scalar_median_error_pct	0.0
nothing_perfection_friction_origin_panel_benchmark.json	tier_scalar_pass	True
nothing_perfection_friction_origin_panel_benchmark.json	tier_scalar_max_pass	True
nothing_perfection_friction_origin_panel_benchmark.json	scalar_median_pass	True
nothing_perfection_friction_origin_panel_benchmark.json	classifier_count	0
nothing_perfection_friction_origin_panel_benchmark.json	classifier_correct	0
nothing_perfection_friction_origin_panel_benchmark.json	classifier_accuracy_pct	None
nothing_perfection_friction_origin_panel_benchmark.json	classifier_pass	True
nothing_perfection_friction_origin_panel_benchmark.json	official_pooled_median_error_pct	0.0
nothing_perfection_friction_origin_panel_benchmark.json	green_gate_pass	True
nothing_perfection_friction_origin_panel_benchmark.json	max_scalar_name	nothing_perfection_bleed
nothing_perfection_friction_origin_panel_benchmark.json	max_scalar_property	interface_friction_strength
nothing_perfection_friction_origin_panel_benchmark.json	max_gate_scalar_name	nothing_perfection_bleed
nothing_perfection_friction_origin_panel_benchmark.json	worst_effective_scalar_name	nothing_perfection_bleed
nuclear_iaea_open_benchmark.json	records	360
nuclear_iaea_open_benchmark.json	pooled_median_error_pct	0.046065
nuclear_iaea_open_benchmark.json	scalar_count	359
nuclear_iaea_open_benchmark.json	scalar_median_error_pct	0.046065
nuclear_iaea_open_benchmark.json	max_scalar_error_pct	0.046065
nuclear_iaea_open_benchmark.json	effective_scalar_median_error_pct	0.04606547108208483
nuclear_iaea_open_benchmark.json	max_effective_scalar_error_pct	0.04610000000000447
nuclear_iaea_open_benchmark.json	worst_effective_scalar_error_pct	0.04827586206896594
nuclear_iaea_open_benchmark.json	rounding_ghost_scalar_count	0
nuclear_iaea_open_benchmark.json	catalog_crosswalk_scalar_count	0
nuclear_iaea_open_benchmark.json	strict_scalar_pass	True
nuclear_iaea_open_benchmark.json	effective_scalar_pass	True
nuclear_iaea_open_benchmark.json	max_gate_scalar_error_pct	0.046065
nuclear_iaea_open_benchmark.json	tier_scalar_median_error_pct	0.04606547108208483
nuclear_iaea_open_benchmark.json	tier_scalar_pass	True
nuclear_iaea_open_benchmark.json	tier_scalar_max_pass	True
nuclear_iaea_open_benchmark.json	scalar_median_pass	True
nuclear_iaea_open_benchmark.json	classifier_count	0
nuclear_iaea_open_benchmark.json	classifier_correct	0
nuclear_iaea_open_benchmark.json	classifier_accuracy_pct	None
nuclear_iaea_open_benchmark.json	classifier_pass	True
nuclear_iaea_open_benchmark.json	official_pooled_median_error_pct	0.046065
nuclear_iaea_open_benchmark.json	green_gate_pass	True
nuclear_iaea_open_benchmark.json	max_scalar_name	H_Z1_N0
nuclear_iaea_open_benchmark.json	max_scalar_property	atomic_number_Z
nuclear_iaea_open_benchmark.json	max_gate_scalar_name	H_Z1_N0
nuclear_iaea_open_benchmark.json	worst_effective_scalar_name	H_Z1_N1
nuclear_iaea_open_benchmark.json	lb_records	360
nuclear_iaea_open_benchmark.json	lb_unrouted	0
nuclear_iaea_open_benchmark.json	lb_computed_match	2
nuclear_iaea_open_benchmark.json	lb_scalar_match	0
nuclear_iaea_open_benchmark.json	lb_error_match	1
nuclear_iaea_open_benchmark.json	lb_max_rel_dev	0.0002980625931445872
nuclear_lean_route_credibility_benchmark.json	records	24
nuclear_lean_route_credibility_benchmark.json	pooled_median_error_pct	0.000637597
nuclear_lean_route_credibility_benchmark.json	scalar_count	24
nuclear_lean_route_credibility_benchmark.json	scalar_median_error_pct	0.000637597
nuclear_lean_route_credibility_benchmark.json	max_scalar_error_pct	0.036559739
nuclear_lean_route_credibility_benchmark.json	effective_scalar_median_error_pct	0.0006375969321657722
nuclear_lean_route_credibility_benchmark.json	max_effective_scalar_error_pct	0.036559739004525145
nuclear_lean_route_credibility_benchmark.json	worst_effective_scalar_error_pct	0.036559739004525145
nuclear_lean_route_credibility_benchmark.json	rounding_ghost_scalar_count	0
nuclear_lean_route_credibility_benchmark.json	catalog_crosswalk_scalar_count	0
nuclear_lean_route_credibility_benchmark.json	strict_scalar_pass	True
nuclear_lean_route_credibility_benchmark.json	effective_scalar_pass	True
nuclear_lean_route_credibility_benchmark.json	max_gate_scalar_error_pct	0.036559739
nuclear_lean_route_credibility_benchmark.json	tier_scalar_median_error_pct	0.0006375969321657722
nuclear_lean_route_credibility_benchmark.json	tier_scalar_pass	True
nuclear_lean_route_credibility_benchmark.json	tier_scalar_max_pass	True
nuclear_lean_route_credibility_benchmark.json	scalar_median_pass	True
nuclear_lean_route_credibility_benchmark.json	classifier_count	0
nuclear_lean_route_credibility_benchmark.json	classifier_correct	0
nuclear_lean_route_credibility_benchmark.json	classifier_accuracy_pct	None
nuclear_lean_route_credibility_benchmark.json	classifier_pass	True
nuclear_lean_route_credibility_benchmark.json	official_pooled_median_error_pct	0.000637597
nuclear_lean_route_credibility_benchmark.json	green_gate_pass	True
nuclear_lean_route_credibility_benchmark.json	max_scalar_name	10ddba9d2181e721
nuclear_lean_route_credibility_benchmark.json	max_scalar_property	Diethyl_ether
nuclear_lean_route_credibility_benchmark.json	max_gate_scalar_name	10ddba9d2181e721
nuclear_lean_route_credibility_benchmark.json	worst_effective_scalar_name	10ddba9d2181e721
nufit_neutrino_open_benchmark.json	records	20
nufit_neutrino_open_benchmark.json	pooled_median_error_pct	0.009504
nufit_neutrino_open_benchmark.json	scalar_count	20
nufit_neutrino_open_benchmark.json	scalar_median_error_pct	0.009504
nufit_neutrino_open_benchmark.json	max_scalar_error_pct	0.06890100520055274
nufit_neutrino_open_benchmark.json	effective_scalar_median_error_pct	0.00950717948718249
nufit_neutrino_open_benchmark.json	max_effective_scalar_error_pct	0.06890100520055274
nufit_neutrino_open_benchmark.json	worst_effective_scalar_error_pct	0.06890100520055274
nufit_neutrino_open_benchmark.json	rounding_ghost_scalar_count	0
nufit_neutrino_open_benchmark.json	catalog_crosswalk_scalar_count	0
nufit_neutrino_open_benchmark.json	strict_scalar_pass	True
nufit_neutrino_open_benchmark.json	effective_scalar_pass	True
nufit_neutrino_open_benchmark.json	max_gate_scalar_error_pct	0.06890100520055274
nufit_neutrino_open_benchmark.json	tier_scalar_median_error_pct	0.00950717948718249
nufit_neutrino_open_benchmark.json	tier_scalar_pass	True
nufit_neutrino_open_benchmark.json	tier_scalar_max_pass	False
nufit_neutrino_open_benchmark.json	scalar_median_pass	True
nufit_neutrino_open_benchmark.json	classifier_count	0
nufit_neutrino_open_benchmark.json	classifier_correct	0
nufit_neutrino_open_benchmark.json	classifier_accuracy_pct	None
nufit_neutrino_open_benchmark.json	classifier_pass	True
nufit_neutrino_open_benchmark.json	official_pooled_median_error_pct	0.009504
nufit_neutrino_open_benchmark.json	green_gate_pass	True
nufit_neutrino_open_benchmark.json	max_scalar_name	quantum_sin2_theta13
nufit_neutrino_open_benchmark.json	max_scalar_property	quantum_sin2_theta13
nufit_neutrino_open_benchmark.json	max_gate_scalar_name	quantum_sin2_theta13
nufit_neutrino_open_benchmark.json	worst_effective_scalar_name	quantum_sin2_theta13
nufit_neutrino_open_benchmark.json	lb_records	10
nufit_neutrino_open_benchmark.json	lb_unrouted	0
nufit_neutrino_open_benchmark.json	lb_computed_match	1
nufit_neutrino_open_benchmark.json	lb_scalar_match	0
nufit_neutrino_open_benchmark.json	lb_error_match	0
nufit_neutrino_open_benchmark.json	lb_max_rel_dev	0.0007958615200954365
observer_channel_derivation_benchmark.json	records	372
observer_channel_derivation_benchmark.json	pooled_median_error_pct	0.052510282019890844
observer_channel_derivation_benchmark.json	scalar_count	372
observer_channel_derivation_benchmark.json	scalar_median_error_pct	0.052510282019890844
observer_channel_derivation_benchmark.json	max_scalar_error_pct	0.05251028201989949
observer_channel_derivation_benchmark.json	effective_scalar_median_error_pct	0.0
observer_channel_derivation_benchmark.json	max_effective_scalar_error_pct	0.05251028201989949
observer_channel_derivation_benchmark.json	worst_effective_scalar_error_pct	0.0
observer_channel_derivation_benchmark.json	rounding_ghost_scalar_count	0
observer_channel_derivation_benchmark.json	catalog_crosswalk_scalar_count	0
observer_channel_derivation_benchmark.json	strict_scalar_pass	True
observer_channel_derivation_benchmark.json	effective_scalar_pass	True
observer_channel_derivation_benchmark.json	max_gate_scalar_error_pct	0.05251028201989949
observer_channel_derivation_benchmark.json	tier_scalar_median_error_pct	0.0
observer_channel_derivation_benchmark.json	tier_scalar_pass	True
observer_channel_derivation_benchmark.json	tier_scalar_max_pass	False
observer_channel_derivation_benchmark.json	scalar_median_pass	True
observer_channel_derivation_benchmark.json	classifier_count	0
observer_channel_derivation_benchmark.json	classifier_correct	0
observer_channel_derivation_benchmark.json	classifier_accuracy_pct	None
observer_channel_derivation_benchmark.json	classifier_pass	True
observer_channel_derivation_benchmark.json	official_pooled_median_error_pct	0.052510282019890844
observer_channel_derivation_benchmark.json	green_gate_pass	True
observer_channel_derivation_benchmark.json	max_scalar_name	Grace_Cryosphere
observer_channel_derivation_benchmark.json	max_scalar_property	quirkmod_channel_strength
observer_channel_derivation_benchmark.json	max_gate_scalar_name	Grace_Cryosphere
observer_channel_derivation_benchmark.json	worst_effective_scalar_name	None
observer_effect_cross_species_panel_benchmark.json	records	289
observer_effect_cross_species_panel_benchmark.json	pooled_median_error_pct	0.0
observer_effect_cross_species_panel_benchmark.json	scalar_count	289
observer_effect_cross_species_panel_benchmark.json	scalar_median_error_pct	0.0
observer_effect_cross_species_panel_benchmark.json	max_scalar_error_pct	0.05251
observer_effect_cross_species_panel_benchmark.json	effective_scalar_median_error_pct	0.0
observer_effect_cross_species_panel_benchmark.json	max_effective_scalar_error_pct	0.05245839095808726
observer_effect_cross_species_panel_benchmark.json	worst_effective_scalar_error_pct	0.052561471721214136
observer_effect_cross_species_panel_benchmark.json	rounding_ghost_scalar_count	0
observer_effect_cross_species_panel_benchmark.json	catalog_crosswalk_scalar_count	0
observer_effect_cross_species_panel_benchmark.json	strict_scalar_pass	True
observer_effect_cross_species_panel_benchmark.json	effective_scalar_pass	True
observer_effect_cross_species_panel_benchmark.json	max_gate_scalar_error_pct	0.05251
observer_effect_cross_species_panel_benchmark.json	tier_scalar_median_error_pct	0.0
observer_effect_cross_species_panel_benchmark.json	tier_scalar_pass	True
observer_effect_cross_species_panel_benchmark.json	tier_scalar_max_pass	False
observer_effect_cross_species_panel_benchmark.json	scalar_median_pass	True
observer_effect_cross_species_panel_benchmark.json	classifier_count	0
observer_effect_cross_species_panel_benchmark.json	classifier_correct	0
observer_effect_cross_species_panel_benchmark.json	classifier_accuracy_pct	None
observer_effect_cross_species_panel_benchmark.json	classifier_pass	True
observer_effect_cross_species_panel_benchmark.json	official_pooled_median_error_pct	0.0
observer_effect_cross_species_panel_benchmark.json	green_gate_pass	True
observer_effect_cross_species_panel_benchmark.json	max_scalar_name	Homo_sapiens
observer_effect_cross_species_panel_benchmark.json	max_scalar_property	observer_channel_strength
observer_effect_cross_species_panel_benchmark.json	max_gate_scalar_name	Homo_sapiens
observer_effect_cross_species_panel_benchmark.json	worst_effective_scalar_name	Mus_musculus
observer_lean_route_credibility_benchmark.json	records	53
observer_lean_route_credibility_benchmark.json	pooled_median_error_pct	0.018003
observer_lean_route_credibility_benchmark.json	scalar_count	49
observer_lean_route_credibility_benchmark.json	scalar_median_error_pct	0.018003
observer_lean_route_credibility_benchmark.json	max_scalar_error_pct	0.018003
observer_lean_route_credibility_benchmark.json	effective_scalar_median_error_pct	0.017970618090193322
observer_lean_route_credibility_benchmark.json	max_effective_scalar_error_pct	0.017999999999999496
observer_lean_route_credibility_benchmark.json	worst_effective_scalar_error_pct	0.020000000000002655
observer_lean_route_credibility_benchmark.json	rounding_ghost_scalar_count	0
observer_lean_route_credibility_benchmark.json	catalog_crosswalk_scalar_count	0
observer_lean_route_credibility_benchmark.json	strict_scalar_pass	True
observer_lean_route_credibility_benchmark.json	effective_scalar_pass	True
observer_lean_route_credibility_benchmark.json	max_gate_scalar_error_pct	0.018003
observer_lean_route_credibility_benchmark.json	tier_scalar_median_error_pct	0.017970618090193322
observer_lean_route_credibility_benchmark.json	tier_scalar_pass	True
observer_lean_route_credibility_benchmark.json	tier_scalar_max_pass	True
observer_lean_route_credibility_benchmark.json	scalar_median_pass	True
observer_lean_route_credibility_benchmark.json	classifier_count	0
observer_lean_route_credibility_benchmark.json	classifier_correct	0
observer_lean_route_credibility_benchmark.json	classifier_accuracy_pct	None
observer_lean_route_credibility_benchmark.json	classifier_pass	True
observer_lean_route_credibility_benchmark.json	official_pooled_median_error_pct	0.018003
observer_lean_route_credibility_benchmark.json	green_gate_pass	True
observer_lean_route_credibility_benchmark.json	max_scalar_name	tier_mild_intensity
observer_lean_route_credibility_benchmark.json	max_scalar_property	tier_mild_intensity
observer_lean_route_credibility_benchmark.json	max_gate_scalar_name	tier_mild_intensity
observer_lean_route_credibility_benchmark.json	worst_effective_scalar_name	abstraction_exit_migration_weight
observer_lean_route_credibility_benchmark.json	lb_records	53
observer_lean_route_credibility_benchmark.json	lb_unrouted	0
observer_lean_route_credibility_benchmark.json	lb_computed_match	1
observer_lean_route_credibility_benchmark.json	lb_scalar_match	0
observer_lean_route_credibility_benchmark.json	lb_error_match	1
observer_lean_route_credibility_benchmark.json	lb_max_rel_dev	0.0005870523725658123
oceanography_gap_fill_benchmark.json	records	65
oceanography_gap_fill_benchmark.json	pooled_median_error_pct	0.03017272606768673
oceanography_gap_fill_benchmark.json	scalar_count	0
oceanography_gap_fill_benchmark.json	scalar_median_error_pct	None
oceanography_gap_fill_benchmark.json	max_scalar_error_pct	None
oceanography_gap_fill_benchmark.json	effective_scalar_median_error_pct	None
oceanography_gap_fill_benchmark.json	max_effective_scalar_error_pct	None
oceanography_gap_fill_benchmark.json	worst_effective_scalar_error_pct	None
oceanography_gap_fill_benchmark.json	rounding_ghost_scalar_count	0
oceanography_gap_fill_benchmark.json	catalog_crosswalk_scalar_count	0
oceanography_gap_fill_benchmark.json	strict_scalar_pass	True
oceanography_gap_fill_benchmark.json	effective_scalar_pass	True
oceanography_gap_fill_benchmark.json	max_gate_scalar_error_pct	None
oceanography_gap_fill_benchmark.json	tier_scalar_median_error_pct	None
oceanography_gap_fill_benchmark.json	tier_scalar_pass	True
oceanography_gap_fill_benchmark.json	tier_scalar_max_pass	True
oceanography_gap_fill_benchmark.json	scalar_median_pass	True
oceanography_gap_fill_benchmark.json	classifier_count	25
oceanography_gap_fill_benchmark.json	classifier_correct	25
oceanography_gap_fill_benchmark.json	classifier_accuracy_pct	100.0
oceanography_gap_fill_benchmark.json	classifier_pass	True
oceanography_gap_fill_benchmark.json	official_pooled_median_error_pct	None
oceanography_gap_fill_benchmark.json	green_gate_pass	True
oceanography_gap_fill_benchmark.json	max_scalar_name	None
oceanography_gap_fill_benchmark.json	max_scalar_property	None
oceanography_gap_fill_benchmark.json	max_gate_scalar_name	None
oceanography_gap_fill_benchmark.json	worst_effective_scalar_name	None
oeis_family_sweep_open_benchmark.json	records	394
oeis_family_sweep_open_benchmark.json	pooled_median_error_pct	0.014767
oeis_family_sweep_open_benchmark.json	scalar_count	394
oeis_family_sweep_open_benchmark.json	scalar_median_error_pct	0.014767
oeis_family_sweep_open_benchmark.json	max_scalar_error_pct	0.014767
oeis_family_sweep_open_benchmark.json	effective_scalar_median_error_pct	0.014767304314978363
oeis_family_sweep_open_benchmark.json	max_effective_scalar_error_pct	0.014800000000003699
oeis_family_sweep_open_benchmark.json	worst_effective_scalar_error_pct	0.014800000000003699
oeis_family_sweep_open_benchmark.json	rounding_ghost_scalar_count	0
oeis_family_sweep_open_benchmark.json	catalog_crosswalk_scalar_count	0
oeis_family_sweep_open_benchmark.json	strict_scalar_pass	True
oeis_family_sweep_open_benchmark.json	effective_scalar_pass	True
oeis_family_sweep_open_benchmark.json	max_gate_scalar_error_pct	0.014767
oeis_family_sweep_open_benchmark.json	tier_scalar_median_error_pct	0.014767304314978363
oeis_family_sweep_open_benchmark.json	tier_scalar_pass	True
oeis_family_sweep_open_benchmark.json	tier_scalar_max_pass	True
oeis_family_sweep_open_benchmark.json	scalar_median_pass	True
oeis_family_sweep_open_benchmark.json	classifier_count	0
oeis_family_sweep_open_benchmark.json	classifier_correct	0
oeis_family_sweep_open_benchmark.json	classifier_accuracy_pct	None
oeis_family_sweep_open_benchmark.json	classifier_pass	True
oeis_family_sweep_open_benchmark.json	official_pooled_median_error_pct	0.014767
oeis_family_sweep_open_benchmark.json	green_gate_pass	True
oeis_family_sweep_open_benchmark.json	max_scalar_name	A45_n1
oeis_family_sweep_open_benchmark.json	max_scalar_property	oeis_term
oeis_family_sweep_open_benchmark.json	max_gate_scalar_name	A45_n1
oeis_family_sweep_open_benchmark.json	worst_effective_scalar_name	A45_n1
oeis_family_sweep_open_benchmark.json	lb_records	394
oeis_family_sweep_open_benchmark.json	lb_unrouted	0
oeis_family_sweep_open_benchmark.json	lb_computed_match	0
oeis_family_sweep_open_benchmark.json	lb_scalar_match	0
oeis_family_sweep_open_benchmark.json	lb_error_match	0
oeis_family_sweep_open_benchmark.json	lb_max_rel_dev	0.00037979965568167486
omni_theory_genesis_benchmark.json	records	26
omni_theory_genesis_benchmark.json	pooled_median_error_pct	0.0
omni_theory_genesis_benchmark.json	scalar_count	24
omni_theory_genesis_benchmark.json	scalar_median_error_pct	0.0
omni_theory_genesis_benchmark.json	max_scalar_error_pct	0.0
omni_theory_genesis_benchmark.json	effective_scalar_median_error_pct	0.0
omni_theory_genesis_benchmark.json	max_effective_scalar_error_pct	0.0
omni_theory_genesis_benchmark.json	worst_effective_scalar_error_pct	0.0
omni_theory_genesis_benchmark.json	rounding_ghost_scalar_count	0
omni_theory_genesis_benchmark.json	catalog_crosswalk_scalar_count	0
omni_theory_genesis_benchmark.json	strict_scalar_pass	True
omni_theory_genesis_benchmark.json	effective_scalar_pass	True
omni_theory_genesis_benchmark.json	max_gate_scalar_error_pct	0.0
omni_theory_genesis_benchmark.json	tier_scalar_median_error_pct	0.0
omni_theory_genesis_benchmark.json	tier_scalar_pass	True
omni_theory_genesis_benchmark.json	tier_scalar_max_pass	True
omni_theory_genesis_benchmark.json	scalar_median_pass	True
omni_theory_genesis_benchmark.json	classifier_count	0
omni_theory_genesis_benchmark.json	classifier_correct	0
omni_theory_genesis_benchmark.json	classifier_accuracy_pct	None
omni_theory_genesis_benchmark.json	classifier_pass	True
omni_theory_genesis_benchmark.json	official_pooled_median_error_pct	0.0
omni_theory_genesis_benchmark.json	green_gate_pass	True
omni_theory_genesis_benchmark.json	max_scalar_name	None
omni_theory_genesis_benchmark.json	max_scalar_property	None
omni_theory_genesis_benchmark.json	max_gate_scalar_name	None
omni_theory_genesis_benchmark.json	worst_effective_scalar_name	None
omni_theory_humanities_panel_benchmark.json	records	37
omni_theory_humanities_panel_benchmark.json	pooled_median_error_pct	0.0222545
omni_theory_humanities_panel_benchmark.json	scalar_count	24
omni_theory_humanities_panel_benchmark.json	scalar_median_error_pct	0.0222545
omni_theory_humanities_panel_benchmark.json	max_scalar_error_pct	0.031506
omni_theory_humanities_panel_benchmark.json	effective_scalar_median_error_pct	0.022205011954996197
omni_theory_humanities_panel_benchmark.json	max_effective_scalar_error_pct	0.03142725367028694
omni_theory_humanities_panel_benchmark.json	worst_effective_scalar_error_pct	0.03154454356622806
omni_theory_humanities_panel_benchmark.json	rounding_ghost_scalar_count	0
omni_theory_humanities_panel_benchmark.json	catalog_crosswalk_scalar_count	0
omni_theory_humanities_panel_benchmark.json	strict_scalar_pass	True
omni_theory_humanities_panel_benchmark.json	effective_scalar_pass	True
omni_theory_humanities_panel_benchmark.json	max_gate_scalar_error_pct	0.031506
omni_theory_humanities_panel_benchmark.json	tier_scalar_median_error_pct	0.022205011954996197
omni_theory_humanities_panel_benchmark.json	tier_scalar_pass	True
omni_theory_humanities_panel_benchmark.json	tier_scalar_max_pass	True
omni_theory_humanities_panel_benchmark.json	scalar_median_pass	True
omni_theory_humanities_panel_benchmark.json	classifier_count	0
omni_theory_humanities_panel_benchmark.json	classifier_correct	0
omni_theory_humanities_panel_benchmark.json	classifier_accuracy_pct	None
omni_theory_humanities_panel_benchmark.json	classifier_pass	True
omni_theory_humanities_panel_benchmark.json	official_pooled_median_error_pct	0.0222545
omni_theory_humanities_panel_benchmark.json	green_gate_pass	True
omni_theory_humanities_panel_benchmark.json	max_scalar_name	Genesis_1:1
omni_theory_humanities_panel_benchmark.json	max_scalar_property	S
omni_theory_humanities_panel_benchmark.json	max_gate_scalar_name	Genesis_1:1
omni_theory_humanities_panel_benchmark.json	worst_effective_scalar_name	Genesis_49:10
omni_theory_humanities_panel_benchmark.json	lb_records	37
omni_theory_humanities_panel_benchmark.json	lb_unrouted	0
omni_theory_humanities_panel_benchmark.json	lb_computed_match	0
omni_theory_humanities_panel_benchmark.json	lb_scalar_match	0
omni_theory_humanities_panel_benchmark.json	lb_error_match	0
omni_theory_humanities_panel_benchmark.json	lb_max_rel_dev	0.0006144755899838132
oncology_benchmark.json	records	67
oncology_benchmark.json	pooled_median_error_pct	0.05041956982053305
oncology_benchmark.json	scalar_count	66
oncology_benchmark.json	scalar_median_error_pct	0.05041956982053305
oncology_benchmark.json	max_scalar_error_pct	0.428925
oncology_benchmark.json	effective_scalar_median_error_pct	0.0
oncology_benchmark.json	max_effective_scalar_error_pct	0.42892535140716065
oncology_benchmark.json	worst_effective_scalar_error_pct	0.42892535140716065
oncology_benchmark.json	rounding_ghost_scalar_count	0
oncology_benchmark.json	catalog_crosswalk_scalar_count	0
oncology_benchmark.json	strict_scalar_pass	True
oncology_benchmark.json	effective_scalar_pass	True
oncology_benchmark.json	max_gate_scalar_error_pct	0.428925
oncology_benchmark.json	tier_scalar_median_error_pct	0.0
oncology_benchmark.json	tier_scalar_pass	True
oncology_benchmark.json	tier_scalar_max_pass	False
oncology_benchmark.json	scalar_median_pass	True
oncology_benchmark.json	classifier_count	0
oncology_benchmark.json	classifier_correct	0
oncology_benchmark.json	classifier_accuracy_pct	None
oncology_benchmark.json	classifier_pass	True
oncology_benchmark.json	official_pooled_median_error_pct	0.05041956982053305
oncology_benchmark.json	green_gate_pass	True
oncology_benchmark.json	max_scalar_name	sildenafil_PDE5
oncology_benchmark.json	max_scalar_property	§65 Enzyme pKi
oncology_benchmark.json	max_gate_scalar_name	sildenafil_PDE5
oncology_benchmark.json	worst_effective_scalar_name	sildenafil_PDE5
open_meteo_live_panel_benchmark.json	records	432
open_meteo_live_panel_benchmark.json	pooled_median_error_pct	0.048334
open_meteo_live_panel_benchmark.json	scalar_count	0
open_meteo_live_panel_benchmark.json	scalar_median_error_pct	None
open_meteo_live_panel_benchmark.json	max_scalar_error_pct	None
open_meteo_live_panel_benchmark.json	effective_scalar_median_error_pct	None
open_meteo_live_panel_benchmark.json	max_effective_scalar_error_pct	None
open_meteo_live_panel_benchmark.json	worst_effective_scalar_error_pct	None
open_meteo_live_panel_benchmark.json	rounding_ghost_scalar_count	0
open_meteo_live_panel_benchmark.json	catalog_crosswalk_scalar_count	0
open_meteo_live_panel_benchmark.json	strict_scalar_pass	True
open_meteo_live_panel_benchmark.json	effective_scalar_pass	True
open_meteo_live_panel_benchmark.json	max_gate_scalar_error_pct	None
open_meteo_live_panel_benchmark.json	tier_scalar_median_error_pct	None
open_meteo_live_panel_benchmark.json	tier_scalar_pass	True
open_meteo_live_panel_benchmark.json	tier_scalar_max_pass	True
open_meteo_live_panel_benchmark.json	scalar_median_pass	True
open_meteo_live_panel_benchmark.json	classifier_count	0
open_meteo_live_panel_benchmark.json	classifier_correct	0
open_meteo_live_panel_benchmark.json	classifier_accuracy_pct	None
open_meteo_live_panel_benchmark.json	classifier_pass	True
open_meteo_live_panel_benchmark.json	official_pooled_median_error_pct	None
open_meteo_live_panel_benchmark.json	green_gate_pass	True
open_meteo_live_panel_benchmark.json	max_scalar_name	None
open_meteo_live_panel_benchmark.json	max_scalar_property	None
open_meteo_live_panel_benchmark.json	max_gate_scalar_name	None
open_meteo_live_panel_benchmark.json	worst_effective_scalar_name	None
open_meteo_live_panel_benchmark.json	lb_records	432
open_meteo_live_panel_benchmark.json	lb_unrouted	0
open_meteo_live_panel_benchmark.json	lb_computed_match	432
open_meteo_live_panel_benchmark.json	lb_scalar_match	432
open_meteo_live_panel_benchmark.json	lb_error_match	432
open_meteo_live_panel_benchmark.json	lb_max_rel_dev	0.0
open_science_live_concordance_benchmark.json	records	24
open_science_live_concordance_benchmark.json	pooled_median_error_pct	0.0005550683289139394
open_science_live_concordance_benchmark.json	scalar_count	24
open_science_live_concordance_benchmark.json	scalar_median_error_pct	0.0
open_science_live_concordance_benchmark.json	max_scalar_error_pct	0.0011101366578278788
open_science_live_concordance_benchmark.json	effective_scalar_median_error_pct	0.0
open_science_live_concordance_benchmark.json	max_effective_scalar_error_pct	0.0011101366578278788
open_science_live_concordance_benchmark.json	worst_effective_scalar_error_pct	0.0011101366578278788
open_science_live_concordance_benchmark.json	rounding_ghost_scalar_count	0
open_science_live_concordance_benchmark.json	catalog_crosswalk_scalar_count	0
open_science_live_concordance_benchmark.json	strict_scalar_pass	True
open_science_live_concordance_benchmark.json	effective_scalar_pass	True
open_science_live_concordance_benchmark.json	max_gate_scalar_error_pct	0.0011101366578278788
open_science_live_concordance_benchmark.json	tier_scalar_median_error_pct	0.0
open_science_live_concordance_benchmark.json	tier_scalar_pass	True
open_science_live_concordance_benchmark.json	tier_scalar_max_pass	True
open_science_live_concordance_benchmark.json	scalar_median_pass	True
open_science_live_concordance_benchmark.json	classifier_count	0
open_science_live_concordance_benchmark.json	classifier_correct	0
open_science_live_concordance_benchmark.json	classifier_accuracy_pct	None
open_science_live_concordance_benchmark.json	classifier_pass	True
open_science_live_concordance_benchmark.json	official_pooled_median_error_pct	0.0
open_science_live_concordance_benchmark.json	green_gate_pass	True
open_science_live_concordance_benchmark.json	max_scalar_name	PubChem CID2244 MW vs literature 180.158
open_science_live_concordance_benchmark.json	max_scalar_property	None
open_science_live_concordance_benchmark.json	max_gate_scalar_name	PubChem CID2244 MW vs literature 180.158
open_science_live_concordance_benchmark.json	worst_effective_scalar_name	PubChem CID2244 MW vs literature 180.158
open_science_seed_constants_benchmark.json	records	21
open_science_seed_constants_benchmark.json	pooled_median_error_pct	0.0
open_science_seed_constants_benchmark.json	scalar_count	21
open_science_seed_constants_benchmark.json	scalar_median_error_pct	0.0
open_science_seed_constants_benchmark.json	max_scalar_error_pct	0.0
open_science_seed_constants_benchmark.json	effective_scalar_median_error_pct	0.0
open_science_seed_constants_benchmark.json	max_effective_scalar_error_pct	0.0
open_science_seed_constants_benchmark.json	worst_effective_scalar_error_pct	0.0
open_science_seed_constants_benchmark.json	rounding_ghost_scalar_count	0
open_science_seed_constants_benchmark.json	catalog_crosswalk_scalar_count	0
open_science_seed_constants_benchmark.json	strict_scalar_pass	True
open_science_seed_constants_benchmark.json	effective_scalar_pass	True
open_science_seed_constants_benchmark.json	max_gate_scalar_error_pct	0.0
open_science_seed_constants_benchmark.json	tier_scalar_median_error_pct	0.0
open_science_seed_constants_benchmark.json	tier_scalar_pass	True
open_science_seed_constants_benchmark.json	tier_scalar_max_pass	True
open_science_seed_constants_benchmark.json	scalar_median_pass	True
open_science_seed_constants_benchmark.json	classifier_count	0
open_science_seed_constants_benchmark.json	classifier_correct	0
open_science_seed_constants_benchmark.json	classifier_accuracy_pct	None
open_science_seed_constants_benchmark.json	classifier_pass	True
open_science_seed_constants_benchmark.json	official_pooled_median_error_pct	0.0
open_science_seed_constants_benchmark.json	green_gate_pass	True
open_science_seed_constants_benchmark.json	max_scalar_name	None
open_science_seed_constants_benchmark.json	max_scalar_property	None
open_science_seed_constants_benchmark.json	max_gate_scalar_name	None
open_science_seed_constants_benchmark.json	worst_effective_scalar_name	None
openalex_citation_depth_open_benchmark.json	records	150
openalex_citation_depth_open_benchmark.json	pooled_median_error_pct	0.008863
openalex_citation_depth_open_benchmark.json	scalar_count	50
openalex_citation_depth_open_benchmark.json	scalar_median_error_pct	0.008863
openalex_citation_depth_open_benchmark.json	max_scalar_error_pct	0.008863
openalex_citation_depth_open_benchmark.json	effective_scalar_median_error_pct	0.008862644836857838
openalex_citation_depth_open_benchmark.json	max_effective_scalar_error_pct	0.00886264339151965
openalex_citation_depth_open_benchmark.json	worst_effective_scalar_error_pct	0.008862664640322674
openalex_citation_depth_open_benchmark.json	rounding_ghost_scalar_count	0
openalex_citation_depth_open_benchmark.json	catalog_crosswalk_scalar_count	0
openalex_citation_depth_open_benchmark.json	strict_scalar_pass	True
openalex_citation_depth_open_benchmark.json	effective_scalar_pass	True
openalex_citation_depth_open_benchmark.json	max_gate_scalar_error_pct	0.008863
openalex_citation_depth_open_benchmark.json	tier_scalar_median_error_pct	0.008862644836857838
openalex_citation_depth_open_benchmark.json	tier_scalar_pass	True
openalex_citation_depth_open_benchmark.json	tier_scalar_max_pass	True
openalex_citation_depth_open_benchmark.json	scalar_median_pass	True
openalex_citation_depth_open_benchmark.json	classifier_count	0
openalex_citation_depth_open_benchmark.json	classifier_correct	0
openalex_citation_depth_open_benchmark.json	classifier_accuracy_pct	None
openalex_citation_depth_open_benchmark.json	classifier_pass	True
openalex_citation_depth_open_benchmark.json	official_pooled_median_error_pct	0.008863
openalex_citation_depth_open_benchmark.json	green_gate_pass	True
openalex_citation_depth_open_benchmark.json	max_scalar_name	W2125284466
openalex_citation_depth_open_benchmark.json	max_scalar_property	dataset_publication_year
openalex_citation_depth_open_benchmark.json	max_gate_scalar_name	W2125284466
openalex_citation_depth_open_benchmark.json	worst_effective_scalar_name	W1973368884
openalex_citation_depth_open_benchmark.json	lb_records	150
openalex_citation_depth_open_benchmark.json	lb_unrouted	0
openalex_citation_depth_open_benchmark.json	lb_computed_match	0
openalex_citation_depth_open_benchmark.json	lb_scalar_match	0
openalex_citation_depth_open_benchmark.json	lb_error_match	0
openalex_citation_depth_open_benchmark.json	lb_max_rel_dev	0.0006281464050138333
openalex_citation_graph_benchmark.json	records	80
openalex_citation_graph_benchmark.json	pooled_median_error_pct	0.031506
openalex_citation_graph_benchmark.json	scalar_count	0
openalex_citation_graph_benchmark.json	scalar_median_error_pct	None
openalex_citation_graph_benchmark.json	max_scalar_error_pct	None
openalex_citation_graph_benchmark.json	effective_scalar_median_error_pct	None
openalex_citation_graph_benchmark.json	max_effective_scalar_error_pct	None
openalex_citation_graph_benchmark.json	worst_effective_scalar_error_pct	None
openalex_citation_graph_benchmark.json	rounding_ghost_scalar_count	0
openalex_citation_graph_benchmark.json	catalog_crosswalk_scalar_count	0
openalex_citation_graph_benchmark.json	strict_scalar_pass	True
openalex_citation_graph_benchmark.json	effective_scalar_pass	True
openalex_citation_graph_benchmark.json	max_gate_scalar_error_pct	None
openalex_citation_graph_benchmark.json	tier_scalar_median_error_pct	None
openalex_citation_graph_benchmark.json	tier_scalar_pass	True
openalex_citation_graph_benchmark.json	tier_scalar_max_pass	True
openalex_citation_graph_benchmark.json	scalar_median_pass	True
openalex_citation_graph_benchmark.json	classifier_count	0
openalex_citation_graph_benchmark.json	classifier_correct	0
openalex_citation_graph_benchmark.json	classifier_accuracy_pct	None
openalex_citation_graph_benchmark.json	classifier_pass	True
openalex_citation_graph_benchmark.json	official_pooled_median_error_pct	None
openalex_citation_graph_benchmark.json	green_gate_pass	True
openalex_citation_graph_benchmark.json	max_scalar_name	None
openalex_citation_graph_benchmark.json	max_scalar_property	None
openalex_citation_graph_benchmark.json	max_gate_scalar_name	None
openalex_citation_graph_benchmark.json	worst_effective_scalar_name	None
openalex_citation_graph_benchmark.json	lb_records	80
openalex_citation_graph_benchmark.json	lb_unrouted	0
openalex_citation_graph_benchmark.json	lb_computed_match	0
openalex_citation_graph_benchmark.json	lb_scalar_match	0
openalex_citation_graph_benchmark.json	lb_error_match	0
openalex_citation_graph_benchmark.json	lb_max_rel_dev	8.656002993343117e-10
openneuro_depth_open_benchmark.json	records	47
openneuro_depth_open_benchmark.json	pooled_median_error_pct	0.018003
openneuro_depth_open_benchmark.json	scalar_count	15
openneuro_depth_open_benchmark.json	scalar_median_error_pct	0.018003
openneuro_depth_open_benchmark.json	max_scalar_error_pct	0.018003
openneuro_depth_open_benchmark.json	effective_scalar_median_error_pct	0.018002777777780133
openneuro_depth_open_benchmark.json	max_effective_scalar_error_pct	0.01800322580644965
openneuro_depth_open_benchmark.json	worst_effective_scalar_error_pct	0.018004999999998716
openneuro_depth_open_benchmark.json	rounding_ghost_scalar_count	0
openneuro_depth_open_benchmark.json	catalog_crosswalk_scalar_count	0
openneuro_depth_open_benchmark.json	strict_scalar_pass	True
openneuro_depth_open_benchmark.json	effective_scalar_pass	True
openneuro_depth_open_benchmark.json	max_gate_scalar_error_pct	0.018003
openneuro_depth_open_benchmark.json	tier_scalar_median_error_pct	0.018002777777780133
openneuro_depth_open_benchmark.json	tier_scalar_pass	True
openneuro_depth_open_benchmark.json	tier_scalar_max_pass	True
openneuro_depth_open_benchmark.json	scalar_median_pass	True
openneuro_depth_open_benchmark.json	classifier_count	0
openneuro_depth_open_benchmark.json	classifier_correct	0
openneuro_depth_open_benchmark.json	classifier_accuracy_pct	None
openneuro_depth_open_benchmark.json	classifier_pass	True
openneuro_depth_open_benchmark.json	official_pooled_median_error_pct	0.018003
openneuro_depth_open_benchmark.json	green_gate_pass	True
openneuro_depth_open_benchmark.json	max_scalar_name	ds000001
openneuro_depth_open_benchmark.json	max_scalar_property	bids_name_chars
openneuro_depth_open_benchmark.json	max_gate_scalar_name	ds000001
openneuro_depth_open_benchmark.json	worst_effective_scalar_name	ds001787
openneuro_depth_open_benchmark.json	lb_records	47
openneuro_depth_open_benchmark.json	lb_unrouted	0
openneuro_depth_open_benchmark.json	lb_computed_match	0
openneuro_depth_open_benchmark.json	lb_scalar_match	0
openneuro_depth_open_benchmark.json	lb_error_match	0
openneuro_depth_open_benchmark.json	lb_max_rel_dev	0.0005805581952133853
openneuro_full_panel_benchmark.json	records	20
openneuro_full_panel_benchmark.json	pooled_median_error_pct	0.015431
openneuro_full_panel_benchmark.json	scalar_count	17
openneuro_full_panel_benchmark.json	scalar_median_error_pct	0.015431
openneuro_full_panel_benchmark.json	max_scalar_error_pct	0.015431
openneuro_full_panel_benchmark.json	effective_scalar_median_error_pct	0.015399999999998748
openneuro_full_panel_benchmark.json	max_effective_scalar_error_pct	0.015399999999998748
openneuro_full_panel_benchmark.json	worst_effective_scalar_error_pct	0.015399999999998748
openneuro_full_panel_benchmark.json	rounding_ghost_scalar_count	0
openneuro_full_panel_benchmark.json	catalog_crosswalk_scalar_count	0
openneuro_full_panel_benchmark.json	strict_scalar_pass	True
openneuro_full_panel_benchmark.json	effective_scalar_pass	True
openneuro_full_panel_benchmark.json	max_gate_scalar_error_pct	0.015431
openneuro_full_panel_benchmark.json	tier_scalar_median_error_pct	0.015399999999998748
openneuro_full_panel_benchmark.json	tier_scalar_pass	True
openneuro_full_panel_benchmark.json	tier_scalar_max_pass	True
openneuro_full_panel_benchmark.json	scalar_median_pass	True
openneuro_full_panel_benchmark.json	classifier_count	0
openneuro_full_panel_benchmark.json	classifier_correct	0
openneuro_full_panel_benchmark.json	classifier_accuracy_pct	None
openneuro_full_panel_benchmark.json	classifier_pass	True
openneuro_full_panel_benchmark.json	official_pooled_median_error_pct	0.015431
openneuro_full_panel_benchmark.json	green_gate_pass	True
openneuro_full_panel_benchmark.json	max_scalar_name	ds001785
openneuro_full_panel_benchmark.json	max_scalar_property	eeg_dataset_id
openneuro_full_panel_benchmark.json	max_gate_scalar_name	ds001785
openneuro_full_panel_benchmark.json	worst_effective_scalar_name	ds001785
openneuro_full_panel_benchmark.json	lb_records	19
openneuro_full_panel_benchmark.json	lb_unrouted	0
openneuro_full_panel_benchmark.json	lb_computed_match	0
openneuro_full_panel_benchmark.json	lb_scalar_match	0
openneuro_full_panel_benchmark.json	lb_error_match	0
openneuro_full_panel_benchmark.json	lb_max_rel_dev	0.000606538424259163
oph_fsot_challenge_panel_benchmark.json	records	31
oph_fsot_challenge_panel_benchmark.json	pooled_median_error_pct	0.0
oph_fsot_challenge_panel_benchmark.json	scalar_count	30
oph_fsot_challenge_panel_benchmark.json	scalar_median_error_pct	0.0
oph_fsot_challenge_panel_benchmark.json	max_scalar_error_pct	0.009504
oph_fsot_challenge_panel_benchmark.json	effective_scalar_median_error_pct	0.0
oph_fsot_challenge_panel_benchmark.json	max_effective_scalar_error_pct	0.009504010688480018
oph_fsot_challenge_panel_benchmark.json	worst_effective_scalar_error_pct	0.009504010688480018
oph_fsot_challenge_panel_benchmark.json	rounding_ghost_scalar_count	0
oph_fsot_challenge_panel_benchmark.json	catalog_crosswalk_scalar_count	0
oph_fsot_challenge_panel_benchmark.json	strict_scalar_pass	True
oph_fsot_challenge_panel_benchmark.json	effective_scalar_pass	True
oph_fsot_challenge_panel_benchmark.json	max_gate_scalar_error_pct	0.009504
oph_fsot_challenge_panel_benchmark.json	tier_scalar_median_error_pct	0.0
oph_fsot_challenge_panel_benchmark.json	tier_scalar_pass	True
oph_fsot_challenge_panel_benchmark.json	tier_scalar_max_pass	True
oph_fsot_challenge_panel_benchmark.json	scalar_median_pass	True
oph_fsot_challenge_panel_benchmark.json	classifier_count	0
oph_fsot_challenge_panel_benchmark.json	classifier_correct	0
oph_fsot_challenge_panel_benchmark.json	classifier_accuracy_pct	None
oph_fsot_challenge_panel_benchmark.json	classifier_pass	True
oph_fsot_challenge_panel_benchmark.json	official_pooled_median_error_pct	0.0
oph_fsot_challenge_panel_benchmark.json	green_gate_pass	True
oph_fsot_challenge_panel_benchmark.json	max_scalar_name	PDG_class
oph_fsot_challenge_panel_benchmark.json	max_scalar_property	alpha_em_inverse
oph_fsot_challenge_panel_benchmark.json	max_gate_scalar_name	PDG_class
oph_fsot_challenge_panel_benchmark.json	worst_effective_scalar_name	PDG_class
oph_fsot_challenge_panel_benchmark.json	lb_records	2
oph_fsot_challenge_panel_benchmark.json	lb_unrouted	0
oph_fsot_challenge_panel_benchmark.json	lb_computed_match	0
oph_fsot_challenge_panel_benchmark.json	lb_scalar_match	0
oph_fsot_challenge_panel_benchmark.json	lb_error_match	0
oph_fsot_challenge_panel_benchmark.json	lb_max_rel_dev	0.0006780178149180594
optics_interferometry_depth_panel_benchmark.json	records	82
optics_interferometry_depth_panel_benchmark.json	pooled_median_error_pct	0.026954
optics_interferometry_depth_panel_benchmark.json	scalar_count	82
optics_interferometry_depth_panel_benchmark.json	scalar_median_error_pct	0.026954
optics_interferometry_depth_panel_benchmark.json	max_scalar_error_pct	0.040817
optics_interferometry_depth_panel_benchmark.json	effective_scalar_median_error_pct	0.026953787044977456
optics_interferometry_depth_panel_benchmark.json	max_effective_scalar_error_pct	0.040817
optics_interferometry_depth_panel_benchmark.json	worst_effective_scalar_error_pct	0.04080628183362266
optics_interferometry_depth_panel_benchmark.json	rounding_ghost_scalar_count	0
optics_interferometry_depth_panel_benchmark.json	catalog_crosswalk_scalar_count	0
optics_interferometry_depth_panel_benchmark.json	strict_scalar_pass	True
optics_interferometry_depth_panel_benchmark.json	effective_scalar_pass	True
optics_interferometry_depth_panel_benchmark.json	max_gate_scalar_error_pct	0.040817
optics_interferometry_depth_panel_benchmark.json	tier_scalar_median_error_pct	0.026953787044977456
optics_interferometry_depth_panel_benchmark.json	tier_scalar_pass	True
optics_interferometry_depth_panel_benchmark.json	tier_scalar_max_pass	True
optics_interferometry_depth_panel_benchmark.json	scalar_median_pass	True
optics_interferometry_depth_panel_benchmark.json	classifier_count	0
optics_interferometry_depth_panel_benchmark.json	classifier_correct	0
optics_interferometry_depth_panel_benchmark.json	classifier_accuracy_pct	None
optics_interferometry_depth_panel_benchmark.json	classifier_pass	True
optics_interferometry_depth_panel_benchmark.json	official_pooled_median_error_pct	0.026954
optics_interferometry_depth_panel_benchmark.json	green_gate_pass	True
optics_interferometry_depth_panel_benchmark.json	max_scalar_name	LIGO_Hanford
optics_interferometry_depth_panel_benchmark.json	max_scalar_property	strain_sensitivity
optics_interferometry_depth_panel_benchmark.json	max_gate_scalar_name	LIGO_Hanford
optics_interferometry_depth_panel_benchmark.json	worst_effective_scalar_name	Michelson_classic
optics_interferometry_depth_panel_benchmark.json	lb_records	82
optics_interferometry_depth_panel_benchmark.json	lb_unrouted	0
optics_interferometry_depth_panel_benchmark.json	lb_computed_match	8
optics_interferometry_depth_panel_benchmark.json	lb_scalar_match	0
optics_interferometry_depth_panel_benchmark.json	lb_error_match	2
optics_interferometry_depth_panel_benchmark.json	lb_max_rel_dev	0.0005104798510598818
orbital_mechanics_benchmark.json	records	21
orbital_mechanics_benchmark.json	pooled_median_error_pct	0.0
orbital_mechanics_benchmark.json	scalar_count	0
orbital_mechanics_benchmark.json	scalar_median_error_pct	None
orbital_mechanics_benchmark.json	max_scalar_error_pct	None
orbital_mechanics_benchmark.json	effective_scalar_median_error_pct	None
orbital_mechanics_benchmark.json	max_effective_scalar_error_pct	None
orbital_mechanics_benchmark.json	worst_effective_scalar_error_pct	None
orbital_mechanics_benchmark.json	rounding_ghost_scalar_count	0
orbital_mechanics_benchmark.json	catalog_crosswalk_scalar_count	0
orbital_mechanics_benchmark.json	strict_scalar_pass	True
orbital_mechanics_benchmark.json	effective_scalar_pass	True
orbital_mechanics_benchmark.json	max_gate_scalar_error_pct	None
orbital_mechanics_benchmark.json	tier_scalar_median_error_pct	None
orbital_mechanics_benchmark.json	tier_scalar_pass	True
orbital_mechanics_benchmark.json	tier_scalar_max_pass	True
orbital_mechanics_benchmark.json	scalar_median_pass	True
orbital_mechanics_benchmark.json	classifier_count	0
orbital_mechanics_benchmark.json	classifier_correct	0
orbital_mechanics_benchmark.json	classifier_accuracy_pct	None
orbital_mechanics_benchmark.json	classifier_pass	True
orbital_mechanics_benchmark.json	official_pooled_median_error_pct	None
orbital_mechanics_benchmark.json	green_gate_pass	True
orbital_mechanics_benchmark.json	max_scalar_name	None
orbital_mechanics_benchmark.json	max_scalar_property	None
orbital_mechanics_benchmark.json	max_gate_scalar_name	None
orbital_mechanics_benchmark.json	worst_effective_scalar_name	None
osti_doe_science_panel_benchmark.json	records	100
osti_doe_science_panel_benchmark.json	pooled_median_error_pct	0.01382
osti_doe_science_panel_benchmark.json	scalar_count	100
osti_doe_science_panel_benchmark.json	scalar_median_error_pct	0.01382
osti_doe_science_panel_benchmark.json	max_scalar_error_pct	0.01382
osti_doe_science_panel_benchmark.json	effective_scalar_median_error_pct	0.013819654320982802
osti_doe_science_panel_benchmark.json	max_effective_scalar_error_pct	0.013819644619941169
osti_doe_science_panel_benchmark.json	worst_effective_scalar_error_pct	0.013819664031621678
osti_doe_science_panel_benchmark.json	rounding_ghost_scalar_count	0
osti_doe_science_panel_benchmark.json	catalog_crosswalk_scalar_count	0
osti_doe_science_panel_benchmark.json	strict_scalar_pass	True
osti_doe_science_panel_benchmark.json	effective_scalar_pass	True
osti_doe_science_panel_benchmark.json	max_gate_scalar_error_pct	0.01382
osti_doe_science_panel_benchmark.json	tier_scalar_median_error_pct	0.013819654320982802
osti_doe_science_panel_benchmark.json	tier_scalar_pass	True
osti_doe_science_panel_benchmark.json	tier_scalar_max_pass	True
osti_doe_science_panel_benchmark.json	scalar_median_pass	True
osti_doe_science_panel_benchmark.json	classifier_count	0
osti_doe_science_panel_benchmark.json	classifier_correct	0
osti_doe_science_panel_benchmark.json	classifier_accuracy_pct	None
osti_doe_science_panel_benchmark.json	classifier_pass	True
osti_doe_science_panel_benchmark.json	official_pooled_median_error_pct	0.01382
osti_doe_science_panel_benchmark.json	green_gate_pass	True
osti_doe_science_panel_benchmark.json	max_scalar_name	3375079
osti_doe_science_panel_benchmark.json	max_scalar_property	publication_year
osti_doe_science_panel_benchmark.json	max_gate_scalar_name	3375079
osti_doe_science_panel_benchmark.json	worst_effective_scalar_name	2484240
osti_doe_science_panel_benchmark.json	lb_records	100
osti_doe_science_panel_benchmark.json	lb_unrouted	0
osti_doe_science_panel_benchmark.json	lb_computed_match	0
osti_doe_science_panel_benchmark.json	lb_scalar_match	0
osti_doe_science_panel_benchmark.json	lb_error_match	0
osti_doe_science_panel_benchmark.json	lb_max_rel_dev	0.0006182117546549377
overflow_carry_emergence_panel_benchmark.json	records	29
overflow_carry_emergence_panel_benchmark.json	pooled_median_error_pct	0.009504
overflow_carry_emergence_panel_benchmark.json	scalar_count	29
overflow_carry_emergence_panel_benchmark.json	scalar_median_error_pct	0.009504
overflow_carry_emergence_panel_benchmark.json	max_scalar_error_pct	0.031506
overflow_carry_emergence_panel_benchmark.json	effective_scalar_median_error_pct	0.009503389830504572
overflow_carry_emergence_panel_benchmark.json	max_effective_scalar_error_pct	0.03150795415514426
overflow_carry_emergence_panel_benchmark.json	worst_effective_scalar_error_pct	0.03150795415514426
overflow_carry_emergence_panel_benchmark.json	rounding_ghost_scalar_count	0
overflow_carry_emergence_panel_benchmark.json	catalog_crosswalk_scalar_count	0
overflow_carry_emergence_panel_benchmark.json	strict_scalar_pass	True
overflow_carry_emergence_panel_benchmark.json	effective_scalar_pass	True
overflow_carry_emergence_panel_benchmark.json	max_gate_scalar_error_pct	0.031506
overflow_carry_emergence_panel_benchmark.json	tier_scalar_median_error_pct	0.009503389830504572
overflow_carry_emergence_panel_benchmark.json	tier_scalar_pass	True
overflow_carry_emergence_panel_benchmark.json	tier_scalar_max_pass	True
overflow_carry_emergence_panel_benchmark.json	scalar_median_pass	True
overflow_carry_emergence_panel_benchmark.json	classifier_count	0
overflow_carry_emergence_panel_benchmark.json	classifier_correct	0
overflow_carry_emergence_panel_benchmark.json	classifier_accuracy_pct	None
overflow_carry_emergence_panel_benchmark.json	classifier_pass	True
overflow_carry_emergence_panel_benchmark.json	official_pooled_median_error_pct	0.009504
overflow_carry_emergence_panel_benchmark.json	green_gate_pass	True
overflow_carry_emergence_panel_benchmark.json	max_scalar_name	quirk_mod_observed_minus_unobserved
overflow_carry_emergence_panel_benchmark.json	max_scalar_property	observer_emergence_delta
overflow_carry_emergence_panel_benchmark.json	max_gate_scalar_name	quirk_mod_observed_minus_unobserved
overflow_carry_emergence_panel_benchmark.json	worst_effective_scalar_name	quirk_mod_observed_minus_unobserved
overflow_carry_emergence_panel_benchmark.json	lb_records	29
overflow_carry_emergence_panel_benchmark.json	lb_unrouted	0
overflow_carry_emergence_panel_benchmark.json	lb_computed_match	0
overflow_carry_emergence_panel_benchmark.json	lb_scalar_match	0
overflow_carry_emergence_panel_benchmark.json	lb_error_match	0
overflow_carry_emergence_panel_benchmark.json	lb_max_rel_dev	0.0006724835326470727
owid_epidemiology_open_benchmark.json	records	1778
owid_epidemiology_open_benchmark.json	pooled_median_error_pct	0.022236
owid_epidemiology_open_benchmark.json	scalar_count	1777
owid_epidemiology_open_benchmark.json	scalar_median_error_pct	0.022236
owid_epidemiology_open_benchmark.json	max_scalar_error_pct	0.022236
owid_epidemiology_open_benchmark.json	effective_scalar_median_error_pct	0.02223625029430723
owid_epidemiology_open_benchmark.json	max_effective_scalar_error_pct	0.02223625039326345
owid_epidemiology_open_benchmark.json	worst_effective_scalar_error_pct	0.02236180904522757
owid_epidemiology_open_benchmark.json	rounding_ghost_scalar_count	0
owid_epidemiology_open_benchmark.json	catalog_crosswalk_scalar_count	0
owid_epidemiology_open_benchmark.json	strict_scalar_pass	True
owid_epidemiology_open_benchmark.json	effective_scalar_pass	True
owid_epidemiology_open_benchmark.json	max_gate_scalar_error_pct	0.022236
owid_epidemiology_open_benchmark.json	tier_scalar_median_error_pct	0.02223625029430723
owid_epidemiology_open_benchmark.json	tier_scalar_pass	True
owid_epidemiology_open_benchmark.json	tier_scalar_max_pass	True
owid_epidemiology_open_benchmark.json	scalar_median_pass	True
owid_epidemiology_open_benchmark.json	classifier_count	0
owid_epidemiology_open_benchmark.json	classifier_correct	0
owid_epidemiology_open_benchmark.json	classifier_accuracy_pct	None
owid_epidemiology_open_benchmark.json	classifier_pass	True
owid_epidemiology_open_benchmark.json	official_pooled_median_error_pct	0.022236
owid_epidemiology_open_benchmark.json	green_gate_pass	True
owid_epidemiology_open_benchmark.json	max_scalar_name	AFG_Afghanistan
owid_epidemiology_open_benchmark.json	max_scalar_property	total_cases
owid_epidemiology_open_benchmark.json	max_gate_scalar_name	AFG_Afghanistan
owid_epidemiology_open_benchmark.json	worst_effective_scalar_name	TCD_Chad
owid_epidemiology_open_benchmark.json	lb_records	1778
owid_epidemiology_open_benchmark.json	lb_unrouted	0
owid_epidemiology_open_benchmark.json	lb_computed_match	8
owid_epidemiology_open_benchmark.json	lb_scalar_match	0
owid_epidemiology_open_benchmark.json	lb_error_match	8
owid_epidemiology_open_benchmark.json	lb_max_rel_dev	0.0003009790336869747
paleoclimate_extension_benchmark.json	records	40
paleoclimate_extension_benchmark.json	pooled_median_error_pct	0.015015854077432778
paleoclimate_extension_benchmark.json	scalar_count	20
paleoclimate_extension_benchmark.json	scalar_median_error_pct	0.015015854077438107
paleoclimate_extension_benchmark.json	max_scalar_error_pct	0.015015854077446988
paleoclimate_extension_benchmark.json	effective_scalar_median_error_pct	0.015015773504271537
paleoclimate_extension_benchmark.json	max_effective_scalar_error_pct	0.015020000000003362
paleoclimate_extension_benchmark.json	worst_effective_scalar_error_pct	0.015020000000003362
paleoclimate_extension_benchmark.json	rounding_ghost_scalar_count	0
paleoclimate_extension_benchmark.json	catalog_crosswalk_scalar_count	0
paleoclimate_extension_benchmark.json	strict_scalar_pass	True
paleoclimate_extension_benchmark.json	effective_scalar_pass	True
paleoclimate_extension_benchmark.json	max_gate_scalar_error_pct	0.015015854077446988
paleoclimate_extension_benchmark.json	tier_scalar_median_error_pct	0.015015773504271537
paleoclimate_extension_benchmark.json	tier_scalar_pass	True
paleoclimate_extension_benchmark.json	tier_scalar_max_pass	True
paleoclimate_extension_benchmark.json	scalar_median_pass	True
paleoclimate_extension_benchmark.json	classifier_count	20
paleoclimate_extension_benchmark.json	classifier_correct	20
paleoclimate_extension_benchmark.json	classifier_accuracy_pct	100.0
paleoclimate_extension_benchmark.json	classifier_pass	True
paleoclimate_extension_benchmark.json	official_pooled_median_error_pct	0.015015854077438107
paleoclimate_extension_benchmark.json	green_gate_pass	True
paleoclimate_extension_benchmark.json	max_scalar_name	lgm_temp_anomaly
paleoclimate_extension_benchmark.json	max_scalar_property	temp_anomaly_c
paleoclimate_extension_benchmark.json	max_gate_scalar_name	lgm_temp_anomaly
paleoclimate_extension_benchmark.json	worst_effective_scalar_name	lgm_temp_anomaly
paleoclimate_panel_benchmark.json	records	20
paleoclimate_panel_benchmark.json	pooled_median_error_pct	0.006006
paleoclimate_panel_benchmark.json	scalar_count	20
paleoclimate_panel_benchmark.json	scalar_median_error_pct	0.006006
paleoclimate_panel_benchmark.json	max_scalar_error_pct	0.006006
paleoclimate_panel_benchmark.json	effective_scalar_median_error_pct	0.006005912698410856
paleoclimate_panel_benchmark.json	max_effective_scalar_error_pct	0.006006111111105383
paleoclimate_panel_benchmark.json	worst_effective_scalar_error_pct	0.00600799999999424
paleoclimate_panel_benchmark.json	rounding_ghost_scalar_count	0
paleoclimate_panel_benchmark.json	catalog_crosswalk_scalar_count	0
paleoclimate_panel_benchmark.json	strict_scalar_pass	True
paleoclimate_panel_benchmark.json	effective_scalar_pass	True
paleoclimate_panel_benchmark.json	max_gate_scalar_error_pct	0.006006
paleoclimate_panel_benchmark.json	tier_scalar_median_error_pct	0.006005912698410856
paleoclimate_panel_benchmark.json	tier_scalar_pass	True
paleoclimate_panel_benchmark.json	tier_scalar_max_pass	True
paleoclimate_panel_benchmark.json	scalar_median_pass	True
paleoclimate_panel_benchmark.json	classifier_count	0
paleoclimate_panel_benchmark.json	classifier_correct	0
paleoclimate_panel_benchmark.json	classifier_accuracy_pct	None
paleoclimate_panel_benchmark.json	classifier_pass	True
paleoclimate_panel_benchmark.json	official_pooled_median_error_pct	0.006006
paleoclimate_panel_benchmark.json	green_gate_pass	True
paleoclimate_panel_benchmark.json	max_scalar_name	vostok_co2_lgm
paleoclimate_panel_benchmark.json	max_scalar_property	measured
paleoclimate_panel_benchmark.json	max_gate_scalar_name	vostok_co2_lgm
paleoclimate_panel_benchmark.json	worst_effective_scalar_name	dust_lgm_factor
paleoclimate_panel_benchmark.json	lb_records	20
paleoclimate_panel_benchmark.json	lb_unrouted	0
paleoclimate_panel_benchmark.json	lb_computed_match	0
paleoclimate_panel_benchmark.json	lb_scalar_match	0
paleoclimate_panel_benchmark.json	lb_error_match	0
paleoclimate_panel_benchmark.json	lb_max_rel_dev	0.0004397801099450235
paleontology_extension_benchmark.json	records	630
paleontology_extension_benchmark.json	pooled_median_error_pct	0.017836062884406152
paleontology_extension_benchmark.json	scalar_count	600
paleontology_extension_benchmark.json	scalar_median_error_pct	0.017836062884406152
paleontology_extension_benchmark.json	max_scalar_error_pct	0.017836062884422174
paleontology_extension_benchmark.json	effective_scalar_median_error_pct	0.01783517646923696
paleontology_extension_benchmark.json	max_effective_scalar_error_pct	0.017834764001297975
paleontology_extension_benchmark.json	worst_effective_scalar_error_pct	0.017842106202227825
paleontology_extension_benchmark.json	rounding_ghost_scalar_count	0
paleontology_extension_benchmark.json	catalog_crosswalk_scalar_count	0
paleontology_extension_benchmark.json	strict_scalar_pass	True
paleontology_extension_benchmark.json	effective_scalar_pass	True
paleontology_extension_benchmark.json	max_gate_scalar_error_pct	0.017836062884422174
paleontology_extension_benchmark.json	tier_scalar_median_error_pct	0.01783517646923696
paleontology_extension_benchmark.json	tier_scalar_pass	True
paleontology_extension_benchmark.json	tier_scalar_max_pass	True
paleontology_extension_benchmark.json	scalar_median_pass	True
paleontology_extension_benchmark.json	classifier_count	30
paleontology_extension_benchmark.json	classifier_correct	30
paleontology_extension_benchmark.json	classifier_accuracy_pct	100.0
paleontology_extension_benchmark.json	classifier_pass	True
paleontology_extension_benchmark.json	official_pooled_median_error_pct	0.017836062884406152
paleontology_extension_benchmark.json	green_gate_pass	True
paleontology_extension_benchmark.json	max_scalar_name	Ammonoidea indet.
paleontology_extension_benchmark.json	max_scalar_property	lat
paleontology_extension_benchmark.json	max_gate_scalar_name	Ammonoidea indet.
paleontology_extension_benchmark.json	worst_effective_scalar_name	Ammonoidea campichii
paleontology_panel_benchmark.json	records	120
paleontology_panel_benchmark.json	pooled_median_error_pct	0.0167305
paleontology_panel_benchmark.json	scalar_count	120
paleontology_panel_benchmark.json	scalar_median_error_pct	0.0167305
paleontology_panel_benchmark.json	max_scalar_error_pct	0.027455
paleontology_panel_benchmark.json	effective_scalar_median_error_pct	0.016730974097974863
paleontology_panel_benchmark.json	max_effective_scalar_error_pct	0.02745455766223324
paleontology_panel_benchmark.json	worst_effective_scalar_error_pct	0.027459575636583536
paleontology_panel_benchmark.json	rounding_ghost_scalar_count	0
paleontology_panel_benchmark.json	catalog_crosswalk_scalar_count	0
paleontology_panel_benchmark.json	strict_scalar_pass	True
paleontology_panel_benchmark.json	effective_scalar_pass	True
paleontology_panel_benchmark.json	max_gate_scalar_error_pct	0.027455
paleontology_panel_benchmark.json	tier_scalar_median_error_pct	0.016730974097974863
paleontology_panel_benchmark.json	tier_scalar_pass	True
paleontology_panel_benchmark.json	tier_scalar_max_pass	True
paleontology_panel_benchmark.json	scalar_median_pass	True
paleontology_panel_benchmark.json	classifier_count	0
paleontology_panel_benchmark.json	classifier_correct	0
paleontology_panel_benchmark.json	classifier_accuracy_pct	None
paleontology_panel_benchmark.json	classifier_pass	True
paleontology_panel_benchmark.json	official_pooled_median_error_pct	0.0167305
paleontology_panel_benchmark.json	green_gate_pass	True
paleontology_panel_benchmark.json	max_scalar_name	Ammonoidea indet.
paleontology_panel_benchmark.json	max_scalar_property	lng
paleontology_panel_benchmark.json	max_gate_scalar_name	Ammonoidea indet.
paleontology_panel_benchmark.json	worst_effective_scalar_name	Ammonoidea indet.
paleontology_panel_benchmark.json	lb_records	120
paleontology_panel_benchmark.json	lb_unrouted	0
paleontology_panel_benchmark.json	lb_computed_match	0
paleontology_panel_benchmark.json	lb_scalar_match	0
paleontology_panel_benchmark.json	lb_error_match	0
paleontology_panel_benchmark.json	lb_max_rel_dev	0.00043917745110140104
particle_neural_orbital_bridge_benchmark.json	records	48
particle_neural_orbital_bridge_benchmark.json	pooled_median_error_pct	0.03326447040434832
particle_neural_orbital_bridge_benchmark.json	scalar_count	48
particle_neural_orbital_bridge_benchmark.json	scalar_median_error_pct	0.03326447040434832
particle_neural_orbital_bridge_benchmark.json	max_scalar_error_pct	0.03326447040435723
particle_neural_orbital_bridge_benchmark.json	effective_scalar_median_error_pct	0.03329999999999167
particle_neural_orbital_bridge_benchmark.json	max_effective_scalar_error_pct	0.03579525116336076
particle_neural_orbital_bridge_benchmark.json	worst_effective_scalar_error_pct	0.03579525116336076
particle_neural_orbital_bridge_benchmark.json	rounding_ghost_scalar_count	0
particle_neural_orbital_bridge_benchmark.json	catalog_crosswalk_scalar_count	0
particle_neural_orbital_bridge_benchmark.json	strict_scalar_pass	True
particle_neural_orbital_bridge_benchmark.json	effective_scalar_pass	True
particle_neural_orbital_bridge_benchmark.json	max_gate_scalar_error_pct	0.03326447040435723
particle_neural_orbital_bridge_benchmark.json	tier_scalar_median_error_pct	0.03329999999999167
particle_neural_orbital_bridge_benchmark.json	tier_scalar_pass	True
particle_neural_orbital_bridge_benchmark.json	tier_scalar_max_pass	True
particle_neural_orbital_bridge_benchmark.json	scalar_median_pass	True
particle_neural_orbital_bridge_benchmark.json	classifier_count	0
particle_neural_orbital_bridge_benchmark.json	classifier_correct	0
particle_neural_orbital_bridge_benchmark.json	classifier_accuracy_pct	None
particle_neural_orbital_bridge_benchmark.json	classifier_pass	True
particle_neural_orbital_bridge_benchmark.json	official_pooled_median_error_pct	0.03326447040434832
particle_neural_orbital_bridge_benchmark.json	green_gate_pass	True
particle_neural_orbital_bridge_benchmark.json	max_scalar_name	Acoustic_Resonance_Materials__Arxiv_Primitives_V14
particle_neural_orbital_bridge_benchmark.json	max_scalar_property	orbital_bridge_coupling
particle_neural_orbital_bridge_benchmark.json	max_gate_scalar_name	Acoustic_Resonance_Materials__Arxiv_Primitives_V14
particle_neural_orbital_bridge_benchmark.json	worst_effective_scalar_name	Acoustic_Resonance_Materials__Arxiv_Primitives_V14
particle_physics_benchmark.json	records	98
particle_physics_benchmark.json	pooled_median_error_pct	0.014415233331492876
particle_physics_benchmark.json	scalar_count	0
particle_physics_benchmark.json	scalar_median_error_pct	None
particle_physics_benchmark.json	max_scalar_error_pct	None
particle_physics_benchmark.json	effective_scalar_median_error_pct	None
particle_physics_benchmark.json	max_effective_scalar_error_pct	None
particle_physics_benchmark.json	worst_effective_scalar_error_pct	None
particle_physics_benchmark.json	rounding_ghost_scalar_count	0
particle_physics_benchmark.json	catalog_crosswalk_scalar_count	0
particle_physics_benchmark.json	strict_scalar_pass	True
particle_physics_benchmark.json	effective_scalar_pass	True
particle_physics_benchmark.json	max_gate_scalar_error_pct	None
particle_physics_benchmark.json	tier_scalar_median_error_pct	None
particle_physics_benchmark.json	tier_scalar_pass	True
particle_physics_benchmark.json	tier_scalar_max_pass	True
particle_physics_benchmark.json	scalar_median_pass	True
particle_physics_benchmark.json	classifier_count	0
particle_physics_benchmark.json	classifier_correct	0
particle_physics_benchmark.json	classifier_accuracy_pct	None
particle_physics_benchmark.json	classifier_pass	True
particle_physics_benchmark.json	official_pooled_median_error_pct	None
particle_physics_benchmark.json	green_gate_pass	True
particle_physics_benchmark.json	max_scalar_name	None
particle_physics_benchmark.json	max_scalar_property	None
particle_physics_benchmark.json	max_gate_scalar_name	None
particle_physics_benchmark.json	worst_effective_scalar_name	None
particle_physics_gap_fill_benchmark.json	records	98
particle_physics_gap_fill_benchmark.json	pooled_median_error_pct	0.0023222644988432507
particle_physics_gap_fill_benchmark.json	scalar_count	0
particle_physics_gap_fill_benchmark.json	scalar_median_error_pct	None
particle_physics_gap_fill_benchmark.json	max_scalar_error_pct	None
particle_physics_gap_fill_benchmark.json	effective_scalar_median_error_pct	None
particle_physics_gap_fill_benchmark.json	max_effective_scalar_error_pct	None
particle_physics_gap_fill_benchmark.json	worst_effective_scalar_error_pct	None
particle_physics_gap_fill_benchmark.json	rounding_ghost_scalar_count	0
particle_physics_gap_fill_benchmark.json	catalog_crosswalk_scalar_count	0
particle_physics_gap_fill_benchmark.json	strict_scalar_pass	True
particle_physics_gap_fill_benchmark.json	effective_scalar_pass	True
particle_physics_gap_fill_benchmark.json	max_gate_scalar_error_pct	None
particle_physics_gap_fill_benchmark.json	tier_scalar_median_error_pct	None
particle_physics_gap_fill_benchmark.json	tier_scalar_pass	True
particle_physics_gap_fill_benchmark.json	tier_scalar_max_pass	True
particle_physics_gap_fill_benchmark.json	scalar_median_pass	True
particle_physics_gap_fill_benchmark.json	classifier_count	0
particle_physics_gap_fill_benchmark.json	classifier_correct	0
particle_physics_gap_fill_benchmark.json	classifier_accuracy_pct	None
particle_physics_gap_fill_benchmark.json	classifier_pass	True
particle_physics_gap_fill_benchmark.json	official_pooled_median_error_pct	None
particle_physics_gap_fill_benchmark.json	green_gate_pass	True
particle_physics_gap_fill_benchmark.json	max_scalar_name	None
particle_physics_gap_fill_benchmark.json	max_scalar_property	None
particle_physics_gap_fill_benchmark.json	max_gate_scalar_name	None
particle_physics_gap_fill_benchmark.json	worst_effective_scalar_name	None
pdg_live_depth_open_benchmark.json	records	33
pdg_live_depth_open_benchmark.json	pooled_median_error_pct	0.009504
pdg_live_depth_open_benchmark.json	scalar_count	33
pdg_live_depth_open_benchmark.json	scalar_median_error_pct	0.009504
pdg_live_depth_open_benchmark.json	max_scalar_error_pct	0.009504
pdg_live_depth_open_benchmark.json	effective_scalar_median_error_pct	0.009504134109963544
pdg_live_depth_open_benchmark.json	max_effective_scalar_error_pct	0.009598845555356804
pdg_live_depth_open_benchmark.json	worst_effective_scalar_error_pct	0.009598845555356804
pdg_live_depth_open_benchmark.json	rounding_ghost_scalar_count	0
pdg_live_depth_open_benchmark.json	catalog_crosswalk_scalar_count	0
pdg_live_depth_open_benchmark.json	strict_scalar_pass	True
pdg_live_depth_open_benchmark.json	effective_scalar_pass	True
pdg_live_depth_open_benchmark.json	max_gate_scalar_error_pct	0.009504
pdg_live_depth_open_benchmark.json	tier_scalar_median_error_pct	0.009504134109963544
pdg_live_depth_open_benchmark.json	tier_scalar_pass	True
pdg_live_depth_open_benchmark.json	tier_scalar_max_pass	True
pdg_live_depth_open_benchmark.json	scalar_median_pass	True
pdg_live_depth_open_benchmark.json	classifier_count	0
pdg_live_depth_open_benchmark.json	classifier_correct	0
pdg_live_depth_open_benchmark.json	classifier_accuracy_pct	None
pdg_live_depth_open_benchmark.json	classifier_pass	True
pdg_live_depth_open_benchmark.json	official_pooled_median_error_pct	0.009504
pdg_live_depth_open_benchmark.json	green_gate_pass	True
pdg_live_depth_open_benchmark.json	max_scalar_name	electron
pdg_live_depth_open_benchmark.json	max_scalar_property	mass_MeV
pdg_live_depth_open_benchmark.json	max_gate_scalar_name	electron
pdg_live_depth_open_benchmark.json	worst_effective_scalar_name	electron
pdg_live_depth_open_benchmark.json	lb_records	33
pdg_live_depth_open_benchmark.json	lb_unrouted	0
pdg_live_depth_open_benchmark.json	lb_computed_match	3
pdg_live_depth_open_benchmark.json	lb_scalar_match	0
pdg_live_depth_open_benchmark.json	lb_error_match	0
pdg_live_depth_open_benchmark.json	lb_max_rel_dev	0.0006741631301912267
pdg_particle_properties_benchmark.json	records	28
pdg_particle_properties_benchmark.json	pooled_median_error_pct	0.0006704883596874779
pdg_particle_properties_benchmark.json	scalar_count	28
pdg_particle_properties_benchmark.json	scalar_median_error_pct	0.0006704883596874779
pdg_particle_properties_benchmark.json	max_scalar_error_pct	0.2677779349767224
pdg_particle_properties_benchmark.json	effective_scalar_median_error_pct	0.000670488359687478
pdg_particle_properties_benchmark.json	max_effective_scalar_error_pct	0.2677779349767224
pdg_particle_properties_benchmark.json	worst_effective_scalar_error_pct	0.2677779349767224
pdg_particle_properties_benchmark.json	rounding_ghost_scalar_count	0
pdg_particle_properties_benchmark.json	catalog_crosswalk_scalar_count	0
pdg_particle_properties_benchmark.json	strict_scalar_pass	True
pdg_particle_properties_benchmark.json	effective_scalar_pass	True
pdg_particle_properties_benchmark.json	max_gate_scalar_error_pct	0.2677779349767224
pdg_particle_properties_benchmark.json	tier_scalar_median_error_pct	0.000670488359687478
pdg_particle_properties_benchmark.json	tier_scalar_pass	True
pdg_particle_properties_benchmark.json	tier_scalar_max_pass	False
pdg_particle_properties_benchmark.json	scalar_median_pass	True
pdg_particle_properties_benchmark.json	classifier_count	0
pdg_particle_properties_benchmark.json	classifier_correct	0
pdg_particle_properties_benchmark.json	classifier_accuracy_pct	None
pdg_particle_properties_benchmark.json	classifier_pass	True
pdg_particle_properties_benchmark.json	official_pooled_median_error_pct	0.0006704883596874779
pdg_particle_properties_benchmark.json	green_gate_pass	True
pdg_particle_properties_benchmark.json	max_scalar_name	quantum_|V_ub|
pdg_particle_properties_benchmark.json	max_scalar_property	|V_ub|
pdg_particle_properties_benchmark.json	max_gate_scalar_name	quantum_|V_ub|
pdg_particle_properties_benchmark.json	worst_effective_scalar_name	quantum_|V_ub|
perceived_lean_route_credibility_benchmark.json	records	58
perceived_lean_route_credibility_benchmark.json	pooled_median_error_pct	0.018003
perceived_lean_route_credibility_benchmark.json	scalar_count	12
perceived_lean_route_credibility_benchmark.json	scalar_median_error_pct	0.018003
perceived_lean_route_credibility_benchmark.json	max_scalar_error_pct	0.018003
perceived_lean_route_credibility_benchmark.json	effective_scalar_median_error_pct	0.01800000000000755
perceived_lean_route_credibility_benchmark.json	max_effective_scalar_error_pct	0.018000000000008207
perceived_lean_route_credibility_benchmark.json	worst_effective_scalar_error_pct	0.018003333333330335
perceived_lean_route_credibility_benchmark.json	rounding_ghost_scalar_count	0
perceived_lean_route_credibility_benchmark.json	catalog_crosswalk_scalar_count	0
perceived_lean_route_credibility_benchmark.json	strict_scalar_pass	True
perceived_lean_route_credibility_benchmark.json	effective_scalar_pass	True
perceived_lean_route_credibility_benchmark.json	max_gate_scalar_error_pct	0.018003
perceived_lean_route_credibility_benchmark.json	tier_scalar_median_error_pct	0.01800000000000755
perceived_lean_route_credibility_benchmark.json	tier_scalar_pass	True
perceived_lean_route_credibility_benchmark.json	tier_scalar_max_pass	True
perceived_lean_route_credibility_benchmark.json	scalar_median_pass	True
perceived_lean_route_credibility_benchmark.json	classifier_count	0
perceived_lean_route_credibility_benchmark.json	classifier_correct	0
perceived_lean_route_credibility_benchmark.json	classifier_accuracy_pct	None
perceived_lean_route_credibility_benchmark.json	classifier_pass	True
perceived_lean_route_credibility_benchmark.json	official_pooled_median_error_pct	0.018003
perceived_lean_route_credibility_benchmark.json	green_gate_pass	True
perceived_lean_route_credibility_benchmark.json	max_scalar_name	cronbach_alpha_typical
perceived_lean_route_credibility_benchmark.json	max_scalar_property	value
perceived_lean_route_credibility_benchmark.json	max_gate_scalar_name	cronbach_alpha_typical
perceived_lean_route_credibility_benchmark.json	worst_effective_scalar_name	placebo_response_rate_pct
perceived_lean_route_credibility_benchmark.json	lb_records	58
perceived_lean_route_credibility_benchmark.json	lb_unrouted	0
perceived_lean_route_credibility_benchmark.json	lb_computed_match	0
perceived_lean_route_credibility_benchmark.json	lb_scalar_match	0
perceived_lean_route_credibility_benchmark.json	lb_error_match	0
perceived_lean_route_credibility_benchmark.json	lb_max_rel_dev	0.0005808078600166233
periodic_extension_decay_topology_scaffold_benchmark.json	records	24
periodic_extension_decay_topology_scaffold_benchmark.json	pooled_median_error_pct	0.0
periodic_extension_decay_topology_scaffold_benchmark.json	scalar_count	15
periodic_extension_decay_topology_scaffold_benchmark.json	scalar_median_error_pct	0.0
periodic_extension_decay_topology_scaffold_benchmark.json	max_scalar_error_pct	0.0
periodic_extension_decay_topology_scaffold_benchmark.json	effective_scalar_median_error_pct	0.0
periodic_extension_decay_topology_scaffold_benchmark.json	max_effective_scalar_error_pct	0.0
periodic_extension_decay_topology_scaffold_benchmark.json	worst_effective_scalar_error_pct	0.0
periodic_extension_decay_topology_scaffold_benchmark.json	rounding_ghost_scalar_count	0
periodic_extension_decay_topology_scaffold_benchmark.json	catalog_crosswalk_scalar_count	0
periodic_extension_decay_topology_scaffold_benchmark.json	strict_scalar_pass	True
periodic_extension_decay_topology_scaffold_benchmark.json	effective_scalar_pass	True
periodic_extension_decay_topology_scaffold_benchmark.json	max_gate_scalar_error_pct	0.0
periodic_extension_decay_topology_scaffold_benchmark.json	tier_scalar_median_error_pct	0.0
periodic_extension_decay_topology_scaffold_benchmark.json	tier_scalar_pass	True
periodic_extension_decay_topology_scaffold_benchmark.json	tier_scalar_max_pass	True
periodic_extension_decay_topology_scaffold_benchmark.json	scalar_median_pass	True
periodic_extension_decay_topology_scaffold_benchmark.json	classifier_count	5
periodic_extension_decay_topology_scaffold_benchmark.json	classifier_correct	5
periodic_extension_decay_topology_scaffold_benchmark.json	classifier_accuracy_pct	100.0
periodic_extension_decay_topology_scaffold_benchmark.json	classifier_pass	True
periodic_extension_decay_topology_scaffold_benchmark.json	official_pooled_median_error_pct	0.0
periodic_extension_decay_topology_scaffold_benchmark.json	green_gate_pass	True
periodic_extension_decay_topology_scaffold_benchmark.json	max_scalar_name	None
periodic_extension_decay_topology_scaffold_benchmark.json	max_scalar_property	None
periodic_extension_decay_topology_scaffold_benchmark.json	max_gate_scalar_name	None
periodic_extension_decay_topology_scaffold_benchmark.json	worst_effective_scalar_name	None
periodic_table_completion_spine_benchmark.json	records	36
periodic_table_completion_spine_benchmark.json	pooled_median_error_pct	3.9999999999999996e-05
periodic_table_completion_spine_benchmark.json	scalar_count	28
periodic_table_completion_spine_benchmark.json	scalar_median_error_pct	3.9999999999999996e-05
periodic_table_completion_spine_benchmark.json	max_scalar_error_pct	0.323111
periodic_table_completion_spine_benchmark.json	effective_scalar_median_error_pct	2.7502233745328857e-05
periodic_table_completion_spine_benchmark.json	max_effective_scalar_error_pct	0.32311063871848256
periodic_table_completion_spine_benchmark.json	worst_effective_scalar_error_pct	0.32311063871848256
periodic_table_completion_spine_benchmark.json	rounding_ghost_scalar_count	0
periodic_table_completion_spine_benchmark.json	catalog_crosswalk_scalar_count	0
periodic_table_completion_spine_benchmark.json	strict_scalar_pass	True
periodic_table_completion_spine_benchmark.json	effective_scalar_pass	True
periodic_table_completion_spine_benchmark.json	max_gate_scalar_error_pct	0.323111
periodic_table_completion_spine_benchmark.json	tier_scalar_median_error_pct	2.7502233745328857e-05
periodic_table_completion_spine_benchmark.json	tier_scalar_pass	True
periodic_table_completion_spine_benchmark.json	tier_scalar_max_pass	False
periodic_table_completion_spine_benchmark.json	scalar_median_pass	True
periodic_table_completion_spine_benchmark.json	classifier_count	1
periodic_table_completion_spine_benchmark.json	classifier_correct	1
periodic_table_completion_spine_benchmark.json	classifier_accuracy_pct	100.0
periodic_table_completion_spine_benchmark.json	classifier_pass	True
periodic_table_completion_spine_benchmark.json	official_pooled_median_error_pct	3.9999999999999996e-05
periodic_table_completion_spine_benchmark.json	green_gate_pass	True
periodic_table_completion_spine_benchmark.json	max_scalar_name	proton
periodic_table_completion_spine_benchmark.json	max_scalar_property	particle_mass_relay
periodic_table_completion_spine_benchmark.json	max_gate_scalar_name	proton
periodic_table_completion_spine_benchmark.json	worst_effective_scalar_name	proton
periodic_table_extension_closure_spine_benchmark.json	records	39
periodic_table_extension_closure_spine_benchmark.json	pooled_median_error_pct	0.0
periodic_table_extension_closure_spine_benchmark.json	scalar_count	26
periodic_table_extension_closure_spine_benchmark.json	scalar_median_error_pct	0.0
periodic_table_extension_closure_spine_benchmark.json	max_scalar_error_pct	9.5e-05
periodic_table_extension_closure_spine_benchmark.json	effective_scalar_median_error_pct	4.75206535257813e-09
periodic_table_extension_closure_spine_benchmark.json	max_effective_scalar_error_pct	9.659090908927095e-05
periodic_table_extension_closure_spine_benchmark.json	worst_effective_scalar_error_pct	9.999999999621423e-05
periodic_table_extension_closure_spine_benchmark.json	rounding_ghost_scalar_count	0
periodic_table_extension_closure_spine_benchmark.json	catalog_crosswalk_scalar_count	0
periodic_table_extension_closure_spine_benchmark.json	strict_scalar_pass	True
periodic_table_extension_closure_spine_benchmark.json	effective_scalar_pass	True
periodic_table_extension_closure_spine_benchmark.json	max_gate_scalar_error_pct	9.5e-05
periodic_table_extension_closure_spine_benchmark.json	tier_scalar_median_error_pct	4.75206535257813e-09
periodic_table_extension_closure_spine_benchmark.json	tier_scalar_pass	True
periodic_table_extension_closure_spine_benchmark.json	tier_scalar_max_pass	True
periodic_table_extension_closure_spine_benchmark.json	scalar_median_pass	True
periodic_table_extension_closure_spine_benchmark.json	classifier_count	2
periodic_table_extension_closure_spine_benchmark.json	classifier_correct	2
periodic_table_extension_closure_spine_benchmark.json	classifier_accuracy_pct	100.0
periodic_table_extension_closure_spine_benchmark.json	classifier_pass	True
periodic_table_extension_closure_spine_benchmark.json	official_pooled_median_error_pct	0.0
periodic_table_extension_closure_spine_benchmark.json	green_gate_pass	True
periodic_table_extension_closure_spine_benchmark.json	max_scalar_name	dt_fusion
periodic_table_extension_closure_spine_benchmark.json	max_scalar_property	energy_mev
periodic_table_extension_closure_spine_benchmark.json	max_gate_scalar_name	dt_fusion
periodic_table_extension_closure_spine_benchmark.json	worst_effective_scalar_name	dt_fusion
periodic_table_public_panel_benchmark.json	records	52
periodic_table_public_panel_benchmark.json	pooled_median_error_pct	9.5e-05
periodic_table_public_panel_benchmark.json	scalar_count	51
periodic_table_public_panel_benchmark.json	scalar_median_error_pct	9.5e-05
periodic_table_public_panel_benchmark.json	max_scalar_error_pct	9.5e-05
periodic_table_public_panel_benchmark.json	effective_scalar_median_error_pct	9.441979038449081e-05
periodic_table_public_panel_benchmark.json	max_effective_scalar_error_pct	9.920634919818783e-05
periodic_table_public_panel_benchmark.json	worst_effective_scalar_error_pct	0.00010124019235927671
periodic_table_public_panel_benchmark.json	rounding_ghost_scalar_count	0
periodic_table_public_panel_benchmark.json	catalog_crosswalk_scalar_count	0
periodic_table_public_panel_benchmark.json	strict_scalar_pass	True
periodic_table_public_panel_benchmark.json	effective_scalar_pass	True
periodic_table_public_panel_benchmark.json	max_gate_scalar_error_pct	9.5e-05
periodic_table_public_panel_benchmark.json	tier_scalar_median_error_pct	9.441979038449081e-05
periodic_table_public_panel_benchmark.json	tier_scalar_pass	True
periodic_table_public_panel_benchmark.json	tier_scalar_max_pass	True
periodic_table_public_panel_benchmark.json	scalar_median_pass	True
periodic_table_public_panel_benchmark.json	classifier_count	0
periodic_table_public_panel_benchmark.json	classifier_correct	0
periodic_table_public_panel_benchmark.json	classifier_accuracy_pct	None
periodic_table_public_panel_benchmark.json	classifier_pass	True
periodic_table_public_panel_benchmark.json	official_pooled_median_error_pct	9.5e-05
periodic_table_public_panel_benchmark.json	green_gate_pass	True
periodic_table_public_panel_benchmark.json	max_scalar_name	H
periodic_table_public_panel_benchmark.json	max_scalar_property	atomic_weight
periodic_table_public_panel_benchmark.json	max_gate_scalar_name	H
periodic_table_public_panel_benchmark.json	worst_effective_scalar_name	Fe
petrology_geochemistry_panel_benchmark.json	records	80
petrology_geochemistry_panel_benchmark.json	pooled_median_error_pct	0.030428
petrology_geochemistry_panel_benchmark.json	scalar_count	80
petrology_geochemistry_panel_benchmark.json	scalar_median_error_pct	0.030428
petrology_geochemistry_panel_benchmark.json	max_scalar_error_pct	0.040788
petrology_geochemistry_panel_benchmark.json	effective_scalar_median_error_pct	0.027484374999997563
petrology_geochemistry_panel_benchmark.json	max_effective_scalar_error_pct	0.04078431372549615
petrology_geochemistry_panel_benchmark.json	worst_effective_scalar_error_pct	0.04083333333334179
petrology_geochemistry_panel_benchmark.json	rounding_ghost_scalar_count	0
petrology_geochemistry_panel_benchmark.json	catalog_crosswalk_scalar_count	0
petrology_geochemistry_panel_benchmark.json	strict_scalar_pass	True
petrology_geochemistry_panel_benchmark.json	effective_scalar_pass	True
petrology_geochemistry_panel_benchmark.json	max_gate_scalar_error_pct	0.040788
petrology_geochemistry_panel_benchmark.json	tier_scalar_median_error_pct	0.027484374999997563
petrology_geochemistry_panel_benchmark.json	tier_scalar_pass	True
petrology_geochemistry_panel_benchmark.json	tier_scalar_max_pass	True
petrology_geochemistry_panel_benchmark.json	scalar_median_pass	True
petrology_geochemistry_panel_benchmark.json	classifier_count	0
petrology_geochemistry_panel_benchmark.json	classifier_correct	0
petrology_geochemistry_panel_benchmark.json	classifier_accuracy_pct	None
petrology_geochemistry_panel_benchmark.json	classifier_pass	True
petrology_geochemistry_panel_benchmark.json	official_pooled_median_error_pct	0.030428
petrology_geochemistry_panel_benchmark.json	green_gate_pass	True
petrology_geochemistry_panel_benchmark.json	max_scalar_name	MORB_ATL_1
petrology_geochemistry_panel_benchmark.json	max_scalar_property	feo_pct
petrology_geochemistry_panel_benchmark.json	max_gate_scalar_name	MORB_ATL_1
petrology_geochemistry_panel_benchmark.json	worst_effective_scalar_name	LIMESTONE_1
petrology_geochemistry_panel_benchmark.json	lb_records	80
petrology_geochemistry_panel_benchmark.json	lb_unrouted	0
petrology_geochemistry_panel_benchmark.json	lb_computed_match	0
petrology_geochemistry_panel_benchmark.json	lb_scalar_match	0
petrology_geochemistry_panel_benchmark.json	lb_error_match	0
petrology_geochemistry_panel_benchmark.json	lb_max_rel_dev	0.0006370087070347126
pharmacokinetics_gap_fill_benchmark.json	records	56
pharmacokinetics_gap_fill_benchmark.json	pooled_median_error_pct	0.00241237063663613
pharmacokinetics_gap_fill_benchmark.json	scalar_count	0
pharmacokinetics_gap_fill_benchmark.json	scalar_median_error_pct	None
pharmacokinetics_gap_fill_benchmark.json	max_scalar_error_pct	None
pharmacokinetics_gap_fill_benchmark.json	effective_scalar_median_error_pct	None
pharmacokinetics_gap_fill_benchmark.json	max_effective_scalar_error_pct	None
pharmacokinetics_gap_fill_benchmark.json	worst_effective_scalar_error_pct	None
pharmacokinetics_gap_fill_benchmark.json	rounding_ghost_scalar_count	0
pharmacokinetics_gap_fill_benchmark.json	catalog_crosswalk_scalar_count	0
pharmacokinetics_gap_fill_benchmark.json	strict_scalar_pass	True
pharmacokinetics_gap_fill_benchmark.json	effective_scalar_pass	True
pharmacokinetics_gap_fill_benchmark.json	max_gate_scalar_error_pct	None
pharmacokinetics_gap_fill_benchmark.json	tier_scalar_median_error_pct	None
pharmacokinetics_gap_fill_benchmark.json	tier_scalar_pass	True
pharmacokinetics_gap_fill_benchmark.json	tier_scalar_max_pass	True
pharmacokinetics_gap_fill_benchmark.json	scalar_median_pass	True
pharmacokinetics_gap_fill_benchmark.json	classifier_count	0
pharmacokinetics_gap_fill_benchmark.json	classifier_correct	0
pharmacokinetics_gap_fill_benchmark.json	classifier_accuracy_pct	None
pharmacokinetics_gap_fill_benchmark.json	classifier_pass	True
pharmacokinetics_gap_fill_benchmark.json	official_pooled_median_error_pct	None
pharmacokinetics_gap_fill_benchmark.json	green_gate_pass	True
pharmacokinetics_gap_fill_benchmark.json	max_scalar_name	None
pharmacokinetics_gap_fill_benchmark.json	max_scalar_property	None
pharmacokinetics_gap_fill_benchmark.json	max_gate_scalar_name	None
pharmacokinetics_gap_fill_benchmark.json	worst_effective_scalar_name	None
pharmacology_benchmark.json	records	120
pharmacology_benchmark.json	pooled_median_error_pct	0.0011715432153059484
pharmacology_benchmark.json	scalar_count	120
pharmacology_benchmark.json	scalar_median_error_pct	0.001166649119945485
pharmacology_benchmark.json	max_scalar_error_pct	0.007388748950458895
pharmacology_benchmark.json	effective_scalar_median_error_pct	0.001166649119945485
pharmacology_benchmark.json	max_effective_scalar_error_pct	0.007388748950458895
pharmacology_benchmark.json	worst_effective_scalar_error_pct	0.007388748950458895
pharmacology_benchmark.json	rounding_ghost_scalar_count	0
pharmacology_benchmark.json	catalog_crosswalk_scalar_count	0
pharmacology_benchmark.json	strict_scalar_pass	True
pharmacology_benchmark.json	effective_scalar_pass	True
pharmacology_benchmark.json	max_gate_scalar_error_pct	0.007388748950458895
pharmacology_benchmark.json	tier_scalar_median_error_pct	0.001166649119945485
pharmacology_benchmark.json	tier_scalar_pass	True
pharmacology_benchmark.json	tier_scalar_max_pass	True
pharmacology_benchmark.json	scalar_median_pass	True
pharmacology_benchmark.json	classifier_count	0
pharmacology_benchmark.json	classifier_correct	0
pharmacology_benchmark.json	classifier_accuracy_pct	None
pharmacology_benchmark.json	classifier_pass	True
pharmacology_benchmark.json	official_pooled_median_error_pct	0.001166649119945485
pharmacology_benchmark.json	green_gate_pass	True
pharmacology_benchmark.json	max_scalar_name	HYDROCHLOROTHIAZIDE
pharmacology_benchmark.json	max_scalar_property	molecular_weight
pharmacology_benchmark.json	max_gate_scalar_name	HYDROCHLOROTHIAZIDE
pharmacology_benchmark.json	worst_effective_scalar_name	HYDROCHLOROTHIAZIDE
phi_morphogenetic_scaling_benchmark.json	records	289
phi_morphogenetic_scaling_benchmark.json	pooled_median_error_pct	0.01760779720633292
phi_morphogenetic_scaling_benchmark.json	scalar_count	289
phi_morphogenetic_scaling_benchmark.json	scalar_median_error_pct	0.0173
phi_morphogenetic_scaling_benchmark.json	max_scalar_error_pct	0.4374
phi_morphogenetic_scaling_benchmark.json	effective_scalar_median_error_pct	0.01730403235763547
phi_morphogenetic_scaling_benchmark.json	max_effective_scalar_error_pct	0.4373906108418236
phi_morphogenetic_scaling_benchmark.json	worst_effective_scalar_error_pct	0.4373906108418236
phi_morphogenetic_scaling_benchmark.json	rounding_ghost_scalar_count	0
phi_morphogenetic_scaling_benchmark.json	catalog_crosswalk_scalar_count	0
phi_morphogenetic_scaling_benchmark.json	strict_scalar_pass	True
phi_morphogenetic_scaling_benchmark.json	effective_scalar_pass	True
phi_morphogenetic_scaling_benchmark.json	max_gate_scalar_error_pct	0.4374
phi_morphogenetic_scaling_benchmark.json	tier_scalar_median_error_pct	0.01730403235763547
phi_morphogenetic_scaling_benchmark.json	tier_scalar_pass	True
phi_morphogenetic_scaling_benchmark.json	tier_scalar_max_pass	False
phi_morphogenetic_scaling_benchmark.json	scalar_median_pass	True
phi_morphogenetic_scaling_benchmark.json	classifier_count	0
phi_morphogenetic_scaling_benchmark.json	classifier_correct	0
phi_morphogenetic_scaling_benchmark.json	classifier_accuracy_pct	None
phi_morphogenetic_scaling_benchmark.json	classifier_pass	True
phi_morphogenetic_scaling_benchmark.json	official_pooled_median_error_pct	0.0173
phi_morphogenetic_scaling_benchmark.json	green_gate_pass	True
phi_morphogenetic_scaling_benchmark.json	max_scalar_name	olive oil
phi_morphogenetic_scaling_benchmark.json	max_scalar_property	viscosity
phi_morphogenetic_scaling_benchmark.json	max_gate_scalar_name	olive oil
phi_morphogenetic_scaling_benchmark.json	worst_effective_scalar_name	olive oil
physarum_biological_cuda_panel_benchmark.json	records	24
physarum_biological_cuda_panel_benchmark.json	pooled_median_error_pct	0.0003086625
physarum_biological_cuda_panel_benchmark.json	scalar_count	22
physarum_biological_cuda_panel_benchmark.json	scalar_median_error_pct	0.0003086625
physarum_biological_cuda_panel_benchmark.json	max_scalar_error_pct	0.022236
physarum_biological_cuda_panel_benchmark.json	effective_scalar_median_error_pct	0.00030866254885349506
physarum_biological_cuda_panel_benchmark.json	max_effective_scalar_error_pct	0.022220104193416218
physarum_biological_cuda_panel_benchmark.json	worst_effective_scalar_error_pct	0.022433307860468443
physarum_biological_cuda_panel_benchmark.json	rounding_ghost_scalar_count	0
physarum_biological_cuda_panel_benchmark.json	catalog_crosswalk_scalar_count	0
physarum_biological_cuda_panel_benchmark.json	strict_scalar_pass	True
physarum_biological_cuda_panel_benchmark.json	effective_scalar_pass	True
physarum_biological_cuda_panel_benchmark.json	max_gate_scalar_error_pct	0.022236
physarum_biological_cuda_panel_benchmark.json	tier_scalar_median_error_pct	0.00030866254885349506
physarum_biological_cuda_panel_benchmark.json	tier_scalar_pass	True
physarum_biological_cuda_panel_benchmark.json	tier_scalar_max_pass	True
physarum_biological_cuda_panel_benchmark.json	scalar_median_pass	True
physarum_biological_cuda_panel_benchmark.json	classifier_count	0
physarum_biological_cuda_panel_benchmark.json	classifier_correct	0
physarum_biological_cuda_panel_benchmark.json	classifier_accuracy_pct	None
physarum_biological_cuda_panel_benchmark.json	classifier_pass	True
physarum_biological_cuda_panel_benchmark.json	official_pooled_median_error_pct	0.0003086625
physarum_biological_cuda_panel_benchmark.json	green_gate_pass	True
physarum_biological_cuda_panel_benchmark.json	max_scalar_name	syncytial_coherence
physarum_biological_cuda_panel_benchmark.json	max_scalar_property	syncytial_coherence
physarum_biological_cuda_panel_benchmark.json	max_gate_scalar_name	syncytial_coherence
physarum_biological_cuda_panel_benchmark.json	worst_effective_scalar_name	mean_iit_integration
physarum_biological_cuda_panel_benchmark.json	lb_records	10
physarum_biological_cuda_panel_benchmark.json	lb_unrouted	0
physarum_biological_cuda_panel_benchmark.json	lb_computed_match	1
physarum_biological_cuda_panel_benchmark.json	lb_scalar_match	0
physarum_biological_cuda_panel_benchmark.json	lb_error_match	1
physarum_biological_cuda_panel_benchmark.json	lb_max_rel_dev	0.00029998750052076474
planetary_atmospheres_benchmark.json	records	21
planetary_atmospheres_benchmark.json	pooled_median_error_pct	0.0
planetary_atmospheres_benchmark.json	scalar_count	21
planetary_atmospheres_benchmark.json	scalar_median_error_pct	0.0
planetary_atmospheres_benchmark.json	max_scalar_error_pct	0.176451
planetary_atmospheres_benchmark.json	effective_scalar_median_error_pct	0.0
planetary_atmospheres_benchmark.json	max_effective_scalar_error_pct	0.17645113636363746
planetary_atmospheres_benchmark.json	worst_effective_scalar_error_pct	0.17645149253731593
planetary_atmospheres_benchmark.json	rounding_ghost_scalar_count	0
planetary_atmospheres_benchmark.json	catalog_crosswalk_scalar_count	0
planetary_atmospheres_benchmark.json	strict_scalar_pass	True
planetary_atmospheres_benchmark.json	effective_scalar_pass	True
planetary_atmospheres_benchmark.json	max_gate_scalar_error_pct	0.176451
planetary_atmospheres_benchmark.json	tier_scalar_median_error_pct	0.0
planetary_atmospheres_benchmark.json	tier_scalar_pass	True
planetary_atmospheres_benchmark.json	tier_scalar_max_pass	False
planetary_atmospheres_benchmark.json	scalar_median_pass	True
planetary_atmospheres_benchmark.json	classifier_count	0
planetary_atmospheres_benchmark.json	classifier_correct	0
planetary_atmospheres_benchmark.json	classifier_accuracy_pct	None
planetary_atmospheres_benchmark.json	classifier_pass	True
planetary_atmospheres_benchmark.json	official_pooled_median_error_pct	0.0
planetary_atmospheres_benchmark.json	green_gate_pass	True
planetary_atmospheres_benchmark.json	max_scalar_name	Mercury:mean_temperature
planetary_atmospheres_benchmark.json	max_scalar_property	mean_temperature
planetary_atmospheres_benchmark.json	max_gate_scalar_name	Mercury:mean_temperature
planetary_atmospheres_benchmark.json	worst_effective_scalar_name	Saturn:mean_temperature
planetary_structure_benchmark.json	records	20
planetary_structure_benchmark.json	pooled_median_error_pct	0.0
planetary_structure_benchmark.json	scalar_count	20
planetary_structure_benchmark.json	scalar_median_error_pct	0.0
planetary_structure_benchmark.json	max_scalar_error_pct	0.0
planetary_structure_benchmark.json	effective_scalar_median_error_pct	0.0
planetary_structure_benchmark.json	max_effective_scalar_error_pct	0.0
planetary_structure_benchmark.json	worst_effective_scalar_error_pct	0.0
planetary_structure_benchmark.json	rounding_ghost_scalar_count	0
planetary_structure_benchmark.json	catalog_crosswalk_scalar_count	0
planetary_structure_benchmark.json	strict_scalar_pass	True
planetary_structure_benchmark.json	effective_scalar_pass	True
planetary_structure_benchmark.json	max_gate_scalar_error_pct	0.0
planetary_structure_benchmark.json	tier_scalar_median_error_pct	0.0
planetary_structure_benchmark.json	tier_scalar_pass	True
planetary_structure_benchmark.json	tier_scalar_max_pass	True
planetary_structure_benchmark.json	scalar_median_pass	True
planetary_structure_benchmark.json	classifier_count	0
planetary_structure_benchmark.json	classifier_correct	0
planetary_structure_benchmark.json	classifier_accuracy_pct	None
planetary_structure_benchmark.json	classifier_pass	True
planetary_structure_benchmark.json	official_pooled_median_error_pct	0.0
planetary_structure_benchmark.json	green_gate_pass	True
planetary_structure_benchmark.json	max_scalar_name	None
planetary_structure_benchmark.json	max_scalar_property	None
planetary_structure_benchmark.json	max_gate_scalar_name	None
planetary_structure_benchmark.json	worst_effective_scalar_name	None
plasma_physics_benchmark.json	records	20
plasma_physics_benchmark.json	pooled_median_error_pct	0.0
plasma_physics_benchmark.json	scalar_count	20
plasma_physics_benchmark.json	scalar_median_error_pct	0.0
plasma_physics_benchmark.json	max_scalar_error_pct	0.0
plasma_physics_benchmark.json	effective_scalar_median_error_pct	0.0
plasma_physics_benchmark.json	max_effective_scalar_error_pct	0.0
plasma_physics_benchmark.json	worst_effective_scalar_error_pct	0.0
plasma_physics_benchmark.json	rounding_ghost_scalar_count	0
plasma_physics_benchmark.json	catalog_crosswalk_scalar_count	0
plasma_physics_benchmark.json	strict_scalar_pass	True
plasma_physics_benchmark.json	effective_scalar_pass	True
plasma_physics_benchmark.json	max_gate_scalar_error_pct	0.0
plasma_physics_benchmark.json	tier_scalar_median_error_pct	0.0
plasma_physics_benchmark.json	tier_scalar_pass	True
plasma_physics_benchmark.json	tier_scalar_max_pass	True
plasma_physics_benchmark.json	scalar_median_pass	True
plasma_physics_benchmark.json	classifier_count	0
plasma_physics_benchmark.json	classifier_correct	0
plasma_physics_benchmark.json	classifier_accuracy_pct	None
plasma_physics_benchmark.json	classifier_pass	True
plasma_physics_benchmark.json	official_pooled_median_error_pct	0.0
plasma_physics_benchmark.json	green_gate_pass	True
plasma_physics_benchmark.json	max_scalar_name	None
plasma_physics_benchmark.json	max_scalar_property	None
plasma_physics_benchmark.json	max_gate_scalar_name	None
plasma_physics_benchmark.json	worst_effective_scalar_name	None
portable_clone_verify_benchmark.json	records	419
portable_clone_verify_benchmark.json	pooled_median_error_pct	0.0
portable_clone_verify_benchmark.json	scalar_count	418
portable_clone_verify_benchmark.json	scalar_median_error_pct	0.0
portable_clone_verify_benchmark.json	max_scalar_error_pct	0.0
portable_clone_verify_benchmark.json	effective_scalar_median_error_pct	0.0
portable_clone_verify_benchmark.json	max_effective_scalar_error_pct	0.0
portable_clone_verify_benchmark.json	worst_effective_scalar_error_pct	0.0
portable_clone_verify_benchmark.json	rounding_ghost_scalar_count	0
portable_clone_verify_benchmark.json	catalog_crosswalk_scalar_count	0
portable_clone_verify_benchmark.json	strict_scalar_pass	True
portable_clone_verify_benchmark.json	effective_scalar_pass	True
portable_clone_verify_benchmark.json	max_gate_scalar_error_pct	0.0
portable_clone_verify_benchmark.json	tier_scalar_median_error_pct	0.0
portable_clone_verify_benchmark.json	tier_scalar_pass	True
portable_clone_verify_benchmark.json	tier_scalar_max_pass	True
portable_clone_verify_benchmark.json	scalar_median_pass	True
portable_clone_verify_benchmark.json	classifier_count	0
portable_clone_verify_benchmark.json	classifier_correct	0
portable_clone_verify_benchmark.json	classifier_accuracy_pct	None
portable_clone_verify_benchmark.json	classifier_pass	True
portable_clone_verify_benchmark.json	official_pooled_median_error_pct	0.0
portable_clone_verify_benchmark.json	green_gate_pass	True
portable_clone_verify_benchmark.json	max_scalar_name	None
portable_clone_verify_benchmark.json	max_scalar_property	None
portable_clone_verify_benchmark.json	max_gate_scalar_name	None
portable_clone_verify_benchmark.json	worst_effective_scalar_name	None
prediction_rederivation_benchmark.json	records	23
prediction_rederivation_benchmark.json	pooled_median_error_pct	0.000561846
prediction_rederivation_benchmark.json	scalar_count	23
prediction_rederivation_benchmark.json	scalar_median_error_pct	0.000561846
prediction_rederivation_benchmark.json	max_scalar_error_pct	0.00423739
prediction_rederivation_benchmark.json	effective_scalar_median_error_pct	0.0005618458987473253
prediction_rederivation_benchmark.json	max_effective_scalar_error_pct	0.0042373899907116284
prediction_rederivation_benchmark.json	worst_effective_scalar_error_pct	0.0042373899907116284
prediction_rederivation_benchmark.json	rounding_ghost_scalar_count	0
prediction_rederivation_benchmark.json	catalog_crosswalk_scalar_count	0
prediction_rederivation_benchmark.json	strict_scalar_pass	True
prediction_rederivation_benchmark.json	effective_scalar_pass	True
prediction_rederivation_benchmark.json	max_gate_scalar_error_pct	0.00423739
prediction_rederivation_benchmark.json	tier_scalar_median_error_pct	0.0005618458987473253
prediction_rederivation_benchmark.json	tier_scalar_pass	True
prediction_rederivation_benchmark.json	tier_scalar_max_pass	True
prediction_rederivation_benchmark.json	scalar_median_pass	True
prediction_rederivation_benchmark.json	classifier_count	0
prediction_rederivation_benchmark.json	classifier_correct	0
prediction_rederivation_benchmark.json	classifier_accuracy_pct	None
prediction_rederivation_benchmark.json	classifier_pass	True
prediction_rederivation_benchmark.json	official_pooled_median_error_pct	0.000561846
prediction_rederivation_benchmark.json	green_gate_pass	True
prediction_rederivation_benchmark.json	max_scalar_name	396e8db24cbb0e77
prediction_rederivation_benchmark.json	max_scalar_property	NO₂(g)
prediction_rederivation_benchmark.json	max_gate_scalar_name	396e8db24cbb0e77
prediction_rederivation_benchmark.json	worst_effective_scalar_name	396e8db24cbb0e77
preregistered_outcome_tracking_benchmark.json	records	72
preregistered_outcome_tracking_benchmark.json	pooled_median_error_pct	0.0
preregistered_outcome_tracking_benchmark.json	scalar_count	36
preregistered_outcome_tracking_benchmark.json	scalar_median_error_pct	0.0
preregistered_outcome_tracking_benchmark.json	max_scalar_error_pct	0.0
preregistered_outcome_tracking_benchmark.json	effective_scalar_median_error_pct	0.0
preregistered_outcome_tracking_benchmark.json	max_effective_scalar_error_pct	0.0
preregistered_outcome_tracking_benchmark.json	worst_effective_scalar_error_pct	0.0
preregistered_outcome_tracking_benchmark.json	rounding_ghost_scalar_count	0
preregistered_outcome_tracking_benchmark.json	catalog_crosswalk_scalar_count	0
preregistered_outcome_tracking_benchmark.json	strict_scalar_pass	True
preregistered_outcome_tracking_benchmark.json	effective_scalar_pass	True
preregistered_outcome_tracking_benchmark.json	max_gate_scalar_error_pct	0.0
preregistered_outcome_tracking_benchmark.json	tier_scalar_median_error_pct	0.0
preregistered_outcome_tracking_benchmark.json	tier_scalar_pass	True
preregistered_outcome_tracking_benchmark.json	tier_scalar_max_pass	True
preregistered_outcome_tracking_benchmark.json	scalar_median_pass	True
preregistered_outcome_tracking_benchmark.json	classifier_count	0
preregistered_outcome_tracking_benchmark.json	classifier_correct	0
preregistered_outcome_tracking_benchmark.json	classifier_accuracy_pct	None
preregistered_outcome_tracking_benchmark.json	classifier_pass	True
preregistered_outcome_tracking_benchmark.json	official_pooled_median_error_pct	0.0
preregistered_outcome_tracking_benchmark.json	green_gate_pass	True
preregistered_outcome_tracking_benchmark.json	max_scalar_name	None
preregistered_outcome_tracking_benchmark.json	max_scalar_property	None
preregistered_outcome_tracking_benchmark.json	max_gate_scalar_name	None
preregistered_outcome_tracking_benchmark.json	worst_effective_scalar_name	None
preregistered_predictions_benchmark.json	records	35
preregistered_predictions_benchmark.json	pooled_median_error_pct	0.02009823784840936
preregistered_predictions_benchmark.json	scalar_count	35
preregistered_predictions_benchmark.json	scalar_median_error_pct	0.02009823784840936
preregistered_predictions_benchmark.json	max_scalar_error_pct	0.020098237848419454
preregistered_predictions_benchmark.json	effective_scalar_median_error_pct	0.020098237848143886
preregistered_predictions_benchmark.json	max_effective_scalar_error_pct	0.020098484848491027
preregistered_predictions_benchmark.json	worst_effective_scalar_error_pct	0.02237136465324035
preregistered_predictions_benchmark.json	rounding_ghost_scalar_count	0
preregistered_predictions_benchmark.json	catalog_crosswalk_scalar_count	0
preregistered_predictions_benchmark.json	strict_scalar_pass	True
preregistered_predictions_benchmark.json	effective_scalar_pass	True
preregistered_predictions_benchmark.json	max_gate_scalar_error_pct	0.020098237848419454
preregistered_predictions_benchmark.json	tier_scalar_median_error_pct	0.020098237848143886
preregistered_predictions_benchmark.json	tier_scalar_pass	True
preregistered_predictions_benchmark.json	tier_scalar_max_pass	True
preregistered_predictions_benchmark.json	scalar_median_pass	True
preregistered_predictions_benchmark.json	classifier_count	0
preregistered_predictions_benchmark.json	classifier_correct	0
preregistered_predictions_benchmark.json	classifier_accuracy_pct	None
preregistered_predictions_benchmark.json	classifier_pass	True
preregistered_predictions_benchmark.json	official_pooled_median_error_pct	0.02009823784840936
preregistered_predictions_benchmark.json	green_gate_pass	True
preregistered_predictions_benchmark.json	max_scalar_name	PRED-014
preregistered_predictions_benchmark.json	max_scalar_property	prediction_discriminant
preregistered_predictions_benchmark.json	max_gate_scalar_name	PRED-014
preregistered_predictions_benchmark.json	worst_effective_scalar_name	PRED-035
preregistered_predictions_verification_scaffold_benchmark.json	records	60
preregistered_predictions_verification_scaffold_benchmark.json	pooled_median_error_pct	0.0
preregistered_predictions_verification_scaffold_benchmark.json	scalar_count	59
preregistered_predictions_verification_scaffold_benchmark.json	scalar_median_error_pct	0.0
preregistered_predictions_verification_scaffold_benchmark.json	max_scalar_error_pct	0.0
preregistered_predictions_verification_scaffold_benchmark.json	effective_scalar_median_error_pct	0.0
preregistered_predictions_verification_scaffold_benchmark.json	max_effective_scalar_error_pct	0.0
preregistered_predictions_verification_scaffold_benchmark.json	worst_effective_scalar_error_pct	0.0
preregistered_predictions_verification_scaffold_benchmark.json	rounding_ghost_scalar_count	0
preregistered_predictions_verification_scaffold_benchmark.json	catalog_crosswalk_scalar_count	0
preregistered_predictions_verification_scaffold_benchmark.json	strict_scalar_pass	True
preregistered_predictions_verification_scaffold_benchmark.json	effective_scalar_pass	True
preregistered_predictions_verification_scaffold_benchmark.json	max_gate_scalar_error_pct	0.0
preregistered_predictions_verification_scaffold_benchmark.json	tier_scalar_median_error_pct	0.0
preregistered_predictions_verification_scaffold_benchmark.json	tier_scalar_pass	True
preregistered_predictions_verification_scaffold_benchmark.json	tier_scalar_max_pass	True
preregistered_predictions_verification_scaffold_benchmark.json	scalar_median_pass	True
preregistered_predictions_verification_scaffold_benchmark.json	classifier_count	0
preregistered_predictions_verification_scaffold_benchmark.json	classifier_correct	0
preregistered_predictions_verification_scaffold_benchmark.json	classifier_accuracy_pct	None
preregistered_predictions_verification_scaffold_benchmark.json	classifier_pass	True
preregistered_predictions_verification_scaffold_benchmark.json	official_pooled_median_error_pct	0.0
preregistered_predictions_verification_scaffold_benchmark.json	green_gate_pass	True
preregistered_predictions_verification_scaffold_benchmark.json	max_scalar_name	None
preregistered_predictions_verification_scaffold_benchmark.json	max_scalar_property	None
preregistered_predictions_verification_scaffold_benchmark.json	max_gate_scalar_name	None
preregistered_predictions_verification_scaffold_benchmark.json	worst_effective_scalar_name	None
programming_language_laws_benchmark.json	records	105
programming_language_laws_benchmark.json	pooled_median_error_pct	0.0
programming_language_laws_benchmark.json	scalar_count	74
programming_language_laws_benchmark.json	scalar_median_error_pct	0.0
programming_language_laws_benchmark.json	max_scalar_error_pct	0.002670068252275115
programming_language_laws_benchmark.json	effective_scalar_median_error_pct	0.0
programming_language_laws_benchmark.json	max_effective_scalar_error_pct	0.0026700682522529107
programming_language_laws_benchmark.json	worst_effective_scalar_error_pct	0.006302479903336828
programming_language_laws_benchmark.json	rounding_ghost_scalar_count	0
programming_language_laws_benchmark.json	catalog_crosswalk_scalar_count	0
programming_language_laws_benchmark.json	strict_scalar_pass	True
programming_language_laws_benchmark.json	effective_scalar_pass	True
programming_language_laws_benchmark.json	max_gate_scalar_error_pct	0.002670068252275115
programming_language_laws_benchmark.json	tier_scalar_median_error_pct	0.0
programming_language_laws_benchmark.json	tier_scalar_pass	True
programming_language_laws_benchmark.json	tier_scalar_max_pass	True
programming_language_laws_benchmark.json	scalar_median_pass	True
programming_language_laws_benchmark.json	classifier_count	0
programming_language_laws_benchmark.json	classifier_correct	0
programming_language_laws_benchmark.json	classifier_accuracy_pct	None
programming_language_laws_benchmark.json	classifier_pass	True
programming_language_laws_benchmark.json	official_pooled_median_error_pct	0.0
programming_language_laws_benchmark.json	green_gate_pass	True
programming_language_laws_benchmark.json	max_scalar_name	Saccade_length_reading
programming_language_laws_benchmark.json	max_scalar_property	linguistics_formal_bridge
programming_language_laws_benchmark.json	max_gate_scalar_name	Saccade_length_reading
programming_language_laws_benchmark.json	worst_effective_scalar_name	Mean_word_length_English
proof_carrying_code_genome_benchmark.json	records	25
proof_carrying_code_genome_benchmark.json	pooled_median_error_pct	0.0051685586271776884
proof_carrying_code_genome_benchmark.json	scalar_count	25
proof_carrying_code_genome_benchmark.json	scalar_median_error_pct	0.0051685586271776884
proof_carrying_code_genome_benchmark.json	max_scalar_error_pct	0.005906924145354116
proof_carrying_code_genome_benchmark.json	effective_scalar_median_error_pct	0.005199999999994098
proof_carrying_code_genome_benchmark.json	max_effective_scalar_error_pct	0.005891329234049024
proof_carrying_code_genome_benchmark.json	worst_effective_scalar_error_pct	0.005962499682848204
proof_carrying_code_genome_benchmark.json	rounding_ghost_scalar_count	0
proof_carrying_code_genome_benchmark.json	catalog_crosswalk_scalar_count	0
proof_carrying_code_genome_benchmark.json	strict_scalar_pass	True
proof_carrying_code_genome_benchmark.json	effective_scalar_pass	True
proof_carrying_code_genome_benchmark.json	max_gate_scalar_error_pct	0.005906924145354116
proof_carrying_code_genome_benchmark.json	tier_scalar_median_error_pct	0.005199999999994098
proof_carrying_code_genome_benchmark.json	tier_scalar_pass	True
proof_carrying_code_genome_benchmark.json	tier_scalar_max_pass	True
proof_carrying_code_genome_benchmark.json	scalar_median_pass	True
proof_carrying_code_genome_benchmark.json	classifier_count	0
proof_carrying_code_genome_benchmark.json	classifier_correct	0
proof_carrying_code_genome_benchmark.json	classifier_accuracy_pct	None
proof_carrying_code_genome_benchmark.json	classifier_pass	True
proof_carrying_code_genome_benchmark.json	official_pooled_median_error_pct	0.0051685586271776884
proof_carrying_code_genome_benchmark.json	green_gate_pass	True
proof_carrying_code_genome_benchmark.json	max_scalar_name	python_dictobject__cpython_ceval
proof_carrying_code_genome_benchmark.json	max_scalar_property	oss_runtime_affinity
proof_carrying_code_genome_benchmark.json	max_gate_scalar_name	python_dictobject__cpython_ceval
proof_carrying_code_genome_benchmark.json	worst_effective_scalar_name	golang_http_serve__kubernetes_client_go
proof_ledger_closure_spine_benchmark.json	records	17
proof_ledger_closure_spine_benchmark.json	pooled_median_error_pct	0.0
proof_ledger_closure_spine_benchmark.json	scalar_count	14
proof_ledger_closure_spine_benchmark.json	scalar_median_error_pct	0.0
proof_ledger_closure_spine_benchmark.json	max_scalar_error_pct	0.0
proof_ledger_closure_spine_benchmark.json	effective_scalar_median_error_pct	0.0
proof_ledger_closure_spine_benchmark.json	max_effective_scalar_error_pct	0.0
proof_ledger_closure_spine_benchmark.json	worst_effective_scalar_error_pct	0.0
proof_ledger_closure_spine_benchmark.json	rounding_ghost_scalar_count	0
proof_ledger_closure_spine_benchmark.json	catalog_crosswalk_scalar_count	0
proof_ledger_closure_spine_benchmark.json	strict_scalar_pass	True
proof_ledger_closure_spine_benchmark.json	effective_scalar_pass	True
proof_ledger_closure_spine_benchmark.json	max_gate_scalar_error_pct	0.0
proof_ledger_closure_spine_benchmark.json	tier_scalar_median_error_pct	0.0
proof_ledger_closure_spine_benchmark.json	tier_scalar_pass	True
proof_ledger_closure_spine_benchmark.json	tier_scalar_max_pass	True
proof_ledger_closure_spine_benchmark.json	scalar_median_pass	True
proof_ledger_closure_spine_benchmark.json	classifier_count	0
proof_ledger_closure_spine_benchmark.json	classifier_correct	0
proof_ledger_closure_spine_benchmark.json	classifier_accuracy_pct	None
proof_ledger_closure_spine_benchmark.json	classifier_pass	True
proof_ledger_closure_spine_benchmark.json	official_pooled_median_error_pct	0.0
proof_ledger_closure_spine_benchmark.json	green_gate_pass	True
proof_ledger_closure_spine_benchmark.json	max_scalar_name	None
proof_ledger_closure_spine_benchmark.json	max_scalar_property	None
proof_ledger_closure_spine_benchmark.json	max_gate_scalar_name	None
proof_ledger_closure_spine_benchmark.json	worst_effective_scalar_name	None
proton_lean_route_credibility_benchmark.json	records	58
proton_lean_route_credibility_benchmark.json	pooled_median_error_pct	0.009504
proton_lean_route_credibility_benchmark.json	scalar_count	58
proton_lean_route_credibility_benchmark.json	scalar_median_error_pct	0.009504
proton_lean_route_credibility_benchmark.json	max_scalar_error_pct	0.20397136583906664
proton_lean_route_credibility_benchmark.json	effective_scalar_median_error_pct	0.009504140631213649
proton_lean_route_credibility_benchmark.json	max_effective_scalar_error_pct	0.20397136583906664
proton_lean_route_credibility_benchmark.json	worst_effective_scalar_error_pct	0.20397136583906664
proton_lean_route_credibility_benchmark.json	rounding_ghost_scalar_count	0
proton_lean_route_credibility_benchmark.json	catalog_crosswalk_scalar_count	0
proton_lean_route_credibility_benchmark.json	strict_scalar_pass	True
proton_lean_route_credibility_benchmark.json	effective_scalar_pass	True
proton_lean_route_credibility_benchmark.json	max_gate_scalar_error_pct	0.20397136583906664
proton_lean_route_credibility_benchmark.json	tier_scalar_median_error_pct	0.009504140631213649
proton_lean_route_credibility_benchmark.json	tier_scalar_pass	True
proton_lean_route_credibility_benchmark.json	tier_scalar_max_pass	False
proton_lean_route_credibility_benchmark.json	scalar_median_pass	True
proton_lean_route_credibility_benchmark.json	classifier_count	0
proton_lean_route_credibility_benchmark.json	classifier_correct	0
proton_lean_route_credibility_benchmark.json	classifier_accuracy_pct	None
proton_lean_route_credibility_benchmark.json	classifier_pass	True
proton_lean_route_credibility_benchmark.json	official_pooled_median_error_pct	0.009504
proton_lean_route_credibility_benchmark.json	green_gate_pass	True
proton_lean_route_credibility_benchmark.json	max_scalar_name	BR_H_gamgam
proton_lean_route_credibility_benchmark.json	max_scalar_property	BR_H_gamgam
proton_lean_route_credibility_benchmark.json	max_gate_scalar_name	BR_H_gamgam
proton_lean_route_credibility_benchmark.json	worst_effective_scalar_name	BR_H_gamgam
proton_lean_route_credibility_benchmark.json	lb_records	48
proton_lean_route_credibility_benchmark.json	lb_unrouted	0
proton_lean_route_credibility_benchmark.json	lb_computed_match	0
proton_lean_route_credibility_benchmark.json	lb_scalar_match	0
proton_lean_route_credibility_benchmark.json	lb_error_match	0
proton_lean_route_credibility_benchmark.json	lb_max_rel_dev	0.000681291729118302
psychology_gap_fill_benchmark.json	records	160
psychology_gap_fill_benchmark.json	pooled_median_error_pct	0.03150616921194649
psychology_gap_fill_benchmark.json	scalar_count	0
psychology_gap_fill_benchmark.json	scalar_median_error_pct	None
psychology_gap_fill_benchmark.json	max_scalar_error_pct	None
psychology_gap_fill_benchmark.json	effective_scalar_median_error_pct	None
psychology_gap_fill_benchmark.json	max_effective_scalar_error_pct	None
psychology_gap_fill_benchmark.json	worst_effective_scalar_error_pct	None
psychology_gap_fill_benchmark.json	rounding_ghost_scalar_count	0
psychology_gap_fill_benchmark.json	catalog_crosswalk_scalar_count	0
psychology_gap_fill_benchmark.json	strict_scalar_pass	True
psychology_gap_fill_benchmark.json	effective_scalar_pass	True
psychology_gap_fill_benchmark.json	max_gate_scalar_error_pct	None
psychology_gap_fill_benchmark.json	tier_scalar_median_error_pct	None
psychology_gap_fill_benchmark.json	tier_scalar_pass	True
psychology_gap_fill_benchmark.json	tier_scalar_max_pass	True
psychology_gap_fill_benchmark.json	scalar_median_pass	True
psychology_gap_fill_benchmark.json	classifier_count	0
psychology_gap_fill_benchmark.json	classifier_correct	0
psychology_gap_fill_benchmark.json	classifier_accuracy_pct	None
psychology_gap_fill_benchmark.json	classifier_pass	True
psychology_gap_fill_benchmark.json	official_pooled_median_error_pct	None
psychology_gap_fill_benchmark.json	green_gate_pass	True
psychology_gap_fill_benchmark.json	max_scalar_name	None
psychology_gap_fill_benchmark.json	max_scalar_property	None
psychology_gap_fill_benchmark.json	max_gate_scalar_name	None
psychology_gap_fill_benchmark.json	worst_effective_scalar_name	None
psychology_psychometrics_depth_panel_benchmark.json	records	24
psychology_psychometrics_depth_panel_benchmark.json	pooled_median_error_pct	0.009282423000000001
psychology_psychometrics_depth_panel_benchmark.json	scalar_count	24
psychology_psychometrics_depth_panel_benchmark.json	scalar_median_error_pct	0.009282423000000001
psychology_psychometrics_depth_panel_benchmark.json	max_scalar_error_pct	0.031506
psychology_psychometrics_depth_panel_benchmark.json	effective_scalar_median_error_pct	0.00030866254885349506
psychology_psychometrics_depth_panel_benchmark.json	max_effective_scalar_error_pct	0.031529411764711295
psychology_psychometrics_depth_panel_benchmark.json	worst_effective_scalar_error_pct	0.03199999999999037
psychology_psychometrics_depth_panel_benchmark.json	rounding_ghost_scalar_count	0
psychology_psychometrics_depth_panel_benchmark.json	catalog_crosswalk_scalar_count	0
psychology_psychometrics_depth_panel_benchmark.json	strict_scalar_pass	True
psychology_psychometrics_depth_panel_benchmark.json	effective_scalar_pass	True
psychology_psychometrics_depth_panel_benchmark.json	max_gate_scalar_error_pct	0.031506
psychology_psychometrics_depth_panel_benchmark.json	tier_scalar_median_error_pct	0.00030866254885349506
psychology_psychometrics_depth_panel_benchmark.json	tier_scalar_pass	True
psychology_psychometrics_depth_panel_benchmark.json	tier_scalar_max_pass	True
psychology_psychometrics_depth_panel_benchmark.json	scalar_median_pass	True
psychology_psychometrics_depth_panel_benchmark.json	classifier_count	0
psychology_psychometrics_depth_panel_benchmark.json	classifier_correct	0
psychology_psychometrics_depth_panel_benchmark.json	classifier_accuracy_pct	None
psychology_psychometrics_depth_panel_benchmark.json	classifier_pass	True
psychology_psychometrics_depth_panel_benchmark.json	official_pooled_median_error_pct	0.009282423000000001
psychology_psychometrics_depth_panel_benchmark.json	green_gate_pass	True
psychology_psychometrics_depth_panel_benchmark.json	max_scalar_name	cronbach_alpha_typical
psychology_psychometrics_depth_panel_benchmark.json	max_scalar_property	value
psychology_psychometrics_depth_panel_benchmark.json	max_gate_scalar_name	cronbach_alpha_typical
psychology_psychometrics_depth_panel_benchmark.json	worst_effective_scalar_name	alpha_significance_threshold
psychology_psychometrics_depth_panel_benchmark.json	lb_records	12
psychology_psychometrics_depth_panel_benchmark.json	lb_unrouted	0
psychology_psychometrics_depth_panel_benchmark.json	lb_computed_match	0
psychology_psychometrics_depth_panel_benchmark.json	lb_scalar_match	0
psychology_psychometrics_depth_panel_benchmark.json	lb_error_match	0
psychology_psychometrics_depth_panel_benchmark.json	lb_max_rel_dev	0.0005804155295556413
pubchem_compound_properties_benchmark.json	records	500
pubchem_compound_properties_benchmark.json	pooled_median_error_pct	0.0024064677142409036
pubchem_compound_properties_benchmark.json	scalar_count	500
pubchem_compound_properties_benchmark.json	scalar_median_error_pct	0.0024064677142409036
pubchem_compound_properties_benchmark.json	max_scalar_error_pct	0.028340080971654597
pubchem_compound_properties_benchmark.json	effective_scalar_median_error_pct	0.0024064677142409036
pubchem_compound_properties_benchmark.json	max_effective_scalar_error_pct	0.028340080971654597
pubchem_compound_properties_benchmark.json	worst_effective_scalar_error_pct	0.028340080971654597
pubchem_compound_properties_benchmark.json	rounding_ghost_scalar_count	0
pubchem_compound_properties_benchmark.json	catalog_crosswalk_scalar_count	0
pubchem_compound_properties_benchmark.json	strict_scalar_pass	True
pubchem_compound_properties_benchmark.json	effective_scalar_pass	True
pubchem_compound_properties_benchmark.json	max_gate_scalar_error_pct	0.028340080971654597
pubchem_compound_properties_benchmark.json	tier_scalar_median_error_pct	0.0024064677142409036
pubchem_compound_properties_benchmark.json	tier_scalar_pass	True
pubchem_compound_properties_benchmark.json	tier_scalar_max_pass	True
pubchem_compound_properties_benchmark.json	scalar_median_pass	True
pubchem_compound_properties_benchmark.json	classifier_count	0
pubchem_compound_properties_benchmark.json	classifier_correct	0
pubchem_compound_properties_benchmark.json	classifier_accuracy_pct	None
pubchem_compound_properties_benchmark.json	classifier_pass	True
pubchem_compound_properties_benchmark.json	official_pooled_median_error_pct	0.0024064677142409036
pubchem_compound_properties_benchmark.json	green_gate_pass	True
pubchem_compound_properties_benchmark.json	max_scalar_name	1986
pubchem_compound_properties_benchmark.json	max_scalar_property	molecular_weight
pubchem_compound_properties_benchmark.json	max_gate_scalar_name	1986
pubchem_compound_properties_benchmark.json	worst_effective_scalar_name	1986
pubchem_depth_open_benchmark.json	records	149
pubchem_depth_open_benchmark.json	pooled_median_error_pct	0.040788
pubchem_depth_open_benchmark.json	scalar_count	76
pubchem_depth_open_benchmark.json	scalar_median_error_pct	0.040788
pubchem_depth_open_benchmark.json	max_scalar_error_pct	0.040788
pubchem_depth_open_benchmark.json	effective_scalar_median_error_pct	0.040788385850309694
pubchem_depth_open_benchmark.json	max_effective_scalar_error_pct	0.040788188277091283
pubchem_depth_open_benchmark.json	worst_effective_scalar_error_pct	0.040799999999996395
pubchem_depth_open_benchmark.json	rounding_ghost_scalar_count	0
pubchem_depth_open_benchmark.json	catalog_crosswalk_scalar_count	0
pubchem_depth_open_benchmark.json	strict_scalar_pass	True
pubchem_depth_open_benchmark.json	effective_scalar_pass	True
pubchem_depth_open_benchmark.json	max_gate_scalar_error_pct	0.040788
pubchem_depth_open_benchmark.json	tier_scalar_median_error_pct	0.040788385850309694
pubchem_depth_open_benchmark.json	tier_scalar_pass	True
pubchem_depth_open_benchmark.json	tier_scalar_max_pass	True
pubchem_depth_open_benchmark.json	scalar_median_pass	True
pubchem_depth_open_benchmark.json	classifier_count	0
pubchem_depth_open_benchmark.json	classifier_correct	0
pubchem_depth_open_benchmark.json	classifier_accuracy_pct	None
pubchem_depth_open_benchmark.json	classifier_pass	True
pubchem_depth_open_benchmark.json	official_pooled_median_error_pct	0.040788
pubchem_depth_open_benchmark.json	green_gate_pass	True
pubchem_depth_open_benchmark.json	max_scalar_name	CID_2244
pubchem_depth_open_benchmark.json	max_scalar_property	molecular_weight
pubchem_depth_open_benchmark.json	max_gate_scalar_name	CID_2244
pubchem_depth_open_benchmark.json	worst_effective_scalar_name	CID_702
pubchem_depth_open_benchmark.json	lb_records	149
pubchem_depth_open_benchmark.json	lb_unrouted	0
pubchem_depth_open_benchmark.json	lb_computed_match	0
pubchem_depth_open_benchmark.json	lb_scalar_match	0
pubchem_depth_open_benchmark.json	lb_error_match	0
pubchem_depth_open_benchmark.json	lb_max_rel_dev	0.000364082498478055
pubchem_live_deep_benchmark.json	records	5043
pubchem_live_deep_benchmark.json	pooled_median_error_pct	0.032631
pubchem_live_deep_benchmark.json	scalar_count	1953
pubchem_live_deep_benchmark.json	scalar_median_error_pct	0.032631
pubchem_live_deep_benchmark.json	max_scalar_error_pct	0.048946
pubchem_live_deep_benchmark.json	effective_scalar_median_error_pct	0.03263095550765662
pubchem_live_deep_benchmark.json	max_effective_scalar_error_pct	0.04891666666667627
pubchem_live_deep_benchmark.json	worst_effective_scalar_error_pct	0.049000000000013325
pubchem_live_deep_benchmark.json	rounding_ghost_scalar_count	0
pubchem_live_deep_benchmark.json	catalog_crosswalk_scalar_count	0
pubchem_live_deep_benchmark.json	strict_scalar_pass	True
pubchem_live_deep_benchmark.json	effective_scalar_pass	True
pubchem_live_deep_benchmark.json	max_gate_scalar_error_pct	0.048946
pubchem_live_deep_benchmark.json	tier_scalar_median_error_pct	0.03263095550765662
pubchem_live_deep_benchmark.json	tier_scalar_pass	True
pubchem_live_deep_benchmark.json	tier_scalar_max_pass	True
pubchem_live_deep_benchmark.json	scalar_median_pass	True
pubchem_live_deep_benchmark.json	classifier_count	0
pubchem_live_deep_benchmark.json	classifier_correct	0
pubchem_live_deep_benchmark.json	classifier_accuracy_pct	None
pubchem_live_deep_benchmark.json	classifier_pass	True
pubchem_live_deep_benchmark.json	official_pooled_median_error_pct	0.032631
pubchem_live_deep_benchmark.json	green_gate_pass	True
pubchem_live_deep_benchmark.json	max_scalar_name	2244
pubchem_live_deep_benchmark.json	max_scalar_property	xlogp
pubchem_live_deep_benchmark.json	max_gate_scalar_name	2244
pubchem_live_deep_benchmark.json	worst_effective_scalar_name	222
pubchem_live_deep_benchmark.json	lb_records	3953
pubchem_live_deep_benchmark.json	lb_unrouted	0
pubchem_live_deep_benchmark.json	lb_computed_match	299
pubchem_live_deep_benchmark.json	lb_scalar_match	0
pubchem_live_deep_benchmark.json	lb_error_match	299
pubchem_live_deep_benchmark.json	lb_max_rel_dev	0.0010547411321847806
pubchem_stability_panel_benchmark.json	records	59
pubchem_stability_panel_benchmark.json	pooled_median_error_pct	0.0024239449292213135
pubchem_stability_panel_benchmark.json	scalar_count	58
pubchem_stability_panel_benchmark.json	scalar_median_error_pct	0.0024239449292213135
pubchem_stability_panel_benchmark.json	max_scalar_error_pct	0.019259259259258584
pubchem_stability_panel_benchmark.json	effective_scalar_median_error_pct	0.0024238898584426276
pubchem_stability_panel_benchmark.json	max_effective_scalar_error_pct	0.019259259259258584
pubchem_stability_panel_benchmark.json	worst_effective_scalar_error_pct	0.019259259259258584
pubchem_stability_panel_benchmark.json	rounding_ghost_scalar_count	0
pubchem_stability_panel_benchmark.json	catalog_crosswalk_scalar_count	0
pubchem_stability_panel_benchmark.json	strict_scalar_pass	True
pubchem_stability_panel_benchmark.json	effective_scalar_pass	True
pubchem_stability_panel_benchmark.json	max_gate_scalar_error_pct	0.019259259259258584
pubchem_stability_panel_benchmark.json	tier_scalar_median_error_pct	0.0024238898584426276
pubchem_stability_panel_benchmark.json	tier_scalar_pass	True
pubchem_stability_panel_benchmark.json	tier_scalar_max_pass	True
pubchem_stability_panel_benchmark.json	scalar_median_pass	True
pubchem_stability_panel_benchmark.json	classifier_count	0
pubchem_stability_panel_benchmark.json	classifier_correct	0
pubchem_stability_panel_benchmark.json	classifier_accuracy_pct	None
pubchem_stability_panel_benchmark.json	classifier_pass	True
pubchem_stability_panel_benchmark.json	official_pooled_median_error_pct	0.0024239449292213135
pubchem_stability_panel_benchmark.json	green_gate_pass	True
pubchem_stability_panel_benchmark.json	max_scalar_name	5702160
pubchem_stability_panel_benchmark.json	max_scalar_property	molecular_weight
pubchem_stability_panel_benchmark.json	max_gate_scalar_name	5702160
pubchem_stability_panel_benchmark.json	worst_effective_scalar_name	5702160
public_verifiable_spine_benchmark.json	records	20
public_verifiable_spine_benchmark.json	pooled_median_error_pct	0.0
public_verifiable_spine_benchmark.json	scalar_count	5
public_verifiable_spine_benchmark.json	scalar_median_error_pct	0.0
public_verifiable_spine_benchmark.json	max_scalar_error_pct	0.0
public_verifiable_spine_benchmark.json	effective_scalar_median_error_pct	0.0
public_verifiable_spine_benchmark.json	max_effective_scalar_error_pct	0.0
public_verifiable_spine_benchmark.json	worst_effective_scalar_error_pct	0.0
public_verifiable_spine_benchmark.json	rounding_ghost_scalar_count	0
public_verifiable_spine_benchmark.json	catalog_crosswalk_scalar_count	0
public_verifiable_spine_benchmark.json	strict_scalar_pass	True
public_verifiable_spine_benchmark.json	effective_scalar_pass	True
public_verifiable_spine_benchmark.json	max_gate_scalar_error_pct	0.0
public_verifiable_spine_benchmark.json	tier_scalar_median_error_pct	0.0
public_verifiable_spine_benchmark.json	tier_scalar_pass	True
public_verifiable_spine_benchmark.json	tier_scalar_max_pass	True
public_verifiable_spine_benchmark.json	scalar_median_pass	True
public_verifiable_spine_benchmark.json	classifier_count	0
public_verifiable_spine_benchmark.json	classifier_correct	0
public_verifiable_spine_benchmark.json	classifier_accuracy_pct	None
public_verifiable_spine_benchmark.json	classifier_pass	True
public_verifiable_spine_benchmark.json	official_pooled_median_error_pct	0.0
public_verifiable_spine_benchmark.json	green_gate_pass	True
public_verifiable_spine_benchmark.json	max_scalar_name	None
public_verifiable_spine_benchmark.json	max_scalar_property	None
public_verifiable_spine_benchmark.json	max_gate_scalar_name	None
public_verifiable_spine_benchmark.json	worst_effective_scalar_name	None
published_fuel_property_panel_benchmark.json	records	31
published_fuel_property_panel_benchmark.json	pooled_median_error_pct	0.0
published_fuel_property_panel_benchmark.json	scalar_count	30
published_fuel_property_panel_benchmark.json	scalar_median_error_pct	0.0
published_fuel_property_panel_benchmark.json	max_scalar_error_pct	0.0
published_fuel_property_panel_benchmark.json	effective_scalar_median_error_pct	0.0
published_fuel_property_panel_benchmark.json	max_effective_scalar_error_pct	0.0
published_fuel_property_panel_benchmark.json	worst_effective_scalar_error_pct	0.0
published_fuel_property_panel_benchmark.json	rounding_ghost_scalar_count	0
published_fuel_property_panel_benchmark.json	catalog_crosswalk_scalar_count	0
published_fuel_property_panel_benchmark.json	strict_scalar_pass	True
published_fuel_property_panel_benchmark.json	effective_scalar_pass	True
published_fuel_property_panel_benchmark.json	max_gate_scalar_error_pct	0.0
published_fuel_property_panel_benchmark.json	tier_scalar_median_error_pct	0.0
published_fuel_property_panel_benchmark.json	tier_scalar_pass	True
published_fuel_property_panel_benchmark.json	tier_scalar_max_pass	True
published_fuel_property_panel_benchmark.json	scalar_median_pass	True
published_fuel_property_panel_benchmark.json	classifier_count	0
published_fuel_property_panel_benchmark.json	classifier_correct	0
published_fuel_property_panel_benchmark.json	classifier_accuracy_pct	None
published_fuel_property_panel_benchmark.json	classifier_pass	True
published_fuel_property_panel_benchmark.json	official_pooled_median_error_pct	0.0
published_fuel_property_panel_benchmark.json	green_gate_pass	True
published_fuel_property_panel_benchmark.json	max_scalar_name	None
published_fuel_property_panel_benchmark.json	max_scalar_property	None
published_fuel_property_panel_benchmark.json	max_gate_scalar_name	None
published_fuel_property_panel_benchmark.json	worst_effective_scalar_name	None
pure_mathematics_extension_benchmark.json	records	1578
pure_mathematics_extension_benchmark.json	pooled_median_error_pct	0.0
pure_mathematics_extension_benchmark.json	scalar_count	1578
pure_mathematics_extension_benchmark.json	scalar_median_error_pct	0.0
pure_mathematics_extension_benchmark.json	max_scalar_error_pct	0.192564276915754
pure_mathematics_extension_benchmark.json	effective_scalar_median_error_pct	0.0
pure_mathematics_extension_benchmark.json	max_effective_scalar_error_pct	0.192564276915754
pure_mathematics_extension_benchmark.json	worst_effective_scalar_error_pct	0.192564276915754
pure_mathematics_extension_benchmark.json	rounding_ghost_scalar_count	0
pure_mathematics_extension_benchmark.json	catalog_crosswalk_scalar_count	0
pure_mathematics_extension_benchmark.json	strict_scalar_pass	True
pure_mathematics_extension_benchmark.json	effective_scalar_pass	True
pure_mathematics_extension_benchmark.json	max_gate_scalar_error_pct	0.192564276915754
pure_mathematics_extension_benchmark.json	tier_scalar_median_error_pct	0.0
pure_mathematics_extension_benchmark.json	tier_scalar_pass	True
pure_mathematics_extension_benchmark.json	tier_scalar_max_pass	False
pure_mathematics_extension_benchmark.json	scalar_median_pass	True
pure_mathematics_extension_benchmark.json	classifier_count	0
pure_mathematics_extension_benchmark.json	classifier_correct	0
pure_mathematics_extension_benchmark.json	classifier_accuracy_pct	None
pure_mathematics_extension_benchmark.json	classifier_pass	True
pure_mathematics_extension_benchmark.json	official_pooled_median_error_pct	0.0
pure_mathematics_extension_benchmark.json	green_gate_pass	True
pure_mathematics_extension_benchmark.json	max_scalar_name	None
pure_mathematics_extension_benchmark.json	max_scalar_property	engine_native_h0
pure_mathematics_extension_benchmark.json	max_gate_scalar_name	None
pure_mathematics_extension_benchmark.json	worst_effective_scalar_name	None
pure_mathematics_panel_benchmark.json	records	44
pure_mathematics_panel_benchmark.json	pooled_median_error_pct	0.02584
pure_mathematics_panel_benchmark.json	scalar_count	44
pure_mathematics_panel_benchmark.json	scalar_median_error_pct	0.02584
pure_mathematics_panel_benchmark.json	max_scalar_error_pct	0.095551
pure_mathematics_panel_benchmark.json	effective_scalar_median_error_pct	0.02580000000000915
pure_mathematics_panel_benchmark.json	max_effective_scalar_error_pct	0.09555044510384197
pure_mathematics_panel_benchmark.json	worst_effective_scalar_error_pct	0.09559999999999569
pure_mathematics_panel_benchmark.json	rounding_ghost_scalar_count	0
pure_mathematics_panel_benchmark.json	catalog_crosswalk_scalar_count	0
pure_mathematics_panel_benchmark.json	strict_scalar_pass	True
pure_mathematics_panel_benchmark.json	effective_scalar_pass	True
pure_mathematics_panel_benchmark.json	max_gate_scalar_error_pct	0.095551
pure_mathematics_panel_benchmark.json	tier_scalar_median_error_pct	0.02580000000000915
pure_mathematics_panel_benchmark.json	tier_scalar_pass	True
pure_mathematics_panel_benchmark.json	tier_scalar_max_pass	False
pure_mathematics_panel_benchmark.json	scalar_median_pass	True
pure_mathematics_panel_benchmark.json	classifier_count	0
pure_mathematics_panel_benchmark.json	classifier_correct	0
pure_mathematics_panel_benchmark.json	classifier_accuracy_pct	None
pure_mathematics_panel_benchmark.json	classifier_pass	True
pure_mathematics_panel_benchmark.json	official_pooled_median_error_pct	0.02584
pure_mathematics_panel_benchmark.json	green_gate_pass	True
pure_mathematics_panel_benchmark.json	max_scalar_name	dlmf
pure_mathematics_panel_benchmark.json	max_scalar_property	engine_native_h0
pure_mathematics_panel_benchmark.json	max_gate_scalar_name	dlmf
pure_mathematics_panel_benchmark.json	worst_effective_scalar_name	AI_Galactic_Orbital_Bridge
pure_mathematics_panel_benchmark.json	lb_records	44
pure_mathematics_panel_benchmark.json	lb_unrouted	0
pure_mathematics_panel_benchmark.json	lb_computed_match	0
pure_mathematics_panel_benchmark.json	lb_scalar_match	0
pure_mathematics_panel_benchmark.json	lb_error_match	0
pure_mathematics_panel_benchmark.json	lb_max_rel_dev	0.00047565087225968233
qce_elm_fusion_edge_panel_benchmark.json	records	45
qce_elm_fusion_edge_panel_benchmark.json	pooled_median_error_pct	0.0
qce_elm_fusion_edge_panel_benchmark.json	scalar_count	42
qce_elm_fusion_edge_panel_benchmark.json	scalar_median_error_pct	0.0
qce_elm_fusion_edge_panel_benchmark.json	max_scalar_error_pct	0.0
qce_elm_fusion_edge_panel_benchmark.json	effective_scalar_median_error_pct	0.0
qce_elm_fusion_edge_panel_benchmark.json	max_effective_scalar_error_pct	0.0
qce_elm_fusion_edge_panel_benchmark.json	worst_effective_scalar_error_pct	191.79606750063084
qce_elm_fusion_edge_panel_benchmark.json	rounding_ghost_scalar_count	0
qce_elm_fusion_edge_panel_benchmark.json	catalog_crosswalk_scalar_count	0
qce_elm_fusion_edge_panel_benchmark.json	strict_scalar_pass	True
qce_elm_fusion_edge_panel_benchmark.json	effective_scalar_pass	True
qce_elm_fusion_edge_panel_benchmark.json	max_gate_scalar_error_pct	0.0
qce_elm_fusion_edge_panel_benchmark.json	tier_scalar_median_error_pct	0.0
qce_elm_fusion_edge_panel_benchmark.json	tier_scalar_pass	True
qce_elm_fusion_edge_panel_benchmark.json	tier_scalar_max_pass	True
qce_elm_fusion_edge_panel_benchmark.json	scalar_median_pass	True
qce_elm_fusion_edge_panel_benchmark.json	classifier_count	0
qce_elm_fusion_edge_panel_benchmark.json	classifier_correct	0
qce_elm_fusion_edge_panel_benchmark.json	classifier_accuracy_pct	None
qce_elm_fusion_edge_panel_benchmark.json	classifier_pass	True
qce_elm_fusion_edge_panel_benchmark.json	official_pooled_median_error_pct	0.0
qce_elm_fusion_edge_panel_benchmark.json	green_gate_pass	True
qce_elm_fusion_edge_panel_benchmark.json	max_scalar_name	None
qce_elm_fusion_edge_panel_benchmark.json	max_scalar_property	None
qce_elm_fusion_edge_panel_benchmark.json	max_gate_scalar_name	None
qce_elm_fusion_edge_panel_benchmark.json	worst_effective_scalar_name	QCE_blobs
quantum_computing_gap_fill_benchmark.json	records	177
quantum_computing_gap_fill_benchmark.json	pooled_median_error_pct	0.0002953462072651492
quantum_computing_gap_fill_benchmark.json	scalar_count	0
quantum_computing_gap_fill_benchmark.json	scalar_median_error_pct	None
quantum_computing_gap_fill_benchmark.json	max_scalar_error_pct	None
quantum_computing_gap_fill_benchmark.json	effective_scalar_median_error_pct	None
quantum_computing_gap_fill_benchmark.json	max_effective_scalar_error_pct	None
quantum_computing_gap_fill_benchmark.json	worst_effective_scalar_error_pct	None
quantum_computing_gap_fill_benchmark.json	rounding_ghost_scalar_count	0
quantum_computing_gap_fill_benchmark.json	catalog_crosswalk_scalar_count	0
quantum_computing_gap_fill_benchmark.json	strict_scalar_pass	True
quantum_computing_gap_fill_benchmark.json	effective_scalar_pass	True
quantum_computing_gap_fill_benchmark.json	max_gate_scalar_error_pct	None
quantum_computing_gap_fill_benchmark.json	tier_scalar_median_error_pct	None
quantum_computing_gap_fill_benchmark.json	tier_scalar_pass	True
quantum_computing_gap_fill_benchmark.json	tier_scalar_max_pass	True
quantum_computing_gap_fill_benchmark.json	scalar_median_pass	True
quantum_computing_gap_fill_benchmark.json	classifier_count	0
quantum_computing_gap_fill_benchmark.json	classifier_correct	0
quantum_computing_gap_fill_benchmark.json	classifier_accuracy_pct	None
quantum_computing_gap_fill_benchmark.json	classifier_pass	True
quantum_computing_gap_fill_benchmark.json	official_pooled_median_error_pct	None
quantum_computing_gap_fill_benchmark.json	green_gate_pass	True
quantum_computing_gap_fill_benchmark.json	max_scalar_name	None
quantum_computing_gap_fill_benchmark.json	max_scalar_property	None
quantum_computing_gap_fill_benchmark.json	max_gate_scalar_name	None
quantum_computing_gap_fill_benchmark.json	worst_effective_scalar_name	None
quantum_computing_math_depth_panel_benchmark.json	records	77
quantum_computing_math_depth_panel_benchmark.json	pooled_median_error_pct	0.014767
quantum_computing_math_depth_panel_benchmark.json	scalar_count	64
quantum_computing_math_depth_panel_benchmark.json	scalar_median_error_pct	0.014767
quantum_computing_math_depth_panel_benchmark.json	max_scalar_error_pct	0.095551
quantum_computing_math_depth_panel_benchmark.json	effective_scalar_median_error_pct	0.014800000000003699
quantum_computing_math_depth_panel_benchmark.json	max_effective_scalar_error_pct	0.09555083333333178
quantum_computing_math_depth_panel_benchmark.json	worst_effective_scalar_error_pct	0.09559999999999569
quantum_computing_math_depth_panel_benchmark.json	rounding_ghost_scalar_count	0
quantum_computing_math_depth_panel_benchmark.json	catalog_crosswalk_scalar_count	0
quantum_computing_math_depth_panel_benchmark.json	strict_scalar_pass	True
quantum_computing_math_depth_panel_benchmark.json	effective_scalar_pass	True
quantum_computing_math_depth_panel_benchmark.json	max_gate_scalar_error_pct	0.095551
quantum_computing_math_depth_panel_benchmark.json	tier_scalar_median_error_pct	0.014800000000003699
quantum_computing_math_depth_panel_benchmark.json	tier_scalar_pass	True
quantum_computing_math_depth_panel_benchmark.json	tier_scalar_max_pass	False
quantum_computing_math_depth_panel_benchmark.json	scalar_median_pass	True
quantum_computing_math_depth_panel_benchmark.json	classifier_count	0
quantum_computing_math_depth_panel_benchmark.json	classifier_correct	0
quantum_computing_math_depth_panel_benchmark.json	classifier_accuracy_pct	None
quantum_computing_math_depth_panel_benchmark.json	classifier_pass	True
quantum_computing_math_depth_panel_benchmark.json	official_pooled_median_error_pct	0.014767
quantum_computing_math_depth_panel_benchmark.json	green_gate_pass	True
quantum_computing_math_depth_panel_benchmark.json	max_scalar_name	IBM_Eagle_r3
quantum_computing_math_depth_panel_benchmark.json	max_scalar_property	T1_us
quantum_computing_math_depth_panel_benchmark.json	max_gate_scalar_name	IBM_Eagle_r3
quantum_computing_math_depth_panel_benchmark.json	worst_effective_scalar_name	IonQ_Forte
quantum_computing_math_depth_panel_benchmark.json	lb_records	77
quantum_computing_math_depth_panel_benchmark.json	lb_unrouted	0
quantum_computing_math_depth_panel_benchmark.json	lb_computed_match	4
quantum_computing_math_depth_panel_benchmark.json	lb_scalar_match	0
quantum_computing_math_depth_panel_benchmark.json	lb_error_match	0
quantum_computing_math_depth_panel_benchmark.json	lb_max_rel_dev	0.000999000999000915
quantum_information_benchmark.json	records	21
quantum_information_benchmark.json	pooled_median_error_pct	0.0
quantum_information_benchmark.json	scalar_count	20
quantum_information_benchmark.json	scalar_median_error_pct	0.0
quantum_information_benchmark.json	max_scalar_error_pct	0.238944484
quantum_information_benchmark.json	effective_scalar_median_error_pct	0.0
quantum_information_benchmark.json	max_effective_scalar_error_pct	0.23894448437833055
quantum_information_benchmark.json	worst_effective_scalar_error_pct	0.23894448437833055
quantum_information_benchmark.json	rounding_ghost_scalar_count	0
quantum_information_benchmark.json	catalog_crosswalk_scalar_count	0
quantum_information_benchmark.json	strict_scalar_pass	True
quantum_information_benchmark.json	effective_scalar_pass	True
quantum_information_benchmark.json	max_gate_scalar_error_pct	0.238944484
quantum_information_benchmark.json	tier_scalar_median_error_pct	0.0
quantum_information_benchmark.json	tier_scalar_pass	True
quantum_information_benchmark.json	tier_scalar_max_pass	False
quantum_information_benchmark.json	scalar_median_pass	True
quantum_information_benchmark.json	classifier_count	0
quantum_information_benchmark.json	classifier_correct	0
quantum_information_benchmark.json	classifier_accuracy_pct	None
quantum_information_benchmark.json	classifier_pass	True
quantum_information_benchmark.json	official_pooled_median_error_pct	0.0
quantum_information_benchmark.json	green_gate_pass	True
quantum_information_benchmark.json	max_scalar_name	e519765ed2390456
quantum_information_benchmark.json	max_scalar_property	acetazolamide_CAII
quantum_information_benchmark.json	max_gate_scalar_name	e519765ed2390456
quantum_information_benchmark.json	worst_effective_scalar_name	e519765ed2390456
quantum_materials_benchmark.json	records	168
quantum_materials_benchmark.json	pooled_median_error_pct	0.024318115591995593
quantum_materials_benchmark.json	scalar_count	168
quantum_materials_benchmark.json	scalar_median_error_pct	0.021206885202496053
quantum_materials_benchmark.json	max_scalar_error_pct	0.368801
quantum_materials_benchmark.json	effective_scalar_median_error_pct	0.021206885202496053
quantum_materials_benchmark.json	max_effective_scalar_error_pct	0.3688007262541889
quantum_materials_benchmark.json	worst_effective_scalar_error_pct	0.3688007262541889
quantum_materials_benchmark.json	rounding_ghost_scalar_count	0
quantum_materials_benchmark.json	catalog_crosswalk_scalar_count	0
quantum_materials_benchmark.json	strict_scalar_pass	True
quantum_materials_benchmark.json	effective_scalar_pass	True
quantum_materials_benchmark.json	max_gate_scalar_error_pct	0.368801
quantum_materials_benchmark.json	tier_scalar_median_error_pct	0.021206885202496053
quantum_materials_benchmark.json	tier_scalar_pass	True
quantum_materials_benchmark.json	tier_scalar_max_pass	False
quantum_materials_benchmark.json	scalar_median_pass	True
quantum_materials_benchmark.json	classifier_count	0
quantum_materials_benchmark.json	classifier_correct	0
quantum_materials_benchmark.json	classifier_accuracy_pct	None
quantum_materials_benchmark.json	classifier_pass	True
quantum_materials_benchmark.json	official_pooled_median_error_pct	0.021206885202496053
quantum_materials_benchmark.json	green_gate_pass	True
quantum_materials_benchmark.json	max_scalar_name	N₂
quantum_materials_benchmark.json	max_scalar_property	§13 χm Magnetic
quantum_materials_benchmark.json	max_gate_scalar_name	N₂
quantum_materials_benchmark.json	worst_effective_scalar_name	N₂
quantum_mechanics_entanglement_depth_panel_benchmark.json	records	21
quantum_mechanics_entanglement_depth_panel_benchmark.json	pooled_median_error_pct	0.014767
quantum_mechanics_entanglement_depth_panel_benchmark.json	scalar_count	21
quantum_mechanics_entanglement_depth_panel_benchmark.json	scalar_median_error_pct	0.014767
quantum_mechanics_entanglement_depth_panel_benchmark.json	max_scalar_error_pct	0.238944484
quantum_mechanics_entanglement_depth_panel_benchmark.json	effective_scalar_median_error_pct	0.0
quantum_mechanics_entanglement_depth_panel_benchmark.json	max_effective_scalar_error_pct	0.23894448437833055
quantum_mechanics_entanglement_depth_panel_benchmark.json	worst_effective_scalar_error_pct	0.23894448437833055
quantum_mechanics_entanglement_depth_panel_benchmark.json	rounding_ghost_scalar_count	0
quantum_mechanics_entanglement_depth_panel_benchmark.json	catalog_crosswalk_scalar_count	0
quantum_mechanics_entanglement_depth_panel_benchmark.json	strict_scalar_pass	True
quantum_mechanics_entanglement_depth_panel_benchmark.json	effective_scalar_pass	True
quantum_mechanics_entanglement_depth_panel_benchmark.json	max_gate_scalar_error_pct	0.238944484
quantum_mechanics_entanglement_depth_panel_benchmark.json	tier_scalar_median_error_pct	0.0
quantum_mechanics_entanglement_depth_panel_benchmark.json	tier_scalar_pass	True
quantum_mechanics_entanglement_depth_panel_benchmark.json	tier_scalar_max_pass	False
quantum_mechanics_entanglement_depth_panel_benchmark.json	scalar_median_pass	True
quantum_mechanics_entanglement_depth_panel_benchmark.json	classifier_count	0
quantum_mechanics_entanglement_depth_panel_benchmark.json	classifier_correct	0
quantum_mechanics_entanglement_depth_panel_benchmark.json	classifier_accuracy_pct	None
quantum_mechanics_entanglement_depth_panel_benchmark.json	classifier_pass	True
quantum_mechanics_entanglement_depth_panel_benchmark.json	official_pooled_median_error_pct	0.014767
quantum_mechanics_entanglement_depth_panel_benchmark.json	green_gate_pass	True
quantum_mechanics_entanglement_depth_panel_benchmark.json	max_scalar_name	e519765ed2390456
quantum_mechanics_entanglement_depth_panel_benchmark.json	max_scalar_property	acetazolamide_CAII
quantum_mechanics_entanglement_depth_panel_benchmark.json	max_gate_scalar_name	e519765ed2390456
quantum_mechanics_entanglement_depth_panel_benchmark.json	worst_effective_scalar_name	e519765ed2390456
quantum_mechanics_entanglement_depth_panel_benchmark.json	lb_records	11
quantum_mechanics_entanglement_depth_panel_benchmark.json	lb_unrouted	0
quantum_mechanics_entanglement_depth_panel_benchmark.json	lb_computed_match	2
quantum_mechanics_entanglement_depth_panel_benchmark.json	lb_scalar_match	0
quantum_mechanics_entanglement_depth_panel_benchmark.json	lb_error_match	0
quantum_mechanics_entanglement_depth_panel_benchmark.json	lb_max_rel_dev	0.0003797995502374463
quantum_mechanics_gap_fill_benchmark.json	records	50
quantum_mechanics_gap_fill_benchmark.json	pooled_median_error_pct	9.52387420324368e-05
quantum_mechanics_gap_fill_benchmark.json	scalar_count	0
quantum_mechanics_gap_fill_benchmark.json	scalar_median_error_pct	None
quantum_mechanics_gap_fill_benchmark.json	max_scalar_error_pct	None
quantum_mechanics_gap_fill_benchmark.json	effective_scalar_median_error_pct	None
quantum_mechanics_gap_fill_benchmark.json	max_effective_scalar_error_pct	None
quantum_mechanics_gap_fill_benchmark.json	worst_effective_scalar_error_pct	None
quantum_mechanics_gap_fill_benchmark.json	rounding_ghost_scalar_count	0
quantum_mechanics_gap_fill_benchmark.json	catalog_crosswalk_scalar_count	0
quantum_mechanics_gap_fill_benchmark.json	strict_scalar_pass	True
quantum_mechanics_gap_fill_benchmark.json	effective_scalar_pass	True
quantum_mechanics_gap_fill_benchmark.json	max_gate_scalar_error_pct	None
quantum_mechanics_gap_fill_benchmark.json	tier_scalar_median_error_pct	None
quantum_mechanics_gap_fill_benchmark.json	tier_scalar_pass	True
quantum_mechanics_gap_fill_benchmark.json	tier_scalar_max_pass	True
quantum_mechanics_gap_fill_benchmark.json	scalar_median_pass	True
quantum_mechanics_gap_fill_benchmark.json	classifier_count	0
quantum_mechanics_gap_fill_benchmark.json	classifier_correct	0
quantum_mechanics_gap_fill_benchmark.json	classifier_accuracy_pct	None
quantum_mechanics_gap_fill_benchmark.json	classifier_pass	True
quantum_mechanics_gap_fill_benchmark.json	official_pooled_median_error_pct	None
quantum_mechanics_gap_fill_benchmark.json	green_gate_pass	True
quantum_mechanics_gap_fill_benchmark.json	max_scalar_name	None
quantum_mechanics_gap_fill_benchmark.json	max_scalar_property	None
quantum_mechanics_gap_fill_benchmark.json	max_gate_scalar_name	None
quantum_mechanics_gap_fill_benchmark.json	worst_effective_scalar_name	None
quantum_optics_gap_fill_benchmark.json	records	50
quantum_optics_gap_fill_benchmark.json	pooled_median_error_pct	9.52387420324368e-05
quantum_optics_gap_fill_benchmark.json	scalar_count	0
quantum_optics_gap_fill_benchmark.json	scalar_median_error_pct	None
quantum_optics_gap_fill_benchmark.json	max_scalar_error_pct	None
quantum_optics_gap_fill_benchmark.json	effective_scalar_median_error_pct	None
quantum_optics_gap_fill_benchmark.json	max_effective_scalar_error_pct	None
quantum_optics_gap_fill_benchmark.json	worst_effective_scalar_error_pct	None
quantum_optics_gap_fill_benchmark.json	rounding_ghost_scalar_count	0
quantum_optics_gap_fill_benchmark.json	catalog_crosswalk_scalar_count	0
quantum_optics_gap_fill_benchmark.json	strict_scalar_pass	True
quantum_optics_gap_fill_benchmark.json	effective_scalar_pass	True
quantum_optics_gap_fill_benchmark.json	max_gate_scalar_error_pct	None
quantum_optics_gap_fill_benchmark.json	tier_scalar_median_error_pct	None
quantum_optics_gap_fill_benchmark.json	tier_scalar_pass	True
quantum_optics_gap_fill_benchmark.json	tier_scalar_max_pass	True
quantum_optics_gap_fill_benchmark.json	scalar_median_pass	True
quantum_optics_gap_fill_benchmark.json	classifier_count	0
quantum_optics_gap_fill_benchmark.json	classifier_correct	0
quantum_optics_gap_fill_benchmark.json	classifier_accuracy_pct	None
quantum_optics_gap_fill_benchmark.json	classifier_pass	True
quantum_optics_gap_fill_benchmark.json	official_pooled_median_error_pct	None
quantum_optics_gap_fill_benchmark.json	green_gate_pass	True
quantum_optics_gap_fill_benchmark.json	max_scalar_name	None
quantum_optics_gap_fill_benchmark.json	max_scalar_property	None
quantum_optics_gap_fill_benchmark.json	max_gate_scalar_name	None
quantum_optics_gap_fill_benchmark.json	worst_effective_scalar_name	None
quantum_trinary_syntax_benchmark.json	records	27
quantum_trinary_syntax_benchmark.json	pooled_median_error_pct	0.005907
quantum_trinary_syntax_benchmark.json	scalar_count	26
quantum_trinary_syntax_benchmark.json	scalar_median_error_pct	0.005907
quantum_trinary_syntax_benchmark.json	max_scalar_error_pct	0.095551
quantum_trinary_syntax_benchmark.json	effective_scalar_median_error_pct	0.005900000000001539
quantum_trinary_syntax_benchmark.json	max_effective_scalar_error_pct	0.0955500000000109
quantum_trinary_syntax_benchmark.json	worst_effective_scalar_error_pct	0.09559999999999569
quantum_trinary_syntax_benchmark.json	rounding_ghost_scalar_count	0
quantum_trinary_syntax_benchmark.json	catalog_crosswalk_scalar_count	0
quantum_trinary_syntax_benchmark.json	strict_scalar_pass	True
quantum_trinary_syntax_benchmark.json	effective_scalar_pass	True
quantum_trinary_syntax_benchmark.json	max_gate_scalar_error_pct	0.095551
quantum_trinary_syntax_benchmark.json	tier_scalar_median_error_pct	0.005900000000001539
quantum_trinary_syntax_benchmark.json	tier_scalar_pass	True
quantum_trinary_syntax_benchmark.json	tier_scalar_max_pass	False
quantum_trinary_syntax_benchmark.json	scalar_median_pass	True
quantum_trinary_syntax_benchmark.json	classifier_count	0
quantum_trinary_syntax_benchmark.json	classifier_correct	0
quantum_trinary_syntax_benchmark.json	classifier_accuracy_pct	None
quantum_trinary_syntax_benchmark.json	classifier_pass	True
quantum_trinary_syntax_benchmark.json	official_pooled_median_error_pct	0.005907
quantum_trinary_syntax_benchmark.json	green_gate_pass	True
quantum_trinary_syntax_benchmark.json	max_scalar_name	chsh_classical_bound
quantum_trinary_syntax_benchmark.json	max_scalar_property	chsh_classical_bound
quantum_trinary_syntax_benchmark.json	max_gate_scalar_name	chsh_classical_bound
quantum_trinary_syntax_benchmark.json	worst_effective_scalar_name	bell_state_entropy_ebits
quantum_trinary_syntax_benchmark.json	lb_records	17
quantum_trinary_syntax_benchmark.json	lb_unrouted	0
quantum_trinary_syntax_benchmark.json	lb_computed_match	0
quantum_trinary_syntax_benchmark.json	lb_scalar_match	0
quantum_trinary_syntax_benchmark.json	lb_error_match	0
quantum_trinary_syntax_benchmark.json	lb_max_rel_dev	0.000526038926880507
radio_astronomy_panel_benchmark.json	records	30
radio_astronomy_panel_benchmark.json	pooled_median_error_pct	0.022461
radio_astronomy_panel_benchmark.json	scalar_count	30
radio_astronomy_panel_benchmark.json	scalar_median_error_pct	0.022461
radio_astronomy_panel_benchmark.json	max_scalar_error_pct	0.026472
radio_astronomy_panel_benchmark.json	effective_scalar_median_error_pct	0.02245742753624341
radio_astronomy_panel_benchmark.json	max_effective_scalar_error_pct	0.026472727272732758
radio_astronomy_panel_benchmark.json	worst_effective_scalar_error_pct	0.026499999999998747
radio_astronomy_panel_benchmark.json	rounding_ghost_scalar_count	0
radio_astronomy_panel_benchmark.json	catalog_crosswalk_scalar_count	0
radio_astronomy_panel_benchmark.json	strict_scalar_pass	True
radio_astronomy_panel_benchmark.json	effective_scalar_pass	True
radio_astronomy_panel_benchmark.json	max_gate_scalar_error_pct	0.026472
radio_astronomy_panel_benchmark.json	tier_scalar_median_error_pct	0.02245742753624341
radio_astronomy_panel_benchmark.json	tier_scalar_pass	True
radio_astronomy_panel_benchmark.json	tier_scalar_max_pass	True
radio_astronomy_panel_benchmark.json	scalar_median_pass	True
radio_astronomy_panel_benchmark.json	classifier_count	0
radio_astronomy_panel_benchmark.json	classifier_correct	0
radio_astronomy_panel_benchmark.json	classifier_accuracy_pct	None
radio_astronomy_panel_benchmark.json	classifier_pass	True
radio_astronomy_panel_benchmark.json	official_pooled_median_error_pct	0.022461
radio_astronomy_panel_benchmark.json	green_gate_pass	True
radio_astronomy_panel_benchmark.json	max_scalar_name	150.0
radio_astronomy_panel_benchmark.json	max_scalar_property	dej2000
radio_astronomy_panel_benchmark.json	max_gate_scalar_name	150.0
radio_astronomy_panel_benchmark.json	worst_effective_scalar_name	323.0
radio_astronomy_panel_benchmark.json	lb_records	30
radio_astronomy_panel_benchmark.json	lb_unrouted	0
radio_astronomy_panel_benchmark.json	lb_computed_match	2
radio_astronomy_panel_benchmark.json	lb_scalar_match	0
radio_astronomy_panel_benchmark.json	lb_error_match	2
radio_astronomy_panel_benchmark.json	lb_max_rel_dev	0.0005534273943395794
rcsb_pdb_structures_benchmark.json	records	45
rcsb_pdb_structures_benchmark.json	pooled_median_error_pct	0.022236
rcsb_pdb_structures_benchmark.json	scalar_count	0
rcsb_pdb_structures_benchmark.json	scalar_median_error_pct	None
rcsb_pdb_structures_benchmark.json	max_scalar_error_pct	None
rcsb_pdb_structures_benchmark.json	effective_scalar_median_error_pct	None
rcsb_pdb_structures_benchmark.json	max_effective_scalar_error_pct	None
rcsb_pdb_structures_benchmark.json	worst_effective_scalar_error_pct	None
rcsb_pdb_structures_benchmark.json	rounding_ghost_scalar_count	0
rcsb_pdb_structures_benchmark.json	catalog_crosswalk_scalar_count	0
rcsb_pdb_structures_benchmark.json	strict_scalar_pass	True
rcsb_pdb_structures_benchmark.json	effective_scalar_pass	True
rcsb_pdb_structures_benchmark.json	max_gate_scalar_error_pct	None
rcsb_pdb_structures_benchmark.json	tier_scalar_median_error_pct	None
rcsb_pdb_structures_benchmark.json	tier_scalar_pass	True
rcsb_pdb_structures_benchmark.json	tier_scalar_max_pass	True
rcsb_pdb_structures_benchmark.json	scalar_median_pass	True
rcsb_pdb_structures_benchmark.json	classifier_count	0
rcsb_pdb_structures_benchmark.json	classifier_correct	0
rcsb_pdb_structures_benchmark.json	classifier_accuracy_pct	None
rcsb_pdb_structures_benchmark.json	classifier_pass	True
rcsb_pdb_structures_benchmark.json	official_pooled_median_error_pct	None
rcsb_pdb_structures_benchmark.json	green_gate_pass	True
rcsb_pdb_structures_benchmark.json	max_scalar_name	None
rcsb_pdb_structures_benchmark.json	max_scalar_property	None
rcsb_pdb_structures_benchmark.json	max_gate_scalar_name	None
rcsb_pdb_structures_benchmark.json	worst_effective_scalar_name	None
rcsb_pdb_structures_benchmark.json	lb_records	45
rcsb_pdb_structures_benchmark.json	lb_unrouted	0
rcsb_pdb_structures_benchmark.json	lb_computed_match	0
rcsb_pdb_structures_benchmark.json	lb_scalar_match	0
rcsb_pdb_structures_benchmark.json	lb_error_match	0
rcsb_pdb_structures_benchmark.json	lb_max_rel_dev	2.3268612675803708e-07
rcsb_structure_batch_open_benchmark.json	records	91
rcsb_structure_batch_open_benchmark.json	pooled_median_error_pct	0.022236
rcsb_structure_batch_open_benchmark.json	scalar_count	91
rcsb_structure_batch_open_benchmark.json	scalar_median_error_pct	0.022236
rcsb_structure_batch_open_benchmark.json	max_scalar_error_pct	0.022236
rcsb_structure_batch_open_benchmark.json	effective_scalar_median_error_pct	0.02223333333333244
rcsb_structure_batch_open_benchmark.json	max_effective_scalar_error_pct	0.022199999999994446
rcsb_structure_batch_open_benchmark.json	worst_effective_scalar_error_pct	0.022250000000001435
rcsb_structure_batch_open_benchmark.json	rounding_ghost_scalar_count	0
rcsb_structure_batch_open_benchmark.json	catalog_crosswalk_scalar_count	0
rcsb_structure_batch_open_benchmark.json	strict_scalar_pass	True
rcsb_structure_batch_open_benchmark.json	effective_scalar_pass	True
rcsb_structure_batch_open_benchmark.json	max_gate_scalar_error_pct	0.022236
rcsb_structure_batch_open_benchmark.json	tier_scalar_median_error_pct	0.02223333333333244
rcsb_structure_batch_open_benchmark.json	tier_scalar_pass	True
rcsb_structure_batch_open_benchmark.json	tier_scalar_max_pass	True
rcsb_structure_batch_open_benchmark.json	scalar_median_pass	True
rcsb_structure_batch_open_benchmark.json	classifier_count	0
rcsb_structure_batch_open_benchmark.json	classifier_correct	0
rcsb_structure_batch_open_benchmark.json	classifier_accuracy_pct	None
rcsb_structure_batch_open_benchmark.json	classifier_pass	True
rcsb_structure_batch_open_benchmark.json	official_pooled_median_error_pct	0.022236
rcsb_structure_batch_open_benchmark.json	green_gate_pass	True
rcsb_structure_batch_open_benchmark.json	max_scalar_name	1CRN
rcsb_structure_batch_open_benchmark.json	max_scalar_property	polymer_entity_total
rcsb_structure_batch_open_benchmark.json	max_gate_scalar_name	1CRN
rcsb_structure_batch_open_benchmark.json	worst_effective_scalar_name	1A3N
rcsb_structure_batch_open_benchmark.json	lb_records	91
rcsb_structure_batch_open_benchmark.json	lb_unrouted	0
rcsb_structure_batch_open_benchmark.json	lb_computed_match	0
rcsb_structure_batch_open_benchmark.json	lb_scalar_match	0
rcsb_structure_batch_open_benchmark.json	lb_error_match	0
rcsb_structure_batch_open_benchmark.json	lb_max_rel_dev	0.0006419090679447456
rd_interval_tightening_panel_benchmark.json	records	24
rd_interval_tightening_panel_benchmark.json	pooled_median_error_pct	0.0
rd_interval_tightening_panel_benchmark.json	scalar_count	23
rd_interval_tightening_panel_benchmark.json	scalar_median_error_pct	0.0
rd_interval_tightening_panel_benchmark.json	max_scalar_error_pct	0.292338
rd_interval_tightening_panel_benchmark.json	effective_scalar_median_error_pct	0.0
rd_interval_tightening_panel_benchmark.json	max_effective_scalar_error_pct	0.2923380243388448
rd_interval_tightening_panel_benchmark.json	worst_effective_scalar_error_pct	0.2923380243388448
rd_interval_tightening_panel_benchmark.json	rounding_ghost_scalar_count	0
rd_interval_tightening_panel_benchmark.json	catalog_crosswalk_scalar_count	0
rd_interval_tightening_panel_benchmark.json	strict_scalar_pass	True
rd_interval_tightening_panel_benchmark.json	effective_scalar_pass	True
rd_interval_tightening_panel_benchmark.json	max_gate_scalar_error_pct	0.292338
rd_interval_tightening_panel_benchmark.json	tier_scalar_median_error_pct	0.0
rd_interval_tightening_panel_benchmark.json	tier_scalar_pass	True
rd_interval_tightening_panel_benchmark.json	tier_scalar_max_pass	False
rd_interval_tightening_panel_benchmark.json	scalar_median_pass	True
rd_interval_tightening_panel_benchmark.json	classifier_count	0
rd_interval_tightening_panel_benchmark.json	classifier_correct	0
rd_interval_tightening_panel_benchmark.json	classifier_accuracy_pct	None
rd_interval_tightening_panel_benchmark.json	classifier_pass	True
rd_interval_tightening_panel_benchmark.json	official_pooled_median_error_pct	0.0
rd_interval_tightening_panel_benchmark.json	green_gate_pass	True
rd_interval_tightening_panel_benchmark.json	max_scalar_name	planck2018_bao
rd_interval_tightening_panel_benchmark.json	max_scalar_property	r_d_planck_comparison
rd_interval_tightening_panel_benchmark.json	max_gate_scalar_name	planck2018_bao
rd_interval_tightening_panel_benchmark.json	worst_effective_scalar_name	planck2018_bao
reality_folding_spine_benchmark.json	records	24
reality_folding_spine_benchmark.json	pooled_median_error_pct	0.000637597
reality_folding_spine_benchmark.json	scalar_count	24
reality_folding_spine_benchmark.json	scalar_median_error_pct	0.000637597
reality_folding_spine_benchmark.json	max_scalar_error_pct	0.025753835305195434
reality_folding_spine_benchmark.json	effective_scalar_median_error_pct	0.0
reality_folding_spine_benchmark.json	max_effective_scalar_error_pct	0.025753835305195434
reality_folding_spine_benchmark.json	worst_effective_scalar_error_pct	0.01901154666471732
reality_folding_spine_benchmark.json	rounding_ghost_scalar_count	0
reality_folding_spine_benchmark.json	catalog_crosswalk_scalar_count	0
reality_folding_spine_benchmark.json	strict_scalar_pass	True
reality_folding_spine_benchmark.json	effective_scalar_pass	True
reality_folding_spine_benchmark.json	max_gate_scalar_error_pct	0.025753835305195434
reality_folding_spine_benchmark.json	tier_scalar_median_error_pct	0.0
reality_folding_spine_benchmark.json	tier_scalar_pass	True
reality_folding_spine_benchmark.json	tier_scalar_max_pass	True
reality_folding_spine_benchmark.json	scalar_median_pass	True
reality_folding_spine_benchmark.json	classifier_count	0
reality_folding_spine_benchmark.json	classifier_correct	0
reality_folding_spine_benchmark.json	classifier_accuracy_pct	None
reality_folding_spine_benchmark.json	classifier_pass	True
reality_folding_spine_benchmark.json	official_pooled_median_error_pct	0.000637597
reality_folding_spine_benchmark.json	green_gate_pass	True
reality_folding_spine_benchmark.json	max_scalar_name	fold_depth_metrics
reality_folding_spine_benchmark.json	max_scalar_property	folding_pillar
reality_folding_spine_benchmark.json	max_gate_scalar_name	fold_depth_metrics
reality_folding_spine_benchmark.json	worst_effective_scalar_name	string_cosmo_span
recent_breakthroughs_expansion_panel_benchmark.json	records	63
recent_breakthroughs_expansion_panel_benchmark.json	pooled_median_error_pct	0.0
recent_breakthroughs_expansion_panel_benchmark.json	scalar_count	62
recent_breakthroughs_expansion_panel_benchmark.json	scalar_median_error_pct	0.0
recent_breakthroughs_expansion_panel_benchmark.json	max_scalar_error_pct	0.0
recent_breakthroughs_expansion_panel_benchmark.json	effective_scalar_median_error_pct	0.0
recent_breakthroughs_expansion_panel_benchmark.json	max_effective_scalar_error_pct	0.0
recent_breakthroughs_expansion_panel_benchmark.json	worst_effective_scalar_error_pct	0.0
recent_breakthroughs_expansion_panel_benchmark.json	rounding_ghost_scalar_count	0
recent_breakthroughs_expansion_panel_benchmark.json	catalog_crosswalk_scalar_count	0
recent_breakthroughs_expansion_panel_benchmark.json	strict_scalar_pass	True
recent_breakthroughs_expansion_panel_benchmark.json	effective_scalar_pass	True
recent_breakthroughs_expansion_panel_benchmark.json	max_gate_scalar_error_pct	0.0
recent_breakthroughs_expansion_panel_benchmark.json	tier_scalar_median_error_pct	0.0
recent_breakthroughs_expansion_panel_benchmark.json	tier_scalar_pass	True
recent_breakthroughs_expansion_panel_benchmark.json	tier_scalar_max_pass	True
recent_breakthroughs_expansion_panel_benchmark.json	scalar_median_pass	True
recent_breakthroughs_expansion_panel_benchmark.json	classifier_count	0
recent_breakthroughs_expansion_panel_benchmark.json	classifier_correct	0
recent_breakthroughs_expansion_panel_benchmark.json	classifier_accuracy_pct	None
recent_breakthroughs_expansion_panel_benchmark.json	classifier_pass	True
recent_breakthroughs_expansion_panel_benchmark.json	official_pooled_median_error_pct	0.0
recent_breakthroughs_expansion_panel_benchmark.json	green_gate_pass	True
recent_breakthroughs_expansion_panel_benchmark.json	max_scalar_name	None
recent_breakthroughs_expansion_panel_benchmark.json	max_scalar_property	None
recent_breakthroughs_expansion_panel_benchmark.json	max_gate_scalar_name	None
recent_breakthroughs_expansion_panel_benchmark.json	worst_effective_scalar_name	None
robotics_control_systems_extension_benchmark.json	records	44
robotics_control_systems_extension_benchmark.json	pooled_median_error_pct	0.0
robotics_control_systems_extension_benchmark.json	scalar_count	44
robotics_control_systems_extension_benchmark.json	scalar_median_error_pct	0.0
robotics_control_systems_extension_benchmark.json	max_scalar_error_pct	0.04114895703267507
robotics_control_systems_extension_benchmark.json	effective_scalar_median_error_pct	0.0
robotics_control_systems_extension_benchmark.json	max_effective_scalar_error_pct	0.04115000000000535
robotics_control_systems_extension_benchmark.json	worst_effective_scalar_error_pct	0.04200000000000037
robotics_control_systems_extension_benchmark.json	rounding_ghost_scalar_count	0
robotics_control_systems_extension_benchmark.json	catalog_crosswalk_scalar_count	0
robotics_control_systems_extension_benchmark.json	strict_scalar_pass	True
robotics_control_systems_extension_benchmark.json	effective_scalar_pass	True
robotics_control_systems_extension_benchmark.json	max_gate_scalar_error_pct	0.04114895703267507
robotics_control_systems_extension_benchmark.json	tier_scalar_median_error_pct	0.0
robotics_control_systems_extension_benchmark.json	tier_scalar_pass	True
robotics_control_systems_extension_benchmark.json	tier_scalar_max_pass	True
robotics_control_systems_extension_benchmark.json	scalar_median_pass	True
robotics_control_systems_extension_benchmark.json	classifier_count	0
robotics_control_systems_extension_benchmark.json	classifier_correct	0
robotics_control_systems_extension_benchmark.json	classifier_accuracy_pct	None
robotics_control_systems_extension_benchmark.json	classifier_pass	True
robotics_control_systems_extension_benchmark.json	official_pooled_median_error_pct	0.0
robotics_control_systems_extension_benchmark.json	green_gate_pass	True
robotics_control_systems_extension_benchmark.json	max_scalar_name	robot_payload_kg
robotics_control_systems_extension_benchmark.json	max_scalar_property	payload_capacity_kg
robotics_control_systems_extension_benchmark.json	max_gate_scalar_name	robot_payload_kg
robotics_control_systems_extension_benchmark.json	worst_effective_scalar_name	robot_repeatability_mm
robotics_control_systems_panel_benchmark.json	records	24
robotics_control_systems_panel_benchmark.json	pooled_median_error_pct	0.01341
robotics_control_systems_panel_benchmark.json	scalar_count	24
robotics_control_systems_panel_benchmark.json	scalar_median_error_pct	0.01341
robotics_control_systems_panel_benchmark.json	max_scalar_error_pct	0.01341
robotics_control_systems_panel_benchmark.json	effective_scalar_median_error_pct	0.013409999999993259
robotics_control_systems_panel_benchmark.json	max_effective_scalar_error_pct	0.01340000000000785
robotics_control_systems_panel_benchmark.json	worst_effective_scalar_error_pct	0.014000000000000123
robotics_control_systems_panel_benchmark.json	rounding_ghost_scalar_count	0
robotics_control_systems_panel_benchmark.json	catalog_crosswalk_scalar_count	0
robotics_control_systems_panel_benchmark.json	strict_scalar_pass	True
robotics_control_systems_panel_benchmark.json	effective_scalar_pass	True
robotics_control_systems_panel_benchmark.json	max_gate_scalar_error_pct	0.01341
robotics_control_systems_panel_benchmark.json	tier_scalar_median_error_pct	0.013409999999993259
robotics_control_systems_panel_benchmark.json	tier_scalar_pass	True
robotics_control_systems_panel_benchmark.json	tier_scalar_max_pass	True
robotics_control_systems_panel_benchmark.json	scalar_median_pass	True
robotics_control_systems_panel_benchmark.json	classifier_count	0
robotics_control_systems_panel_benchmark.json	classifier_correct	0
robotics_control_systems_panel_benchmark.json	classifier_accuracy_pct	None
robotics_control_systems_panel_benchmark.json	classifier_pass	True
robotics_control_systems_panel_benchmark.json	official_pooled_median_error_pct	0.01341
robotics_control_systems_panel_benchmark.json	green_gate_pass	True
robotics_control_systems_panel_benchmark.json	max_scalar_name	pid_kp_default
robotics_control_systems_panel_benchmark.json	max_scalar_property	proportional_gain
robotics_control_systems_panel_benchmark.json	max_gate_scalar_name	pid_kp_default
robotics_control_systems_panel_benchmark.json	worst_effective_scalar_name	robot_repeatability_mm
robotics_control_systems_panel_benchmark.json	lb_records	19
robotics_control_systems_panel_benchmark.json	lb_unrouted	0
robotics_control_systems_panel_benchmark.json	lb_computed_match	0
robotics_control_systems_panel_benchmark.json	lb_scalar_match	0
robotics_control_systems_panel_benchmark.json	lb_error_match	0
robotics_control_systems_panel_benchmark.json	lb_max_rel_dev	0.0006994404476418927
rust_lean_bridge_benchmark.json	records	9
rust_lean_bridge_benchmark.json	pooled_median_error_pct	0.0
rust_lean_bridge_benchmark.json	scalar_count	8
rust_lean_bridge_benchmark.json	scalar_median_error_pct	0.0
rust_lean_bridge_benchmark.json	max_scalar_error_pct	0.0
rust_lean_bridge_benchmark.json	effective_scalar_median_error_pct	0.0
rust_lean_bridge_benchmark.json	max_effective_scalar_error_pct	0.0
rust_lean_bridge_benchmark.json	worst_effective_scalar_error_pct	0.0
rust_lean_bridge_benchmark.json	rounding_ghost_scalar_count	0
rust_lean_bridge_benchmark.json	catalog_crosswalk_scalar_count	0
rust_lean_bridge_benchmark.json	strict_scalar_pass	True
rust_lean_bridge_benchmark.json	effective_scalar_pass	True
rust_lean_bridge_benchmark.json	max_gate_scalar_error_pct	0.0
rust_lean_bridge_benchmark.json	tier_scalar_median_error_pct	0.0
rust_lean_bridge_benchmark.json	tier_scalar_pass	True
rust_lean_bridge_benchmark.json	tier_scalar_max_pass	True
rust_lean_bridge_benchmark.json	scalar_median_pass	True
rust_lean_bridge_benchmark.json	classifier_count	0
rust_lean_bridge_benchmark.json	classifier_correct	0
rust_lean_bridge_benchmark.json	classifier_accuracy_pct	None
rust_lean_bridge_benchmark.json	classifier_pass	True
rust_lean_bridge_benchmark.json	official_pooled_median_error_pct	0.0
rust_lean_bridge_benchmark.json	green_gate_pass	True
rust_lean_bridge_benchmark.json	max_scalar_name	None
rust_lean_bridge_benchmark.json	max_scalar_property	None
rust_lean_bridge_benchmark.json	max_gate_scalar_name	None
rust_lean_bridge_benchmark.json	worst_effective_scalar_name	None
rust_lean_bridge_panel_benchmark.json	records	21
rust_lean_bridge_panel_benchmark.json	pooled_median_error_pct	0.0
rust_lean_bridge_panel_benchmark.json	scalar_count	19
rust_lean_bridge_panel_benchmark.json	scalar_median_error_pct	0.0
rust_lean_bridge_panel_benchmark.json	max_scalar_error_pct	0.238944484
rust_lean_bridge_panel_benchmark.json	effective_scalar_median_error_pct	0.0
rust_lean_bridge_panel_benchmark.json	max_effective_scalar_error_pct	0.23894448437833055
rust_lean_bridge_panel_benchmark.json	worst_effective_scalar_error_pct	0.23894448437833055
rust_lean_bridge_panel_benchmark.json	rounding_ghost_scalar_count	0
rust_lean_bridge_panel_benchmark.json	catalog_crosswalk_scalar_count	0
rust_lean_bridge_panel_benchmark.json	strict_scalar_pass	True
rust_lean_bridge_panel_benchmark.json	effective_scalar_pass	True
rust_lean_bridge_panel_benchmark.json	max_gate_scalar_error_pct	0.238944484
rust_lean_bridge_panel_benchmark.json	tier_scalar_median_error_pct	0.0
rust_lean_bridge_panel_benchmark.json	tier_scalar_pass	True
rust_lean_bridge_panel_benchmark.json	tier_scalar_max_pass	False
rust_lean_bridge_panel_benchmark.json	scalar_median_pass	True
rust_lean_bridge_panel_benchmark.json	classifier_count	0
rust_lean_bridge_panel_benchmark.json	classifier_correct	0
rust_lean_bridge_panel_benchmark.json	classifier_accuracy_pct	None
rust_lean_bridge_panel_benchmark.json	classifier_pass	True
rust_lean_bridge_panel_benchmark.json	official_pooled_median_error_pct	0.0
rust_lean_bridge_panel_benchmark.json	green_gate_pass	True
rust_lean_bridge_panel_benchmark.json	max_scalar_name	e519765ed2390456
rust_lean_bridge_panel_benchmark.json	max_scalar_property	acetazolamide_CAII
rust_lean_bridge_panel_benchmark.json	max_gate_scalar_name	e519765ed2390456
rust_lean_bridge_panel_benchmark.json	worst_effective_scalar_name	e519765ed2390456
rust_lean_bridge_panel_benchmark.json	lb_records	8
rust_lean_bridge_panel_benchmark.json	lb_unrouted	0
rust_lean_bridge_panel_benchmark.json	lb_computed_match	1
rust_lean_bridge_panel_benchmark.json	lb_scalar_match	0
rust_lean_bridge_panel_benchmark.json	lb_error_match	1
rust_lean_bridge_panel_benchmark.json	lb_max_rel_dev	0.0003797997912528802
scalar_solver_35_panel_benchmark.json	records	21
scalar_solver_35_panel_benchmark.json	pooled_median_error_pct	0.007394383
scalar_solver_35_panel_benchmark.json	scalar_count	20
scalar_solver_35_panel_benchmark.json	scalar_median_error_pct	0.007394383
scalar_solver_35_panel_benchmark.json	max_scalar_error_pct	0.238944484
scalar_solver_35_panel_benchmark.json	effective_scalar_median_error_pct	0.00735841534777337
scalar_solver_35_panel_benchmark.json	max_effective_scalar_error_pct	0.23894448437833055
scalar_solver_35_panel_benchmark.json	worst_effective_scalar_error_pct	0.23894448437833055
scalar_solver_35_panel_benchmark.json	rounding_ghost_scalar_count	0
scalar_solver_35_panel_benchmark.json	catalog_crosswalk_scalar_count	0
scalar_solver_35_panel_benchmark.json	strict_scalar_pass	True
scalar_solver_35_panel_benchmark.json	effective_scalar_pass	True
scalar_solver_35_panel_benchmark.json	max_gate_scalar_error_pct	0.238944484
scalar_solver_35_panel_benchmark.json	tier_scalar_median_error_pct	0.00735841534777337
scalar_solver_35_panel_benchmark.json	tier_scalar_pass	True
scalar_solver_35_panel_benchmark.json	tier_scalar_max_pass	False
scalar_solver_35_panel_benchmark.json	scalar_median_pass	True
scalar_solver_35_panel_benchmark.json	classifier_count	0
scalar_solver_35_panel_benchmark.json	classifier_correct	0
scalar_solver_35_panel_benchmark.json	classifier_accuracy_pct	None
scalar_solver_35_panel_benchmark.json	classifier_pass	True
scalar_solver_35_panel_benchmark.json	official_pooled_median_error_pct	0.007394383
scalar_solver_35_panel_benchmark.json	green_gate_pass	True
scalar_solver_35_panel_benchmark.json	max_scalar_name	e519765ed2390456
scalar_solver_35_panel_benchmark.json	max_scalar_property	acetazolamide_CAII
scalar_solver_35_panel_benchmark.json	max_gate_scalar_name	e519765ed2390456
scalar_solver_35_panel_benchmark.json	worst_effective_scalar_name	e519765ed2390456
scalar_solver_35_panel_benchmark.json	lb_records	10
scalar_solver_35_panel_benchmark.json	lb_unrouted	0
scalar_solver_35_panel_benchmark.json	lb_computed_match	0
scalar_solver_35_panel_benchmark.json	lb_scalar_match	0
scalar_solver_35_panel_benchmark.json	lb_error_match	0
scalar_solver_35_panel_benchmark.json	lb_max_rel_dev	0.00038071886778031966
schematic_netlist_intrinsic_panel_benchmark.json	records	27
schematic_netlist_intrinsic_panel_benchmark.json	pooled_median_error_pct	0.020755
schematic_netlist_intrinsic_panel_benchmark.json	scalar_count	27
schematic_netlist_intrinsic_panel_benchmark.json	scalar_median_error_pct	0.020755
schematic_netlist_intrinsic_panel_benchmark.json	max_scalar_error_pct	0.040817
schematic_netlist_intrinsic_panel_benchmark.json	effective_scalar_median_error_pct	0.0
schematic_netlist_intrinsic_panel_benchmark.json	max_effective_scalar_error_pct	0.04081705412347852
schematic_netlist_intrinsic_panel_benchmark.json	worst_effective_scalar_error_pct	0.04315925766077396
schematic_netlist_intrinsic_panel_benchmark.json	rounding_ghost_scalar_count	0
schematic_netlist_intrinsic_panel_benchmark.json	catalog_crosswalk_scalar_count	0
schematic_netlist_intrinsic_panel_benchmark.json	strict_scalar_pass	True
schematic_netlist_intrinsic_panel_benchmark.json	effective_scalar_pass	True
schematic_netlist_intrinsic_panel_benchmark.json	max_gate_scalar_error_pct	0.040817
schematic_netlist_intrinsic_panel_benchmark.json	tier_scalar_median_error_pct	0.0
schematic_netlist_intrinsic_panel_benchmark.json	tier_scalar_pass	True
schematic_netlist_intrinsic_panel_benchmark.json	tier_scalar_max_pass	True
schematic_netlist_intrinsic_panel_benchmark.json	scalar_median_pass	True
schematic_netlist_intrinsic_panel_benchmark.json	classifier_count	0
schematic_netlist_intrinsic_panel_benchmark.json	classifier_correct	0
schematic_netlist_intrinsic_panel_benchmark.json	classifier_accuracy_pct	None
schematic_netlist_intrinsic_panel_benchmark.json	classifier_pass	True
schematic_netlist_intrinsic_panel_benchmark.json	official_pooled_median_error_pct	0.020755
schematic_netlist_intrinsic_panel_benchmark.json	green_gate_pass	True
schematic_netlist_intrinsic_panel_benchmark.json	max_scalar_name	LC_10uH_100nF
schematic_netlist_intrinsic_panel_benchmark.json	max_scalar_property	lc_resonance_hz
schematic_netlist_intrinsic_panel_benchmark.json	max_gate_scalar_name	LC_10uH_100nF
schematic_netlist_intrinsic_panel_benchmark.json	worst_effective_scalar_name	esp32_i2c_pull_4k7
schematic_netlist_intrinsic_panel_benchmark.json	lb_records	17
schematic_netlist_intrinsic_panel_benchmark.json	lb_unrouted	0
schematic_netlist_intrinsic_panel_benchmark.json	lb_computed_match	2
schematic_netlist_intrinsic_panel_benchmark.json	lb_scalar_match	0
schematic_netlist_intrinsic_panel_benchmark.json	lb_error_match	0
schematic_netlist_intrinsic_panel_benchmark.json	lb_max_rel_dev	0.000999000999000915
scientific_expansion_depth_spine_benchmark.json	records	72
scientific_expansion_depth_spine_benchmark.json	pooled_median_error_pct	0.033841
scientific_expansion_depth_spine_benchmark.json	scalar_count	68
scientific_expansion_depth_spine_benchmark.json	scalar_median_error_pct	0.033841
scientific_expansion_depth_spine_benchmark.json	max_scalar_error_pct	0.095551
scientific_expansion_depth_spine_benchmark.json	effective_scalar_median_error_pct	0.03266723931470912
scientific_expansion_depth_spine_benchmark.json	max_effective_scalar_error_pct	0.09555044510384197
scientific_expansion_depth_spine_benchmark.json	worst_effective_scalar_error_pct	0.09559999999999569
scientific_expansion_depth_spine_benchmark.json	rounding_ghost_scalar_count	0
scientific_expansion_depth_spine_benchmark.json	catalog_crosswalk_scalar_count	0
scientific_expansion_depth_spine_benchmark.json	strict_scalar_pass	True
scientific_expansion_depth_spine_benchmark.json	effective_scalar_pass	True
scientific_expansion_depth_spine_benchmark.json	max_gate_scalar_error_pct	0.095551
scientific_expansion_depth_spine_benchmark.json	tier_scalar_median_error_pct	0.03266723931470912
scientific_expansion_depth_spine_benchmark.json	tier_scalar_pass	True
scientific_expansion_depth_spine_benchmark.json	tier_scalar_max_pass	False
scientific_expansion_depth_spine_benchmark.json	scalar_median_pass	True
scientific_expansion_depth_spine_benchmark.json	classifier_count	0
scientific_expansion_depth_spine_benchmark.json	classifier_correct	0
scientific_expansion_depth_spine_benchmark.json	classifier_accuracy_pct	None
scientific_expansion_depth_spine_benchmark.json	classifier_pass	True
scientific_expansion_depth_spine_benchmark.json	official_pooled_median_error_pct	0.033841
scientific_expansion_depth_spine_benchmark.json	green_gate_pass	True
scientific_expansion_depth_spine_benchmark.json	max_scalar_name	dlmf
scientific_expansion_depth_spine_benchmark.json	max_scalar_property	engine_native_h0
scientific_expansion_depth_spine_benchmark.json	max_gate_scalar_name	dlmf
scientific_expansion_depth_spine_benchmark.json	worst_effective_scalar_name	AI_Galactic_Orbital_Bridge
scientific_expansion_depth_wave2_spine_benchmark.json	records	40
scientific_expansion_depth_wave2_spine_benchmark.json	pooled_median_error_pct	0.0
scientific_expansion_depth_wave2_spine_benchmark.json	scalar_count	8
scientific_expansion_depth_wave2_spine_benchmark.json	scalar_median_error_pct	0.0
scientific_expansion_depth_wave2_spine_benchmark.json	max_scalar_error_pct	0.0
scientific_expansion_depth_wave2_spine_benchmark.json	effective_scalar_median_error_pct	0.0
scientific_expansion_depth_wave2_spine_benchmark.json	max_effective_scalar_error_pct	0.0
scientific_expansion_depth_wave2_spine_benchmark.json	worst_effective_scalar_error_pct	0.0
scientific_expansion_depth_wave2_spine_benchmark.json	rounding_ghost_scalar_count	0
scientific_expansion_depth_wave2_spine_benchmark.json	catalog_crosswalk_scalar_count	0
scientific_expansion_depth_wave2_spine_benchmark.json	strict_scalar_pass	True
scientific_expansion_depth_wave2_spine_benchmark.json	effective_scalar_pass	True
scientific_expansion_depth_wave2_spine_benchmark.json	max_gate_scalar_error_pct	0.0
scientific_expansion_depth_wave2_spine_benchmark.json	tier_scalar_median_error_pct	0.0
scientific_expansion_depth_wave2_spine_benchmark.json	tier_scalar_pass	True
scientific_expansion_depth_wave2_spine_benchmark.json	tier_scalar_max_pass	True
scientific_expansion_depth_wave2_spine_benchmark.json	scalar_median_pass	True
scientific_expansion_depth_wave2_spine_benchmark.json	classifier_count	0
scientific_expansion_depth_wave2_spine_benchmark.json	classifier_correct	0
scientific_expansion_depth_wave2_spine_benchmark.json	classifier_accuracy_pct	None
scientific_expansion_depth_wave2_spine_benchmark.json	classifier_pass	True
scientific_expansion_depth_wave2_spine_benchmark.json	official_pooled_median_error_pct	0.0
scientific_expansion_depth_wave2_spine_benchmark.json	green_gate_pass	True
scientific_expansion_depth_wave2_spine_benchmark.json	max_scalar_name	None
scientific_expansion_depth_wave2_spine_benchmark.json	max_scalar_property	None
scientific_expansion_depth_wave2_spine_benchmark.json	max_gate_scalar_name	None
scientific_expansion_depth_wave2_spine_benchmark.json	worst_effective_scalar_name	None
scientific_expansion_spine_benchmark.json	records	40
scientific_expansion_spine_benchmark.json	pooled_median_error_pct	0.0
scientific_expansion_spine_benchmark.json	scalar_count	10
scientific_expansion_spine_benchmark.json	scalar_median_error_pct	0.0
scientific_expansion_spine_benchmark.json	max_scalar_error_pct	0.0
scientific_expansion_spine_benchmark.json	effective_scalar_median_error_pct	0.0
scientific_expansion_spine_benchmark.json	max_effective_scalar_error_pct	0.0
scientific_expansion_spine_benchmark.json	worst_effective_scalar_error_pct	0.0
scientific_expansion_spine_benchmark.json	rounding_ghost_scalar_count	0
scientific_expansion_spine_benchmark.json	catalog_crosswalk_scalar_count	0
scientific_expansion_spine_benchmark.json	strict_scalar_pass	True
scientific_expansion_spine_benchmark.json	effective_scalar_pass	True
scientific_expansion_spine_benchmark.json	max_gate_scalar_error_pct	0.0
scientific_expansion_spine_benchmark.json	tier_scalar_median_error_pct	0.0
scientific_expansion_spine_benchmark.json	tier_scalar_pass	True
scientific_expansion_spine_benchmark.json	tier_scalar_max_pass	True
scientific_expansion_spine_benchmark.json	scalar_median_pass	True
scientific_expansion_spine_benchmark.json	classifier_count	0
scientific_expansion_spine_benchmark.json	classifier_correct	0
scientific_expansion_spine_benchmark.json	classifier_accuracy_pct	None
scientific_expansion_spine_benchmark.json	classifier_pass	True
scientific_expansion_spine_benchmark.json	official_pooled_median_error_pct	0.0
scientific_expansion_spine_benchmark.json	green_gate_pass	True
scientific_expansion_spine_benchmark.json	max_scalar_name	None
scientific_expansion_spine_benchmark.json	max_scalar_property	None
scientific_expansion_spine_benchmark.json	max_gate_scalar_name	None
scientific_expansion_spine_benchmark.json	worst_effective_scalar_name	None
scientific_expansion_wave2_spine_benchmark.json	records	40
scientific_expansion_wave2_spine_benchmark.json	pooled_median_error_pct	0.0
scientific_expansion_wave2_spine_benchmark.json	scalar_count	10
scientific_expansion_wave2_spine_benchmark.json	scalar_median_error_pct	0.0
scientific_expansion_wave2_spine_benchmark.json	max_scalar_error_pct	0.0
scientific_expansion_wave2_spine_benchmark.json	effective_scalar_median_error_pct	0.0
scientific_expansion_wave2_spine_benchmark.json	max_effective_scalar_error_pct	0.0
scientific_expansion_wave2_spine_benchmark.json	worst_effective_scalar_error_pct	0.0
scientific_expansion_wave2_spine_benchmark.json	rounding_ghost_scalar_count	0
scientific_expansion_wave2_spine_benchmark.json	catalog_crosswalk_scalar_count	0
scientific_expansion_wave2_spine_benchmark.json	strict_scalar_pass	True
scientific_expansion_wave2_spine_benchmark.json	effective_scalar_pass	True
scientific_expansion_wave2_spine_benchmark.json	max_gate_scalar_error_pct	0.0
scientific_expansion_wave2_spine_benchmark.json	tier_scalar_median_error_pct	0.0
scientific_expansion_wave2_spine_benchmark.json	tier_scalar_pass	True
scientific_expansion_wave2_spine_benchmark.json	tier_scalar_max_pass	True
scientific_expansion_wave2_spine_benchmark.json	scalar_median_pass	True
scientific_expansion_wave2_spine_benchmark.json	classifier_count	0
scientific_expansion_wave2_spine_benchmark.json	classifier_correct	0
scientific_expansion_wave2_spine_benchmark.json	classifier_accuracy_pct	None
scientific_expansion_wave2_spine_benchmark.json	classifier_pass	True
scientific_expansion_wave2_spine_benchmark.json	official_pooled_median_error_pct	0.0
scientific_expansion_wave2_spine_benchmark.json	green_gate_pass	True
scientific_expansion_wave2_spine_benchmark.json	max_scalar_name	None
scientific_expansion_wave2_spine_benchmark.json	max_scalar_property	None
scientific_expansion_wave2_spine_benchmark.json	max_gate_scalar_name	None
scientific_expansion_wave2_spine_benchmark.json	worst_effective_scalar_name	None
scientific_expansion_wave3_spine_benchmark.json	records	40
scientific_expansion_wave3_spine_benchmark.json	pooled_median_error_pct	0.0
scientific_expansion_wave3_spine_benchmark.json	scalar_count	10
scientific_expansion_wave3_spine_benchmark.json	scalar_median_error_pct	0.0
scientific_expansion_wave3_spine_benchmark.json	max_scalar_error_pct	0.0
scientific_expansion_wave3_spine_benchmark.json	effective_scalar_median_error_pct	0.0
scientific_expansion_wave3_spine_benchmark.json	max_effective_scalar_error_pct	0.0
scientific_expansion_wave3_spine_benchmark.json	worst_effective_scalar_error_pct	0.0
scientific_expansion_wave3_spine_benchmark.json	rounding_ghost_scalar_count	0
scientific_expansion_wave3_spine_benchmark.json	catalog_crosswalk_scalar_count	0
scientific_expansion_wave3_spine_benchmark.json	strict_scalar_pass	True
scientific_expansion_wave3_spine_benchmark.json	effective_scalar_pass	True
scientific_expansion_wave3_spine_benchmark.json	max_gate_scalar_error_pct	0.0
scientific_expansion_wave3_spine_benchmark.json	tier_scalar_median_error_pct	0.0
scientific_expansion_wave3_spine_benchmark.json	tier_scalar_pass	True
scientific_expansion_wave3_spine_benchmark.json	tier_scalar_max_pass	True
scientific_expansion_wave3_spine_benchmark.json	scalar_median_pass	True
scientific_expansion_wave3_spine_benchmark.json	classifier_count	0
scientific_expansion_wave3_spine_benchmark.json	classifier_correct	0
scientific_expansion_wave3_spine_benchmark.json	classifier_accuracy_pct	None
scientific_expansion_wave3_spine_benchmark.json	classifier_pass	True
scientific_expansion_wave3_spine_benchmark.json	official_pooled_median_error_pct	0.0
scientific_expansion_wave3_spine_benchmark.json	green_gate_pass	True
scientific_expansion_wave3_spine_benchmark.json	max_scalar_name	None
scientific_expansion_wave3_spine_benchmark.json	max_scalar_property	None
scientific_expansion_wave3_spine_benchmark.json	max_gate_scalar_name	None
scientific_expansion_wave3_spine_benchmark.json	worst_effective_scalar_name	None
secure_software_engineering_cybersecurity_benchmark.json	records	59
secure_software_engineering_cybersecurity_benchmark.json	pooled_median_error_pct	0.0
secure_software_engineering_cybersecurity_benchmark.json	scalar_count	54
secure_software_engineering_cybersecurity_benchmark.json	scalar_median_error_pct	0.0
secure_software_engineering_cybersecurity_benchmark.json	max_scalar_error_pct	0.013290579327048134
secure_software_engineering_cybersecurity_benchmark.json	effective_scalar_median_error_pct	0.0
secure_software_engineering_cybersecurity_benchmark.json	max_effective_scalar_error_pct	0.013290999999995279
secure_software_engineering_cybersecurity_benchmark.json	worst_effective_scalar_error_pct	0.013299999999993872
secure_software_engineering_cybersecurity_benchmark.json	rounding_ghost_scalar_count	0
secure_software_engineering_cybersecurity_benchmark.json	catalog_crosswalk_scalar_count	0
secure_software_engineering_cybersecurity_benchmark.json	strict_scalar_pass	True
secure_software_engineering_cybersecurity_benchmark.json	effective_scalar_pass	True
secure_software_engineering_cybersecurity_benchmark.json	max_gate_scalar_error_pct	0.013290579327048134
secure_software_engineering_cybersecurity_benchmark.json	tier_scalar_median_error_pct	0.0
secure_software_engineering_cybersecurity_benchmark.json	tier_scalar_pass	True
secure_software_engineering_cybersecurity_benchmark.json	tier_scalar_max_pass	True
secure_software_engineering_cybersecurity_benchmark.json	scalar_median_pass	True
secure_software_engineering_cybersecurity_benchmark.json	classifier_count	0
secure_software_engineering_cybersecurity_benchmark.json	classifier_correct	0
secure_software_engineering_cybersecurity_benchmark.json	classifier_accuracy_pct	None
secure_software_engineering_cybersecurity_benchmark.json	classifier_pass	True
secure_software_engineering_cybersecurity_benchmark.json	official_pooled_median_error_pct	0.0
secure_software_engineering_cybersecurity_benchmark.json	green_gate_pass	True
secure_software_engineering_cybersecurity_benchmark.json	max_scalar_name	code_review_coverage_pct
secure_software_engineering_cybersecurity_benchmark.json	max_scalar_property	review_coverage
secure_software_engineering_cybersecurity_benchmark.json	max_gate_scalar_name	code_review_coverage_pct
secure_software_engineering_cybersecurity_benchmark.json	worst_effective_scalar_name	CWE_787_buffer_overflow_rank
seismology_benchmark.json	records	500
seismology_benchmark.json	pooled_median_error_pct	0.0
seismology_benchmark.json	scalar_count	0
seismology_benchmark.json	scalar_median_error_pct	None
seismology_benchmark.json	max_scalar_error_pct	None
seismology_benchmark.json	effective_scalar_median_error_pct	None
seismology_benchmark.json	max_effective_scalar_error_pct	None
seismology_benchmark.json	worst_effective_scalar_error_pct	None
seismology_benchmark.json	rounding_ghost_scalar_count	0
seismology_benchmark.json	catalog_crosswalk_scalar_count	0
seismology_benchmark.json	strict_scalar_pass	True
seismology_benchmark.json	effective_scalar_pass	True
seismology_benchmark.json	max_gate_scalar_error_pct	None
seismology_benchmark.json	tier_scalar_median_error_pct	None
seismology_benchmark.json	tier_scalar_pass	True
seismology_benchmark.json	tier_scalar_max_pass	True
seismology_benchmark.json	scalar_median_pass	True
seismology_benchmark.json	classifier_count	500
seismology_benchmark.json	classifier_correct	500
seismology_benchmark.json	classifier_accuracy_pct	100.0
seismology_benchmark.json	classifier_pass	True
seismology_benchmark.json	official_pooled_median_error_pct	None
seismology_benchmark.json	green_gate_pass	True
seismology_benchmark.json	max_scalar_name	None
seismology_benchmark.json	max_scalar_property	None
seismology_benchmark.json	max_gate_scalar_name	None
seismology_benchmark.json	worst_effective_scalar_name	None
seismology_deep_benchmark.json	records	1000
seismology_deep_benchmark.json	pooled_median_error_pct	0.0
seismology_deep_benchmark.json	scalar_count	0
seismology_deep_benchmark.json	scalar_median_error_pct	None
seismology_deep_benchmark.json	max_scalar_error_pct	None
seismology_deep_benchmark.json	effective_scalar_median_error_pct	None
seismology_deep_benchmark.json	max_effective_scalar_error_pct	None
seismology_deep_benchmark.json	worst_effective_scalar_error_pct	None
seismology_deep_benchmark.json	rounding_ghost_scalar_count	0
seismology_deep_benchmark.json	catalog_crosswalk_scalar_count	0
seismology_deep_benchmark.json	strict_scalar_pass	True
seismology_deep_benchmark.json	effective_scalar_pass	True
seismology_deep_benchmark.json	max_gate_scalar_error_pct	None
seismology_deep_benchmark.json	tier_scalar_median_error_pct	None
seismology_deep_benchmark.json	tier_scalar_pass	True
seismology_deep_benchmark.json	tier_scalar_max_pass	True
seismology_deep_benchmark.json	scalar_median_pass	True
seismology_deep_benchmark.json	classifier_count	1000
seismology_deep_benchmark.json	classifier_correct	1000
seismology_deep_benchmark.json	classifier_accuracy_pct	100.0
seismology_deep_benchmark.json	classifier_pass	True
seismology_deep_benchmark.json	official_pooled_median_error_pct	None
seismology_deep_benchmark.json	green_gate_pass	True
seismology_deep_benchmark.json	max_scalar_name	None
seismology_deep_benchmark.json	max_scalar_property	None
seismology_deep_benchmark.json	max_gate_scalar_name	None
seismology_deep_benchmark.json	worst_effective_scalar_name	None
semiconductor_physics_public_panel_benchmark.json	records	24
semiconductor_physics_public_panel_benchmark.json	pooled_median_error_pct	0.0
semiconductor_physics_public_panel_benchmark.json	scalar_count	23
semiconductor_physics_public_panel_benchmark.json	scalar_median_error_pct	0.0
semiconductor_physics_public_panel_benchmark.json	max_scalar_error_pct	0.322515247
semiconductor_physics_public_panel_benchmark.json	effective_scalar_median_error_pct	0.0
semiconductor_physics_public_panel_benchmark.json	max_effective_scalar_error_pct	0.32251524652639874
semiconductor_physics_public_panel_benchmark.json	worst_effective_scalar_error_pct	0.32251524652639874
semiconductor_physics_public_panel_benchmark.json	rounding_ghost_scalar_count	0
semiconductor_physics_public_panel_benchmark.json	catalog_crosswalk_scalar_count	0
semiconductor_physics_public_panel_benchmark.json	strict_scalar_pass	True
semiconductor_physics_public_panel_benchmark.json	effective_scalar_pass	True
semiconductor_physics_public_panel_benchmark.json	max_gate_scalar_error_pct	0.322515247
semiconductor_physics_public_panel_benchmark.json	tier_scalar_median_error_pct	0.0
semiconductor_physics_public_panel_benchmark.json	tier_scalar_pass	True
semiconductor_physics_public_panel_benchmark.json	tier_scalar_max_pass	False
semiconductor_physics_public_panel_benchmark.json	scalar_median_pass	True
semiconductor_physics_public_panel_benchmark.json	classifier_count	0
semiconductor_physics_public_panel_benchmark.json	classifier_correct	0
semiconductor_physics_public_panel_benchmark.json	classifier_accuracy_pct	None
semiconductor_physics_public_panel_benchmark.json	classifier_pass	True
semiconductor_physics_public_panel_benchmark.json	official_pooled_median_error_pct	0.0
semiconductor_physics_public_panel_benchmark.json	green_gate_pass	True
semiconductor_physics_public_panel_benchmark.json	max_scalar_name	7b2ceb17815ebbbe
semiconductor_physics_public_panel_benchmark.json	max_scalar_property	electron
semiconductor_physics_public_panel_benchmark.json	max_gate_scalar_name	7b2ceb17815ebbbe
semiconductor_physics_public_panel_benchmark.json	worst_effective_scalar_name	7b2ceb17815ebbbe
sh0es_full_sample_benchmark.json	records	48
sh0es_full_sample_benchmark.json	pooled_median_error_pct	0.14095024176268078
sh0es_full_sample_benchmark.json	scalar_count	5
sh0es_full_sample_benchmark.json	scalar_median_error_pct	0.14095024176268078
sh0es_full_sample_benchmark.json	max_scalar_error_pct	0.2167094952691788
sh0es_full_sample_benchmark.json	effective_scalar_median_error_pct	0.03195909236177692
sh0es_full_sample_benchmark.json	max_effective_scalar_error_pct	0.2167094952691788
sh0es_full_sample_benchmark.json	worst_effective_scalar_error_pct	0.2167094952691788
sh0es_full_sample_benchmark.json	rounding_ghost_scalar_count	0
sh0es_full_sample_benchmark.json	catalog_crosswalk_scalar_count	0
sh0es_full_sample_benchmark.json	strict_scalar_pass	True
sh0es_full_sample_benchmark.json	effective_scalar_pass	True
sh0es_full_sample_benchmark.json	max_gate_scalar_error_pct	0.2167094952691788
sh0es_full_sample_benchmark.json	tier_scalar_median_error_pct	0.03195909236177692
sh0es_full_sample_benchmark.json	tier_scalar_pass	True
sh0es_full_sample_benchmark.json	tier_scalar_max_pass	False
sh0es_full_sample_benchmark.json	scalar_median_pass	True
sh0es_full_sample_benchmark.json	classifier_count	0
sh0es_full_sample_benchmark.json	classifier_correct	0
sh0es_full_sample_benchmark.json	classifier_accuracy_pct	None
sh0es_full_sample_benchmark.json	classifier_pass	True
sh0es_full_sample_benchmark.json	official_pooled_median_error_pct	0.14095024176268078
sh0es_full_sample_benchmark.json	green_gate_pass	True
sh0es_full_sample_benchmark.json	max_scalar_name	PL_slope_vs_R22_baseline_bW
sh0es_full_sample_benchmark.json	max_scalar_property	pl_slope_nir
sh0es_full_sample_benchmark.json	max_gate_scalar_name	PL_slope_vs_R22_baseline_bW
sh0es_full_sample_benchmark.json	worst_effective_scalar_name	PL_slope_vs_R22_baseline_bW
sh0es_full_sample_benchmark.json	lb_records	0
sh0es_full_sample_benchmark.json	lb_unrouted	5
sh0es_full_sample_benchmark.json	lb_computed_match	0
sh0es_full_sample_benchmark.json	lb_scalar_match	0
sh0es_full_sample_benchmark.json	lb_error_match	0
sh0es_full_sample_benchmark.json	lb_max_rel_dev	0.0
sh0es_ladder_chain_benchmark.json	records	5
sh0es_ladder_chain_benchmark.json	pooled_median_error_pct	0.328405
sh0es_ladder_chain_benchmark.json	scalar_count	4
sh0es_ladder_chain_benchmark.json	scalar_median_error_pct	0.328405
sh0es_ladder_chain_benchmark.json	max_scalar_error_pct	0.424434
sh0es_ladder_chain_benchmark.json	effective_scalar_median_error_pct	0.0
sh0es_ladder_chain_benchmark.json	max_effective_scalar_error_pct	0.424434
sh0es_ladder_chain_benchmark.json	worst_effective_scalar_error_pct	0.0
sh0es_ladder_chain_benchmark.json	rounding_ghost_scalar_count	0
sh0es_ladder_chain_benchmark.json	catalog_crosswalk_scalar_count	0
sh0es_ladder_chain_benchmark.json	strict_scalar_pass	True
sh0es_ladder_chain_benchmark.json	effective_scalar_pass	True
sh0es_ladder_chain_benchmark.json	max_gate_scalar_error_pct	0.424434
sh0es_ladder_chain_benchmark.json	tier_scalar_median_error_pct	0.0
sh0es_ladder_chain_benchmark.json	tier_scalar_pass	True
sh0es_ladder_chain_benchmark.json	tier_scalar_max_pass	False
sh0es_ladder_chain_benchmark.json	scalar_median_pass	True
sh0es_ladder_chain_benchmark.json	classifier_count	0
sh0es_ladder_chain_benchmark.json	classifier_correct	0
sh0es_ladder_chain_benchmark.json	classifier_accuracy_pct	None
sh0es_ladder_chain_benchmark.json	classifier_pass	True
sh0es_ladder_chain_benchmark.json	official_pooled_median_error_pct	0.328405
sh0es_ladder_chain_benchmark.json	green_gate_pass	True
sh0es_ladder_chain_benchmark.json	max_scalar_name	JWST_Perfect_Host_vs_hosts_only
sh0es_ladder_chain_benchmark.json	max_scalar_property	local_ladder_h0
sh0es_ladder_chain_benchmark.json	max_gate_scalar_name	JWST_Perfect_Host_vs_hosts_only
sh0es_ladder_chain_benchmark.json	worst_effective_scalar_name	None
sh0es_ladder_chain_benchmark.json	lb_records	0
sh0es_ladder_chain_benchmark.json	lb_unrouted	4
sh0es_ladder_chain_benchmark.json	lb_computed_match	0
sh0es_ladder_chain_benchmark.json	lb_scalar_match	0
sh0es_ladder_chain_benchmark.json	lb_error_match	0
sh0es_ladder_chain_benchmark.json	lb_max_rel_dev	0.0
sh0es_refined_benchmark.json	records	32
sh0es_refined_benchmark.json	pooled_median_error_pct	0.0
sh0es_refined_benchmark.json	scalar_count	0
sh0es_refined_benchmark.json	scalar_median_error_pct	None
sh0es_refined_benchmark.json	max_scalar_error_pct	None
sh0es_refined_benchmark.json	effective_scalar_median_error_pct	None
sh0es_refined_benchmark.json	max_effective_scalar_error_pct	None
sh0es_refined_benchmark.json	worst_effective_scalar_error_pct	None
sh0es_refined_benchmark.json	rounding_ghost_scalar_count	0
sh0es_refined_benchmark.json	catalog_crosswalk_scalar_count	0
sh0es_refined_benchmark.json	strict_scalar_pass	True
sh0es_refined_benchmark.json	effective_scalar_pass	True
sh0es_refined_benchmark.json	max_gate_scalar_error_pct	None
sh0es_refined_benchmark.json	tier_scalar_median_error_pct	None
sh0es_refined_benchmark.json	tier_scalar_pass	True
sh0es_refined_benchmark.json	tier_scalar_max_pass	True
sh0es_refined_benchmark.json	scalar_median_pass	True
sh0es_refined_benchmark.json	classifier_count	0
sh0es_refined_benchmark.json	classifier_correct	0
sh0es_refined_benchmark.json	classifier_accuracy_pct	None
sh0es_refined_benchmark.json	classifier_pass	True
sh0es_refined_benchmark.json	official_pooled_median_error_pct	None
sh0es_refined_benchmark.json	green_gate_pass	True
sh0es_refined_benchmark.json	max_scalar_name	None
sh0es_refined_benchmark.json	max_scalar_property	None
sh0es_refined_benchmark.json	max_gate_scalar_name	None
sh0es_refined_benchmark.json	worst_effective_scalar_name	None
simbad_identity_depth_open_benchmark.json	records	1365
simbad_identity_depth_open_benchmark.json	pooled_median_error_pct	0.022461
simbad_identity_depth_open_benchmark.json	scalar_count	1364
simbad_identity_depth_open_benchmark.json	scalar_median_error_pct	0.022461
simbad_identity_depth_open_benchmark.json	max_scalar_error_pct	0.022461
simbad_identity_depth_open_benchmark.json	effective_scalar_median_error_pct	0.0224615277871305
simbad_identity_depth_open_benchmark.json	max_effective_scalar_error_pct	0.022461666118237703
simbad_identity_depth_open_benchmark.json	worst_effective_scalar_error_pct	0.022500000000006487
simbad_identity_depth_open_benchmark.json	rounding_ghost_scalar_count	0
simbad_identity_depth_open_benchmark.json	catalog_crosswalk_scalar_count	0
simbad_identity_depth_open_benchmark.json	strict_scalar_pass	True
simbad_identity_depth_open_benchmark.json	effective_scalar_pass	True
simbad_identity_depth_open_benchmark.json	max_gate_scalar_error_pct	0.022461
simbad_identity_depth_open_benchmark.json	tier_scalar_median_error_pct	0.0224615277871305
simbad_identity_depth_open_benchmark.json	tier_scalar_pass	True
simbad_identity_depth_open_benchmark.json	tier_scalar_max_pass	True
simbad_identity_depth_open_benchmark.json	scalar_median_pass	True
simbad_identity_depth_open_benchmark.json	classifier_count	0
simbad_identity_depth_open_benchmark.json	classifier_correct	0
simbad_identity_depth_open_benchmark.json	classifier_accuracy_pct	None
simbad_identity_depth_open_benchmark.json	classifier_pass	True
simbad_identity_depth_open_benchmark.json	official_pooled_median_error_pct	0.022461
simbad_identity_depth_open_benchmark.json	green_gate_pass	True
simbad_identity_depth_open_benchmark.json	max_scalar_name	LP  335-8
simbad_identity_depth_open_benchmark.json	max_scalar_property	ra_deg
simbad_identity_depth_open_benchmark.json	max_gate_scalar_name	LP  335-8
simbad_identity_depth_open_benchmark.json	worst_effective_scalar_name	UCAC4 274-061718
simbad_identity_depth_open_benchmark.json	lb_records	1365
simbad_identity_depth_open_benchmark.json	lb_unrouted	0
simbad_identity_depth_open_benchmark.json	lb_computed_match	0
simbad_identity_depth_open_benchmark.json	lb_scalar_match	0
simbad_identity_depth_open_benchmark.json	lb_error_match	0
simbad_identity_depth_open_benchmark.json	lb_max_rel_dev	0.000511969602575884
simbad_stellar_identity_deep_benchmark.json	records	520
simbad_stellar_identity_deep_benchmark.json	pooled_median_error_pct	0.022461
simbad_stellar_identity_deep_benchmark.json	scalar_count	520
simbad_stellar_identity_deep_benchmark.json	scalar_median_error_pct	0.022461
simbad_stellar_identity_deep_benchmark.json	max_scalar_error_pct	0.022461
simbad_stellar_identity_deep_benchmark.json	effective_scalar_median_error_pct	0.022461481011457597
simbad_stellar_identity_deep_benchmark.json	max_effective_scalar_error_pct	0.022454163545771635
simbad_stellar_identity_deep_benchmark.json	worst_effective_scalar_error_pct	0.022499999999999375
simbad_stellar_identity_deep_benchmark.json	rounding_ghost_scalar_count	0
simbad_stellar_identity_deep_benchmark.json	catalog_crosswalk_scalar_count	0
simbad_stellar_identity_deep_benchmark.json	strict_scalar_pass	True
simbad_stellar_identity_deep_benchmark.json	effective_scalar_pass	True
simbad_stellar_identity_deep_benchmark.json	max_gate_scalar_error_pct	0.022461
simbad_stellar_identity_deep_benchmark.json	tier_scalar_median_error_pct	0.022461481011457597
simbad_stellar_identity_deep_benchmark.json	tier_scalar_pass	True
simbad_stellar_identity_deep_benchmark.json	tier_scalar_max_pass	True
simbad_stellar_identity_deep_benchmark.json	scalar_median_pass	True
simbad_stellar_identity_deep_benchmark.json	classifier_count	0
simbad_stellar_identity_deep_benchmark.json	classifier_correct	0
simbad_stellar_identity_deep_benchmark.json	classifier_accuracy_pct	None
simbad_stellar_identity_deep_benchmark.json	classifier_pass	True
simbad_stellar_identity_deep_benchmark.json	official_pooled_median_error_pct	0.022461
simbad_stellar_identity_deep_benchmark.json	green_gate_pass	True
simbad_stellar_identity_deep_benchmark.json	max_scalar_name	*  24 Psc
simbad_stellar_identity_deep_benchmark.json	max_scalar_property	plx_mas
simbad_stellar_identity_deep_benchmark.json	max_gate_scalar_name	*  24 Psc
simbad_stellar_identity_deep_benchmark.json	worst_effective_scalar_name	del Ori
simbad_stellar_identity_deep_benchmark.json	lb_records	520
simbad_stellar_identity_deep_benchmark.json	lb_unrouted	0
simbad_stellar_identity_deep_benchmark.json	lb_computed_match	0
simbad_stellar_identity_deep_benchmark.json	lb_scalar_match	0
simbad_stellar_identity_deep_benchmark.json	lb_error_match	0
simbad_stellar_identity_deep_benchmark.json	lb_max_rel_dev	0.0005096259345640404
small_body_orbits_benchmark.json	records	23
small_body_orbits_benchmark.json	pooled_median_error_pct	0.000561846
small_body_orbits_benchmark.json	scalar_count	23
small_body_orbits_benchmark.json	scalar_median_error_pct	0.000561846
small_body_orbits_benchmark.json	max_scalar_error_pct	0.00423739
small_body_orbits_benchmark.json	effective_scalar_median_error_pct	0.0005618458987473253
small_body_orbits_benchmark.json	max_effective_scalar_error_pct	0.0042373899907116284
small_body_orbits_benchmark.json	worst_effective_scalar_error_pct	0.0042373899907116284
small_body_orbits_benchmark.json	rounding_ghost_scalar_count	0
small_body_orbits_benchmark.json	catalog_crosswalk_scalar_count	0
small_body_orbits_benchmark.json	strict_scalar_pass	True
small_body_orbits_benchmark.json	effective_scalar_pass	True
small_body_orbits_benchmark.json	max_gate_scalar_error_pct	0.00423739
small_body_orbits_benchmark.json	tier_scalar_median_error_pct	0.0005618458987473253
small_body_orbits_benchmark.json	tier_scalar_pass	True
small_body_orbits_benchmark.json	tier_scalar_max_pass	True
small_body_orbits_benchmark.json	scalar_median_pass	True
small_body_orbits_benchmark.json	classifier_count	0
small_body_orbits_benchmark.json	classifier_correct	0
small_body_orbits_benchmark.json	classifier_accuracy_pct	None
small_body_orbits_benchmark.json	classifier_pass	True
small_body_orbits_benchmark.json	official_pooled_median_error_pct	0.000561846
small_body_orbits_benchmark.json	green_gate_pass	True
small_body_orbits_benchmark.json	max_scalar_name	396e8db24cbb0e77
small_body_orbits_benchmark.json	max_scalar_property	NO₂(g)
small_body_orbits_benchmark.json	max_gate_scalar_name	396e8db24cbb0e77
small_body_orbits_benchmark.json	worst_effective_scalar_name	396e8db24cbb0e77
sociology_gap_fill_benchmark.json	records	200
sociology_gap_fill_benchmark.json	pooled_median_error_pct	0.019504399572475274
sociology_gap_fill_benchmark.json	scalar_count	0
sociology_gap_fill_benchmark.json	scalar_median_error_pct	None
sociology_gap_fill_benchmark.json	max_scalar_error_pct	None
sociology_gap_fill_benchmark.json	effective_scalar_median_error_pct	None
sociology_gap_fill_benchmark.json	max_effective_scalar_error_pct	None
sociology_gap_fill_benchmark.json	worst_effective_scalar_error_pct	None
sociology_gap_fill_benchmark.json	rounding_ghost_scalar_count	0
sociology_gap_fill_benchmark.json	catalog_crosswalk_scalar_count	0
sociology_gap_fill_benchmark.json	strict_scalar_pass	True
sociology_gap_fill_benchmark.json	effective_scalar_pass	True
sociology_gap_fill_benchmark.json	max_gate_scalar_error_pct	None
sociology_gap_fill_benchmark.json	tier_scalar_median_error_pct	None
sociology_gap_fill_benchmark.json	tier_scalar_pass	True
sociology_gap_fill_benchmark.json	tier_scalar_max_pass	True
sociology_gap_fill_benchmark.json	scalar_median_pass	True
sociology_gap_fill_benchmark.json	classifier_count	0
sociology_gap_fill_benchmark.json	classifier_correct	0
sociology_gap_fill_benchmark.json	classifier_accuracy_pct	None
sociology_gap_fill_benchmark.json	classifier_pass	True
sociology_gap_fill_benchmark.json	official_pooled_median_error_pct	None
sociology_gap_fill_benchmark.json	green_gate_pass	True
sociology_gap_fill_benchmark.json	max_scalar_name	None
sociology_gap_fill_benchmark.json	max_scalar_property	None
sociology_gap_fill_benchmark.json	max_gate_scalar_name	None
sociology_gap_fill_benchmark.json	worst_effective_scalar_name	None
soil_science_panel_benchmark.json	records	96
soil_science_panel_benchmark.json	pooled_median_error_pct	0.006006
soil_science_panel_benchmark.json	scalar_count	96
soil_science_panel_benchmark.json	scalar_median_error_pct	0.006006
soil_science_panel_benchmark.json	max_scalar_error_pct	0.01341
soil_science_panel_benchmark.json	effective_scalar_median_error_pct	0.006006315789477412
soil_science_panel_benchmark.json	max_effective_scalar_error_pct	0.013382352941169445
soil_science_panel_benchmark.json	worst_effective_scalar_error_pct	0.013441558441562872
soil_science_panel_benchmark.json	rounding_ghost_scalar_count	0
soil_science_panel_benchmark.json	catalog_crosswalk_scalar_count	0
soil_science_panel_benchmark.json	strict_scalar_pass	True
soil_science_panel_benchmark.json	effective_scalar_pass	True
soil_science_panel_benchmark.json	max_gate_scalar_error_pct	0.01341
soil_science_panel_benchmark.json	tier_scalar_median_error_pct	0.006006315789477412
soil_science_panel_benchmark.json	tier_scalar_pass	True
soil_science_panel_benchmark.json	tier_scalar_max_pass	True
soil_science_panel_benchmark.json	scalar_median_pass	True
soil_science_panel_benchmark.json	classifier_count	0
soil_science_panel_benchmark.json	classifier_correct	0
soil_science_panel_benchmark.json	classifier_accuracy_pct	None
soil_science_panel_benchmark.json	classifier_pass	True
soil_science_panel_benchmark.json	official_pooled_median_error_pct	0.006006
soil_science_panel_benchmark.json	green_gate_pass	True
soil_science_panel_benchmark.json	max_scalar_name	kansas_0-5cm
soil_science_panel_benchmark.json	max_scalar_property	value
soil_science_panel_benchmark.json	max_gate_scalar_name	kansas_0-5cm
soil_science_panel_benchmark.json	worst_effective_scalar_name	kansas_5-15cm
soil_science_panel_benchmark.json	lb_records	96
soil_science_panel_benchmark.json	lb_unrouted	0
soil_science_panel_benchmark.json	lb_computed_match	0
soil_science_panel_benchmark.json	lb_scalar_match	0
soil_science_panel_benchmark.json	lb_error_match	0
soil_science_panel_benchmark.json	lb_max_rel_dev	0.0006367970463454996
solar_system_structure_deep_benchmark.json	records	48
solar_system_structure_deep_benchmark.json	pooled_median_error_pct	0.0
solar_system_structure_deep_benchmark.json	scalar_count	0
solar_system_structure_deep_benchmark.json	scalar_median_error_pct	None
solar_system_structure_deep_benchmark.json	max_scalar_error_pct	None
solar_system_structure_deep_benchmark.json	effective_scalar_median_error_pct	None
solar_system_structure_deep_benchmark.json	max_effective_scalar_error_pct	None
solar_system_structure_deep_benchmark.json	worst_effective_scalar_error_pct	None
solar_system_structure_deep_benchmark.json	rounding_ghost_scalar_count	0
solar_system_structure_deep_benchmark.json	catalog_crosswalk_scalar_count	0
solar_system_structure_deep_benchmark.json	strict_scalar_pass	True
solar_system_structure_deep_benchmark.json	effective_scalar_pass	True
solar_system_structure_deep_benchmark.json	max_gate_scalar_error_pct	None
solar_system_structure_deep_benchmark.json	tier_scalar_median_error_pct	None
solar_system_structure_deep_benchmark.json	tier_scalar_pass	True
solar_system_structure_deep_benchmark.json	tier_scalar_max_pass	True
solar_system_structure_deep_benchmark.json	scalar_median_pass	True
solar_system_structure_deep_benchmark.json	classifier_count	0
solar_system_structure_deep_benchmark.json	classifier_correct	0
solar_system_structure_deep_benchmark.json	classifier_accuracy_pct	None
solar_system_structure_deep_benchmark.json	classifier_pass	True
solar_system_structure_deep_benchmark.json	official_pooled_median_error_pct	None
solar_system_structure_deep_benchmark.json	green_gate_pass	True
solar_system_structure_deep_benchmark.json	max_scalar_name	None
solar_system_structure_deep_benchmark.json	max_scalar_property	None
solar_system_structure_deep_benchmark.json	max_gate_scalar_name	None
solar_system_structure_deep_benchmark.json	worst_effective_scalar_name	None
space_propulsion_systems_benchmark.json	records	21
space_propulsion_systems_benchmark.json	pooled_median_error_pct	0.0
space_propulsion_systems_benchmark.json	scalar_count	20
space_propulsion_systems_benchmark.json	scalar_median_error_pct	0.0
space_propulsion_systems_benchmark.json	max_scalar_error_pct	0.0
space_propulsion_systems_benchmark.json	effective_scalar_median_error_pct	0.0
space_propulsion_systems_benchmark.json	max_effective_scalar_error_pct	0.0
space_propulsion_systems_benchmark.json	worst_effective_scalar_error_pct	0.0
space_propulsion_systems_benchmark.json	rounding_ghost_scalar_count	0
space_propulsion_systems_benchmark.json	catalog_crosswalk_scalar_count	0
space_propulsion_systems_benchmark.json	strict_scalar_pass	True
space_propulsion_systems_benchmark.json	effective_scalar_pass	True
space_propulsion_systems_benchmark.json	max_gate_scalar_error_pct	0.0
space_propulsion_systems_benchmark.json	tier_scalar_median_error_pct	0.0
space_propulsion_systems_benchmark.json	tier_scalar_pass	True
space_propulsion_systems_benchmark.json	tier_scalar_max_pass	True
space_propulsion_systems_benchmark.json	scalar_median_pass	True
space_propulsion_systems_benchmark.json	classifier_count	0
space_propulsion_systems_benchmark.json	classifier_correct	0
space_propulsion_systems_benchmark.json	classifier_accuracy_pct	None
space_propulsion_systems_benchmark.json	classifier_pass	True
space_propulsion_systems_benchmark.json	official_pooled_median_error_pct	0.0
space_propulsion_systems_benchmark.json	green_gate_pass	True
space_propulsion_systems_benchmark.json	max_scalar_name	None
space_propulsion_systems_benchmark.json	max_scalar_property	None
space_propulsion_systems_benchmark.json	max_gate_scalar_name	None
space_propulsion_systems_benchmark.json	worst_effective_scalar_name	None
space_weather_benchmark.json	records	271813
space_weather_benchmark.json	pooled_median_error_pct	0.0
space_weather_benchmark.json	scalar_count	0
space_weather_benchmark.json	scalar_median_error_pct	None
space_weather_benchmark.json	max_scalar_error_pct	None
space_weather_benchmark.json	effective_scalar_median_error_pct	None
space_weather_benchmark.json	max_effective_scalar_error_pct	None
space_weather_benchmark.json	worst_effective_scalar_error_pct	None
space_weather_benchmark.json	rounding_ghost_scalar_count	0
space_weather_benchmark.json	catalog_crosswalk_scalar_count	0
space_weather_benchmark.json	strict_scalar_pass	True
space_weather_benchmark.json	effective_scalar_pass	True
space_weather_benchmark.json	max_gate_scalar_error_pct	None
space_weather_benchmark.json	tier_scalar_median_error_pct	None
space_weather_benchmark.json	tier_scalar_pass	True
space_weather_benchmark.json	tier_scalar_max_pass	True
space_weather_benchmark.json	scalar_median_pass	True
space_weather_benchmark.json	classifier_count	271813
space_weather_benchmark.json	classifier_correct	271813
space_weather_benchmark.json	classifier_accuracy_pct	100.0
space_weather_benchmark.json	classifier_pass	True
space_weather_benchmark.json	official_pooled_median_error_pct	None
space_weather_benchmark.json	green_gate_pass	True
space_weather_benchmark.json	max_scalar_name	None
space_weather_benchmark.json	max_scalar_property	None
space_weather_benchmark.json	max_gate_scalar_name	None
space_weather_benchmark.json	worst_effective_scalar_name	None
space_weather_summary_benchmark.json	records	271813
space_weather_summary_benchmark.json	pooled_median_error_pct	0.0
space_weather_summary_benchmark.json	scalar_count	0
space_weather_summary_benchmark.json	scalar_median_error_pct	None
space_weather_summary_benchmark.json	max_scalar_error_pct	None
space_weather_summary_benchmark.json	effective_scalar_median_error_pct	None
space_weather_summary_benchmark.json	max_effective_scalar_error_pct	None
space_weather_summary_benchmark.json	worst_effective_scalar_error_pct	None
space_weather_summary_benchmark.json	rounding_ghost_scalar_count	0
space_weather_summary_benchmark.json	catalog_crosswalk_scalar_count	0
space_weather_summary_benchmark.json	strict_scalar_pass	True
space_weather_summary_benchmark.json	effective_scalar_pass	True
space_weather_summary_benchmark.json	max_gate_scalar_error_pct	None
space_weather_summary_benchmark.json	tier_scalar_median_error_pct	None
space_weather_summary_benchmark.json	tier_scalar_pass	True
space_weather_summary_benchmark.json	tier_scalar_max_pass	True
space_weather_summary_benchmark.json	scalar_median_pass	True
space_weather_summary_benchmark.json	classifier_count	501
space_weather_summary_benchmark.json	classifier_correct	501
space_weather_summary_benchmark.json	classifier_accuracy_pct	100.0
space_weather_summary_benchmark.json	classifier_pass	True
space_weather_summary_benchmark.json	official_pooled_median_error_pct	None
space_weather_summary_benchmark.json	green_gate_pass	True
space_weather_summary_benchmark.json	max_scalar_name	None
space_weather_summary_benchmark.json	max_scalar_property	None
space_weather_summary_benchmark.json	max_gate_scalar_name	None
space_weather_summary_benchmark.json	worst_effective_scalar_name	None
speleology_extension_benchmark.json	records	65
speleology_extension_benchmark.json	pooled_median_error_pct	0.0034072140135262413
speleology_extension_benchmark.json	scalar_count	40
speleology_extension_benchmark.json	scalar_median_error_pct	0.04459015721103052
speleology_extension_benchmark.json	max_scalar_error_pct	0.406301
speleology_extension_benchmark.json	effective_scalar_median_error_pct	0.044590155906150286
speleology_extension_benchmark.json	max_effective_scalar_error_pct	0.40630089360831667
speleology_extension_benchmark.json	worst_effective_scalar_error_pct	0.40630089360831667
speleology_extension_benchmark.json	rounding_ghost_scalar_count	0
speleology_extension_benchmark.json	catalog_crosswalk_scalar_count	0
speleology_extension_benchmark.json	strict_scalar_pass	True
speleology_extension_benchmark.json	effective_scalar_pass	True
speleology_extension_benchmark.json	max_gate_scalar_error_pct	0.406301
speleology_extension_benchmark.json	tier_scalar_median_error_pct	0.044590155906150286
speleology_extension_benchmark.json	tier_scalar_pass	True
speleology_extension_benchmark.json	tier_scalar_max_pass	False
speleology_extension_benchmark.json	scalar_median_pass	True
speleology_extension_benchmark.json	classifier_count	25
speleology_extension_benchmark.json	classifier_correct	25
speleology_extension_benchmark.json	classifier_accuracy_pct	100.0
speleology_extension_benchmark.json	classifier_pass	True
speleology_extension_benchmark.json	official_pooled_median_error_pct	0.04459015721103052
speleology_extension_benchmark.json	green_gate_pass	True
speleology_extension_benchmark.json	max_scalar_name	He
speleology_extension_benchmark.json	max_scalar_property	§25 vdW Radii
speleology_extension_benchmark.json	max_gate_scalar_name	He
speleology_extension_benchmark.json	worst_effective_scalar_name	He
speleology_panel_benchmark.json	records	24
speleology_panel_benchmark.json	pooled_median_error_pct	0.000637597
speleology_panel_benchmark.json	scalar_count	24
speleology_panel_benchmark.json	scalar_median_error_pct	0.000637597
speleology_panel_benchmark.json	max_scalar_error_pct	0.04459
speleology_panel_benchmark.json	effective_scalar_median_error_pct	0.0006375969321657722
speleology_panel_benchmark.json	max_effective_scalar_error_pct	0.04459016574585419
speleology_panel_benchmark.json	worst_effective_scalar_error_pct	0.04460106382979715
speleology_panel_benchmark.json	rounding_ghost_scalar_count	0
speleology_panel_benchmark.json	catalog_crosswalk_scalar_count	0
speleology_panel_benchmark.json	strict_scalar_pass	True
speleology_panel_benchmark.json	effective_scalar_pass	True
speleology_panel_benchmark.json	max_gate_scalar_error_pct	0.04459
speleology_panel_benchmark.json	tier_scalar_median_error_pct	0.0006375969321657722
speleology_panel_benchmark.json	tier_scalar_pass	True
speleology_panel_benchmark.json	tier_scalar_max_pass	True
speleology_panel_benchmark.json	scalar_median_pass	True
speleology_panel_benchmark.json	classifier_count	0
speleology_panel_benchmark.json	classifier_correct	0
speleology_panel_benchmark.json	classifier_accuracy_pct	None
speleology_panel_benchmark.json	classifier_pass	True
speleology_panel_benchmark.json	official_pooled_median_error_pct	0.000637597
speleology_panel_benchmark.json	green_gate_pass	True
speleology_panel_benchmark.json	max_scalar_name	potomac_karst
speleology_panel_benchmark.json	max_scalar_property	discharge_cfs
speleology_panel_benchmark.json	max_gate_scalar_name	potomac_karst
speleology_panel_benchmark.json	worst_effective_scalar_name	tennessee_cave
speleology_panel_benchmark.json	lb_records	10
speleology_panel_benchmark.json	lb_unrouted	0
speleology_panel_benchmark.json	lb_computed_match	0
speleology_panel_benchmark.json	lb_scalar_match	0
speleology_panel_benchmark.json	lb_error_match	0
speleology_panel_benchmark.json	lb_max_rel_dev	2.9518129684514532e-05
sports_biomechanics_gap_fill_benchmark.json	records	35
sports_biomechanics_gap_fill_benchmark.json	pooled_median_error_pct	0.04447250077037523
sports_biomechanics_gap_fill_benchmark.json	scalar_count	0
sports_biomechanics_gap_fill_benchmark.json	scalar_median_error_pct	None
sports_biomechanics_gap_fill_benchmark.json	max_scalar_error_pct	None
sports_biomechanics_gap_fill_benchmark.json	effective_scalar_median_error_pct	None
sports_biomechanics_gap_fill_benchmark.json	max_effective_scalar_error_pct	None
sports_biomechanics_gap_fill_benchmark.json	worst_effective_scalar_error_pct	None
sports_biomechanics_gap_fill_benchmark.json	rounding_ghost_scalar_count	0
sports_biomechanics_gap_fill_benchmark.json	catalog_crosswalk_scalar_count	0
sports_biomechanics_gap_fill_benchmark.json	strict_scalar_pass	True
sports_biomechanics_gap_fill_benchmark.json	effective_scalar_pass	True
sports_biomechanics_gap_fill_benchmark.json	max_gate_scalar_error_pct	None
sports_biomechanics_gap_fill_benchmark.json	tier_scalar_median_error_pct	None
sports_biomechanics_gap_fill_benchmark.json	tier_scalar_pass	True
sports_biomechanics_gap_fill_benchmark.json	tier_scalar_max_pass	True
sports_biomechanics_gap_fill_benchmark.json	scalar_median_pass	True
sports_biomechanics_gap_fill_benchmark.json	classifier_count	0
sports_biomechanics_gap_fill_benchmark.json	classifier_correct	0
sports_biomechanics_gap_fill_benchmark.json	classifier_accuracy_pct	None
sports_biomechanics_gap_fill_benchmark.json	classifier_pass	True
sports_biomechanics_gap_fill_benchmark.json	official_pooled_median_error_pct	None
sports_biomechanics_gap_fill_benchmark.json	green_gate_pass	True
sports_biomechanics_gap_fill_benchmark.json	max_scalar_name	None
sports_biomechanics_gap_fill_benchmark.json	max_scalar_property	None
sports_biomechanics_gap_fill_benchmark.json	max_gate_scalar_name	None
sports_biomechanics_gap_fill_benchmark.json	worst_effective_scalar_name	None
star_trek_transporter_live_panel_benchmark.json	records	1575
star_trek_transporter_live_panel_benchmark.json	pooled_median_error_pct	0.077084
star_trek_transporter_live_panel_benchmark.json	scalar_count	0
star_trek_transporter_live_panel_benchmark.json	scalar_median_error_pct	None
star_trek_transporter_live_panel_benchmark.json	max_scalar_error_pct	None
star_trek_transporter_live_panel_benchmark.json	effective_scalar_median_error_pct	None
star_trek_transporter_live_panel_benchmark.json	max_effective_scalar_error_pct	None
star_trek_transporter_live_panel_benchmark.json	worst_effective_scalar_error_pct	None
star_trek_transporter_live_panel_benchmark.json	rounding_ghost_scalar_count	0
star_trek_transporter_live_panel_benchmark.json	catalog_crosswalk_scalar_count	0
star_trek_transporter_live_panel_benchmark.json	strict_scalar_pass	True
star_trek_transporter_live_panel_benchmark.json	effective_scalar_pass	True
star_trek_transporter_live_panel_benchmark.json	max_gate_scalar_error_pct	None
star_trek_transporter_live_panel_benchmark.json	tier_scalar_median_error_pct	None
star_trek_transporter_live_panel_benchmark.json	tier_scalar_pass	True
star_trek_transporter_live_panel_benchmark.json	tier_scalar_max_pass	True
star_trek_transporter_live_panel_benchmark.json	scalar_median_pass	True
star_trek_transporter_live_panel_benchmark.json	classifier_count	0
star_trek_transporter_live_panel_benchmark.json	classifier_correct	0
star_trek_transporter_live_panel_benchmark.json	classifier_accuracy_pct	None
star_trek_transporter_live_panel_benchmark.json	classifier_pass	True
star_trek_transporter_live_panel_benchmark.json	official_pooled_median_error_pct	None
star_trek_transporter_live_panel_benchmark.json	green_gate_pass	True
star_trek_transporter_live_panel_benchmark.json	max_scalar_name	None
star_trek_transporter_live_panel_benchmark.json	max_scalar_property	None
star_trek_transporter_live_panel_benchmark.json	max_gate_scalar_name	None
star_trek_transporter_live_panel_benchmark.json	worst_effective_scalar_name	None
star_trek_transporter_live_panel_benchmark.json	lb_records	1574
star_trek_transporter_live_panel_benchmark.json	lb_unrouted	0
star_trek_transporter_live_panel_benchmark.json	lb_computed_match	1574
star_trek_transporter_live_panel_benchmark.json	lb_scalar_match	1574
star_trek_transporter_live_panel_benchmark.json	lb_error_match	1574
star_trek_transporter_live_panel_benchmark.json	lb_max_rel_dev	0.0
statistical_mechanics_public_panel_benchmark.json	records	24
statistical_mechanics_public_panel_benchmark.json	pooled_median_error_pct	0.0
statistical_mechanics_public_panel_benchmark.json	scalar_count	23
statistical_mechanics_public_panel_benchmark.json	scalar_median_error_pct	0.0
statistical_mechanics_public_panel_benchmark.json	max_scalar_error_pct	0.000785396
statistical_mechanics_public_panel_benchmark.json	effective_scalar_median_error_pct	0.0
statistical_mechanics_public_panel_benchmark.json	max_effective_scalar_error_pct	0.0007853963816024306
statistical_mechanics_public_panel_benchmark.json	worst_effective_scalar_error_pct	0.0007853963816024306
statistical_mechanics_public_panel_benchmark.json	rounding_ghost_scalar_count	0
statistical_mechanics_public_panel_benchmark.json	catalog_crosswalk_scalar_count	0
statistical_mechanics_public_panel_benchmark.json	strict_scalar_pass	True
statistical_mechanics_public_panel_benchmark.json	effective_scalar_pass	True
statistical_mechanics_public_panel_benchmark.json	max_gate_scalar_error_pct	0.000785396
statistical_mechanics_public_panel_benchmark.json	tier_scalar_median_error_pct	0.0
statistical_mechanics_public_panel_benchmark.json	tier_scalar_pass	True
statistical_mechanics_public_panel_benchmark.json	tier_scalar_max_pass	True
statistical_mechanics_public_panel_benchmark.json	scalar_median_pass	True
statistical_mechanics_public_panel_benchmark.json	classifier_count	0
statistical_mechanics_public_panel_benchmark.json	classifier_correct	0
statistical_mechanics_public_panel_benchmark.json	classifier_accuracy_pct	None
statistical_mechanics_public_panel_benchmark.json	classifier_pass	True
statistical_mechanics_public_panel_benchmark.json	official_pooled_median_error_pct	0.0
statistical_mechanics_public_panel_benchmark.json	green_gate_pass	True
statistical_mechanics_public_panel_benchmark.json	max_scalar_name	6a9af01dd6d7066c
statistical_mechanics_public_panel_benchmark.json	max_scalar_property	IE_Ar
statistical_mechanics_public_panel_benchmark.json	max_gate_scalar_name	6a9af01dd6d7066c
statistical_mechanics_public_panel_benchmark.json	worst_effective_scalar_name	6a9af01dd6d7066c
stellar_multiplicity_catalog_benchmark.json	records	68
stellar_multiplicity_catalog_benchmark.json	pooled_median_error_pct	0.0
stellar_multiplicity_catalog_benchmark.json	scalar_count	17
stellar_multiplicity_catalog_benchmark.json	scalar_median_error_pct	0.0
stellar_multiplicity_catalog_benchmark.json	max_scalar_error_pct	0.0
stellar_multiplicity_catalog_benchmark.json	effective_scalar_median_error_pct	0.0
stellar_multiplicity_catalog_benchmark.json	max_effective_scalar_error_pct	0.0
stellar_multiplicity_catalog_benchmark.json	worst_effective_scalar_error_pct	0.0
stellar_multiplicity_catalog_benchmark.json	rounding_ghost_scalar_count	0
stellar_multiplicity_catalog_benchmark.json	catalog_crosswalk_scalar_count	0
stellar_multiplicity_catalog_benchmark.json	strict_scalar_pass	True
stellar_multiplicity_catalog_benchmark.json	effective_scalar_pass	True
stellar_multiplicity_catalog_benchmark.json	max_gate_scalar_error_pct	0.0
stellar_multiplicity_catalog_benchmark.json	tier_scalar_median_error_pct	0.0
stellar_multiplicity_catalog_benchmark.json	tier_scalar_pass	True
stellar_multiplicity_catalog_benchmark.json	tier_scalar_max_pass	True
stellar_multiplicity_catalog_benchmark.json	scalar_median_pass	True
stellar_multiplicity_catalog_benchmark.json	classifier_count	0
stellar_multiplicity_catalog_benchmark.json	classifier_correct	0
stellar_multiplicity_catalog_benchmark.json	classifier_accuracy_pct	None
stellar_multiplicity_catalog_benchmark.json	classifier_pass	True
stellar_multiplicity_catalog_benchmark.json	official_pooled_median_error_pct	0.0
stellar_multiplicity_catalog_benchmark.json	green_gate_pass	True
stellar_multiplicity_catalog_benchmark.json	max_scalar_name	None
stellar_multiplicity_catalog_benchmark.json	max_scalar_property	None
stellar_multiplicity_catalog_benchmark.json	max_gate_scalar_name	None
stellar_multiplicity_catalog_benchmark.json	worst_effective_scalar_name	None
stellar_multiplicity_live_deep_benchmark.json	records	69
stellar_multiplicity_live_deep_benchmark.json	pooled_median_error_pct	0.0
stellar_multiplicity_live_deep_benchmark.json	scalar_count	17
stellar_multiplicity_live_deep_benchmark.json	scalar_median_error_pct	0.0
stellar_multiplicity_live_deep_benchmark.json	max_scalar_error_pct	0.0
stellar_multiplicity_live_deep_benchmark.json	effective_scalar_median_error_pct	0.0
stellar_multiplicity_live_deep_benchmark.json	max_effective_scalar_error_pct	0.0
stellar_multiplicity_live_deep_benchmark.json	worst_effective_scalar_error_pct	0.0
stellar_multiplicity_live_deep_benchmark.json	rounding_ghost_scalar_count	0
stellar_multiplicity_live_deep_benchmark.json	catalog_crosswalk_scalar_count	0
stellar_multiplicity_live_deep_benchmark.json	strict_scalar_pass	True
stellar_multiplicity_live_deep_benchmark.json	effective_scalar_pass	True
stellar_multiplicity_live_deep_benchmark.json	max_gate_scalar_error_pct	0.0
stellar_multiplicity_live_deep_benchmark.json	tier_scalar_median_error_pct	0.0
stellar_multiplicity_live_deep_benchmark.json	tier_scalar_pass	True
stellar_multiplicity_live_deep_benchmark.json	tier_scalar_max_pass	True
stellar_multiplicity_live_deep_benchmark.json	scalar_median_pass	True
stellar_multiplicity_live_deep_benchmark.json	classifier_count	0
stellar_multiplicity_live_deep_benchmark.json	classifier_correct	0
stellar_multiplicity_live_deep_benchmark.json	classifier_accuracy_pct	None
stellar_multiplicity_live_deep_benchmark.json	classifier_pass	True
stellar_multiplicity_live_deep_benchmark.json	official_pooled_median_error_pct	0.0
stellar_multiplicity_live_deep_benchmark.json	green_gate_pass	True
stellar_multiplicity_live_deep_benchmark.json	max_scalar_name	None
stellar_multiplicity_live_deep_benchmark.json	max_scalar_property	None
stellar_multiplicity_live_deep_benchmark.json	max_gate_scalar_name	None
stellar_multiplicity_live_deep_benchmark.json	worst_effective_scalar_name	None
structure_calibration_benchmark.json	excluded	True
stsci_mast_telescope_panel_benchmark.json	records	377
stsci_mast_telescope_panel_benchmark.json	pooled_median_error_pct	0.022461
stsci_mast_telescope_panel_benchmark.json	scalar_count	240
stsci_mast_telescope_panel_benchmark.json	scalar_median_error_pct	0.026954
stsci_mast_telescope_panel_benchmark.json	max_scalar_error_pct	0.031446
stsci_mast_telescope_panel_benchmark.json	effective_scalar_median_error_pct	0.02695377082071223
stsci_mast_telescope_panel_benchmark.json	max_effective_scalar_error_pct	0.03144613676336692
stsci_mast_telescope_panel_benchmark.json	worst_effective_scalar_error_pct	0.03852080123267075
stsci_mast_telescope_panel_benchmark.json	rounding_ghost_scalar_count	0
stsci_mast_telescope_panel_benchmark.json	catalog_crosswalk_scalar_count	0
stsci_mast_telescope_panel_benchmark.json	strict_scalar_pass	True
stsci_mast_telescope_panel_benchmark.json	effective_scalar_pass	True
stsci_mast_telescope_panel_benchmark.json	max_gate_scalar_error_pct	0.031446
stsci_mast_telescope_panel_benchmark.json	tier_scalar_median_error_pct	0.02695377082071223
stsci_mast_telescope_panel_benchmark.json	tier_scalar_pass	True
stsci_mast_telescope_panel_benchmark.json	tier_scalar_max_pass	True
stsci_mast_telescope_panel_benchmark.json	scalar_median_pass	True
stsci_mast_telescope_panel_benchmark.json	classifier_count	0
stsci_mast_telescope_panel_benchmark.json	classifier_correct	0
stsci_mast_telescope_panel_benchmark.json	classifier_accuracy_pct	None
stsci_mast_telescope_panel_benchmark.json	classifier_pass	True
stsci_mast_telescope_panel_benchmark.json	official_pooled_median_error_pct	0.026954
stsci_mast_telescope_panel_benchmark.json	green_gate_pass	True
stsci_mast_telescope_panel_benchmark.json	max_scalar_name	55_Cancri
stsci_mast_telescope_panel_benchmark.json	max_scalar_property	median_exptime_hst_s
stsci_mast_telescope_panel_benchmark.json	max_gate_scalar_name	55_Cancri
stsci_mast_telescope_panel_benchmark.json	worst_effective_scalar_name	LMC
stsci_mast_telescope_panel_benchmark.json	lb_records	240
stsci_mast_telescope_panel_benchmark.json	lb_unrouted	0
stsci_mast_telescope_panel_benchmark.json	lb_computed_match	16
stsci_mast_telescope_panel_benchmark.json	lb_scalar_match	0
stsci_mast_telescope_panel_benchmark.json	lb_error_match	15
stsci_mast_telescope_panel_benchmark.json	lb_max_rel_dev	0.0014164305949008842
stumped_observables_panel_benchmark.json	records	22
stumped_observables_panel_benchmark.json	pooled_median_error_pct	0.007871
stumped_observables_panel_benchmark.json	scalar_count	18
stumped_observables_panel_benchmark.json	scalar_median_error_pct	0.007871
stumped_observables_panel_benchmark.json	max_scalar_error_pct	0.341024
stumped_observables_panel_benchmark.json	effective_scalar_median_error_pct	0.0
stumped_observables_panel_benchmark.json	max_effective_scalar_error_pct	0.341024
stumped_observables_panel_benchmark.json	worst_effective_scalar_error_pct	0.3163216666666635
stumped_observables_panel_benchmark.json	rounding_ghost_scalar_count	0
stumped_observables_panel_benchmark.json	catalog_crosswalk_scalar_count	0
stumped_observables_panel_benchmark.json	strict_scalar_pass	True
stumped_observables_panel_benchmark.json	effective_scalar_pass	True
stumped_observables_panel_benchmark.json	max_gate_scalar_error_pct	0.341024
stumped_observables_panel_benchmark.json	tier_scalar_median_error_pct	0.0
stumped_observables_panel_benchmark.json	tier_scalar_pass	True
stumped_observables_panel_benchmark.json	tier_scalar_max_pass	False
stumped_observables_panel_benchmark.json	scalar_median_pass	True
stumped_observables_panel_benchmark.json	classifier_count	0
stumped_observables_panel_benchmark.json	classifier_correct	0
stumped_observables_panel_benchmark.json	classifier_accuracy_pct	None
stumped_observables_panel_benchmark.json	classifier_pass	True
stumped_observables_panel_benchmark.json	official_pooled_median_error_pct	0.007871
stumped_observables_panel_benchmark.json	green_gate_pass	True
stumped_observables_panel_benchmark.json	max_scalar_name	r_c
stumped_observables_panel_benchmark.json	max_scalar_property	dwarf_core_radius
stumped_observables_panel_benchmark.json	max_gate_scalar_name	r_c
stumped_observables_panel_benchmark.json	worst_effective_scalar_name	Lithium_problem_factor
stumped_observables_spine_benchmark.json	records	24
stumped_observables_spine_benchmark.json	pooled_median_error_pct	3.8622500000000005e-05
stumped_observables_spine_benchmark.json	scalar_count	24
stumped_observables_spine_benchmark.json	scalar_median_error_pct	3.8622500000000005e-05
stumped_observables_spine_benchmark.json	max_scalar_error_pct	0.140126
stumped_observables_spine_benchmark.json	effective_scalar_median_error_pct	0.0
stumped_observables_spine_benchmark.json	max_effective_scalar_error_pct	0.140126
stumped_observables_spine_benchmark.json	worst_effective_scalar_error_pct	0.0012491812593340974
stumped_observables_spine_benchmark.json	rounding_ghost_scalar_count	0
stumped_observables_spine_benchmark.json	catalog_crosswalk_scalar_count	0
stumped_observables_spine_benchmark.json	strict_scalar_pass	True
stumped_observables_spine_benchmark.json	effective_scalar_pass	True
stumped_observables_spine_benchmark.json	max_gate_scalar_error_pct	0.140126
stumped_observables_spine_benchmark.json	tier_scalar_median_error_pct	0.0
stumped_observables_spine_benchmark.json	tier_scalar_pass	True
stumped_observables_spine_benchmark.json	tier_scalar_max_pass	False
stumped_observables_spine_benchmark.json	scalar_median_pass	True
stumped_observables_spine_benchmark.json	classifier_count	0
stumped_observables_spine_benchmark.json	classifier_correct	0
stumped_observables_spine_benchmark.json	classifier_accuracy_pct	None
stumped_observables_spine_benchmark.json	classifier_pass	True
stumped_observables_spine_benchmark.json	official_pooled_median_error_pct	3.8622500000000005e-05
stumped_observables_spine_benchmark.json	green_gate_pass	True
stumped_observables_spine_benchmark.json	max_scalar_name	cosmology_anomalies_tier25
stumped_observables_spine_benchmark.json	max_scalar_property	cosmology_anomalies_link
stumped_observables_spine_benchmark.json	max_gate_scalar_name	cosmology_anomalies_tier25
stumped_observables_spine_benchmark.json	worst_effective_scalar_name	5a39d1f6034db5f4
superheavy_element_stability_panel_benchmark.json	records	50
superheavy_element_stability_panel_benchmark.json	pooled_median_error_pct	1e-06
superheavy_element_stability_panel_benchmark.json	scalar_count	35
superheavy_element_stability_panel_benchmark.json	scalar_median_error_pct	1e-06
superheavy_element_stability_panel_benchmark.json	max_scalar_error_pct	0.323111
superheavy_element_stability_panel_benchmark.json	effective_scalar_median_error_pct	9.504134410505045e-07
superheavy_element_stability_panel_benchmark.json	max_effective_scalar_error_pct	0.32311063871848256
superheavy_element_stability_panel_benchmark.json	worst_effective_scalar_error_pct	0.32311063871848256
superheavy_element_stability_panel_benchmark.json	rounding_ghost_scalar_count	0
superheavy_element_stability_panel_benchmark.json	catalog_crosswalk_scalar_count	0
superheavy_element_stability_panel_benchmark.json	strict_scalar_pass	True
superheavy_element_stability_panel_benchmark.json	effective_scalar_pass	True
superheavy_element_stability_panel_benchmark.json	max_gate_scalar_error_pct	0.323111
superheavy_element_stability_panel_benchmark.json	tier_scalar_median_error_pct	9.504134410505045e-07
superheavy_element_stability_panel_benchmark.json	tier_scalar_pass	True
superheavy_element_stability_panel_benchmark.json	tier_scalar_max_pass	False
superheavy_element_stability_panel_benchmark.json	scalar_median_pass	True
superheavy_element_stability_panel_benchmark.json	classifier_count	15
superheavy_element_stability_panel_benchmark.json	classifier_correct	15
superheavy_element_stability_panel_benchmark.json	classifier_accuracy_pct	100.0
superheavy_element_stability_panel_benchmark.json	classifier_pass	True
superheavy_element_stability_panel_benchmark.json	official_pooled_median_error_pct	1e-06
superheavy_element_stability_panel_benchmark.json	green_gate_pass	True
superheavy_element_stability_panel_benchmark.json	max_scalar_name	proton
superheavy_element_stability_panel_benchmark.json	max_scalar_property	particle_mass_relay
superheavy_element_stability_panel_benchmark.json	max_gate_scalar_name	proton
superheavy_element_stability_panel_benchmark.json	worst_effective_scalar_name	proton
superheavy_island_completion_spine_benchmark.json	records	41
superheavy_island_completion_spine_benchmark.json	pooled_median_error_pct	0.0
superheavy_island_completion_spine_benchmark.json	scalar_count	30
superheavy_island_completion_spine_benchmark.json	scalar_median_error_pct	0.0
superheavy_island_completion_spine_benchmark.json	max_scalar_error_pct	0.000787
superheavy_island_completion_spine_benchmark.json	effective_scalar_median_error_pct	4.7520641237497325e-09
superheavy_island_completion_spine_benchmark.json	max_effective_scalar_error_pct	0.0007868965517171343
superheavy_island_completion_spine_benchmark.json	worst_effective_scalar_error_pct	0.0007870000000025356
superheavy_island_completion_spine_benchmark.json	rounding_ghost_scalar_count	0
superheavy_island_completion_spine_benchmark.json	catalog_crosswalk_scalar_count	0
superheavy_island_completion_spine_benchmark.json	strict_scalar_pass	True
superheavy_island_completion_spine_benchmark.json	effective_scalar_pass	True
superheavy_island_completion_spine_benchmark.json	max_gate_scalar_error_pct	0.000787
superheavy_island_completion_spine_benchmark.json	tier_scalar_median_error_pct	4.7520641237497325e-09
superheavy_island_completion_spine_benchmark.json	tier_scalar_pass	True
superheavy_island_completion_spine_benchmark.json	tier_scalar_max_pass	True
superheavy_island_completion_spine_benchmark.json	scalar_median_pass	True
superheavy_island_completion_spine_benchmark.json	classifier_count	3
superheavy_island_completion_spine_benchmark.json	classifier_correct	3
superheavy_island_completion_spine_benchmark.json	classifier_accuracy_pct	100.0
superheavy_island_completion_spine_benchmark.json	classifier_pass	True
superheavy_island_completion_spine_benchmark.json	official_pooled_median_error_pct	0.0
superheavy_island_completion_spine_benchmark.json	green_gate_pass	True
superheavy_island_completion_spine_benchmark.json	max_scalar_name	Z120_Cr_Cm
superheavy_island_completion_spine_benchmark.json	max_scalar_property	beam_energy_mev_u
superheavy_island_completion_spine_benchmark.json	max_gate_scalar_name	Z120_Cr_Cm
superheavy_island_completion_spine_benchmark.json	worst_effective_scalar_name	Z120_Fe_Pu
superheavy_island_emergence_simulation_benchmark.json	records	32
superheavy_island_emergence_simulation_benchmark.json	pooled_median_error_pct	0.0
superheavy_island_emergence_simulation_benchmark.json	scalar_count	25
superheavy_island_emergence_simulation_benchmark.json	scalar_median_error_pct	0.0
superheavy_island_emergence_simulation_benchmark.json	max_scalar_error_pct	1e-06
superheavy_island_emergence_simulation_benchmark.json	effective_scalar_median_error_pct	0.0
superheavy_island_emergence_simulation_benchmark.json	max_effective_scalar_error_pct	1e-06
superheavy_island_emergence_simulation_benchmark.json	worst_effective_scalar_error_pct	9.506132259202384e-07
superheavy_island_emergence_simulation_benchmark.json	rounding_ghost_scalar_count	0
superheavy_island_emergence_simulation_benchmark.json	catalog_crosswalk_scalar_count	0
superheavy_island_emergence_simulation_benchmark.json	strict_scalar_pass	True
superheavy_island_emergence_simulation_benchmark.json	effective_scalar_pass	True
superheavy_island_emergence_simulation_benchmark.json	max_gate_scalar_error_pct	1e-06
superheavy_island_emergence_simulation_benchmark.json	tier_scalar_median_error_pct	0.0
superheavy_island_emergence_simulation_benchmark.json	tier_scalar_pass	True
superheavy_island_emergence_simulation_benchmark.json	tier_scalar_max_pass	True
superheavy_island_emergence_simulation_benchmark.json	scalar_median_pass	True
superheavy_island_emergence_simulation_benchmark.json	classifier_count	6
superheavy_island_emergence_simulation_benchmark.json	classifier_correct	6
superheavy_island_emergence_simulation_benchmark.json	classifier_accuracy_pct	100.0
superheavy_island_emergence_simulation_benchmark.json	classifier_pass	True
superheavy_island_emergence_simulation_benchmark.json	official_pooled_median_error_pct	0.0
superheavy_island_emergence_simulation_benchmark.json	green_gate_pass	True
superheavy_island_emergence_simulation_benchmark.json	max_scalar_name	Z119_N177
superheavy_island_emergence_simulation_benchmark.json	max_scalar_property	island_emergence_score
superheavy_island_emergence_simulation_benchmark.json	max_gate_scalar_name	Z119_N177
superheavy_island_emergence_simulation_benchmark.json	worst_effective_scalar_name	Z122_N184
supply_chain_logistics_extension_benchmark.json	records	40
supply_chain_logistics_extension_benchmark.json	pooled_median_error_pct	0.03230022603427978
supply_chain_logistics_extension_benchmark.json	scalar_count	40
supply_chain_logistics_extension_benchmark.json	scalar_median_error_pct	0.02515962546361099
supply_chain_logistics_extension_benchmark.json	max_scalar_error_pct	0.03230022603429461
supply_chain_logistics_extension_benchmark.json	effective_scalar_median_error_pct	0.018020229215013124
supply_chain_logistics_extension_benchmark.json	max_effective_scalar_error_pct	0.032300000000006435
supply_chain_logistics_extension_benchmark.json	worst_effective_scalar_error_pct	0.032300502512563625
supply_chain_logistics_extension_benchmark.json	rounding_ghost_scalar_count	0
supply_chain_logistics_extension_benchmark.json	catalog_crosswalk_scalar_count	0
supply_chain_logistics_extension_benchmark.json	strict_scalar_pass	True
supply_chain_logistics_extension_benchmark.json	effective_scalar_pass	True
supply_chain_logistics_extension_benchmark.json	max_gate_scalar_error_pct	0.03230022603429461
supply_chain_logistics_extension_benchmark.json	tier_scalar_median_error_pct	0.018020229215013124
supply_chain_logistics_extension_benchmark.json	tier_scalar_pass	True
supply_chain_logistics_extension_benchmark.json	tier_scalar_max_pass	True
supply_chain_logistics_extension_benchmark.json	scalar_median_pass	True
supply_chain_logistics_extension_benchmark.json	classifier_count	0
supply_chain_logistics_extension_benchmark.json	classifier_correct	0
supply_chain_logistics_extension_benchmark.json	classifier_accuracy_pct	None
supply_chain_logistics_extension_benchmark.json	classifier_pass	True
supply_chain_logistics_extension_benchmark.json	official_pooled_median_error_pct	0.02515962546361099
supply_chain_logistics_extension_benchmark.json	green_gate_pass	True
supply_chain_logistics_extension_benchmark.json	max_scalar_name	carrying_cost_pct
supply_chain_logistics_extension_benchmark.json	max_scalar_property	inventory_carrying_cost_pct
supply_chain_logistics_extension_benchmark.json	max_gate_scalar_name	carrying_cost_pct
supply_chain_logistics_extension_benchmark.json	worst_effective_scalar_name	pick_accuracy_pct
supply_chain_logistics_panel_benchmark.json	records	40
supply_chain_logistics_panel_benchmark.json	pooled_median_error_pct	0.02584
supply_chain_logistics_panel_benchmark.json	scalar_count	40
supply_chain_logistics_panel_benchmark.json	scalar_median_error_pct	0.02584
supply_chain_logistics_panel_benchmark.json	max_scalar_error_pct	0.02584
supply_chain_logistics_panel_benchmark.json	effective_scalar_median_error_pct	0.025840180326616228
supply_chain_logistics_panel_benchmark.json	max_effective_scalar_error_pct	0.025840654745248274
supply_chain_logistics_panel_benchmark.json	worst_effective_scalar_error_pct	0.025842541436598462
supply_chain_logistics_panel_benchmark.json	rounding_ghost_scalar_count	0
supply_chain_logistics_panel_benchmark.json	catalog_crosswalk_scalar_count	0
supply_chain_logistics_panel_benchmark.json	strict_scalar_pass	True
supply_chain_logistics_panel_benchmark.json	effective_scalar_pass	True
supply_chain_logistics_panel_benchmark.json	max_gate_scalar_error_pct	0.02584
supply_chain_logistics_panel_benchmark.json	tier_scalar_median_error_pct	0.025840180326616228
supply_chain_logistics_panel_benchmark.json	tier_scalar_pass	True
supply_chain_logistics_panel_benchmark.json	tier_scalar_max_pass	True
supply_chain_logistics_panel_benchmark.json	scalar_median_pass	True
supply_chain_logistics_panel_benchmark.json	classifier_count	0
supply_chain_logistics_panel_benchmark.json	classifier_correct	0
supply_chain_logistics_panel_benchmark.json	classifier_accuracy_pct	None
supply_chain_logistics_panel_benchmark.json	classifier_pass	True
supply_chain_logistics_panel_benchmark.json	official_pooled_median_error_pct	0.02584
supply_chain_logistics_panel_benchmark.json	green_gate_pass	True
supply_chain_logistics_panel_benchmark.json	max_scalar_name	ZH_NE.TRD.GNFS.ZS
supply_chain_logistics_panel_benchmark.json	max_scalar_property	trade_pct_gdp
supply_chain_logistics_panel_benchmark.json	max_gate_scalar_name	ZH_NE.TRD.GNFS.ZS
supply_chain_logistics_panel_benchmark.json	worst_effective_scalar_name	ZI_LP.LPI.OVRL.XQ
supply_chain_logistics_panel_benchmark.json	lb_records	40
supply_chain_logistics_panel_benchmark.json	lb_unrouted	0
supply_chain_logistics_panel_benchmark.json	lb_computed_match	0
supply_chain_logistics_panel_benchmark.json	lb_scalar_match	0
supply_chain_logistics_panel_benchmark.json	lb_error_match	0
supply_chain_logistics_panel_benchmark.json	lb_max_rel_dev	0.0004751231037497822
symbolic_archetype_panel_benchmark.json	records	22
symbolic_archetype_panel_benchmark.json	pooled_median_error_pct	0.0
symbolic_archetype_panel_benchmark.json	scalar_count	0
symbolic_archetype_panel_benchmark.json	scalar_median_error_pct	None
symbolic_archetype_panel_benchmark.json	max_scalar_error_pct	None
symbolic_archetype_panel_benchmark.json	effective_scalar_median_error_pct	None
symbolic_archetype_panel_benchmark.json	max_effective_scalar_error_pct	None
symbolic_archetype_panel_benchmark.json	worst_effective_scalar_error_pct	None
symbolic_archetype_panel_benchmark.json	rounding_ghost_scalar_count	0
symbolic_archetype_panel_benchmark.json	catalog_crosswalk_scalar_count	0
symbolic_archetype_panel_benchmark.json	strict_scalar_pass	True
symbolic_archetype_panel_benchmark.json	effective_scalar_pass	True
symbolic_archetype_panel_benchmark.json	max_gate_scalar_error_pct	None
symbolic_archetype_panel_benchmark.json	tier_scalar_median_error_pct	None
symbolic_archetype_panel_benchmark.json	tier_scalar_pass	True
symbolic_archetype_panel_benchmark.json	tier_scalar_max_pass	True
symbolic_archetype_panel_benchmark.json	scalar_median_pass	True
symbolic_archetype_panel_benchmark.json	classifier_count	0
symbolic_archetype_panel_benchmark.json	classifier_correct	0
symbolic_archetype_panel_benchmark.json	classifier_accuracy_pct	None
symbolic_archetype_panel_benchmark.json	classifier_pass	True
symbolic_archetype_panel_benchmark.json	official_pooled_median_error_pct	None
symbolic_archetype_panel_benchmark.json	green_gate_pass	True
symbolic_archetype_panel_benchmark.json	max_scalar_name	None
symbolic_archetype_panel_benchmark.json	max_scalar_property	None
symbolic_archetype_panel_benchmark.json	max_gate_scalar_name	None
symbolic_archetype_panel_benchmark.json	worst_effective_scalar_name	None
synthetic_biology_benchmark.json	records	20
synthetic_biology_benchmark.json	pooled_median_error_pct	0.0
synthetic_biology_benchmark.json	scalar_count	19
synthetic_biology_benchmark.json	scalar_median_error_pct	0.0
synthetic_biology_benchmark.json	max_scalar_error_pct	0.19157088122605362
synthetic_biology_benchmark.json	effective_scalar_median_error_pct	0.0
synthetic_biology_benchmark.json	max_effective_scalar_error_pct	0.19157088122605362
synthetic_biology_benchmark.json	worst_effective_scalar_error_pct	0.19157088122605362
synthetic_biology_benchmark.json	rounding_ghost_scalar_count	0
synthetic_biology_benchmark.json	catalog_crosswalk_scalar_count	0
synthetic_biology_benchmark.json	strict_scalar_pass	True
synthetic_biology_benchmark.json	effective_scalar_pass	True
synthetic_biology_benchmark.json	max_gate_scalar_error_pct	0.19157088122605362
synthetic_biology_benchmark.json	tier_scalar_median_error_pct	0.0
synthetic_biology_benchmark.json	tier_scalar_pass	True
synthetic_biology_benchmark.json	tier_scalar_max_pass	False
synthetic_biology_benchmark.json	scalar_median_pass	True
synthetic_biology_benchmark.json	classifier_count	0
synthetic_biology_benchmark.json	classifier_correct	0
synthetic_biology_benchmark.json	classifier_accuracy_pct	None
synthetic_biology_benchmark.json	classifier_pass	True
synthetic_biology_benchmark.json	official_pooled_median_error_pct	0.0
synthetic_biology_benchmark.json	green_gate_pass	True
synthetic_biology_benchmark.json	max_scalar_name	MT-ND2
synthetic_biology_benchmark.json	max_scalar_property	mt_operon_length
synthetic_biology_benchmark.json	max_gate_scalar_name	MT-ND2
synthetic_biology_benchmark.json	worst_effective_scalar_name	MT-ND2
tectonics_benchmark.json	records	500
tectonics_benchmark.json	pooled_median_error_pct	0.0
tectonics_benchmark.json	scalar_count	0
tectonics_benchmark.json	scalar_median_error_pct	None
tectonics_benchmark.json	max_scalar_error_pct	None
tectonics_benchmark.json	effective_scalar_median_error_pct	None
tectonics_benchmark.json	max_effective_scalar_error_pct	None
tectonics_benchmark.json	worst_effective_scalar_error_pct	None
tectonics_benchmark.json	rounding_ghost_scalar_count	0
tectonics_benchmark.json	catalog_crosswalk_scalar_count	0
tectonics_benchmark.json	strict_scalar_pass	True
tectonics_benchmark.json	effective_scalar_pass	True
tectonics_benchmark.json	max_gate_scalar_error_pct	None
tectonics_benchmark.json	tier_scalar_median_error_pct	None
tectonics_benchmark.json	tier_scalar_pass	True
tectonics_benchmark.json	tier_scalar_max_pass	True
tectonics_benchmark.json	scalar_median_pass	True
tectonics_benchmark.json	classifier_count	500
tectonics_benchmark.json	classifier_correct	500
tectonics_benchmark.json	classifier_accuracy_pct	100.0
tectonics_benchmark.json	classifier_pass	True
tectonics_benchmark.json	official_pooled_median_error_pct	None
tectonics_benchmark.json	green_gate_pass	True
tectonics_benchmark.json	max_scalar_name	None
tectonics_benchmark.json	max_scalar_property	None
tectonics_benchmark.json	max_gate_scalar_name	None
tectonics_benchmark.json	worst_effective_scalar_name	None
term3_acoustic_bleed_depth_benchmark.json	records	23
term3_acoustic_bleed_depth_benchmark.json	pooled_median_error_pct	0.008381497018408523
term3_acoustic_bleed_depth_benchmark.json	scalar_count	23
term3_acoustic_bleed_depth_benchmark.json	scalar_median_error_pct	0.008381497018408523
term3_acoustic_bleed_depth_benchmark.json	max_scalar_error_pct	0.3297
term3_acoustic_bleed_depth_benchmark.json	effective_scalar_median_error_pct	0.008379999999998944
term3_acoustic_bleed_depth_benchmark.json	max_effective_scalar_error_pct	0.32973959060073643
term3_acoustic_bleed_depth_benchmark.json	worst_effective_scalar_error_pct	0.32973959060073643
term3_acoustic_bleed_depth_benchmark.json	rounding_ghost_scalar_count	0
term3_acoustic_bleed_depth_benchmark.json	catalog_crosswalk_scalar_count	0
term3_acoustic_bleed_depth_benchmark.json	strict_scalar_pass	True
term3_acoustic_bleed_depth_benchmark.json	effective_scalar_pass	True
term3_acoustic_bleed_depth_benchmark.json	max_gate_scalar_error_pct	0.3297
term3_acoustic_bleed_depth_benchmark.json	tier_scalar_median_error_pct	0.008379999999998944
term3_acoustic_bleed_depth_benchmark.json	tier_scalar_pass	True
term3_acoustic_bleed_depth_benchmark.json	tier_scalar_max_pass	False
term3_acoustic_bleed_depth_benchmark.json	scalar_median_pass	True
term3_acoustic_bleed_depth_benchmark.json	classifier_count	0
term3_acoustic_bleed_depth_benchmark.json	classifier_correct	0
term3_acoustic_bleed_depth_benchmark.json	classifier_accuracy_pct	None
term3_acoustic_bleed_depth_benchmark.json	classifier_pass	True
term3_acoustic_bleed_depth_benchmark.json	official_pooled_median_error_pct	0.008381497018408523
term3_acoustic_bleed_depth_benchmark.json	green_gate_pass	True
term3_acoustic_bleed_depth_benchmark.json	max_scalar_name	Aluminum
term3_acoustic_bleed_depth_benchmark.json	max_scalar_property	acoustic_impedance_MRayl
term3_acoustic_bleed_depth_benchmark.json	max_gate_scalar_name	Aluminum
term3_acoustic_bleed_depth_benchmark.json	worst_effective_scalar_name	Aluminum
the_well_outcomes_verification_panel_benchmark.json	records	246
the_well_outcomes_verification_panel_benchmark.json	pooled_median_error_pct	0.031159
the_well_outcomes_verification_panel_benchmark.json	scalar_count	246
the_well_outcomes_verification_panel_benchmark.json	scalar_median_error_pct	0.031159
the_well_outcomes_verification_panel_benchmark.json	max_scalar_error_pct	0.092131
the_well_outcomes_verification_panel_benchmark.json	effective_scalar_median_error_pct	0.0
the_well_outcomes_verification_panel_benchmark.json	max_effective_scalar_error_pct	0.092131
the_well_outcomes_verification_panel_benchmark.json	worst_effective_scalar_error_pct	0.0
the_well_outcomes_verification_panel_benchmark.json	rounding_ghost_scalar_count	0
the_well_outcomes_verification_panel_benchmark.json	catalog_crosswalk_scalar_count	0
the_well_outcomes_verification_panel_benchmark.json	strict_scalar_pass	True
the_well_outcomes_verification_panel_benchmark.json	effective_scalar_pass	True
the_well_outcomes_verification_panel_benchmark.json	max_gate_scalar_error_pct	0.092131
the_well_outcomes_verification_panel_benchmark.json	tier_scalar_median_error_pct	0.0
the_well_outcomes_verification_panel_benchmark.json	tier_scalar_pass	True
the_well_outcomes_verification_panel_benchmark.json	tier_scalar_max_pass	False
the_well_outcomes_verification_panel_benchmark.json	scalar_median_pass	True
the_well_outcomes_verification_panel_benchmark.json	classifier_count	0
the_well_outcomes_verification_panel_benchmark.json	classifier_correct	0
the_well_outcomes_verification_panel_benchmark.json	classifier_accuracy_pct	None
the_well_outcomes_verification_panel_benchmark.json	classifier_pass	True
the_well_outcomes_verification_panel_benchmark.json	official_pooled_median_error_pct	0.031159
the_well_outcomes_verification_panel_benchmark.json	green_gate_pass	True
the_well_outcomes_verification_panel_benchmark.json	max_scalar_name	post_neutron_star_merger
the_well_outcomes_verification_panel_benchmark.json	max_scalar_property	mean_density
the_well_outcomes_verification_panel_benchmark.json	max_gate_scalar_name	post_neutron_star_merger
the_well_outcomes_verification_panel_benchmark.json	worst_effective_scalar_name	None
the_well_spot_check_panel_benchmark.json	records	24
the_well_spot_check_panel_benchmark.json	pooled_median_error_pct	0.015860423
the_well_spot_check_panel_benchmark.json	scalar_count	24
the_well_spot_check_panel_benchmark.json	scalar_median_error_pct	0.015860423
the_well_spot_check_panel_benchmark.json	max_scalar_error_pct	0.031159
the_well_spot_check_panel_benchmark.json	effective_scalar_median_error_pct	0.00030866254885349506
the_well_spot_check_panel_benchmark.json	max_effective_scalar_error_pct	0.031146588526537494
the_well_spot_check_panel_benchmark.json	worst_effective_scalar_error_pct	0.03435540668211626
the_well_spot_check_panel_benchmark.json	rounding_ghost_scalar_count	0
the_well_spot_check_panel_benchmark.json	catalog_crosswalk_scalar_count	0
the_well_spot_check_panel_benchmark.json	strict_scalar_pass	True
the_well_spot_check_panel_benchmark.json	effective_scalar_pass	True
the_well_spot_check_panel_benchmark.json	max_gate_scalar_error_pct	0.031159
the_well_spot_check_panel_benchmark.json	tier_scalar_median_error_pct	0.00030866254885349506
the_well_spot_check_panel_benchmark.json	tier_scalar_pass	True
the_well_spot_check_panel_benchmark.json	tier_scalar_max_pass	True
the_well_spot_check_panel_benchmark.json	scalar_median_pass	True
the_well_spot_check_panel_benchmark.json	classifier_count	0
the_well_spot_check_panel_benchmark.json	classifier_correct	0
the_well_spot_check_panel_benchmark.json	classifier_accuracy_pct	None
the_well_spot_check_panel_benchmark.json	classifier_pass	True
the_well_spot_check_panel_benchmark.json	official_pooled_median_error_pct	0.015860423
the_well_spot_check_panel_benchmark.json	green_gate_pass	True
the_well_spot_check_panel_benchmark.json	max_scalar_name	acoustic_scattering_discontinuous
the_well_spot_check_panel_benchmark.json	max_scalar_property	relay_mean_density
the_well_spot_check_panel_benchmark.json	max_gate_scalar_name	acoustic_scattering_discontinuous
the_well_spot_check_panel_benchmark.json	worst_effective_scalar_name	acoustic_scattering_maze
the_well_verification_spine_benchmark.json	records	24
the_well_verification_spine_benchmark.json	pooled_median_error_pct	0.0
the_well_verification_spine_benchmark.json	scalar_count	15
the_well_verification_spine_benchmark.json	scalar_median_error_pct	0.0
the_well_verification_spine_benchmark.json	max_scalar_error_pct	0.000713348
the_well_verification_spine_benchmark.json	effective_scalar_median_error_pct	0.0
the_well_verification_spine_benchmark.json	max_effective_scalar_error_pct	0.0007133479655842192
the_well_verification_spine_benchmark.json	worst_effective_scalar_error_pct	0.0007133479655842192
the_well_verification_spine_benchmark.json	rounding_ghost_scalar_count	0
the_well_verification_spine_benchmark.json	catalog_crosswalk_scalar_count	0
the_well_verification_spine_benchmark.json	strict_scalar_pass	True
the_well_verification_spine_benchmark.json	effective_scalar_pass	True
the_well_verification_spine_benchmark.json	max_gate_scalar_error_pct	0.000713348
the_well_verification_spine_benchmark.json	tier_scalar_median_error_pct	0.0
the_well_verification_spine_benchmark.json	tier_scalar_pass	True
the_well_verification_spine_benchmark.json	tier_scalar_max_pass	True
the_well_verification_spine_benchmark.json	scalar_median_pass	True
the_well_verification_spine_benchmark.json	classifier_count	0
the_well_verification_spine_benchmark.json	classifier_correct	0
the_well_verification_spine_benchmark.json	classifier_accuracy_pct	None
the_well_verification_spine_benchmark.json	classifier_pass	True
the_well_verification_spine_benchmark.json	official_pooled_median_error_pct	0.0
the_well_verification_spine_benchmark.json	green_gate_pass	True
the_well_verification_spine_benchmark.json	max_scalar_name	c1f0a37d1a7e1851
the_well_verification_spine_benchmark.json	max_scalar_property	F
the_well_verification_spine_benchmark.json	max_gate_scalar_name	c1f0a37d1a7e1851
the_well_verification_spine_benchmark.json	worst_effective_scalar_name	c1f0a37d1a7e1851
theory_completeness_spine_benchmark.json	records	6
theory_completeness_spine_benchmark.json	pooled_median_error_pct	0.0
theory_completeness_spine_benchmark.json	scalar_count	1
theory_completeness_spine_benchmark.json	scalar_median_error_pct	0.0
theory_completeness_spine_benchmark.json	max_scalar_error_pct	0.0
theory_completeness_spine_benchmark.json	effective_scalar_median_error_pct	0.0
theory_completeness_spine_benchmark.json	max_effective_scalar_error_pct	0.0
theory_completeness_spine_benchmark.json	worst_effective_scalar_error_pct	0.0
theory_completeness_spine_benchmark.json	rounding_ghost_scalar_count	0
theory_completeness_spine_benchmark.json	catalog_crosswalk_scalar_count	0
theory_completeness_spine_benchmark.json	strict_scalar_pass	True
theory_completeness_spine_benchmark.json	effective_scalar_pass	True
theory_completeness_spine_benchmark.json	max_gate_scalar_error_pct	0.0
theory_completeness_spine_benchmark.json	tier_scalar_median_error_pct	0.0
theory_completeness_spine_benchmark.json	tier_scalar_pass	True
theory_completeness_spine_benchmark.json	tier_scalar_max_pass	True
theory_completeness_spine_benchmark.json	scalar_median_pass	True
theory_completeness_spine_benchmark.json	classifier_count	0
theory_completeness_spine_benchmark.json	classifier_correct	0
theory_completeness_spine_benchmark.json	classifier_accuracy_pct	None
theory_completeness_spine_benchmark.json	classifier_pass	True
theory_completeness_spine_benchmark.json	official_pooled_median_error_pct	0.0
theory_completeness_spine_benchmark.json	green_gate_pass	True
theory_completeness_spine_benchmark.json	max_scalar_name	None
theory_completeness_spine_benchmark.json	max_scalar_property	None
theory_completeness_spine_benchmark.json	max_gate_scalar_name	None
theory_completeness_spine_benchmark.json	worst_effective_scalar_name	None
thesis_simulation_benchmark.json	records	156
thesis_simulation_benchmark.json	pooled_median_error_pct	None
thesis_simulation_benchmark.json	scalar_count	0
thesis_simulation_benchmark.json	scalar_median_error_pct	None
thesis_simulation_benchmark.json	max_scalar_error_pct	None
thesis_simulation_benchmark.json	effective_scalar_median_error_pct	None
thesis_simulation_benchmark.json	max_effective_scalar_error_pct	None
thesis_simulation_benchmark.json	worst_effective_scalar_error_pct	None
thesis_simulation_benchmark.json	rounding_ghost_scalar_count	0
thesis_simulation_benchmark.json	catalog_crosswalk_scalar_count	0
thesis_simulation_benchmark.json	strict_scalar_pass	True
thesis_simulation_benchmark.json	effective_scalar_pass	True
thesis_simulation_benchmark.json	max_gate_scalar_error_pct	None
thesis_simulation_benchmark.json	tier_scalar_median_error_pct	None
thesis_simulation_benchmark.json	tier_scalar_pass	True
thesis_simulation_benchmark.json	tier_scalar_max_pass	True
thesis_simulation_benchmark.json	scalar_median_pass	True
thesis_simulation_benchmark.json	classifier_count	0
thesis_simulation_benchmark.json	classifier_correct	0
thesis_simulation_benchmark.json	classifier_accuracy_pct	None
thesis_simulation_benchmark.json	classifier_pass	True
thesis_simulation_benchmark.json	official_pooled_median_error_pct	None
thesis_simulation_benchmark.json	green_gate_pass	True
thesis_simulation_benchmark.json	max_scalar_name	None
thesis_simulation_benchmark.json	max_scalar_property	None
thesis_simulation_benchmark.json	max_gate_scalar_name	None
thesis_simulation_benchmark.json	worst_effective_scalar_name	None
tier_93_dual_wave_spine_benchmark.json	records	24
tier_93_dual_wave_spine_benchmark.json	pooled_median_error_pct	0.0
tier_93_dual_wave_spine_benchmark.json	scalar_count	10
tier_93_dual_wave_spine_benchmark.json	scalar_median_error_pct	0.0
tier_93_dual_wave_spine_benchmark.json	max_scalar_error_pct	0.0
tier_93_dual_wave_spine_benchmark.json	effective_scalar_median_error_pct	0.0
tier_93_dual_wave_spine_benchmark.json	max_effective_scalar_error_pct	0.0
tier_93_dual_wave_spine_benchmark.json	worst_effective_scalar_error_pct	0.0
tier_93_dual_wave_spine_benchmark.json	rounding_ghost_scalar_count	0
tier_93_dual_wave_spine_benchmark.json	catalog_crosswalk_scalar_count	0
tier_93_dual_wave_spine_benchmark.json	strict_scalar_pass	True
tier_93_dual_wave_spine_benchmark.json	effective_scalar_pass	True
tier_93_dual_wave_spine_benchmark.json	max_gate_scalar_error_pct	0.0
tier_93_dual_wave_spine_benchmark.json	tier_scalar_median_error_pct	0.0
tier_93_dual_wave_spine_benchmark.json	tier_scalar_pass	True
tier_93_dual_wave_spine_benchmark.json	tier_scalar_max_pass	True
tier_93_dual_wave_spine_benchmark.json	scalar_median_pass	True
tier_93_dual_wave_spine_benchmark.json	classifier_count	0
tier_93_dual_wave_spine_benchmark.json	classifier_correct	0
tier_93_dual_wave_spine_benchmark.json	classifier_accuracy_pct	None
tier_93_dual_wave_spine_benchmark.json	classifier_pass	True
tier_93_dual_wave_spine_benchmark.json	official_pooled_median_error_pct	0.0
tier_93_dual_wave_spine_benchmark.json	green_gate_pass	True
tier_93_dual_wave_spine_benchmark.json	max_scalar_name	None
tier_93_dual_wave_spine_benchmark.json	max_scalar_property	None
tier_93_dual_wave_spine_benchmark.json	max_gate_scalar_name	None
tier_93_dual_wave_spine_benchmark.json	worst_effective_scalar_name	None
tier_94_longevity_spine_benchmark.json	records	34
tier_94_longevity_spine_benchmark.json	pooled_median_error_pct	0.0
tier_94_longevity_spine_benchmark.json	scalar_count	6
tier_94_longevity_spine_benchmark.json	scalar_median_error_pct	0.0
tier_94_longevity_spine_benchmark.json	max_scalar_error_pct	0.0
tier_94_longevity_spine_benchmark.json	effective_scalar_median_error_pct	0.0
tier_94_longevity_spine_benchmark.json	max_effective_scalar_error_pct	0.0
tier_94_longevity_spine_benchmark.json	worst_effective_scalar_error_pct	0.0
tier_94_longevity_spine_benchmark.json	rounding_ghost_scalar_count	0
tier_94_longevity_spine_benchmark.json	catalog_crosswalk_scalar_count	0
tier_94_longevity_spine_benchmark.json	strict_scalar_pass	True
tier_94_longevity_spine_benchmark.json	effective_scalar_pass	True
tier_94_longevity_spine_benchmark.json	max_gate_scalar_error_pct	0.0
tier_94_longevity_spine_benchmark.json	tier_scalar_median_error_pct	0.0
tier_94_longevity_spine_benchmark.json	tier_scalar_pass	True
tier_94_longevity_spine_benchmark.json	tier_scalar_max_pass	True
tier_94_longevity_spine_benchmark.json	scalar_median_pass	True
tier_94_longevity_spine_benchmark.json	classifier_count	0
tier_94_longevity_spine_benchmark.json	classifier_correct	0
tier_94_longevity_spine_benchmark.json	classifier_accuracy_pct	None
tier_94_longevity_spine_benchmark.json	classifier_pass	True
tier_94_longevity_spine_benchmark.json	official_pooled_median_error_pct	0.0
tier_94_longevity_spine_benchmark.json	green_gate_pass	True
tier_94_longevity_spine_benchmark.json	max_scalar_name	None
tier_94_longevity_spine_benchmark.json	max_scalar_property	None
tier_94_longevity_spine_benchmark.json	max_gate_scalar_name	None
tier_94_longevity_spine_benchmark.json	worst_effective_scalar_name	None
tier_95_zebrafish_spine_benchmark.json	records	24
tier_95_zebrafish_spine_benchmark.json	pooled_median_error_pct	0.0
tier_95_zebrafish_spine_benchmark.json	scalar_count	11
tier_95_zebrafish_spine_benchmark.json	scalar_median_error_pct	0.0
tier_95_zebrafish_spine_benchmark.json	max_scalar_error_pct	0.0
tier_95_zebrafish_spine_benchmark.json	effective_scalar_median_error_pct	0.0
tier_95_zebrafish_spine_benchmark.json	max_effective_scalar_error_pct	0.0
tier_95_zebrafish_spine_benchmark.json	worst_effective_scalar_error_pct	0.0
tier_95_zebrafish_spine_benchmark.json	rounding_ghost_scalar_count	0
tier_95_zebrafish_spine_benchmark.json	catalog_crosswalk_scalar_count	0
tier_95_zebrafish_spine_benchmark.json	strict_scalar_pass	True
tier_95_zebrafish_spine_benchmark.json	effective_scalar_pass	True
tier_95_zebrafish_spine_benchmark.json	max_gate_scalar_error_pct	0.0
tier_95_zebrafish_spine_benchmark.json	tier_scalar_median_error_pct	0.0
tier_95_zebrafish_spine_benchmark.json	tier_scalar_pass	True
tier_95_zebrafish_spine_benchmark.json	tier_scalar_max_pass	True
tier_95_zebrafish_spine_benchmark.json	scalar_median_pass	True
tier_95_zebrafish_spine_benchmark.json	classifier_count	0
tier_95_zebrafish_spine_benchmark.json	classifier_correct	0
tier_95_zebrafish_spine_benchmark.json	classifier_accuracy_pct	None
tier_95_zebrafish_spine_benchmark.json	classifier_pass	True
tier_95_zebrafish_spine_benchmark.json	official_pooled_median_error_pct	0.0
tier_95_zebrafish_spine_benchmark.json	green_gate_pass	True
tier_95_zebrafish_spine_benchmark.json	max_scalar_name	None
tier_95_zebrafish_spine_benchmark.json	max_scalar_property	None
tier_95_zebrafish_spine_benchmark.json	max_gate_scalar_name	None
tier_95_zebrafish_spine_benchmark.json	worst_effective_scalar_name	None
tier_96_circuit_spine_benchmark.json	records	37
tier_96_circuit_spine_benchmark.json	pooled_median_error_pct	0.020755
tier_96_circuit_spine_benchmark.json	scalar_count	37
tier_96_circuit_spine_benchmark.json	scalar_median_error_pct	0.020755
tier_96_circuit_spine_benchmark.json	max_scalar_error_pct	0.040817
tier_96_circuit_spine_benchmark.json	effective_scalar_median_error_pct	0.0
tier_96_circuit_spine_benchmark.json	max_effective_scalar_error_pct	0.04081705412347852
tier_96_circuit_spine_benchmark.json	worst_effective_scalar_error_pct	0.04081705412347852
tier_96_circuit_spine_benchmark.json	rounding_ghost_scalar_count	0
tier_96_circuit_spine_benchmark.json	catalog_crosswalk_scalar_count	0
tier_96_circuit_spine_benchmark.json	strict_scalar_pass	True
tier_96_circuit_spine_benchmark.json	effective_scalar_pass	True
tier_96_circuit_spine_benchmark.json	max_gate_scalar_error_pct	0.040817
tier_96_circuit_spine_benchmark.json	tier_scalar_median_error_pct	0.0
tier_96_circuit_spine_benchmark.json	tier_scalar_pass	True
tier_96_circuit_spine_benchmark.json	tier_scalar_max_pass	True
tier_96_circuit_spine_benchmark.json	scalar_median_pass	True
tier_96_circuit_spine_benchmark.json	classifier_count	0
tier_96_circuit_spine_benchmark.json	classifier_correct	0
tier_96_circuit_spine_benchmark.json	classifier_accuracy_pct	None
tier_96_circuit_spine_benchmark.json	classifier_pass	True
tier_96_circuit_spine_benchmark.json	official_pooled_median_error_pct	0.020755
tier_96_circuit_spine_benchmark.json	green_gate_pass	True
tier_96_circuit_spine_benchmark.json	max_scalar_name	LC_10uH_100nF
tier_96_circuit_spine_benchmark.json	max_scalar_property	lc_resonance_hz
tier_96_circuit_spine_benchmark.json	max_gate_scalar_name	LC_10uH_100nF
tier_96_circuit_spine_benchmark.json	worst_effective_scalar_name	LC_10uH_100nF
time_domain_crosswalk_benchmark.json	records	371
time_domain_crosswalk_benchmark.json	pooled_median_error_pct	0.027551
time_domain_crosswalk_benchmark.json	scalar_count	371
time_domain_crosswalk_benchmark.json	scalar_median_error_pct	0.027551
time_domain_crosswalk_benchmark.json	max_scalar_error_pct	0.074365
time_domain_crosswalk_benchmark.json	effective_scalar_median_error_pct	0.026799999999993496
time_domain_crosswalk_benchmark.json	max_effective_scalar_error_pct	0.0744000000000078
time_domain_crosswalk_benchmark.json	worst_effective_scalar_error_pct	0.0744000000000078
time_domain_crosswalk_benchmark.json	rounding_ghost_scalar_count	0
time_domain_crosswalk_benchmark.json	catalog_crosswalk_scalar_count	0
time_domain_crosswalk_benchmark.json	strict_scalar_pass	True
time_domain_crosswalk_benchmark.json	effective_scalar_pass	True
time_domain_crosswalk_benchmark.json	max_gate_scalar_error_pct	0.074365
time_domain_crosswalk_benchmark.json	tier_scalar_median_error_pct	0.026799999999993496
time_domain_crosswalk_benchmark.json	tier_scalar_pass	True
time_domain_crosswalk_benchmark.json	tier_scalar_max_pass	False
time_domain_crosswalk_benchmark.json	scalar_median_pass	True
time_domain_crosswalk_benchmark.json	classifier_count	0
time_domain_crosswalk_benchmark.json	classifier_correct	0
time_domain_crosswalk_benchmark.json	classifier_accuracy_pct	None
time_domain_crosswalk_benchmark.json	classifier_pass	True
time_domain_crosswalk_benchmark.json	official_pooled_median_error_pct	0.027551
time_domain_crosswalk_benchmark.json	green_gate_pass	True
time_domain_crosswalk_benchmark.json	max_scalar_name	Breakthrough_Discoveries_2024_2026
time_domain_crosswalk_benchmark.json	max_scalar_property	fpc_tau_unity_coupling
time_domain_crosswalk_benchmark.json	max_gate_scalar_name	Breakthrough_Discoveries_2024_2026
time_domain_crosswalk_benchmark.json	worst_effective_scalar_name	Breakthrough_Discoveries_2024_2026
time_emergence_deep_panel_benchmark.json	records	24
time_emergence_deep_panel_benchmark.json	pooled_median_error_pct	0.0
time_emergence_deep_panel_benchmark.json	scalar_count	8
time_emergence_deep_panel_benchmark.json	scalar_median_error_pct	0.0
time_emergence_deep_panel_benchmark.json	max_scalar_error_pct	0.0
time_emergence_deep_panel_benchmark.json	effective_scalar_median_error_pct	0.0
time_emergence_deep_panel_benchmark.json	max_effective_scalar_error_pct	0.0
time_emergence_deep_panel_benchmark.json	worst_effective_scalar_error_pct	0.0
time_emergence_deep_panel_benchmark.json	rounding_ghost_scalar_count	0
time_emergence_deep_panel_benchmark.json	catalog_crosswalk_scalar_count	0
time_emergence_deep_panel_benchmark.json	strict_scalar_pass	True
time_emergence_deep_panel_benchmark.json	effective_scalar_pass	True
time_emergence_deep_panel_benchmark.json	max_gate_scalar_error_pct	0.0
time_emergence_deep_panel_benchmark.json	tier_scalar_median_error_pct	0.0
time_emergence_deep_panel_benchmark.json	tier_scalar_pass	True
time_emergence_deep_panel_benchmark.json	tier_scalar_max_pass	True
time_emergence_deep_panel_benchmark.json	scalar_median_pass	True
time_emergence_deep_panel_benchmark.json	classifier_count	0
time_emergence_deep_panel_benchmark.json	classifier_correct	0
time_emergence_deep_panel_benchmark.json	classifier_accuracy_pct	None
time_emergence_deep_panel_benchmark.json	classifier_pass	True
time_emergence_deep_panel_benchmark.json	official_pooled_median_error_pct	0.0
time_emergence_deep_panel_benchmark.json	green_gate_pass	True
time_emergence_deep_panel_benchmark.json	max_scalar_name	None
time_emergence_deep_panel_benchmark.json	max_scalar_property	None
time_emergence_deep_panel_benchmark.json	max_gate_scalar_name	None
time_emergence_deep_panel_benchmark.json	worst_effective_scalar_name	None
time_emergence_simulation_benchmark.json	records	28
time_emergence_simulation_benchmark.json	pooled_median_error_pct	0.0
time_emergence_simulation_benchmark.json	scalar_count	28
time_emergence_simulation_benchmark.json	scalar_median_error_pct	0.0
time_emergence_simulation_benchmark.json	max_scalar_error_pct	0.041099
time_emergence_simulation_benchmark.json	effective_scalar_median_error_pct	0.0
time_emergence_simulation_benchmark.json	max_effective_scalar_error_pct	0.04111111111110905
time_emergence_simulation_benchmark.json	worst_effective_scalar_error_pct	0.04111111111110905
time_emergence_simulation_benchmark.json	rounding_ghost_scalar_count	0
time_emergence_simulation_benchmark.json	catalog_crosswalk_scalar_count	0
time_emergence_simulation_benchmark.json	strict_scalar_pass	True
time_emergence_simulation_benchmark.json	effective_scalar_pass	True
time_emergence_simulation_benchmark.json	max_gate_scalar_error_pct	0.041099
time_emergence_simulation_benchmark.json	tier_scalar_median_error_pct	0.0
time_emergence_simulation_benchmark.json	tier_scalar_pass	True
time_emergence_simulation_benchmark.json	tier_scalar_max_pass	True
time_emergence_simulation_benchmark.json	scalar_median_pass	True
time_emergence_simulation_benchmark.json	classifier_count	0
time_emergence_simulation_benchmark.json	classifier_correct	0
time_emergence_simulation_benchmark.json	classifier_accuracy_pct	None
time_emergence_simulation_benchmark.json	classifier_pass	True
time_emergence_simulation_benchmark.json	official_pooled_median_error_pct	0.0
time_emergence_simulation_benchmark.json	green_gate_pass	True
time_emergence_simulation_benchmark.json	max_scalar_name	astronomy_kepler
time_emergence_simulation_benchmark.json	max_scalar_property	orbital_year_log_ratio
time_emergence_simulation_benchmark.json	max_gate_scalar_name	astronomy_kepler
time_emergence_simulation_benchmark.json	worst_effective_scalar_name	astronomy_kepler
toe_ckm_pmns_benchmark.json	records	40
toe_ckm_pmns_benchmark.json	pooled_median_error_pct	0.05246555208389803
toe_ckm_pmns_benchmark.json	scalar_count	38
toe_ckm_pmns_benchmark.json	scalar_median_error_pct	0.05258568507587487
toe_ckm_pmns_benchmark.json	max_scalar_error_pct	0.36301157961075986
toe_ckm_pmns_benchmark.json	effective_scalar_median_error_pct	0.0334972386690211
toe_ckm_pmns_benchmark.json	max_effective_scalar_error_pct	0.36301157961075986
toe_ckm_pmns_benchmark.json	worst_effective_scalar_error_pct	0.36301157961075986
toe_ckm_pmns_benchmark.json	rounding_ghost_scalar_count	0
toe_ckm_pmns_benchmark.json	catalog_crosswalk_scalar_count	0
toe_ckm_pmns_benchmark.json	strict_scalar_pass	True
toe_ckm_pmns_benchmark.json	effective_scalar_pass	True
toe_ckm_pmns_benchmark.json	max_gate_scalar_error_pct	0.36301157961075986
toe_ckm_pmns_benchmark.json	tier_scalar_median_error_pct	0.0334972386690211
toe_ckm_pmns_benchmark.json	tier_scalar_pass	True
toe_ckm_pmns_benchmark.json	tier_scalar_max_pass	False
toe_ckm_pmns_benchmark.json	scalar_median_pass	True
toe_ckm_pmns_benchmark.json	classifier_count	0
toe_ckm_pmns_benchmark.json	classifier_correct	0
toe_ckm_pmns_benchmark.json	classifier_accuracy_pct	None
toe_ckm_pmns_benchmark.json	classifier_pass	True
toe_ckm_pmns_benchmark.json	official_pooled_median_error_pct	0.05258568507587487
toe_ckm_pmns_benchmark.json	green_gate_pass	True
toe_ckm_pmns_benchmark.json	max_scalar_name	dm2_31_abs
toe_ckm_pmns_benchmark.json	max_scalar_property	dm2_31_abs
toe_ckm_pmns_benchmark.json	max_gate_scalar_name	dm2_31_abs
toe_ckm_pmns_benchmark.json	worst_effective_scalar_name	dm2_31_abs
toe_claim_certificate_bundle_benchmark.json	records	7
toe_claim_certificate_bundle_benchmark.json	pooled_median_error_pct	0.0
toe_claim_certificate_bundle_benchmark.json	scalar_count	7
toe_claim_certificate_bundle_benchmark.json	scalar_median_error_pct	0.0
toe_claim_certificate_bundle_benchmark.json	max_scalar_error_pct	0.0
toe_claim_certificate_bundle_benchmark.json	effective_scalar_median_error_pct	0.0
toe_claim_certificate_bundle_benchmark.json	max_effective_scalar_error_pct	0.0
toe_claim_certificate_bundle_benchmark.json	worst_effective_scalar_error_pct	0.0
toe_claim_certificate_bundle_benchmark.json	rounding_ghost_scalar_count	0
toe_claim_certificate_bundle_benchmark.json	catalog_crosswalk_scalar_count	0
toe_claim_certificate_bundle_benchmark.json	strict_scalar_pass	True
toe_claim_certificate_bundle_benchmark.json	effective_scalar_pass	True
toe_claim_certificate_bundle_benchmark.json	max_gate_scalar_error_pct	0.0
toe_claim_certificate_bundle_benchmark.json	tier_scalar_median_error_pct	0.0
toe_claim_certificate_bundle_benchmark.json	tier_scalar_pass	True
toe_claim_certificate_bundle_benchmark.json	tier_scalar_max_pass	True
toe_claim_certificate_bundle_benchmark.json	scalar_median_pass	True
toe_claim_certificate_bundle_benchmark.json	classifier_count	0
toe_claim_certificate_bundle_benchmark.json	classifier_correct	0
toe_claim_certificate_bundle_benchmark.json	classifier_accuracy_pct	None
toe_claim_certificate_bundle_benchmark.json	classifier_pass	True
toe_claim_certificate_bundle_benchmark.json	official_pooled_median_error_pct	0.0
toe_claim_certificate_bundle_benchmark.json	green_gate_pass	True
toe_claim_certificate_bundle_benchmark.json	max_scalar_name	None
toe_claim_certificate_bundle_benchmark.json	max_scalar_property	None
toe_claim_certificate_bundle_benchmark.json	max_gate_scalar_name	None
toe_claim_certificate_bundle_benchmark.json	worst_effective_scalar_name	None
toe_dynamics_benchmark.json	records	21
toe_dynamics_benchmark.json	pooled_median_error_pct	0.0
toe_dynamics_benchmark.json	scalar_count	21
toe_dynamics_benchmark.json	scalar_median_error_pct	0.0
toe_dynamics_benchmark.json	max_scalar_error_pct	0.076804
toe_dynamics_benchmark.json	effective_scalar_median_error_pct	0.0
toe_dynamics_benchmark.json	max_effective_scalar_error_pct	0.07674185939406078
toe_dynamics_benchmark.json	worst_effective_scalar_error_pct	91.79365425061334
toe_dynamics_benchmark.json	rounding_ghost_scalar_count	0
toe_dynamics_benchmark.json	catalog_crosswalk_scalar_count	0
toe_dynamics_benchmark.json	strict_scalar_pass	True
toe_dynamics_benchmark.json	effective_scalar_pass	True
toe_dynamics_benchmark.json	max_gate_scalar_error_pct	0.076804
toe_dynamics_benchmark.json	tier_scalar_median_error_pct	0.0
toe_dynamics_benchmark.json	tier_scalar_pass	True
toe_dynamics_benchmark.json	tier_scalar_max_pass	False
toe_dynamics_benchmark.json	scalar_median_pass	True
toe_dynamics_benchmark.json	classifier_count	0
toe_dynamics_benchmark.json	classifier_correct	0
toe_dynamics_benchmark.json	classifier_accuracy_pct	None
toe_dynamics_benchmark.json	classifier_pass	True
toe_dynamics_benchmark.json	official_pooled_median_error_pct	0.0
toe_dynamics_benchmark.json	green_gate_pass	True
toe_dynamics_benchmark.json	max_scalar_name	POOF
toe_dynamics_benchmark.json	max_scalar_property	poof_valve_channel
toe_dynamics_benchmark.json	max_gate_scalar_name	POOF
toe_dynamics_benchmark.json	worst_effective_scalar_name	euler_scalar_contracts
toe_gap_closure_spine_benchmark.json	records	7
toe_gap_closure_spine_benchmark.json	pooled_median_error_pct	0.0
toe_gap_closure_spine_benchmark.json	scalar_count	1
toe_gap_closure_spine_benchmark.json	scalar_median_error_pct	0.0
toe_gap_closure_spine_benchmark.json	max_scalar_error_pct	0.0
toe_gap_closure_spine_benchmark.json	effective_scalar_median_error_pct	0.0
toe_gap_closure_spine_benchmark.json	max_effective_scalar_error_pct	0.0
toe_gap_closure_spine_benchmark.json	worst_effective_scalar_error_pct	0.0
toe_gap_closure_spine_benchmark.json	rounding_ghost_scalar_count	0
toe_gap_closure_spine_benchmark.json	catalog_crosswalk_scalar_count	0
toe_gap_closure_spine_benchmark.json	strict_scalar_pass	True
toe_gap_closure_spine_benchmark.json	effective_scalar_pass	True
toe_gap_closure_spine_benchmark.json	max_gate_scalar_error_pct	0.0
toe_gap_closure_spine_benchmark.json	tier_scalar_median_error_pct	0.0
toe_gap_closure_spine_benchmark.json	tier_scalar_pass	True
toe_gap_closure_spine_benchmark.json	tier_scalar_max_pass	True
toe_gap_closure_spine_benchmark.json	scalar_median_pass	True
toe_gap_closure_spine_benchmark.json	classifier_count	0
toe_gap_closure_spine_benchmark.json	classifier_correct	0
toe_gap_closure_spine_benchmark.json	classifier_accuracy_pct	None
toe_gap_closure_spine_benchmark.json	classifier_pass	True
toe_gap_closure_spine_benchmark.json	official_pooled_median_error_pct	0.0
toe_gap_closure_spine_benchmark.json	green_gate_pass	True
toe_gap_closure_spine_benchmark.json	max_scalar_name	None
toe_gap_closure_spine_benchmark.json	max_scalar_property	None
toe_gap_closure_spine_benchmark.json	max_gate_scalar_name	None
toe_gap_closure_spine_benchmark.json	worst_effective_scalar_name	None
toe_gr_sm_deep_benchmark.json	records	99
toe_gr_sm_deep_benchmark.json	pooled_median_error_pct	0.0047099996121108675
toe_gr_sm_deep_benchmark.json	scalar_count	97
toe_gr_sm_deep_benchmark.json	scalar_median_error_pct	0.004719617111680276
toe_gr_sm_deep_benchmark.json	max_scalar_error_pct	0.3712743059251006
toe_gr_sm_deep_benchmark.json	effective_scalar_median_error_pct	0.0014597402371530066
toe_gr_sm_deep_benchmark.json	max_effective_scalar_error_pct	0.37127430592510063
toe_gr_sm_deep_benchmark.json	worst_effective_scalar_error_pct	0.37127430592510063
toe_gr_sm_deep_benchmark.json	rounding_ghost_scalar_count	0
toe_gr_sm_deep_benchmark.json	catalog_crosswalk_scalar_count	0
toe_gr_sm_deep_benchmark.json	strict_scalar_pass	True
toe_gr_sm_deep_benchmark.json	effective_scalar_pass	True
toe_gr_sm_deep_benchmark.json	max_gate_scalar_error_pct	0.3712743059251006
toe_gr_sm_deep_benchmark.json	tier_scalar_median_error_pct	0.0014597402371530066
toe_gr_sm_deep_benchmark.json	tier_scalar_pass	True
toe_gr_sm_deep_benchmark.json	tier_scalar_max_pass	False
toe_gr_sm_deep_benchmark.json	scalar_median_pass	True
toe_gr_sm_deep_benchmark.json	classifier_count	0
toe_gr_sm_deep_benchmark.json	classifier_correct	0
toe_gr_sm_deep_benchmark.json	classifier_accuracy_pct	None
toe_gr_sm_deep_benchmark.json	classifier_pass	True
toe_gr_sm_deep_benchmark.json	official_pooled_median_error_pct	0.004719617111680276
toe_gr_sm_deep_benchmark.json	green_gate_pass	True
toe_gr_sm_deep_benchmark.json	max_scalar_name	dm2_31_abs
toe_gr_sm_deep_benchmark.json	max_scalar_property	dm2_31_abs
toe_gr_sm_deep_benchmark.json	max_gate_scalar_name	dm2_31_abs
toe_gr_sm_deep_benchmark.json	worst_effective_scalar_name	dm2_31_abs
toe_limit_recovery_benchmark.json	records	43
toe_limit_recovery_benchmark.json	pooled_median_error_pct	0.0047099996121108675
toe_limit_recovery_benchmark.json	scalar_count	43
toe_limit_recovery_benchmark.json	scalar_median_error_pct	0.0047099996121108675
toe_limit_recovery_benchmark.json	max_scalar_error_pct	0.209488435890309
toe_limit_recovery_benchmark.json	effective_scalar_median_error_pct	0.0
toe_limit_recovery_benchmark.json	max_effective_scalar_error_pct	0.209488435890309
toe_limit_recovery_benchmark.json	worst_effective_scalar_error_pct	0.209488435890309
toe_limit_recovery_benchmark.json	rounding_ghost_scalar_count	0
toe_limit_recovery_benchmark.json	catalog_crosswalk_scalar_count	0
toe_limit_recovery_benchmark.json	strict_scalar_pass	True
toe_limit_recovery_benchmark.json	effective_scalar_pass	True
toe_limit_recovery_benchmark.json	max_gate_scalar_error_pct	0.209488435890309
toe_limit_recovery_benchmark.json	tier_scalar_median_error_pct	0.0
toe_limit_recovery_benchmark.json	tier_scalar_pass	True
toe_limit_recovery_benchmark.json	tier_scalar_max_pass	False
toe_limit_recovery_benchmark.json	scalar_median_pass	True
toe_limit_recovery_benchmark.json	classifier_count	0
toe_limit_recovery_benchmark.json	classifier_correct	0
toe_limit_recovery_benchmark.json	classifier_accuracy_pct	None
toe_limit_recovery_benchmark.json	classifier_pass	True
toe_limit_recovery_benchmark.json	official_pooled_median_error_pct	0.0047099996121108675
toe_limit_recovery_benchmark.json	green_gate_pass	True
toe_limit_recovery_benchmark.json	max_scalar_name	seed_sin2_theta_W_onshell
toe_limit_recovery_benchmark.json	max_scalar_property	seed_sin2_theta_W_onshell
toe_limit_recovery_benchmark.json	max_gate_scalar_name	seed_sin2_theta_W_onshell
toe_limit_recovery_benchmark.json	worst_effective_scalar_name	seed_sin2_theta_W_onshell
toe_limit_recovery_benchmark.json	lb_records	14
toe_limit_recovery_benchmark.json	lb_unrouted	2
toe_limit_recovery_benchmark.json	lb_computed_match	3
toe_limit_recovery_benchmark.json	lb_scalar_match	0
toe_limit_recovery_benchmark.json	lb_error_match	0
toe_limit_recovery_benchmark.json	lb_max_rel_dev	0.0008613264427217191
toe_unification_spine_benchmark.json	records	8
toe_unification_spine_benchmark.json	pooled_median_error_pct	0.0
toe_unification_spine_benchmark.json	scalar_count	8
toe_unification_spine_benchmark.json	scalar_median_error_pct	0.0
toe_unification_spine_benchmark.json	max_scalar_error_pct	0.019008268802504343
toe_unification_spine_benchmark.json	effective_scalar_median_error_pct	0.0
toe_unification_spine_benchmark.json	max_effective_scalar_error_pct	0.019008273517193853
toe_unification_spine_benchmark.json	worst_effective_scalar_error_pct	0.019008333333333148
toe_unification_spine_benchmark.json	rounding_ghost_scalar_count	0
toe_unification_spine_benchmark.json	catalog_crosswalk_scalar_count	0
toe_unification_spine_benchmark.json	strict_scalar_pass	True
toe_unification_spine_benchmark.json	effective_scalar_pass	True
toe_unification_spine_benchmark.json	max_gate_scalar_error_pct	0.019008268802504343
toe_unification_spine_benchmark.json	tier_scalar_median_error_pct	0.0
toe_unification_spine_benchmark.json	tier_scalar_pass	True
toe_unification_spine_benchmark.json	tier_scalar_max_pass	True
toe_unification_spine_benchmark.json	scalar_median_pass	True
toe_unification_spine_benchmark.json	classifier_count	0
toe_unification_spine_benchmark.json	classifier_correct	0
toe_unification_spine_benchmark.json	classifier_accuracy_pct	None
toe_unification_spine_benchmark.json	classifier_pass	True
toe_unification_spine_benchmark.json	official_pooled_median_error_pct	0.0
toe_unification_spine_benchmark.json	green_gate_pass	True
toe_unification_spine_benchmark.json	max_scalar_name	raw_S_spine
toe_unification_spine_benchmark.json	max_scalar_property	corpus_strict_empirical
toe_unification_spine_benchmark.json	max_gate_scalar_name	raw_S_spine
toe_unification_spine_benchmark.json	worst_effective_scalar_name	prediction_registry
tokenization_live_panel_benchmark.json	records	51
tokenization_live_panel_benchmark.json	pooled_median_error_pct	0.031506
tokenization_live_panel_benchmark.json	scalar_count	27
tokenization_live_panel_benchmark.json	scalar_median_error_pct	0.031506
tokenization_live_panel_benchmark.json	max_scalar_error_pct	0.031506
tokenization_live_panel_benchmark.json	effective_scalar_median_error_pct	0.03150500000000278
tokenization_live_panel_benchmark.json	max_effective_scalar_error_pct	0.0315068181818196
tokenization_live_panel_benchmark.json	worst_effective_scalar_error_pct	0.03176000000000123
tokenization_live_panel_benchmark.json	rounding_ghost_scalar_count	0
tokenization_live_panel_benchmark.json	catalog_crosswalk_scalar_count	0
tokenization_live_panel_benchmark.json	strict_scalar_pass	True
tokenization_live_panel_benchmark.json	effective_scalar_pass	True
tokenization_live_panel_benchmark.json	max_gate_scalar_error_pct	0.031506
tokenization_live_panel_benchmark.json	tier_scalar_median_error_pct	0.03150500000000278
tokenization_live_panel_benchmark.json	tier_scalar_pass	True
tokenization_live_panel_benchmark.json	tier_scalar_max_pass	True
tokenization_live_panel_benchmark.json	scalar_median_pass	True
tokenization_live_panel_benchmark.json	classifier_count	0
tokenization_live_panel_benchmark.json	classifier_correct	0
tokenization_live_panel_benchmark.json	classifier_accuracy_pct	None
tokenization_live_panel_benchmark.json	classifier_pass	True
tokenization_live_panel_benchmark.json	official_pooled_median_error_pct	0.031506
tokenization_live_panel_benchmark.json	green_gate_pass	True
tokenization_live_panel_benchmark.json	max_scalar_name	llm phrase and contraction
tokenization_live_panel_benchmark.json	max_scalar_property	text_len
tokenization_live_panel_benchmark.json	max_gate_scalar_name	llm phrase and contraction
tokenization_live_panel_benchmark.json	worst_effective_scalar_name	numeric unit span
tokenization_live_panel_benchmark.json	lb_records	51
tokenization_live_panel_benchmark.json	lb_unrouted	0
tokenization_live_panel_benchmark.json	lb_computed_match	0
tokenization_live_panel_benchmark.json	lb_scalar_match	0
tokenization_live_panel_benchmark.json	lb_error_match	0
tokenization_live_panel_benchmark.json	lb_max_rel_dev	0.0004496605063177118
tokenization_smoke_benchmark.json	records	21
tokenization_smoke_benchmark.json	pooled_median_error_pct	5.5479e-05
tokenization_smoke_benchmark.json	scalar_count	21
tokenization_smoke_benchmark.json	scalar_median_error_pct	5.5479e-05
tokenization_smoke_benchmark.json	max_scalar_error_pct	0.238944484
tokenization_smoke_benchmark.json	effective_scalar_median_error_pct	5.547919895966477e-05
tokenization_smoke_benchmark.json	max_effective_scalar_error_pct	0.23894448437833055
tokenization_smoke_benchmark.json	worst_effective_scalar_error_pct	0.23894448437833055
tokenization_smoke_benchmark.json	rounding_ghost_scalar_count	0
tokenization_smoke_benchmark.json	catalog_crosswalk_scalar_count	0
tokenization_smoke_benchmark.json	strict_scalar_pass	True
tokenization_smoke_benchmark.json	effective_scalar_pass	True
tokenization_smoke_benchmark.json	max_gate_scalar_error_pct	0.238944484
tokenization_smoke_benchmark.json	tier_scalar_median_error_pct	5.547919895966477e-05
tokenization_smoke_benchmark.json	tier_scalar_pass	True
tokenization_smoke_benchmark.json	tier_scalar_max_pass	False
tokenization_smoke_benchmark.json	scalar_median_pass	True
tokenization_smoke_benchmark.json	classifier_count	0
tokenization_smoke_benchmark.json	classifier_correct	0
tokenization_smoke_benchmark.json	classifier_accuracy_pct	None
tokenization_smoke_benchmark.json	classifier_pass	True
tokenization_smoke_benchmark.json	official_pooled_median_error_pct	5.5479e-05
tokenization_smoke_benchmark.json	green_gate_pass	True
tokenization_smoke_benchmark.json	max_scalar_name	e519765ed2390456
tokenization_smoke_benchmark.json	max_scalar_property	acetazolamide_CAII
tokenization_smoke_benchmark.json	max_gate_scalar_name	e519765ed2390456
tokenization_smoke_benchmark.json	worst_effective_scalar_name	e519765ed2390456
toxicology_panel_benchmark.json	records	21
toxicology_panel_benchmark.json	pooled_median_error_pct	0.033401
toxicology_panel_benchmark.json	scalar_count	7
toxicology_panel_benchmark.json	scalar_median_error_pct	0.033401
toxicology_panel_benchmark.json	max_scalar_error_pct	0.033401
toxicology_panel_benchmark.json	effective_scalar_median_error_pct	0.03326666666665923
toxicology_panel_benchmark.json	max_effective_scalar_error_pct	0.03326666666665923
toxicology_panel_benchmark.json	worst_effective_scalar_error_pct	0.03337499999998966
toxicology_panel_benchmark.json	rounding_ghost_scalar_count	0
toxicology_panel_benchmark.json	catalog_crosswalk_scalar_count	0
toxicology_panel_benchmark.json	strict_scalar_pass	True
toxicology_panel_benchmark.json	effective_scalar_pass	True
toxicology_panel_benchmark.json	max_gate_scalar_error_pct	0.033401
toxicology_panel_benchmark.json	tier_scalar_median_error_pct	0.03326666666665923
toxicology_panel_benchmark.json	tier_scalar_pass	True
toxicology_panel_benchmark.json	tier_scalar_max_pass	True
toxicology_panel_benchmark.json	scalar_median_pass	True
toxicology_panel_benchmark.json	classifier_count	0
toxicology_panel_benchmark.json	classifier_correct	0
toxicology_panel_benchmark.json	classifier_accuracy_pct	None
toxicology_panel_benchmark.json	classifier_pass	True
toxicology_panel_benchmark.json	official_pooled_median_error_pct	0.033401
toxicology_panel_benchmark.json	green_gate_pass	True
toxicology_panel_benchmark.json	max_scalar_name	2244
toxicology_panel_benchmark.json	max_scalar_property	activity_ratio
toxicology_panel_benchmark.json	max_gate_scalar_name	2244
toxicology_panel_benchmark.json	worst_effective_scalar_name	5353432
toxicology_panel_benchmark.json	lb_records	21
toxicology_panel_benchmark.json	lb_unrouted	0
toxicology_panel_benchmark.json	lb_computed_match	0
toxicology_panel_benchmark.json	lb_scalar_match	0
toxicology_panel_benchmark.json	lb_error_match	0
toxicology_panel_benchmark.json	lb_max_rel_dev	0.0006111993029329603
trinary_hardware_live_panel_benchmark.json	records	28
trinary_hardware_live_panel_benchmark.json	pooled_median_error_pct	0.014767
trinary_hardware_live_panel_benchmark.json	scalar_count	24
trinary_hardware_live_panel_benchmark.json	scalar_median_error_pct	0.014767
trinary_hardware_live_panel_benchmark.json	max_scalar_error_pct	0.014767
trinary_hardware_live_panel_benchmark.json	effective_scalar_median_error_pct	0.01478260869565248
trinary_hardware_live_panel_benchmark.json	max_effective_scalar_error_pct	0.014761904761895735
trinary_hardware_live_panel_benchmark.json	worst_effective_scalar_error_pct	0.015000000000001124
trinary_hardware_live_panel_benchmark.json	rounding_ghost_scalar_count	0
trinary_hardware_live_panel_benchmark.json	catalog_crosswalk_scalar_count	0
trinary_hardware_live_panel_benchmark.json	strict_scalar_pass	True
trinary_hardware_live_panel_benchmark.json	effective_scalar_pass	True
trinary_hardware_live_panel_benchmark.json	max_gate_scalar_error_pct	0.014767
trinary_hardware_live_panel_benchmark.json	tier_scalar_median_error_pct	0.01478260869565248
trinary_hardware_live_panel_benchmark.json	tier_scalar_pass	True
trinary_hardware_live_panel_benchmark.json	tier_scalar_max_pass	True
trinary_hardware_live_panel_benchmark.json	scalar_median_pass	True
trinary_hardware_live_panel_benchmark.json	classifier_count	0
trinary_hardware_live_panel_benchmark.json	classifier_correct	0
trinary_hardware_live_panel_benchmark.json	classifier_accuracy_pct	None
trinary_hardware_live_panel_benchmark.json	classifier_pass	True
trinary_hardware_live_panel_benchmark.json	official_pooled_median_error_pct	0.014767
trinary_hardware_live_panel_benchmark.json	green_gate_pass	True
trinary_hardware_live_panel_benchmark.json	max_scalar_name	tier_mild_intensity
trinary_hardware_live_panel_benchmark.json	max_scalar_property	tier_mild_intensity
trinary_hardware_live_panel_benchmark.json	max_gate_scalar_name	tier_mild_intensity
trinary_hardware_live_panel_benchmark.json	worst_effective_scalar_name	interaction_stress_strength
trinary_hardware_live_panel_benchmark.json	lb_records	28
trinary_hardware_live_panel_benchmark.json	lb_unrouted	0
trinary_hardware_live_panel_benchmark.json	lb_computed_match	0
trinary_hardware_live_panel_benchmark.json	lb_scalar_match	0
trinary_hardware_live_panel_benchmark.json	lb_error_match	0
trinary_hardware_live_panel_benchmark.json	lb_max_rel_dev	0.00039978012093353963
trinary_hardware_motif_benchmark.json	records	21
trinary_hardware_motif_benchmark.json	pooled_median_error_pct	5.5479e-05
trinary_hardware_motif_benchmark.json	scalar_count	21
trinary_hardware_motif_benchmark.json	scalar_median_error_pct	5.5479e-05
trinary_hardware_motif_benchmark.json	max_scalar_error_pct	0.238944484
trinary_hardware_motif_benchmark.json	effective_scalar_median_error_pct	5.547919895966477e-05
trinary_hardware_motif_benchmark.json	max_effective_scalar_error_pct	0.23894448437833055
trinary_hardware_motif_benchmark.json	worst_effective_scalar_error_pct	0.23894448437833055
trinary_hardware_motif_benchmark.json	rounding_ghost_scalar_count	0
trinary_hardware_motif_benchmark.json	catalog_crosswalk_scalar_count	0
trinary_hardware_motif_benchmark.json	strict_scalar_pass	True
trinary_hardware_motif_benchmark.json	effective_scalar_pass	True
trinary_hardware_motif_benchmark.json	max_gate_scalar_error_pct	0.238944484
trinary_hardware_motif_benchmark.json	tier_scalar_median_error_pct	5.547919895966477e-05
trinary_hardware_motif_benchmark.json	tier_scalar_pass	True
trinary_hardware_motif_benchmark.json	tier_scalar_max_pass	False
trinary_hardware_motif_benchmark.json	scalar_median_pass	True
trinary_hardware_motif_benchmark.json	classifier_count	0
trinary_hardware_motif_benchmark.json	classifier_correct	0
trinary_hardware_motif_benchmark.json	classifier_accuracy_pct	None
trinary_hardware_motif_benchmark.json	classifier_pass	True
trinary_hardware_motif_benchmark.json	official_pooled_median_error_pct	5.5479e-05
trinary_hardware_motif_benchmark.json	green_gate_pass	True
trinary_hardware_motif_benchmark.json	max_scalar_name	e519765ed2390456
trinary_hardware_motif_benchmark.json	max_scalar_property	acetazolamide_CAII
trinary_hardware_motif_benchmark.json	max_gate_scalar_name	e519765ed2390456
trinary_hardware_motif_benchmark.json	worst_effective_scalar_name	e519765ed2390456
trinary_os_isa_rebuild_benchmark.json	records	38
trinary_os_isa_rebuild_benchmark.json	pooled_median_error_pct	0.0
trinary_os_isa_rebuild_benchmark.json	scalar_count	37
trinary_os_isa_rebuild_benchmark.json	scalar_median_error_pct	0.0
trinary_os_isa_rebuild_benchmark.json	max_scalar_error_pct	0.0
trinary_os_isa_rebuild_benchmark.json	effective_scalar_median_error_pct	0.0
trinary_os_isa_rebuild_benchmark.json	max_effective_scalar_error_pct	0.0
trinary_os_isa_rebuild_benchmark.json	worst_effective_scalar_error_pct	0.0
trinary_os_isa_rebuild_benchmark.json	rounding_ghost_scalar_count	0
trinary_os_isa_rebuild_benchmark.json	catalog_crosswalk_scalar_count	0
trinary_os_isa_rebuild_benchmark.json	strict_scalar_pass	True
trinary_os_isa_rebuild_benchmark.json	effective_scalar_pass	True
trinary_os_isa_rebuild_benchmark.json	max_gate_scalar_error_pct	0.0
trinary_os_isa_rebuild_benchmark.json	tier_scalar_median_error_pct	0.0
trinary_os_isa_rebuild_benchmark.json	tier_scalar_pass	True
trinary_os_isa_rebuild_benchmark.json	tier_scalar_max_pass	True
trinary_os_isa_rebuild_benchmark.json	scalar_median_pass	True
trinary_os_isa_rebuild_benchmark.json	classifier_count	0
trinary_os_isa_rebuild_benchmark.json	classifier_correct	0
trinary_os_isa_rebuild_benchmark.json	classifier_accuracy_pct	None
trinary_os_isa_rebuild_benchmark.json	classifier_pass	True
trinary_os_isa_rebuild_benchmark.json	official_pooled_median_error_pct	0.0
trinary_os_isa_rebuild_benchmark.json	green_gate_pass	True
trinary_os_isa_rebuild_benchmark.json	max_scalar_name	None
trinary_os_isa_rebuild_benchmark.json	max_scalar_property	None
trinary_os_isa_rebuild_benchmark.json	max_gate_scalar_name	None
trinary_os_isa_rebuild_benchmark.json	worst_effective_scalar_name	None
trinary_os_portable_benchmark.json	records	21
trinary_os_portable_benchmark.json	pooled_median_error_pct	5.5479e-05
trinary_os_portable_benchmark.json	scalar_count	21
trinary_os_portable_benchmark.json	scalar_median_error_pct	5.5479e-05
trinary_os_portable_benchmark.json	max_scalar_error_pct	0.238944484
trinary_os_portable_benchmark.json	effective_scalar_median_error_pct	5.547919895966477e-05
trinary_os_portable_benchmark.json	max_effective_scalar_error_pct	0.23894448437833055
trinary_os_portable_benchmark.json	worst_effective_scalar_error_pct	0.23894448437833055
trinary_os_portable_benchmark.json	rounding_ghost_scalar_count	0
trinary_os_portable_benchmark.json	catalog_crosswalk_scalar_count	0
trinary_os_portable_benchmark.json	strict_scalar_pass	True
trinary_os_portable_benchmark.json	effective_scalar_pass	True
trinary_os_portable_benchmark.json	max_gate_scalar_error_pct	0.238944484
trinary_os_portable_benchmark.json	tier_scalar_median_error_pct	5.547919895966477e-05
trinary_os_portable_benchmark.json	tier_scalar_pass	True
trinary_os_portable_benchmark.json	tier_scalar_max_pass	False
trinary_os_portable_benchmark.json	scalar_median_pass	True
trinary_os_portable_benchmark.json	classifier_count	0
trinary_os_portable_benchmark.json	classifier_correct	0
trinary_os_portable_benchmark.json	classifier_accuracy_pct	None
trinary_os_portable_benchmark.json	classifier_pass	True
trinary_os_portable_benchmark.json	official_pooled_median_error_pct	5.5479e-05
trinary_os_portable_benchmark.json	green_gate_pass	True
trinary_os_portable_benchmark.json	max_scalar_name	e519765ed2390456
trinary_os_portable_benchmark.json	max_scalar_property	acetazolamide_CAII
trinary_os_portable_benchmark.json	max_gate_scalar_name	e519765ed2390456
trinary_os_portable_benchmark.json	worst_effective_scalar_name	e519765ed2390456
trinary_os_round_trip_benchmark.json	records	22
trinary_os_round_trip_benchmark.json	pooled_median_error_pct	0.0
trinary_os_round_trip_benchmark.json	scalar_count	21
trinary_os_round_trip_benchmark.json	scalar_median_error_pct	0.0
trinary_os_round_trip_benchmark.json	max_scalar_error_pct	0.0
trinary_os_round_trip_benchmark.json	effective_scalar_median_error_pct	0.0
trinary_os_round_trip_benchmark.json	max_effective_scalar_error_pct	0.0
trinary_os_round_trip_benchmark.json	worst_effective_scalar_error_pct	0.0
trinary_os_round_trip_benchmark.json	rounding_ghost_scalar_count	0
trinary_os_round_trip_benchmark.json	catalog_crosswalk_scalar_count	0
trinary_os_round_trip_benchmark.json	strict_scalar_pass	True
trinary_os_round_trip_benchmark.json	effective_scalar_pass	True
trinary_os_round_trip_benchmark.json	max_gate_scalar_error_pct	0.0
trinary_os_round_trip_benchmark.json	tier_scalar_median_error_pct	0.0
trinary_os_round_trip_benchmark.json	tier_scalar_pass	True
trinary_os_round_trip_benchmark.json	tier_scalar_max_pass	True
trinary_os_round_trip_benchmark.json	scalar_median_pass	True
trinary_os_round_trip_benchmark.json	classifier_count	0
trinary_os_round_trip_benchmark.json	classifier_correct	0
trinary_os_round_trip_benchmark.json	classifier_accuracy_pct	None
trinary_os_round_trip_benchmark.json	classifier_pass	True
trinary_os_round_trip_benchmark.json	official_pooled_median_error_pct	0.0
trinary_os_round_trip_benchmark.json	green_gate_pass	True
trinary_os_round_trip_benchmark.json	max_scalar_name	None
trinary_os_round_trip_benchmark.json	max_scalar_property	None
trinary_os_round_trip_benchmark.json	max_gate_scalar_name	None
trinary_os_round_trip_benchmark.json	worst_effective_scalar_name	None
trinary_os_tier_e_benchmark.json	records	68
trinary_os_tier_e_benchmark.json	pooled_median_error_pct	0.0
trinary_os_tier_e_benchmark.json	scalar_count	66
trinary_os_tier_e_benchmark.json	scalar_median_error_pct	0.0
trinary_os_tier_e_benchmark.json	max_scalar_error_pct	0.0
trinary_os_tier_e_benchmark.json	effective_scalar_median_error_pct	0.0
trinary_os_tier_e_benchmark.json	max_effective_scalar_error_pct	0.0
trinary_os_tier_e_benchmark.json	worst_effective_scalar_error_pct	0.0
trinary_os_tier_e_benchmark.json	rounding_ghost_scalar_count	0
trinary_os_tier_e_benchmark.json	catalog_crosswalk_scalar_count	0
trinary_os_tier_e_benchmark.json	strict_scalar_pass	True
trinary_os_tier_e_benchmark.json	effective_scalar_pass	True
trinary_os_tier_e_benchmark.json	max_gate_scalar_error_pct	0.0
trinary_os_tier_e_benchmark.json	tier_scalar_median_error_pct	0.0
trinary_os_tier_e_benchmark.json	tier_scalar_pass	True
trinary_os_tier_e_benchmark.json	tier_scalar_max_pass	True
trinary_os_tier_e_benchmark.json	scalar_median_pass	True
trinary_os_tier_e_benchmark.json	classifier_count	0
trinary_os_tier_e_benchmark.json	classifier_correct	0
trinary_os_tier_e_benchmark.json	classifier_accuracy_pct	None
trinary_os_tier_e_benchmark.json	classifier_pass	True
trinary_os_tier_e_benchmark.json	official_pooled_median_error_pct	0.0
trinary_os_tier_e_benchmark.json	green_gate_pass	True
trinary_os_tier_e_benchmark.json	max_scalar_name	None
trinary_os_tier_e_benchmark.json	max_scalar_property	None
trinary_os_tier_e_benchmark.json	max_gate_scalar_name	None
trinary_os_tier_e_benchmark.json	worst_effective_scalar_name	None
uap_war_gov_release_panel_benchmark.json	records	542
uap_war_gov_release_panel_benchmark.json	pooled_median_error_pct	0.008488
uap_war_gov_release_panel_benchmark.json	scalar_count	270
uap_war_gov_release_panel_benchmark.json	scalar_median_error_pct	0.008488
uap_war_gov_release_panel_benchmark.json	max_scalar_error_pct	0.013003
uap_war_gov_release_panel_benchmark.json	effective_scalar_median_error_pct	0.008489130434781746
uap_war_gov_release_panel_benchmark.json	max_effective_scalar_error_pct	0.013002951475740694
uap_war_gov_release_panel_benchmark.json	worst_effective_scalar_error_pct	0.013002953156826083
uap_war_gov_release_panel_benchmark.json	rounding_ghost_scalar_count	0
uap_war_gov_release_panel_benchmark.json	catalog_crosswalk_scalar_count	0
uap_war_gov_release_panel_benchmark.json	strict_scalar_pass	True
uap_war_gov_release_panel_benchmark.json	effective_scalar_pass	True
uap_war_gov_release_panel_benchmark.json	max_gate_scalar_error_pct	0.013003
uap_war_gov_release_panel_benchmark.json	tier_scalar_median_error_pct	0.008489130434781746
uap_war_gov_release_panel_benchmark.json	tier_scalar_pass	True
uap_war_gov_release_panel_benchmark.json	tier_scalar_max_pass	True
uap_war_gov_release_panel_benchmark.json	scalar_median_pass	True
uap_war_gov_release_panel_benchmark.json	classifier_count	0
uap_war_gov_release_panel_benchmark.json	classifier_correct	0
uap_war_gov_release_panel_benchmark.json	classifier_accuracy_pct	None
uap_war_gov_release_panel_benchmark.json	classifier_pass	True
uap_war_gov_release_panel_benchmark.json	official_pooled_median_error_pct	0.008488
uap_war_gov_release_panel_benchmark.json	green_gate_pass	True
uap_war_gov_release_panel_benchmark.json	max_scalar_name	255-413270-ufo-s-and-defense-what-should-we-prepare-for
uap_war_gov_release_panel_benchmark.json	max_scalar_property	incident_year_start
uap_war_gov_release_panel_benchmark.json	max_gate_scalar_name	255-413270-ufo-s-and-defense-what-should-we-prepare-for
uap_war_gov_release_panel_benchmark.json	worst_effective_scalar_name	65-hs1-834228961-62-hq-83894-serial-438
uap_war_gov_release_panel_benchmark.json	lb_records	270
uap_war_gov_release_panel_benchmark.json	lb_unrouted	0
uap_war_gov_release_panel_benchmark.json	lb_computed_match	0
uap_war_gov_release_panel_benchmark.json	lb_scalar_match	0
uap_war_gov_release_panel_benchmark.json	lb_error_match	0
uap_war_gov_release_panel_benchmark.json	lb_max_rel_dev	0.0006144165763888603
undiscovered_element_candidate_prereg_scaffold_benchmark.json	records	25
undiscovered_element_candidate_prereg_scaffold_benchmark.json	pooled_median_error_pct	0.0
undiscovered_element_candidate_prereg_scaffold_benchmark.json	scalar_count	15
undiscovered_element_candidate_prereg_scaffold_benchmark.json	scalar_median_error_pct	0.0
undiscovered_element_candidate_prereg_scaffold_benchmark.json	max_scalar_error_pct	9.5e-05
undiscovered_element_candidate_prereg_scaffold_benchmark.json	effective_scalar_median_error_pct	9.50413070515626e-09
undiscovered_element_candidate_prereg_scaffold_benchmark.json	max_effective_scalar_error_pct	8.773552418613222e-05
undiscovered_element_candidate_prereg_scaffold_benchmark.json	worst_effective_scalar_error_pct	0.00010206649661547886
undiscovered_element_candidate_prereg_scaffold_benchmark.json	rounding_ghost_scalar_count	0
undiscovered_element_candidate_prereg_scaffold_benchmark.json	catalog_crosswalk_scalar_count	0
undiscovered_element_candidate_prereg_scaffold_benchmark.json	strict_scalar_pass	True
undiscovered_element_candidate_prereg_scaffold_benchmark.json	effective_scalar_pass	True
undiscovered_element_candidate_prereg_scaffold_benchmark.json	max_gate_scalar_error_pct	9.5e-05
undiscovered_element_candidate_prereg_scaffold_benchmark.json	tier_scalar_median_error_pct	9.50413070515626e-09
undiscovered_element_candidate_prereg_scaffold_benchmark.json	tier_scalar_pass	True
undiscovered_element_candidate_prereg_scaffold_benchmark.json	tier_scalar_max_pass	True
undiscovered_element_candidate_prereg_scaffold_benchmark.json	scalar_median_pass	True
undiscovered_element_candidate_prereg_scaffold_benchmark.json	classifier_count	0
undiscovered_element_candidate_prereg_scaffold_benchmark.json	classifier_correct	0
undiscovered_element_candidate_prereg_scaffold_benchmark.json	classifier_accuracy_pct	None
undiscovered_element_candidate_prereg_scaffold_benchmark.json	classifier_pass	True
undiscovered_element_candidate_prereg_scaffold_benchmark.json	official_pooled_median_error_pct	0.0
undiscovered_element_candidate_prereg_scaffold_benchmark.json	green_gate_pass	True
undiscovered_element_candidate_prereg_scaffold_benchmark.json	max_scalar_name	Z120_N184_unbinilium
undiscovered_element_candidate_prereg_scaffold_benchmark.json	max_scalar_property	predicted_binding_energy_per_nucleon_mev
undiscovered_element_candidate_prereg_scaffold_benchmark.json	max_gate_scalar_name	Z120_N184_unbinilium
undiscovered_element_candidate_prereg_scaffold_benchmark.json	worst_effective_scalar_name	Z119_N177_ununennium
unified_db_candidate_crosswalk_benchmark.json	records	45
unified_db_candidate_crosswalk_benchmark.json	pooled_median_error_pct	0.0
unified_db_candidate_crosswalk_benchmark.json	scalar_count	15
unified_db_candidate_crosswalk_benchmark.json	scalar_median_error_pct	0.0
unified_db_candidate_crosswalk_benchmark.json	max_scalar_error_pct	0.0
unified_db_candidate_crosswalk_benchmark.json	effective_scalar_median_error_pct	0.0
unified_db_candidate_crosswalk_benchmark.json	max_effective_scalar_error_pct	0.0
unified_db_candidate_crosswalk_benchmark.json	worst_effective_scalar_error_pct	0.0
unified_db_candidate_crosswalk_benchmark.json	rounding_ghost_scalar_count	0
unified_db_candidate_crosswalk_benchmark.json	catalog_crosswalk_scalar_count	0
unified_db_candidate_crosswalk_benchmark.json	strict_scalar_pass	True
unified_db_candidate_crosswalk_benchmark.json	effective_scalar_pass	True
unified_db_candidate_crosswalk_benchmark.json	max_gate_scalar_error_pct	0.0
unified_db_candidate_crosswalk_benchmark.json	tier_scalar_median_error_pct	0.0
unified_db_candidate_crosswalk_benchmark.json	tier_scalar_pass	True
unified_db_candidate_crosswalk_benchmark.json	tier_scalar_max_pass	True
unified_db_candidate_crosswalk_benchmark.json	scalar_median_pass	True
unified_db_candidate_crosswalk_benchmark.json	classifier_count	0
unified_db_candidate_crosswalk_benchmark.json	classifier_correct	0
unified_db_candidate_crosswalk_benchmark.json	classifier_accuracy_pct	None
unified_db_candidate_crosswalk_benchmark.json	classifier_pass	True
unified_db_candidate_crosswalk_benchmark.json	official_pooled_median_error_pct	0.0
unified_db_candidate_crosswalk_benchmark.json	green_gate_pass	True
unified_db_candidate_crosswalk_benchmark.json	max_scalar_name	None
unified_db_candidate_crosswalk_benchmark.json	max_scalar_property	None
unified_db_candidate_crosswalk_benchmark.json	max_gate_scalar_name	None
unified_db_candidate_crosswalk_benchmark.json	worst_effective_scalar_name	None
unified_db_crosswalk_spine_benchmark.json	records	43
unified_db_crosswalk_spine_benchmark.json	pooled_median_error_pct	0.0
unified_db_crosswalk_spine_benchmark.json	scalar_count	20
unified_db_crosswalk_spine_benchmark.json	scalar_median_error_pct	0.0
unified_db_crosswalk_spine_benchmark.json	max_scalar_error_pct	0.192564276915754
unified_db_crosswalk_spine_benchmark.json	effective_scalar_median_error_pct	0.0
unified_db_crosswalk_spine_benchmark.json	max_effective_scalar_error_pct	0.192564276915754
unified_db_crosswalk_spine_benchmark.json	worst_effective_scalar_error_pct	0.192564276915754
unified_db_crosswalk_spine_benchmark.json	rounding_ghost_scalar_count	0
unified_db_crosswalk_spine_benchmark.json	catalog_crosswalk_scalar_count	0
unified_db_crosswalk_spine_benchmark.json	strict_scalar_pass	True
unified_db_crosswalk_spine_benchmark.json	effective_scalar_pass	True
unified_db_crosswalk_spine_benchmark.json	max_gate_scalar_error_pct	0.192564276915754
unified_db_crosswalk_spine_benchmark.json	tier_scalar_median_error_pct	0.0
unified_db_crosswalk_spine_benchmark.json	tier_scalar_pass	True
unified_db_crosswalk_spine_benchmark.json	tier_scalar_max_pass	False
unified_db_crosswalk_spine_benchmark.json	scalar_median_pass	True
unified_db_crosswalk_spine_benchmark.json	classifier_count	0
unified_db_crosswalk_spine_benchmark.json	classifier_correct	0
unified_db_crosswalk_spine_benchmark.json	classifier_accuracy_pct	None
unified_db_crosswalk_spine_benchmark.json	classifier_pass	True
unified_db_crosswalk_spine_benchmark.json	official_pooled_median_error_pct	0.0
unified_db_crosswalk_spine_benchmark.json	green_gate_pass	True
unified_db_crosswalk_spine_benchmark.json	max_scalar_name	fsot_aggregate_organized_panel
unified_db_crosswalk_spine_benchmark.json	max_scalar_property	engine_native_h0
unified_db_crosswalk_spine_benchmark.json	max_gate_scalar_name	fsot_aggregate_organized_panel
unified_db_crosswalk_spine_benchmark.json	worst_effective_scalar_name	fsot_aggregate_organized_panel
uniprot_protein_annotations_benchmark.json	records	22
uniprot_protein_annotations_benchmark.json	pooled_median_error_pct	0.026684
uniprot_protein_annotations_benchmark.json	scalar_count	0
uniprot_protein_annotations_benchmark.json	scalar_median_error_pct	None
uniprot_protein_annotations_benchmark.json	max_scalar_error_pct	None
uniprot_protein_annotations_benchmark.json	effective_scalar_median_error_pct	None
uniprot_protein_annotations_benchmark.json	max_effective_scalar_error_pct	None
uniprot_protein_annotations_benchmark.json	worst_effective_scalar_error_pct	None
uniprot_protein_annotations_benchmark.json	rounding_ghost_scalar_count	0
uniprot_protein_annotations_benchmark.json	catalog_crosswalk_scalar_count	0
uniprot_protein_annotations_benchmark.json	strict_scalar_pass	True
uniprot_protein_annotations_benchmark.json	effective_scalar_pass	True
uniprot_protein_annotations_benchmark.json	max_gate_scalar_error_pct	None
uniprot_protein_annotations_benchmark.json	tier_scalar_median_error_pct	None
uniprot_protein_annotations_benchmark.json	tier_scalar_pass	True
uniprot_protein_annotations_benchmark.json	tier_scalar_max_pass	True
uniprot_protein_annotations_benchmark.json	scalar_median_pass	True
uniprot_protein_annotations_benchmark.json	classifier_count	0
uniprot_protein_annotations_benchmark.json	classifier_correct	0
uniprot_protein_annotations_benchmark.json	classifier_accuracy_pct	None
uniprot_protein_annotations_benchmark.json	classifier_pass	True
uniprot_protein_annotations_benchmark.json	official_pooled_median_error_pct	None
uniprot_protein_annotations_benchmark.json	green_gate_pass	True
uniprot_protein_annotations_benchmark.json	max_scalar_name	None
uniprot_protein_annotations_benchmark.json	max_scalar_property	None
uniprot_protein_annotations_benchmark.json	max_gate_scalar_name	None
uniprot_protein_annotations_benchmark.json	worst_effective_scalar_name	None
uniprot_protein_annotations_benchmark.json	lb_records	22
uniprot_protein_annotations_benchmark.json	lb_unrouted	0
uniprot_protein_annotations_benchmark.json	lb_computed_match	0
uniprot_protein_annotations_benchmark.json	lb_scalar_match	0
uniprot_protein_annotations_benchmark.json	lb_error_match	0
uniprot_protein_annotations_benchmark.json	lb_max_rel_dev	4.111956170478251e-09
uniprot_proteome_slice_open_benchmark.json	records	68
uniprot_proteome_slice_open_benchmark.json	pooled_median_error_pct	0.022236
uniprot_proteome_slice_open_benchmark.json	scalar_count	68
uniprot_proteome_slice_open_benchmark.json	scalar_median_error_pct	0.022236
uniprot_proteome_slice_open_benchmark.json	max_scalar_error_pct	0.026684
uniprot_proteome_slice_open_benchmark.json	effective_scalar_median_error_pct	0.02223904761904964
uniprot_proteome_slice_open_benchmark.json	max_effective_scalar_error_pct	0.02668346055980037
uniprot_proteome_slice_open_benchmark.json	worst_effective_scalar_error_pct	0.026683802816902743
uniprot_proteome_slice_open_benchmark.json	rounding_ghost_scalar_count	0
uniprot_proteome_slice_open_benchmark.json	catalog_crosswalk_scalar_count	0
uniprot_proteome_slice_open_benchmark.json	strict_scalar_pass	True
uniprot_proteome_slice_open_benchmark.json	effective_scalar_pass	True
uniprot_proteome_slice_open_benchmark.json	max_gate_scalar_error_pct	0.026684
uniprot_proteome_slice_open_benchmark.json	tier_scalar_median_error_pct	0.02223904761904964
uniprot_proteome_slice_open_benchmark.json	tier_scalar_pass	True
uniprot_proteome_slice_open_benchmark.json	tier_scalar_max_pass	True
uniprot_proteome_slice_open_benchmark.json	scalar_median_pass	True
uniprot_proteome_slice_open_benchmark.json	classifier_count	0
uniprot_proteome_slice_open_benchmark.json	classifier_correct	0
uniprot_proteome_slice_open_benchmark.json	classifier_accuracy_pct	None
uniprot_proteome_slice_open_benchmark.json	classifier_pass	True
uniprot_proteome_slice_open_benchmark.json	official_pooled_median_error_pct	0.022236
uniprot_proteome_slice_open_benchmark.json	green_gate_pass	True
uniprot_proteome_slice_open_benchmark.json	max_scalar_name	P04637
uniprot_proteome_slice_open_benchmark.json	max_scalar_property	sequence_length
uniprot_proteome_slice_open_benchmark.json	max_gate_scalar_name	P04637
uniprot_proteome_slice_open_benchmark.json	worst_effective_scalar_name	P69905
uniprot_proteome_slice_open_benchmark.json	lb_records	68
uniprot_proteome_slice_open_benchmark.json	lb_unrouted	0
uniprot_proteome_slice_open_benchmark.json	lb_computed_match	0
uniprot_proteome_slice_open_benchmark.json	lb_scalar_match	0
uniprot_proteome_slice_open_benchmark.json	lb_error_match	0
uniprot_proteome_slice_open_benchmark.json	lb_max_rel_dev	0.00029984348170251826
uniprot_structure_annotations_deep_benchmark.json	records	121
uniprot_structure_annotations_deep_benchmark.json	pooled_median_error_pct	0.0
uniprot_structure_annotations_deep_benchmark.json	scalar_count	115
uniprot_structure_annotations_deep_benchmark.json	scalar_median_error_pct	0.0
uniprot_structure_annotations_deep_benchmark.json	max_scalar_error_pct	0.0
uniprot_structure_annotations_deep_benchmark.json	effective_scalar_median_error_pct	0.0
uniprot_structure_annotations_deep_benchmark.json	max_effective_scalar_error_pct	0.0
uniprot_structure_annotations_deep_benchmark.json	worst_effective_scalar_error_pct	0.0
uniprot_structure_annotations_deep_benchmark.json	rounding_ghost_scalar_count	0
uniprot_structure_annotations_deep_benchmark.json	catalog_crosswalk_scalar_count	0
uniprot_structure_annotations_deep_benchmark.json	strict_scalar_pass	True
uniprot_structure_annotations_deep_benchmark.json	effective_scalar_pass	True
uniprot_structure_annotations_deep_benchmark.json	max_gate_scalar_error_pct	0.0
uniprot_structure_annotations_deep_benchmark.json	tier_scalar_median_error_pct	0.0
uniprot_structure_annotations_deep_benchmark.json	tier_scalar_pass	True
uniprot_structure_annotations_deep_benchmark.json	tier_scalar_max_pass	True
uniprot_structure_annotations_deep_benchmark.json	scalar_median_pass	True
uniprot_structure_annotations_deep_benchmark.json	classifier_count	0
uniprot_structure_annotations_deep_benchmark.json	classifier_correct	0
uniprot_structure_annotations_deep_benchmark.json	classifier_accuracy_pct	None
uniprot_structure_annotations_deep_benchmark.json	classifier_pass	True
uniprot_structure_annotations_deep_benchmark.json	official_pooled_median_error_pct	0.0
uniprot_structure_annotations_deep_benchmark.json	green_gate_pass	True
uniprot_structure_annotations_deep_benchmark.json	max_scalar_name	None
uniprot_structure_annotations_deep_benchmark.json	max_scalar_property	None
uniprot_structure_annotations_deep_benchmark.json	max_gate_scalar_name	None
uniprot_structure_annotations_deep_benchmark.json	worst_effective_scalar_name	None
usgs_seismic_history_open_benchmark.json	records	398
usgs_seismic_history_open_benchmark.json	pooled_median_error_pct	0.022295
usgs_seismic_history_open_benchmark.json	scalar_count	398
usgs_seismic_history_open_benchmark.json	scalar_median_error_pct	0.022295
usgs_seismic_history_open_benchmark.json	max_scalar_error_pct	0.024709
usgs_seismic_history_open_benchmark.json	effective_scalar_median_error_pct	0.0222950536049373
usgs_seismic_history_open_benchmark.json	max_effective_scalar_error_pct	0.024709
usgs_seismic_history_open_benchmark.json	worst_effective_scalar_error_pct	0.02230136986301623
usgs_seismic_history_open_benchmark.json	rounding_ghost_scalar_count	0
usgs_seismic_history_open_benchmark.json	catalog_crosswalk_scalar_count	0
usgs_seismic_history_open_benchmark.json	strict_scalar_pass	True
usgs_seismic_history_open_benchmark.json	effective_scalar_pass	True
usgs_seismic_history_open_benchmark.json	max_gate_scalar_error_pct	0.024709
usgs_seismic_history_open_benchmark.json	tier_scalar_median_error_pct	0.0222950536049373
usgs_seismic_history_open_benchmark.json	tier_scalar_pass	True
usgs_seismic_history_open_benchmark.json	tier_scalar_max_pass	True
usgs_seismic_history_open_benchmark.json	scalar_median_pass	True
usgs_seismic_history_open_benchmark.json	classifier_count	0
usgs_seismic_history_open_benchmark.json	classifier_correct	0
usgs_seismic_history_open_benchmark.json	classifier_accuracy_pct	None
usgs_seismic_history_open_benchmark.json	classifier_pass	True
usgs_seismic_history_open_benchmark.json	official_pooled_median_error_pct	0.022295
usgs_seismic_history_open_benchmark.json	green_gate_pass	True
usgs_seismic_history_open_benchmark.json	max_scalar_name	6000qw60
usgs_seismic_history_open_benchmark.json	max_scalar_property	depth_km
usgs_seismic_history_open_benchmark.json	max_gate_scalar_name	6000qw60
usgs_seismic_history_open_benchmark.json	worst_effective_scalar_name	7000qd1y
usgs_seismic_history_open_benchmark.json	lb_records	398
usgs_seismic_history_open_benchmark.json	lb_unrouted	0
usgs_seismic_history_open_benchmark.json	lb_computed_match	0
usgs_seismic_history_open_benchmark.json	lb_scalar_match	0
usgs_seismic_history_open_benchmark.json	lb_error_match	0
usgs_seismic_history_open_benchmark.json	lb_max_rel_dev	0.00025238001986687173
validators_intrinsic_llm_panel_benchmark.json	records	21
validators_intrinsic_llm_panel_benchmark.json	pooled_median_error_pct	0.014767
validators_intrinsic_llm_panel_benchmark.json	scalar_count	20
validators_intrinsic_llm_panel_benchmark.json	scalar_median_error_pct	0.014767
validators_intrinsic_llm_panel_benchmark.json	max_scalar_error_pct	0.014767
validators_intrinsic_llm_panel_benchmark.json	effective_scalar_median_error_pct	0.01476694827586447
validators_intrinsic_llm_panel_benchmark.json	max_effective_scalar_error_pct	0.014766666666673109
validators_intrinsic_llm_panel_benchmark.json	worst_effective_scalar_error_pct	0.014787234042553218
validators_intrinsic_llm_panel_benchmark.json	rounding_ghost_scalar_count	0
validators_intrinsic_llm_panel_benchmark.json	catalog_crosswalk_scalar_count	0
validators_intrinsic_llm_panel_benchmark.json	strict_scalar_pass	True
validators_intrinsic_llm_panel_benchmark.json	effective_scalar_pass	True
validators_intrinsic_llm_panel_benchmark.json	max_gate_scalar_error_pct	0.014767
validators_intrinsic_llm_panel_benchmark.json	tier_scalar_median_error_pct	0.01476694827586447
validators_intrinsic_llm_panel_benchmark.json	tier_scalar_pass	True
validators_intrinsic_llm_panel_benchmark.json	tier_scalar_max_pass	True
validators_intrinsic_llm_panel_benchmark.json	scalar_median_pass	True
validators_intrinsic_llm_panel_benchmark.json	classifier_count	0
validators_intrinsic_llm_panel_benchmark.json	classifier_correct	0
validators_intrinsic_llm_panel_benchmark.json	classifier_accuracy_pct	None
validators_intrinsic_llm_panel_benchmark.json	classifier_pass	True
validators_intrinsic_llm_panel_benchmark.json	official_pooled_median_error_pct	0.014767
validators_intrinsic_llm_panel_benchmark.json	green_gate_pass	True
validators_intrinsic_llm_panel_benchmark.json	max_scalar_name	Validation (3 topics)
validators_intrinsic_llm_panel_benchmark.json	max_scalar_property	topics
validators_intrinsic_llm_panel_benchmark.json	max_gate_scalar_name	Validation (3 topics)
validators_intrinsic_llm_panel_benchmark.json	worst_effective_scalar_name	Quarter Eval (12 topics)
validators_intrinsic_llm_panel_benchmark.json	lb_records	21
validators_intrinsic_llm_panel_benchmark.json	lb_unrouted	0
validators_intrinsic_llm_panel_benchmark.json	lb_computed_match	0
validators_intrinsic_llm_panel_benchmark.json	lb_scalar_match	0
validators_intrinsic_llm_panel_benchmark.json	lb_error_match	0
validators_intrinsic_llm_panel_benchmark.json	lb_max_rel_dev	0.0003805687003387282
virology_extension_benchmark.json	records	50
virology_extension_benchmark.json	pooled_median_error_pct	0.04593318440797614
virology_extension_benchmark.json	scalar_count	50
virology_extension_benchmark.json	scalar_median_error_pct	0.0459331844079757
virology_extension_benchmark.json	max_scalar_error_pct	0.428562
virology_extension_benchmark.json	effective_scalar_median_error_pct	0.04593314180377892
virology_extension_benchmark.json	max_effective_scalar_error_pct	0.4285619285326409
virology_extension_benchmark.json	worst_effective_scalar_error_pct	0.4285619285326409
virology_extension_benchmark.json	rounding_ghost_scalar_count	0
virology_extension_benchmark.json	catalog_crosswalk_scalar_count	0
virology_extension_benchmark.json	strict_scalar_pass	True
virology_extension_benchmark.json	effective_scalar_pass	True
virology_extension_benchmark.json	max_gate_scalar_error_pct	0.428562
virology_extension_benchmark.json	tier_scalar_median_error_pct	0.04593314180377892
virology_extension_benchmark.json	tier_scalar_pass	True
virology_extension_benchmark.json	tier_scalar_max_pass	False
virology_extension_benchmark.json	scalar_median_pass	True
virology_extension_benchmark.json	classifier_count	0
virology_extension_benchmark.json	classifier_correct	0
virology_extension_benchmark.json	classifier_accuracy_pct	None
virology_extension_benchmark.json	classifier_pass	True
virology_extension_benchmark.json	official_pooled_median_error_pct	0.0459331844079757
virology_extension_benchmark.json	green_gate_pass	True
virology_extension_benchmark.json	max_scalar_name	lysozyme
virology_extension_benchmark.json	max_scalar_property	§21 Protein ΔG
virology_extension_benchmark.json	max_gate_scalar_name	lysozyme
virology_extension_benchmark.json	worst_effective_scalar_name	lysozyme
virology_panel_benchmark.json	records	24
virology_panel_benchmark.json	pooled_median_error_pct	0.000637597
virology_panel_benchmark.json	scalar_count	24
virology_panel_benchmark.json	scalar_median_error_pct	0.000637597
virology_panel_benchmark.json	max_scalar_error_pct	0.022236
virology_panel_benchmark.json	effective_scalar_median_error_pct	0.0006375969321657722
virology_panel_benchmark.json	max_effective_scalar_error_pct	0.022236250083723645
virology_panel_benchmark.json	worst_effective_scalar_error_pct	0.022236333333334336
virology_panel_benchmark.json	rounding_ghost_scalar_count	0
virology_panel_benchmark.json	catalog_crosswalk_scalar_count	0
virology_panel_benchmark.json	strict_scalar_pass	True
virology_panel_benchmark.json	effective_scalar_pass	True
virology_panel_benchmark.json	max_gate_scalar_error_pct	0.022236
virology_panel_benchmark.json	tier_scalar_median_error_pct	0.0006375969321657722
virology_panel_benchmark.json	tier_scalar_pass	True
virology_panel_benchmark.json	tier_scalar_max_pass	True
virology_panel_benchmark.json	scalar_median_pass	True
virology_panel_benchmark.json	classifier_count	0
virology_panel_benchmark.json	classifier_correct	0
virology_panel_benchmark.json	classifier_accuracy_pct	None
virology_panel_benchmark.json	classifier_pass	True
virology_panel_benchmark.json	official_pooled_median_error_pct	0.000637597
virology_panel_benchmark.json	green_gate_pass	True
virology_panel_benchmark.json	max_scalar_name	SARS-CoV-2
virology_panel_benchmark.json	max_scalar_property	genome_length_bp
virology_panel_benchmark.json	max_gate_scalar_name	SARS-CoV-2
virology_panel_benchmark.json	worst_effective_scalar_name	Hepatitis C virus
virology_panel_benchmark.json	lb_records	8
virology_panel_benchmark.json	lb_unrouted	0
virology_panel_benchmark.json	lb_computed_match	0
virology_panel_benchmark.json	lb_scalar_match	0
virology_panel_benchmark.json	lb_error_match	0
virology_panel_benchmark.json	lb_max_rel_dev	0.00029936757356890736
vizier_wds_tap_live_deep_benchmark.json	records	91
vizier_wds_tap_live_deep_benchmark.json	pooled_median_error_pct	0.026954
vizier_wds_tap_live_deep_benchmark.json	scalar_count	90
vizier_wds_tap_live_deep_benchmark.json	scalar_median_error_pct	0.026954
vizier_wds_tap_live_deep_benchmark.json	max_scalar_error_pct	0.031446
vizier_wds_tap_live_deep_benchmark.json	effective_scalar_median_error_pct	0.026954036666253896
vizier_wds_tap_live_deep_benchmark.json	max_effective_scalar_error_pct	0.03144000000000702
vizier_wds_tap_live_deep_benchmark.json	worst_effective_scalar_error_pct	0.031449999999999534
vizier_wds_tap_live_deep_benchmark.json	rounding_ghost_scalar_count	0
vizier_wds_tap_live_deep_benchmark.json	catalog_crosswalk_scalar_count	0
vizier_wds_tap_live_deep_benchmark.json	strict_scalar_pass	True
vizier_wds_tap_live_deep_benchmark.json	effective_scalar_pass	True
vizier_wds_tap_live_deep_benchmark.json	max_gate_scalar_error_pct	0.031446
vizier_wds_tap_live_deep_benchmark.json	tier_scalar_median_error_pct	0.026954036666253896
vizier_wds_tap_live_deep_benchmark.json	tier_scalar_pass	True
vizier_wds_tap_live_deep_benchmark.json	tier_scalar_max_pass	True
vizier_wds_tap_live_deep_benchmark.json	scalar_median_pass	True
vizier_wds_tap_live_deep_benchmark.json	classifier_count	0
vizier_wds_tap_live_deep_benchmark.json	classifier_correct	0
vizier_wds_tap_live_deep_benchmark.json	classifier_accuracy_pct	None
vizier_wds_tap_live_deep_benchmark.json	classifier_pass	True
vizier_wds_tap_live_deep_benchmark.json	official_pooled_median_error_pct	0.026954
vizier_wds_tap_live_deep_benchmark.json	green_gate_pass	True
vizier_wds_tap_live_deep_benchmark.json	max_scalar_name	Epsilon_Lyr
vizier_wds_tap_live_deep_benchmark.json	max_scalar_property	multiplicity
vizier_wds_tap_live_deep_benchmark.json	max_gate_scalar_name	Epsilon_Lyr
vizier_wds_tap_live_deep_benchmark.json	worst_effective_scalar_name	Zeta_Cas
vizier_wds_tap_live_deep_benchmark.json	lb_records	90
vizier_wds_tap_live_deep_benchmark.json	lb_unrouted	0
vizier_wds_tap_live_deep_benchmark.json	lb_computed_match	0
vizier_wds_tap_live_deep_benchmark.json	lb_scalar_match	0
vizier_wds_tap_live_deep_benchmark.json	lb_error_match	0
vizier_wds_tap_live_deep_benchmark.json	lb_max_rel_dev	0.00046632469522350686
vl_agent_distill_panel_benchmark.json	records	21
vl_agent_distill_panel_benchmark.json	pooled_median_error_pct	0.031506
vl_agent_distill_panel_benchmark.json	scalar_count	19
vl_agent_distill_panel_benchmark.json	scalar_median_error_pct	0.031506
vl_agent_distill_panel_benchmark.json	max_scalar_error_pct	0.238944484
vl_agent_distill_panel_benchmark.json	effective_scalar_median_error_pct	0.03148319014971152
vl_agent_distill_panel_benchmark.json	max_effective_scalar_error_pct	0.23894448437833055
vl_agent_distill_panel_benchmark.json	worst_effective_scalar_error_pct	0.23894448437833055
vl_agent_distill_panel_benchmark.json	rounding_ghost_scalar_count	0
vl_agent_distill_panel_benchmark.json	catalog_crosswalk_scalar_count	0
vl_agent_distill_panel_benchmark.json	strict_scalar_pass	True
vl_agent_distill_panel_benchmark.json	effective_scalar_pass	True
vl_agent_distill_panel_benchmark.json	max_gate_scalar_error_pct	0.238944484
vl_agent_distill_panel_benchmark.json	tier_scalar_median_error_pct	0.03148319014971152
vl_agent_distill_panel_benchmark.json	tier_scalar_pass	True
vl_agent_distill_panel_benchmark.json	tier_scalar_max_pass	False
vl_agent_distill_panel_benchmark.json	scalar_median_pass	True
vl_agent_distill_panel_benchmark.json	classifier_count	0
vl_agent_distill_panel_benchmark.json	classifier_correct	0
vl_agent_distill_panel_benchmark.json	classifier_accuracy_pct	None
vl_agent_distill_panel_benchmark.json	classifier_pass	True
vl_agent_distill_panel_benchmark.json	official_pooled_median_error_pct	0.031506
vl_agent_distill_panel_benchmark.json	green_gate_pass	True
vl_agent_distill_panel_benchmark.json	max_scalar_name	e519765ed2390456
vl_agent_distill_panel_benchmark.json	max_scalar_property	acetazolamide_CAII
vl_agent_distill_panel_benchmark.json	max_gate_scalar_name	e519765ed2390456
vl_agent_distill_panel_benchmark.json	worst_effective_scalar_name	e519765ed2390456
vl_agent_distill_panel_benchmark.json	lb_records	11
vl_agent_distill_panel_benchmark.json	lb_unrouted	0
vl_agent_distill_panel_benchmark.json	lb_computed_match	0
vl_agent_distill_panel_benchmark.json	lb_scalar_match	0
vl_agent_distill_panel_benchmark.json	lb_error_match	0
vl_agent_distill_panel_benchmark.json	lb_max_rel_dev	0.00043966724131958305
vl_distill_atlas_benchmark.json	records	21
vl_distill_atlas_benchmark.json	pooled_median_error_pct	5.5479e-05
vl_distill_atlas_benchmark.json	scalar_count	21
vl_distill_atlas_benchmark.json	scalar_median_error_pct	5.5479e-05
vl_distill_atlas_benchmark.json	max_scalar_error_pct	0.238944484
vl_distill_atlas_benchmark.json	effective_scalar_median_error_pct	5.547919895966477e-05
vl_distill_atlas_benchmark.json	max_effective_scalar_error_pct	0.23894448437833055
vl_distill_atlas_benchmark.json	worst_effective_scalar_error_pct	0.23894448437833055
vl_distill_atlas_benchmark.json	rounding_ghost_scalar_count	0
vl_distill_atlas_benchmark.json	catalog_crosswalk_scalar_count	0
vl_distill_atlas_benchmark.json	strict_scalar_pass	True
vl_distill_atlas_benchmark.json	effective_scalar_pass	True
vl_distill_atlas_benchmark.json	max_gate_scalar_error_pct	0.238944484
vl_distill_atlas_benchmark.json	tier_scalar_median_error_pct	5.547919895966477e-05
vl_distill_atlas_benchmark.json	tier_scalar_pass	True
vl_distill_atlas_benchmark.json	tier_scalar_max_pass	False
vl_distill_atlas_benchmark.json	scalar_median_pass	True
vl_distill_atlas_benchmark.json	classifier_count	0
vl_distill_atlas_benchmark.json	classifier_correct	0
vl_distill_atlas_benchmark.json	classifier_accuracy_pct	None
vl_distill_atlas_benchmark.json	classifier_pass	True
vl_distill_atlas_benchmark.json	official_pooled_median_error_pct	5.5479e-05
vl_distill_atlas_benchmark.json	green_gate_pass	True
vl_distill_atlas_benchmark.json	max_scalar_name	e519765ed2390456
vl_distill_atlas_benchmark.json	max_scalar_property	acetazolamide_CAII
vl_distill_atlas_benchmark.json	max_gate_scalar_name	e519765ed2390456
vl_distill_atlas_benchmark.json	worst_effective_scalar_name	e519765ed2390456
volcanology_panel_benchmark.json	records	90
volcanology_panel_benchmark.json	pooled_median_error_pct	0.023502
volcanology_panel_benchmark.json	scalar_count	90
volcanology_panel_benchmark.json	scalar_median_error_pct	0.023502
volcanology_panel_benchmark.json	max_scalar_error_pct	0.04459
volcanology_panel_benchmark.json	effective_scalar_median_error_pct	0.0
volcanology_panel_benchmark.json	max_effective_scalar_error_pct	0.04459
volcanology_panel_benchmark.json	worst_effective_scalar_error_pct	0.04459574468084842
volcanology_panel_benchmark.json	rounding_ghost_scalar_count	0
volcanology_panel_benchmark.json	catalog_crosswalk_scalar_count	0
volcanology_panel_benchmark.json	strict_scalar_pass	True
volcanology_panel_benchmark.json	effective_scalar_pass	True
volcanology_panel_benchmark.json	max_gate_scalar_error_pct	0.04459
volcanology_panel_benchmark.json	tier_scalar_median_error_pct	0.0
volcanology_panel_benchmark.json	tier_scalar_pass	True
volcanology_panel_benchmark.json	tier_scalar_max_pass	True
volcanology_panel_benchmark.json	scalar_median_pass	True
volcanology_panel_benchmark.json	classifier_count	0
volcanology_panel_benchmark.json	classifier_correct	0
volcanology_panel_benchmark.json	classifier_accuracy_pct	None
volcanology_panel_benchmark.json	classifier_pass	True
volcanology_panel_benchmark.json	official_pooled_median_error_pct	0.023502
volcanology_panel_benchmark.json	green_gate_pass	True
volcanology_panel_benchmark.json	max_scalar_name	27 km SSE of Tambolaka, Indonesia
volcanology_panel_benchmark.json	max_scalar_property	magnitude
volcanology_panel_benchmark.json	max_gate_scalar_name	27 km SSE of Tambolaka, Indonesia
volcanology_panel_benchmark.json	worst_effective_scalar_name	northern Mid-Atlantic Ridge
volcanology_panel_benchmark.json	lb_records	90
volcanology_panel_benchmark.json	lb_unrouted	0
volcanology_panel_benchmark.json	lb_computed_match	0
volcanology_panel_benchmark.json	lb_scalar_match	0
volcanology_panel_benchmark.json	lb_error_match	0
volcanology_panel_benchmark.json	lb_max_rel_dev	0.0004410895366285571
warp_bh_wh_portal_benchmark.json	records	23
warp_bh_wh_portal_benchmark.json	pooled_median_error_pct	0.0
warp_bh_wh_portal_benchmark.json	scalar_count	21
warp_bh_wh_portal_benchmark.json	scalar_median_error_pct	0.0
warp_bh_wh_portal_benchmark.json	max_scalar_error_pct	0.000713348
warp_bh_wh_portal_benchmark.json	effective_scalar_median_error_pct	0.0
warp_bh_wh_portal_benchmark.json	max_effective_scalar_error_pct	0.0007133479655842192
warp_bh_wh_portal_benchmark.json	worst_effective_scalar_error_pct	0.0007133479655842192
warp_bh_wh_portal_benchmark.json	rounding_ghost_scalar_count	0
warp_bh_wh_portal_benchmark.json	catalog_crosswalk_scalar_count	0
warp_bh_wh_portal_benchmark.json	strict_scalar_pass	True
warp_bh_wh_portal_benchmark.json	effective_scalar_pass	True
warp_bh_wh_portal_benchmark.json	max_gate_scalar_error_pct	0.000713348
warp_bh_wh_portal_benchmark.json	tier_scalar_median_error_pct	0.0
warp_bh_wh_portal_benchmark.json	tier_scalar_pass	True
warp_bh_wh_portal_benchmark.json	tier_scalar_max_pass	True
warp_bh_wh_portal_benchmark.json	scalar_median_pass	True
warp_bh_wh_portal_benchmark.json	classifier_count	0
warp_bh_wh_portal_benchmark.json	classifier_correct	0
warp_bh_wh_portal_benchmark.json	classifier_accuracy_pct	None
warp_bh_wh_portal_benchmark.json	classifier_pass	True
warp_bh_wh_portal_benchmark.json	official_pooled_median_error_pct	0.0
warp_bh_wh_portal_benchmark.json	green_gate_pass	True
warp_bh_wh_portal_benchmark.json	max_scalar_name	c1f0a37d1a7e1851
warp_bh_wh_portal_benchmark.json	max_scalar_property	F
warp_bh_wh_portal_benchmark.json	max_gate_scalar_name	c1f0a37d1a7e1851
warp_bh_wh_portal_benchmark.json	worst_effective_scalar_name	c1f0a37d1a7e1851
wds_live_multiplicity_deep_benchmark.json	records	281
wds_live_multiplicity_deep_benchmark.json	pooled_median_error_pct	0.026954
wds_live_multiplicity_deep_benchmark.json	scalar_count	160
wds_live_multiplicity_deep_benchmark.json	scalar_median_error_pct	0.026954
wds_live_multiplicity_deep_benchmark.json	max_scalar_error_pct	0.031446
wds_live_multiplicity_deep_benchmark.json	effective_scalar_median_error_pct	0.026953780130353155
wds_live_multiplicity_deep_benchmark.json	max_effective_scalar_error_pct	0.031449999999999534
wds_live_multiplicity_deep_benchmark.json	worst_effective_scalar_error_pct	0.031449999999999534
wds_live_multiplicity_deep_benchmark.json	rounding_ghost_scalar_count	0
wds_live_multiplicity_deep_benchmark.json	catalog_crosswalk_scalar_count	0
wds_live_multiplicity_deep_benchmark.json	strict_scalar_pass	True
wds_live_multiplicity_deep_benchmark.json	effective_scalar_pass	True
wds_live_multiplicity_deep_benchmark.json	max_gate_scalar_error_pct	0.031446
wds_live_multiplicity_deep_benchmark.json	tier_scalar_median_error_pct	0.026953780130353155
wds_live_multiplicity_deep_benchmark.json	tier_scalar_pass	True
wds_live_multiplicity_deep_benchmark.json	tier_scalar_max_pass	True
wds_live_multiplicity_deep_benchmark.json	scalar_median_pass	True
wds_live_multiplicity_deep_benchmark.json	classifier_count	0
wds_live_multiplicity_deep_benchmark.json	classifier_correct	0
wds_live_multiplicity_deep_benchmark.json	classifier_accuracy_pct	None
wds_live_multiplicity_deep_benchmark.json	classifier_pass	True
wds_live_multiplicity_deep_benchmark.json	official_pooled_median_error_pct	0.026954
wds_live_multiplicity_deep_benchmark.json	green_gate_pass	True
wds_live_multiplicity_deep_benchmark.json	max_scalar_name	61_Cyg
wds_live_multiplicity_deep_benchmark.json	max_scalar_property	multiplicity
wds_live_multiplicity_deep_benchmark.json	max_gate_scalar_name	61_Cyg
wds_live_multiplicity_deep_benchmark.json	worst_effective_scalar_name	61_Cyg
wds_live_multiplicity_deep_benchmark.json	lb_records	160
wds_live_multiplicity_deep_benchmark.json	lb_unrouted	0
wds_live_multiplicity_deep_benchmark.json	lb_computed_match	0
wds_live_multiplicity_deep_benchmark.json	lb_scalar_match	0
wds_live_multiplicity_deep_benchmark.json	lb_error_match	0
wds_live_multiplicity_deep_benchmark.json	lb_max_rel_dev	0.0004958946088636236
weather_observed_benchmark.json	records	47
weather_observed_benchmark.json	pooled_median_error_pct	0.0
weather_observed_benchmark.json	scalar_count	0
weather_observed_benchmark.json	scalar_median_error_pct	None
weather_observed_benchmark.json	max_scalar_error_pct	None
weather_observed_benchmark.json	effective_scalar_median_error_pct	None
weather_observed_benchmark.json	max_effective_scalar_error_pct	None
weather_observed_benchmark.json	worst_effective_scalar_error_pct	None
weather_observed_benchmark.json	rounding_ghost_scalar_count	0
weather_observed_benchmark.json	catalog_crosswalk_scalar_count	0
weather_observed_benchmark.json	strict_scalar_pass	True
weather_observed_benchmark.json	effective_scalar_pass	True
weather_observed_benchmark.json	max_gate_scalar_error_pct	None
weather_observed_benchmark.json	tier_scalar_median_error_pct	None
weather_observed_benchmark.json	tier_scalar_pass	True
weather_observed_benchmark.json	tier_scalar_max_pass	True
weather_observed_benchmark.json	scalar_median_pass	True
weather_observed_benchmark.json	classifier_count	47
weather_observed_benchmark.json	classifier_correct	47
weather_observed_benchmark.json	classifier_accuracy_pct	100.0
weather_observed_benchmark.json	classifier_pass	True
weather_observed_benchmark.json	official_pooled_median_error_pct	None
weather_observed_benchmark.json	green_gate_pass	True
weather_observed_benchmark.json	max_scalar_name	None
weather_observed_benchmark.json	max_scalar_property	None
weather_observed_benchmark.json	max_gate_scalar_name	None
weather_observed_benchmark.json	worst_effective_scalar_name	None
world_bank_development_benchmark.json	records	395
world_bank_development_benchmark.json	pooled_median_error_pct	0.02584
world_bank_development_benchmark.json	scalar_count	0
world_bank_development_benchmark.json	scalar_median_error_pct	None
world_bank_development_benchmark.json	max_scalar_error_pct	None
world_bank_development_benchmark.json	effective_scalar_median_error_pct	None
world_bank_development_benchmark.json	max_effective_scalar_error_pct	None
world_bank_development_benchmark.json	worst_effective_scalar_error_pct	None
world_bank_development_benchmark.json	rounding_ghost_scalar_count	0
world_bank_development_benchmark.json	catalog_crosswalk_scalar_count	0
world_bank_development_benchmark.json	strict_scalar_pass	True
world_bank_development_benchmark.json	effective_scalar_pass	True
world_bank_development_benchmark.json	max_gate_scalar_error_pct	None
world_bank_development_benchmark.json	tier_scalar_median_error_pct	None
world_bank_development_benchmark.json	tier_scalar_pass	True
world_bank_development_benchmark.json	tier_scalar_max_pass	True
world_bank_development_benchmark.json	scalar_median_pass	True
world_bank_development_benchmark.json	classifier_count	0
world_bank_development_benchmark.json	classifier_correct	0
world_bank_development_benchmark.json	classifier_accuracy_pct	None
world_bank_development_benchmark.json	classifier_pass	True
world_bank_development_benchmark.json	official_pooled_median_error_pct	None
world_bank_development_benchmark.json	green_gate_pass	True
world_bank_development_benchmark.json	max_scalar_name	None
world_bank_development_benchmark.json	max_scalar_property	None
world_bank_development_benchmark.json	max_gate_scalar_name	None
world_bank_development_benchmark.json	worst_effective_scalar_name	None
world_bank_development_benchmark.json	lb_records	395
world_bank_development_benchmark.json	lb_unrouted	0
world_bank_development_benchmark.json	lb_computed_match	119
world_bank_development_benchmark.json	lb_scalar_match	0
world_bank_development_benchmark.json	lb_error_match	0
world_bank_development_benchmark.json	lb_max_rel_dev	2.0693823492434509e-10
world_bank_macro_open_benchmark.json	records	605
world_bank_macro_open_benchmark.json	pooled_median_error_pct	0.02584
world_bank_macro_open_benchmark.json	scalar_count	605
world_bank_macro_open_benchmark.json	scalar_median_error_pct	0.02584
world_bank_macro_open_benchmark.json	max_scalar_error_pct	0.02584
world_bank_macro_open_benchmark.json	effective_scalar_median_error_pct	0.025840180827430292
world_bank_macro_open_benchmark.json	max_effective_scalar_error_pct	0.02584018082743002
world_bank_macro_open_benchmark.json	worst_effective_scalar_error_pct	0.025854770433082427
world_bank_macro_open_benchmark.json	rounding_ghost_scalar_count	0
world_bank_macro_open_benchmark.json	catalog_crosswalk_scalar_count	0
world_bank_macro_open_benchmark.json	strict_scalar_pass	True
world_bank_macro_open_benchmark.json	effective_scalar_pass	True
world_bank_macro_open_benchmark.json	max_gate_scalar_error_pct	0.02584
world_bank_macro_open_benchmark.json	tier_scalar_median_error_pct	0.025840180827430292
world_bank_macro_open_benchmark.json	tier_scalar_pass	True
world_bank_macro_open_benchmark.json	tier_scalar_max_pass	True
world_bank_macro_open_benchmark.json	scalar_median_pass	True
world_bank_macro_open_benchmark.json	classifier_count	0
world_bank_macro_open_benchmark.json	classifier_correct	0
world_bank_macro_open_benchmark.json	classifier_accuracy_pct	None
world_bank_macro_open_benchmark.json	classifier_pass	True
world_bank_macro_open_benchmark.json	official_pooled_median_error_pct	0.02584
world_bank_macro_open_benchmark.json	green_gate_pass	True
world_bank_macro_open_benchmark.json	max_scalar_name	ARG_2025
world_bank_macro_open_benchmark.json	max_scalar_property	GDP_current_USD
world_bank_macro_open_benchmark.json	max_gate_scalar_name	ARG_2025
world_bank_macro_open_benchmark.json	worst_effective_scalar_name	DEU_2023
world_bank_macro_open_benchmark.json	lb_records	605
world_bank_macro_open_benchmark.json	lb_unrouted	0
world_bank_macro_open_benchmark.json	lb_computed_match	0
world_bank_macro_open_benchmark.json	lb_scalar_match	0
world_bank_macro_open_benchmark.json	lb_error_match	0
world_bank_macro_open_benchmark.json	lb_max_rel_dev	0.000474975306880284
xr_interactive_media_math_scaffold_benchmark.json	records	24
xr_interactive_media_math_scaffold_benchmark.json	pooled_median_error_pct	0.0
xr_interactive_media_math_scaffold_benchmark.json	scalar_count	22
xr_interactive_media_math_scaffold_benchmark.json	scalar_median_error_pct	0.0
xr_interactive_media_math_scaffold_benchmark.json	max_scalar_error_pct	0.0
xr_interactive_media_math_scaffold_benchmark.json	effective_scalar_median_error_pct	0.0
xr_interactive_media_math_scaffold_benchmark.json	max_effective_scalar_error_pct	0.0
xr_interactive_media_math_scaffold_benchmark.json	worst_effective_scalar_error_pct	0.0
xr_interactive_media_math_scaffold_benchmark.json	rounding_ghost_scalar_count	0
xr_interactive_media_math_scaffold_benchmark.json	catalog_crosswalk_scalar_count	0
xr_interactive_media_math_scaffold_benchmark.json	strict_scalar_pass	True
xr_interactive_media_math_scaffold_benchmark.json	effective_scalar_pass	True
xr_interactive_media_math_scaffold_benchmark.json	max_gate_scalar_error_pct	0.0
xr_interactive_media_math_scaffold_benchmark.json	tier_scalar_median_error_pct	0.0
xr_interactive_media_math_scaffold_benchmark.json	tier_scalar_pass	True
xr_interactive_media_math_scaffold_benchmark.json	tier_scalar_max_pass	True
xr_interactive_media_math_scaffold_benchmark.json	scalar_median_pass	True
xr_interactive_media_math_scaffold_benchmark.json	classifier_count	0
xr_interactive_media_math_scaffold_benchmark.json	classifier_correct	0
xr_interactive_media_math_scaffold_benchmark.json	classifier_accuracy_pct	None
xr_interactive_media_math_scaffold_benchmark.json	classifier_pass	True
xr_interactive_media_math_scaffold_benchmark.json	official_pooled_median_error_pct	0.0
xr_interactive_media_math_scaffold_benchmark.json	green_gate_pass	True
xr_interactive_media_math_scaffold_benchmark.json	max_scalar_name	None
xr_interactive_media_math_scaffold_benchmark.json	max_scalar_property	None
xr_interactive_media_math_scaffold_benchmark.json	max_gate_scalar_name	None
xr_interactive_media_math_scaffold_benchmark.json	worst_effective_scalar_name	None
z120_z126_beam_synthesis_panel_benchmark.json	records	20
z120_z126_beam_synthesis_panel_benchmark.json	pooled_median_error_pct	9.5e-05
z120_z126_beam_synthesis_panel_benchmark.json	scalar_count	13
z120_z126_beam_synthesis_panel_benchmark.json	scalar_median_error_pct	9.5e-05
z120_z126_beam_synthesis_panel_benchmark.json	max_scalar_error_pct	0.000787
z120_z126_beam_synthesis_panel_benchmark.json	effective_scalar_median_error_pct	0.0
z120_z126_beam_synthesis_panel_benchmark.json	max_effective_scalar_error_pct	0.0007868965517171343
z120_z126_beam_synthesis_panel_benchmark.json	worst_effective_scalar_error_pct	0.0007870967741866715
z120_z126_beam_synthesis_panel_benchmark.json	rounding_ghost_scalar_count	0
z120_z126_beam_synthesis_panel_benchmark.json	catalog_crosswalk_scalar_count	0
z120_z126_beam_synthesis_panel_benchmark.json	strict_scalar_pass	True
z120_z126_beam_synthesis_panel_benchmark.json	effective_scalar_pass	True
z120_z126_beam_synthesis_panel_benchmark.json	max_gate_scalar_error_pct	0.000787
z120_z126_beam_synthesis_panel_benchmark.json	tier_scalar_median_error_pct	0.0
z120_z126_beam_synthesis_panel_benchmark.json	tier_scalar_pass	True
z120_z126_beam_synthesis_panel_benchmark.json	tier_scalar_max_pass	True
z120_z126_beam_synthesis_panel_benchmark.json	scalar_median_pass	True
z120_z126_beam_synthesis_panel_benchmark.json	classifier_count	6
z120_z126_beam_synthesis_panel_benchmark.json	classifier_correct	6
z120_z126_beam_synthesis_panel_benchmark.json	classifier_accuracy_pct	100.0
z120_z126_beam_synthesis_panel_benchmark.json	classifier_pass	True
z120_z126_beam_synthesis_panel_benchmark.json	official_pooled_median_error_pct	9.5e-05
z120_z126_beam_synthesis_panel_benchmark.json	green_gate_pass	True
z120_z126_beam_synthesis_panel_benchmark.json	max_scalar_name	Z120_Cr_Cm
z120_z126_beam_synthesis_panel_benchmark.json	max_scalar_property	beam_energy_mev_u
z120_z126_beam_synthesis_panel_benchmark.json	max_gate_scalar_name	Z120_Cr_Cm
z120_z126_beam_synthesis_panel_benchmark.json	worst_effective_scalar_name	Z124_Fe_Cm
z164_distant_island_prereg_scaffold_benchmark.json	records	24
z164_distant_island_prereg_scaffold_benchmark.json	pooled_median_error_pct	0.0
z164_distant_island_prereg_scaffold_benchmark.json	scalar_count	21
z164_distant_island_prereg_scaffold_benchmark.json	scalar_median_error_pct	0.0
z164_distant_island_prereg_scaffold_benchmark.json	max_scalar_error_pct	0.00111504
z164_distant_island_prereg_scaffold_benchmark.json	effective_scalar_median_error_pct	0.0
z164_distant_island_prereg_scaffold_benchmark.json	max_effective_scalar_error_pct	0.0011150401851583753
z164_distant_island_prereg_scaffold_benchmark.json	worst_effective_scalar_error_pct	0.0011150401851583753
z164_distant_island_prereg_scaffold_benchmark.json	rounding_ghost_scalar_count	0
z164_distant_island_prereg_scaffold_benchmark.json	catalog_crosswalk_scalar_count	0
z164_distant_island_prereg_scaffold_benchmark.json	strict_scalar_pass	True
z164_distant_island_prereg_scaffold_benchmark.json	effective_scalar_pass	True
z164_distant_island_prereg_scaffold_benchmark.json	max_gate_scalar_error_pct	0.00111504
z164_distant_island_prereg_scaffold_benchmark.json	tier_scalar_median_error_pct	0.0
z164_distant_island_prereg_scaffold_benchmark.json	tier_scalar_pass	True
z164_distant_island_prereg_scaffold_benchmark.json	tier_scalar_max_pass	True
z164_distant_island_prereg_scaffold_benchmark.json	scalar_median_pass	True
z164_distant_island_prereg_scaffold_benchmark.json	classifier_count	1
z164_distant_island_prereg_scaffold_benchmark.json	classifier_correct	1
z164_distant_island_prereg_scaffold_benchmark.json	classifier_accuracy_pct	100.0
z164_distant_island_prereg_scaffold_benchmark.json	classifier_pass	True
z164_distant_island_prereg_scaffold_benchmark.json	official_pooled_median_error_pct	0.0
z164_distant_island_prereg_scaffold_benchmark.json	green_gate_pass	True
z164_distant_island_prereg_scaffold_benchmark.json	max_scalar_name	9ab02109a8e3ee2c
z164_distant_island_prereg_scaffold_benchmark.json	max_scalar_property	CH₄
z164_distant_island_prereg_scaffold_benchmark.json	max_gate_scalar_name	9ab02109a8e3ee2c
z164_distant_island_prereg_scaffold_benchmark.json	worst_effective_scalar_name	9ab02109a8e3ee2c
zebrafish_cell_tracking_panel_benchmark.json	records	20
zebrafish_cell_tracking_panel_benchmark.json	pooled_median_error_pct	0.022236
zebrafish_cell_tracking_panel_benchmark.json	scalar_count	15
zebrafish_cell_tracking_panel_benchmark.json	scalar_median_error_pct	0.022236
zebrafish_cell_tracking_panel_benchmark.json	max_scalar_error_pct	0.022236
zebrafish_cell_tracking_panel_benchmark.json	effective_scalar_median_error_pct	0.022236250967769072
zebrafish_cell_tracking_panel_benchmark.json	max_effective_scalar_error_pct	0.022236310679607376
zebrafish_cell_tracking_panel_benchmark.json	worst_effective_scalar_error_pct	0.022236333333334336
zebrafish_cell_tracking_panel_benchmark.json	rounding_ghost_scalar_count	0
zebrafish_cell_tracking_panel_benchmark.json	catalog_crosswalk_scalar_count	0
zebrafish_cell_tracking_panel_benchmark.json	strict_scalar_pass	True
zebrafish_cell_tracking_panel_benchmark.json	effective_scalar_pass	True
zebrafish_cell_tracking_panel_benchmark.json	max_gate_scalar_error_pct	0.022236
zebrafish_cell_tracking_panel_benchmark.json	tier_scalar_median_error_pct	0.022236250967769072
zebrafish_cell_tracking_panel_benchmark.json	tier_scalar_pass	True
zebrafish_cell_tracking_panel_benchmark.json	tier_scalar_max_pass	True
zebrafish_cell_tracking_panel_benchmark.json	scalar_median_pass	True
zebrafish_cell_tracking_panel_benchmark.json	classifier_count	0
zebrafish_cell_tracking_panel_benchmark.json	classifier_correct	0
zebrafish_cell_tracking_panel_benchmark.json	classifier_accuracy_pct	None
zebrafish_cell_tracking_panel_benchmark.json	classifier_pass	True
zebrafish_cell_tracking_panel_benchmark.json	official_pooled_median_error_pct	0.022236
zebrafish_cell_tracking_panel_benchmark.json	green_gate_pass	True
zebrafish_cell_tracking_panel_benchmark.json	max_scalar_name	ZSNS003
zebrafish_cell_tracking_panel_benchmark.json	max_scalar_property	development_timesteps
zebrafish_cell_tracking_panel_benchmark.json	max_gate_scalar_name	ZSNS003
zebrafish_cell_tracking_panel_benchmark.json	worst_effective_scalar_name	ZSNS005
zebrafish_developmental_mechanics_panel_benchmark.json	records	31
zebrafish_developmental_mechanics_panel_benchmark.json	pooled_median_error_pct	0.017789
zebrafish_developmental_mechanics_panel_benchmark.json	scalar_count	26
zebrafish_developmental_mechanics_panel_benchmark.json	scalar_median_error_pct	0.017789
zebrafish_developmental_mechanics_panel_benchmark.json	max_scalar_error_pct	0.022236
zebrafish_developmental_mechanics_panel_benchmark.json	effective_scalar_median_error_pct	0.017788999554524135
zebrafish_developmental_mechanics_panel_benchmark.json	max_effective_scalar_error_pct	0.02224911562092426
zebrafish_developmental_mechanics_panel_benchmark.json	worst_effective_scalar_error_pct	0.02224911562092426
zebrafish_developmental_mechanics_panel_benchmark.json	rounding_ghost_scalar_count	0
zebrafish_developmental_mechanics_panel_benchmark.json	catalog_crosswalk_scalar_count	0
zebrafish_developmental_mechanics_panel_benchmark.json	strict_scalar_pass	True
zebrafish_developmental_mechanics_panel_benchmark.json	effective_scalar_pass	True
zebrafish_developmental_mechanics_panel_benchmark.json	max_gate_scalar_error_pct	0.022236
zebrafish_developmental_mechanics_panel_benchmark.json	tier_scalar_median_error_pct	0.017788999554524135
zebrafish_developmental_mechanics_panel_benchmark.json	tier_scalar_pass	True
zebrafish_developmental_mechanics_panel_benchmark.json	tier_scalar_max_pass	True
zebrafish_developmental_mechanics_panel_benchmark.json	scalar_median_pass	True
zebrafish_developmental_mechanics_panel_benchmark.json	classifier_count	0
zebrafish_developmental_mechanics_panel_benchmark.json	classifier_correct	0
zebrafish_developmental_mechanics_panel_benchmark.json	classifier_accuracy_pct	None
zebrafish_developmental_mechanics_panel_benchmark.json	classifier_pass	True
zebrafish_developmental_mechanics_panel_benchmark.json	official_pooled_median_error_pct	0.017789
zebrafish_developmental_mechanics_panel_benchmark.json	green_gate_pass	True
zebrafish_developmental_mechanics_panel_benchmark.json	max_scalar_name	ZSNS001
zebrafish_developmental_mechanics_panel_benchmark.json	max_scalar_property	gpu_mean_intensity
zebrafish_developmental_mechanics_panel_benchmark.json	max_gate_scalar_name	ZSNS001
zebrafish_developmental_mechanics_panel_benchmark.json	worst_effective_scalar_name	ZSNS001
zebrafish_longevity_genetics_coupling_panel_benchmark.json	records	24
zebrafish_longevity_genetics_coupling_panel_benchmark.json	pooled_median_error_pct	0.013342
zebrafish_longevity_genetics_coupling_panel_benchmark.json	scalar_count	24
zebrafish_longevity_genetics_coupling_panel_benchmark.json	scalar_median_error_pct	0.013342
zebrafish_longevity_genetics_coupling_panel_benchmark.json	max_scalar_error_pct	0.015565
zebrafish_longevity_genetics_coupling_panel_benchmark.json	effective_scalar_median_error_pct	0.013341701772019009
zebrafish_longevity_genetics_coupling_panel_benchmark.json	max_effective_scalar_error_pct	0.015565407140024395
zebrafish_longevity_genetics_coupling_panel_benchmark.json	worst_effective_scalar_error_pct	0.015566129028917483
zebrafish_longevity_genetics_coupling_panel_benchmark.json	rounding_ghost_scalar_count	0
zebrafish_longevity_genetics_coupling_panel_benchmark.json	catalog_crosswalk_scalar_count	0
zebrafish_longevity_genetics_coupling_panel_benchmark.json	strict_scalar_pass	True
zebrafish_longevity_genetics_coupling_panel_benchmark.json	effective_scalar_pass	True
zebrafish_longevity_genetics_coupling_panel_benchmark.json	max_gate_scalar_error_pct	0.015565
zebrafish_longevity_genetics_coupling_panel_benchmark.json	tier_scalar_median_error_pct	0.013341701772019009
zebrafish_longevity_genetics_coupling_panel_benchmark.json	tier_scalar_pass	True
zebrafish_longevity_genetics_coupling_panel_benchmark.json	tier_scalar_max_pass	True
zebrafish_longevity_genetics_coupling_panel_benchmark.json	scalar_median_pass	True
zebrafish_longevity_genetics_coupling_panel_benchmark.json	classifier_count	0
zebrafish_longevity_genetics_coupling_panel_benchmark.json	classifier_correct	0
zebrafish_longevity_genetics_coupling_panel_benchmark.json	classifier_accuracy_pct	None
zebrafish_longevity_genetics_coupling_panel_benchmark.json	classifier_pass	True
zebrafish_longevity_genetics_coupling_panel_benchmark.json	official_pooled_median_error_pct	0.013342
zebrafish_longevity_genetics_coupling_panel_benchmark.json	green_gate_pass	True
zebrafish_longevity_genetics_coupling_panel_benchmark.json	max_scalar_name	ZSNS003
zebrafish_longevity_genetics_coupling_panel_benchmark.json	max_scalar_property	structure_prediction_readiness_proxy
zebrafish_longevity_genetics_coupling_panel_benchmark.json	max_gate_scalar_name	ZSNS003
zebrafish_longevity_genetics_coupling_panel_benchmark.json	worst_effective_scalar_name	ZSNS001
zebrafish_predictive_validation_panel_benchmark.json	records	20
zebrafish_predictive_validation_panel_benchmark.json	pooled_median_error_pct	0.152136
zebrafish_predictive_validation_panel_benchmark.json	scalar_count	20
zebrafish_predictive_validation_panel_benchmark.json	scalar_median_error_pct	0.14416099999999998
zebrafish_predictive_validation_panel_benchmark.json	max_scalar_error_pct	0.441042
zebrafish_predictive_validation_panel_benchmark.json	effective_scalar_median_error_pct	0.0
zebrafish_predictive_validation_panel_benchmark.json	max_effective_scalar_error_pct	0.441042
zebrafish_predictive_validation_panel_benchmark.json	worst_effective_scalar_error_pct	0.0
zebrafish_predictive_validation_panel_benchmark.json	rounding_ghost_scalar_count	0
zebrafish_predictive_validation_panel_benchmark.json	catalog_crosswalk_scalar_count	0
zebrafish_predictive_validation_panel_benchmark.json	strict_scalar_pass	True
zebrafish_predictive_validation_panel_benchmark.json	effective_scalar_pass	True
zebrafish_predictive_validation_panel_benchmark.json	max_gate_scalar_error_pct	0.441042
zebrafish_predictive_validation_panel_benchmark.json	tier_scalar_median_error_pct	0.0
zebrafish_predictive_validation_panel_benchmark.json	tier_scalar_pass	True
zebrafish_predictive_validation_panel_benchmark.json	tier_scalar_max_pass	False
zebrafish_predictive_validation_panel_benchmark.json	scalar_median_pass	True
zebrafish_predictive_validation_panel_benchmark.json	classifier_count	0
zebrafish_predictive_validation_panel_benchmark.json	classifier_correct	0
zebrafish_predictive_validation_panel_benchmark.json	classifier_accuracy_pct	None
zebrafish_predictive_validation_panel_benchmark.json	classifier_pass	True
zebrafish_predictive_validation_panel_benchmark.json	official_pooled_median_error_pct	0.14416099999999998
zebrafish_predictive_validation_panel_benchmark.json	green_gate_pass	True
zebrafish_predictive_validation_panel_benchmark.json	max_scalar_name	ZSNS004
zebrafish_predictive_validation_panel_benchmark.json	max_scalar_property	mean_displacement_um
zebrafish_predictive_validation_panel_benchmark.json	max_gate_scalar_name	ZSNS004
zebrafish_predictive_validation_panel_benchmark.json	worst_effective_scalar_name	None
zenodo_records_depth_open_benchmark.json	records	32
zenodo_records_depth_open_benchmark.json	pooled_median_error_pct	0.031506
zenodo_records_depth_open_benchmark.json	scalar_count	32
zenodo_records_depth_open_benchmark.json	scalar_median_error_pct	0.031506
zenodo_records_depth_open_benchmark.json	max_scalar_error_pct	0.031506
zenodo_records_depth_open_benchmark.json	effective_scalar_median_error_pct	0.03150000000000652
zenodo_records_depth_open_benchmark.json	max_effective_scalar_error_pct	0.03150000000000652
zenodo_records_depth_open_benchmark.json	worst_effective_scalar_error_pct	0.03151000000000792
zenodo_records_depth_open_benchmark.json	rounding_ghost_scalar_count	0
zenodo_records_depth_open_benchmark.json	catalog_crosswalk_scalar_count	0
zenodo_records_depth_open_benchmark.json	strict_scalar_pass	True
zenodo_records_depth_open_benchmark.json	effective_scalar_pass	True
zenodo_records_depth_open_benchmark.json	max_gate_scalar_error_pct	0.031506
zenodo_records_depth_open_benchmark.json	tier_scalar_median_error_pct	0.03150000000000652
zenodo_records_depth_open_benchmark.json	tier_scalar_pass	True
zenodo_records_depth_open_benchmark.json	tier_scalar_max_pass	True
zenodo_records_depth_open_benchmark.json	scalar_median_pass	True
zenodo_records_depth_open_benchmark.json	classifier_count	0
zenodo_records_depth_open_benchmark.json	classifier_correct	0
zenodo_records_depth_open_benchmark.json	classifier_accuracy_pct	None
zenodo_records_depth_open_benchmark.json	classifier_pass	True
zenodo_records_depth_open_benchmark.json	official_pooled_median_error_pct	0.031506
zenodo_records_depth_open_benchmark.json	green_gate_pass	True
zenodo_records_depth_open_benchmark.json	max_scalar_name	17469305
zenodo_records_depth_open_benchmark.json	max_scalar_property	creator_entries
zenodo_records_depth_open_benchmark.json	max_gate_scalar_name	17469305
zenodo_records_depth_open_benchmark.json	worst_effective_scalar_name	zenodo_page
zenodo_records_depth_open_benchmark.json	lb_records	32
zenodo_records_depth_open_benchmark.json	lb_unrouted	0
zenodo_records_depth_open_benchmark.json	lb_computed_match	0
zenodo_records_depth_open_benchmark.json	lb_scalar_match	0
zenodo_records_depth_open_benchmark.json	lb_error_match	0
zenodo_records_depth_open_benchmark.json	lb_max_rel_dev	0.0006281460226134206
zero_boundary_not_entity_panel_benchmark.json	records	24
zero_boundary_not_entity_panel_benchmark.json	pooled_median_error_pct	5.5479e-05
zero_boundary_not_entity_panel_benchmark.json	scalar_count	23
zero_boundary_not_entity_panel_benchmark.json	scalar_median_error_pct	5.5479e-05
zero_boundary_not_entity_panel_benchmark.json	max_scalar_error_pct	0.028512
zero_boundary_not_entity_panel_benchmark.json	effective_scalar_median_error_pct	5.547919895966477e-05
zero_boundary_not_entity_panel_benchmark.json	max_effective_scalar_error_pct	0.028514773245425565
zero_boundary_not_entity_panel_benchmark.json	worst_effective_scalar_error_pct	0.028514773245425565
zero_boundary_not_entity_panel_benchmark.json	rounding_ghost_scalar_count	0
zero_boundary_not_entity_panel_benchmark.json	catalog_crosswalk_scalar_count	0
zero_boundary_not_entity_panel_benchmark.json	strict_scalar_pass	True
zero_boundary_not_entity_panel_benchmark.json	effective_scalar_pass	True
zero_boundary_not_entity_panel_benchmark.json	max_gate_scalar_error_pct	0.028512
zero_boundary_not_entity_panel_benchmark.json	tier_scalar_median_error_pct	5.547919895966477e-05
zero_boundary_not_entity_panel_benchmark.json	tier_scalar_pass	True
zero_boundary_not_entity_panel_benchmark.json	tier_scalar_max_pass	True
zero_boundary_not_entity_panel_benchmark.json	scalar_median_pass	True
zero_boundary_not_entity_panel_benchmark.json	classifier_count	0
zero_boundary_not_entity_panel_benchmark.json	classifier_correct	0
zero_boundary_not_entity_panel_benchmark.json	classifier_accuracy_pct	None
zero_boundary_not_entity_panel_benchmark.json	classifier_pass	True
zero_boundary_not_entity_panel_benchmark.json	official_pooled_median_error_pct	5.5479e-05
zero_boundary_not_entity_panel_benchmark.json	green_gate_pass	True
zero_boundary_not_entity_panel_benchmark.json	max_scalar_name	absence_decay_scale
zero_boundary_not_entity_panel_benchmark.json	max_scalar_property	poof_decay_vs_boundary
zero_boundary_not_entity_panel_benchmark.json	max_gate_scalar_name	absence_decay_scale
zero_boundary_not_entity_panel_benchmark.json	worst_effective_scalar_name	absence_decay_scale
zero_boundary_not_entity_panel_benchmark.json	lb_records	2
zero_boundary_not_entity_panel_benchmark.json	lb_unrouted	0
zero_boundary_not_entity_panel_benchmark.json	lb_computed_match	0
zero_boundary_not_entity_panel_benchmark.json	lb_scalar_match	0
zero_boundary_not_entity_panel_benchmark.json	lb_error_match	0
zero_boundary_not_entity_panel_benchmark.json	lb_max_rel_dev	0.0006724835326470284
zero_day_risk_evaluator_cybersecurity_benchmark.json	records	25
zero_day_risk_evaluator_cybersecurity_benchmark.json	pooled_median_error_pct	0.010337117254355377
zero_day_risk_evaluator_cybersecurity_benchmark.json	scalar_count	18
zero_day_risk_evaluator_cybersecurity_benchmark.json	scalar_median_error_pct	0.010337117254355377
zero_day_risk_evaluator_cybersecurity_benchmark.json	max_scalar_error_pct	0.010337117254360602
zero_day_risk_evaluator_cybersecurity_benchmark.json	effective_scalar_median_error_pct	0.010333333333331949
zero_day_risk_evaluator_cybersecurity_benchmark.json	max_effective_scalar_error_pct	0.010352941176467881
zero_day_risk_evaluator_cybersecurity_benchmark.json	worst_effective_scalar_error_pct	0.010352941176467881
zero_day_risk_evaluator_cybersecurity_benchmark.json	rounding_ghost_scalar_count	0
zero_day_risk_evaluator_cybersecurity_benchmark.json	catalog_crosswalk_scalar_count	0
zero_day_risk_evaluator_cybersecurity_benchmark.json	strict_scalar_pass	True
zero_day_risk_evaluator_cybersecurity_benchmark.json	effective_scalar_pass	True
zero_day_risk_evaluator_cybersecurity_benchmark.json	max_gate_scalar_error_pct	0.010337117254360602
zero_day_risk_evaluator_cybersecurity_benchmark.json	tier_scalar_median_error_pct	0.010333333333331949
zero_day_risk_evaluator_cybersecurity_benchmark.json	tier_scalar_pass	True
zero_day_risk_evaluator_cybersecurity_benchmark.json	tier_scalar_max_pass	True
zero_day_risk_evaluator_cybersecurity_benchmark.json	scalar_median_pass	True
zero_day_risk_evaluator_cybersecurity_benchmark.json	classifier_count	0
zero_day_risk_evaluator_cybersecurity_benchmark.json	classifier_correct	0
zero_day_risk_evaluator_cybersecurity_benchmark.json	classifier_accuracy_pct	None
zero_day_risk_evaluator_cybersecurity_benchmark.json	classifier_pass	True
zero_day_risk_evaluator_cybersecurity_benchmark.json	official_pooled_median_error_pct	0.010337117254355377
zero_day_risk_evaluator_cybersecurity_benchmark.json	green_gate_pass	True
zero_day_risk_evaluator_cybersecurity_benchmark.json	max_scalar_name	stability_match_threshold
zero_day_risk_evaluator_cybersecurity_benchmark.json	max_scalar_property	hole_detection_threshold
zero_day_risk_evaluator_cybersecurity_benchmark.json	max_gate_scalar_name	stability_match_threshold
zero_day_risk_evaluator_cybersecurity_benchmark.json	worst_effective_scalar_name	stability_match_threshold
zoology_extension_benchmark.json	records	1000
zoology_extension_benchmark.json	pooled_median_error_pct	0.01778900030815634
zoology_extension_benchmark.json	scalar_count	1000
zoology_extension_benchmark.json	scalar_median_error_pct	0.017789000308156326
zoology_extension_benchmark.json	max_scalar_error_pct	0.022236250385207747
zoology_extension_benchmark.json	effective_scalar_median_error_pct	0.017789245172845643
zoology_extension_benchmark.json	max_effective_scalar_error_pct	0.022235805309910046
zoology_extension_benchmark.json	worst_effective_scalar_error_pct	0.02223789761253112
zoology_extension_benchmark.json	rounding_ghost_scalar_count	0
zoology_extension_benchmark.json	catalog_crosswalk_scalar_count	0
zoology_extension_benchmark.json	strict_scalar_pass	True
zoology_extension_benchmark.json	effective_scalar_pass	True
zoology_extension_benchmark.json	max_gate_scalar_error_pct	0.022236250385207747
zoology_extension_benchmark.json	tier_scalar_median_error_pct	0.017789245172845643
zoology_extension_benchmark.json	tier_scalar_pass	True
zoology_extension_benchmark.json	tier_scalar_max_pass	True
zoology_extension_benchmark.json	scalar_median_pass	True
zoology_extension_benchmark.json	classifier_count	0
zoology_extension_benchmark.json	classifier_correct	0
zoology_extension_benchmark.json	classifier_accuracy_pct	None
zoology_extension_benchmark.json	classifier_pass	True
zoology_extension_benchmark.json	official_pooled_median_error_pct	0.017789000308156326
zoology_extension_benchmark.json	green_gate_pass	True
zoology_extension_benchmark.json	max_scalar_name	Corvus corax
zoology_extension_benchmark.json	max_scalar_property	decimalLatitude
zoology_extension_benchmark.json	max_gate_scalar_name	Corvus corax
zoology_extension_benchmark.json	worst_effective_scalar_name	None
#summary	active	477
#summary	green	477
#summary	lb	140088
#summary	unrouted	7168
#summary	c_match	14634
#summary	s_match	3667
#summary	e_match	4223
