#file	key	value  (corrected mode; pin AEB2AD)
acoustic_resonance_materials_benchmark.json	scalars	29
acoustic_resonance_materials_benchmark.json	over_0.5pct_stored_vs_recomputed	0 -> 0
acoustic_resonance_materials_benchmark.json	stored_error_disagrees_with_fields	13
acoustic_resonance_materials_benchmark.json	stored_only_not_recomputable	0
acoustic_resonance_materials_benchmark.json	ledger_b_structural_corrections	0
acoustic_resonance_materials_benchmark.json	genuine_predictions	29
acoustic_resonance_materials_benchmark.json	genuine_over_0.5pct	0
acoustic_resonance_materials_benchmark.json	genuine_median_error_pct	0.008381818181810921
acoustic_resonance_materials_benchmark.json	green_parity_vs_corrected	True -> True
actuarial_science_panel_benchmark.json	scalars	60
actuarial_science_panel_benchmark.json	over_0.5pct_stored_vs_recomputed	0 -> 0
actuarial_science_panel_benchmark.json	stored_error_disagrees_with_fields	26
actuarial_science_panel_benchmark.json	stored_only_not_recomputable	0
actuarial_science_panel_benchmark.json	ledger_b_structural_corrections	60
actuarial_science_panel_benchmark.json	genuine_predictions	0
actuarial_science_panel_benchmark.json	genuine_over_0.5pct	0
actuarial_science_panel_benchmark.json	genuine_median_error_pct	None
actuarial_science_panel_benchmark.json	green_parity_vs_corrected	True -> True
adjacent_rung_coupling_benchmark.json	scalars	30
adjacent_rung_coupling_benchmark.json	over_0.5pct_stored_vs_recomputed	0 -> 0
adjacent_rung_coupling_benchmark.json	stored_error_disagrees_with_fields	29
adjacent_rung_coupling_benchmark.json	stored_only_not_recomputable	1
adjacent_rung_coupling_benchmark.json	zero_target_rows_kept_stored	1
adjacent_rung_coupling_benchmark.json	ledger_b_structural_corrections	0
adjacent_rung_coupling_benchmark.json	genuine_predictions	30
adjacent_rung_coupling_benchmark.json	genuine_over_0.5pct	0
adjacent_rung_coupling_benchmark.json	genuine_median_error_pct	0.029666055821074767
adjacent_rung_coupling_benchmark.json	green_parity_vs_corrected	True -> True
adversarial_fractal_break_benchmark.json	scalars	13
adversarial_fractal_break_benchmark.json	over_0.5pct_stored_vs_recomputed	0 -> 0
adversarial_fractal_break_benchmark.json	stored_error_disagrees_with_fields	1
adversarial_fractal_break_benchmark.json	stored_only_not_recomputable	6
adversarial_fractal_break_benchmark.json	ledger_b_structural_corrections	0
adversarial_fractal_break_benchmark.json	genuine_predictions	13
adversarial_fractal_break_benchmark.json	genuine_over_0.5pct	0
adversarial_fractal_break_benchmark.json	genuine_median_error_pct	0.0
adversarial_fractal_break_benchmark.json	green_parity_vs_corrected	True -> True
agriculture_agroecology_gap_fill_benchmark.json	green_parity_vs_corrected	True -> True
ai_galactic_orbital_bridge_benchmark.json	scalars	48
ai_galactic_orbital_bridge_benchmark.json	over_0.5pct_stored_vs_recomputed	0 -> 0
ai_galactic_orbital_bridge_benchmark.json	stored_error_disagrees_with_fields	48
ai_galactic_orbital_bridge_benchmark.json	stored_only_not_recomputable	0
ai_galactic_orbital_bridge_benchmark.json	ledger_b_structural_corrections	0
ai_galactic_orbital_bridge_benchmark.json	genuine_predictions	48
ai_galactic_orbital_bridge_benchmark.json	genuine_over_0.5pct	0
ai_galactic_orbital_bridge_benchmark.json	genuine_median_error_pct	0.004399999999993298
ai_galactic_orbital_bridge_benchmark.json	green_parity_vs_corrected	True -> True
alphafold_batch_meta_open_benchmark.json	scalars	182
alphafold_batch_meta_open_benchmark.json	over_0.5pct_stored_vs_recomputed	0 -> 0
alphafold_batch_meta_open_benchmark.json	stored_error_disagrees_with_fields	47
alphafold_batch_meta_open_benchmark.json	stored_only_not_recomputable	0
alphafold_batch_meta_open_benchmark.json	ledger_b_structural_corrections	182
alphafold_batch_meta_open_benchmark.json	genuine_predictions	0
alphafold_batch_meta_open_benchmark.json	genuine_over_0.5pct	0
alphafold_batch_meta_open_benchmark.json	genuine_median_error_pct	None
alphafold_batch_meta_open_benchmark.json	green_parity_vs_corrected	True -> True
alternate_base_mathematics_explorer_panel_benchmark.json	scalars	55
alternate_base_mathematics_explorer_panel_benchmark.json	over_0.5pct_stored_vs_recomputed	0 -> 0
alternate_base_mathematics_explorer_panel_benchmark.json	stored_error_disagrees_with_fields	44
alternate_base_mathematics_explorer_panel_benchmark.json	stored_only_not_recomputable	0
alternate_base_mathematics_explorer_panel_benchmark.json	ledger_b_structural_corrections	55
alternate_base_mathematics_explorer_panel_benchmark.json	genuine_predictions	0
alternate_base_mathematics_explorer_panel_benchmark.json	genuine_over_0.5pct	0
alternate_base_mathematics_explorer_panel_benchmark.json	genuine_median_error_pct	None
alternate_base_mathematics_explorer_panel_benchmark.json	green_parity_vs_corrected	True -> True
alternate_base_mathematics_spine_benchmark.json	scalars	14
alternate_base_mathematics_spine_benchmark.json	over_0.5pct_stored_vs_recomputed	0 -> 0
alternate_base_mathematics_spine_benchmark.json	stored_error_disagrees_with_fields	0
alternate_base_mathematics_spine_benchmark.json	stored_only_not_recomputable	2
alternate_base_mathematics_spine_benchmark.json	zero_target_rows_kept_stored	2
alternate_base_mathematics_spine_benchmark.json	ledger_b_structural_corrections	0
alternate_base_mathematics_spine_benchmark.json	genuine_predictions	14
alternate_base_mathematics_spine_benchmark.json	genuine_over_0.5pct	0
alternate_base_mathematics_spine_benchmark.json	genuine_median_error_pct	0.0
alternate_base_mathematics_spine_benchmark.json	green_parity_vs_corrected	True -> True
anthropology_extension_benchmark.json	scalars	10
anthropology_extension_benchmark.json	over_0.5pct_stored_vs_recomputed	0 -> 1
anthropology_extension_benchmark.json	stored_error_disagrees_with_fields	7
anthropology_extension_benchmark.json	stored_only_not_recomputable	0
anthropology_extension_benchmark.json	ledger_b_structural_corrections	0
anthropology_extension_benchmark.json	genuine_predictions	10
anthropology_extension_benchmark.json	genuine_over_0.5pct	1
anthropology_extension_benchmark.json	genuine_median_error_pct	0.0019597454511813195
anthropology_extension_benchmark.json	green_parity_vs_corrected	True -> False
architecture_building_science_gap_fill_benchmark.json	green_parity_vs_corrected	True -> True
arxiv_brain_knowledge_panel_benchmark.json	scalars	17
arxiv_brain_knowledge_panel_benchmark.json	over_0.5pct_stored_vs_recomputed	0 -> 0
arxiv_brain_knowledge_panel_benchmark.json	stored_error_disagrees_with_fields	0
arxiv_brain_knowledge_panel_benchmark.json	stored_only_not_recomputable	0
arxiv_brain_knowledge_panel_benchmark.json	ledger_b_structural_corrections	17
arxiv_brain_knowledge_panel_benchmark.json	genuine_predictions	0
arxiv_brain_knowledge_panel_benchmark.json	genuine_over_0.5pct	0
arxiv_brain_knowledge_panel_benchmark.json	genuine_median_error_pct	None
arxiv_brain_knowledge_panel_benchmark.json	green_parity_vs_corrected	True -> True
arxiv_gravitational_waves_panel_benchmark.json	scalars	40
arxiv_gravitational_waves_panel_benchmark.json	over_0.5pct_stored_vs_recomputed	0 -> 0
arxiv_gravitational_waves_panel_benchmark.json	stored_error_disagrees_with_fields	0
arxiv_gravitational_waves_panel_benchmark.json	stored_only_not_recomputable	0
arxiv_gravitational_waves_panel_benchmark.json	ledger_b_structural_corrections	40
arxiv_gravitational_waves_panel_benchmark.json	genuine_predictions	0
arxiv_gravitational_waves_panel_benchmark.json	genuine_over_0.5pct	0
arxiv_gravitational_waves_panel_benchmark.json	genuine_median_error_pct	None
arxiv_gravitational_waves_panel_benchmark.json	green_parity_vs_corrected	True -> True
arxiv_primitives_panel_benchmark.json	scalars	21
arxiv_primitives_panel_benchmark.json	over_0.5pct_stored_vs_recomputed	0 -> 0
arxiv_primitives_panel_benchmark.json	stored_error_disagrees_with_fields	15
arxiv_primitives_panel_benchmark.json	stored_only_not_recomputable	1
arxiv_primitives_panel_benchmark.json	zero_target_rows_kept_stored	1
arxiv_primitives_panel_benchmark.json	ledger_b_structural_corrections	21
arxiv_primitives_panel_benchmark.json	genuine_predictions	0
arxiv_primitives_panel_benchmark.json	genuine_over_0.5pct	0
arxiv_primitives_panel_benchmark.json	genuine_median_error_pct	None
arxiv_primitives_panel_benchmark.json	green_parity_vs_corrected	True -> True
arxiv_primitives_v14_benchmark.json	scalars	21
arxiv_primitives_v14_benchmark.json	over_0.5pct_stored_vs_recomputed	0 -> 0
arxiv_primitives_v14_benchmark.json	stored_error_disagrees_with_fields	0
arxiv_primitives_v14_benchmark.json	stored_only_not_recomputable	2
arxiv_primitives_v14_benchmark.json	zero_target_rows_kept_stored	2
arxiv_primitives_v14_benchmark.json	ledger_b_structural_corrections	0
arxiv_primitives_v14_benchmark.json	genuine_predictions	21
arxiv_primitives_v14_benchmark.json	genuine_over_0.5pct	0
arxiv_primitives_v14_benchmark.json	genuine_median_error_pct	5.547919895966477e-05
arxiv_primitives_v14_benchmark.json	green_parity_vs_corrected	True -> True
astrophysical_structure_crosswalk_benchmark.json	scalars	4
astrophysical_structure_crosswalk_benchmark.json	over_0.5pct_stored_vs_recomputed	0 -> 0
astrophysical_structure_crosswalk_benchmark.json	stored_error_disagrees_with_fields	0
astrophysical_structure_crosswalk_benchmark.json	stored_only_not_recomputable	0
astrophysical_structure_crosswalk_benchmark.json	ledger_b_structural_corrections	0
astrophysical_structure_crosswalk_benchmark.json	genuine_predictions	4
astrophysical_structure_crosswalk_benchmark.json	genuine_over_0.5pct	0
astrophysical_structure_crosswalk_benchmark.json	genuine_median_error_pct	0.0
astrophysical_structure_crosswalk_benchmark.json	green_parity_vs_corrected	True -> True
atmospheric_physics_gap_fill_benchmark.json	green_parity_vs_corrected	True -> True
atomic_physics_gap_fill_benchmark.json	green_parity_vs_corrected	True -> True
between_scale_interconnect_benchmark.json	scalars	7504
between_scale_interconnect_benchmark.json	over_0.5pct_stored_vs_recomputed	0 -> 0
between_scale_interconnect_benchmark.json	stored_error_disagrees_with_fields	0
between_scale_interconnect_benchmark.json	stored_only_not_recomputable	0
between_scale_interconnect_benchmark.json	ledger_b_structural_corrections	7504
between_scale_interconnect_benchmark.json	genuine_predictions	0
between_scale_interconnect_benchmark.json	genuine_over_0.5pct	0
between_scale_interconnect_benchmark.json	genuine_median_error_pct	None
between_scale_interconnect_benchmark.json	green_parity_vs_corrected	True -> True
bibliography_corpus_panel_benchmark.json	scalars	13
bibliography_corpus_panel_benchmark.json	over_0.5pct_stored_vs_recomputed	0 -> 0
bibliography_corpus_panel_benchmark.json	stored_error_disagrees_with_fields	6
bibliography_corpus_panel_benchmark.json	stored_only_not_recomputable	0
bibliography_corpus_panel_benchmark.json	ledger_b_structural_corrections	8
bibliography_corpus_panel_benchmark.json	genuine_predictions	5
bibliography_corpus_panel_benchmark.json	genuine_over_0.5pct	0
bibliography_corpus_panel_benchmark.json	genuine_median_error_pct	0.0
bibliography_corpus_panel_benchmark.json	green_parity_vs_corrected	True -> True
bibliography_lean_corpus_benchmark.json	scalars	23
bibliography_lean_corpus_benchmark.json	over_0.5pct_stored_vs_recomputed	0 -> 0
bibliography_lean_corpus_benchmark.json	stored_error_disagrees_with_fields	0
bibliography_lean_corpus_benchmark.json	stored_only_not_recomputable	2
bibliography_lean_corpus_benchmark.json	zero_target_rows_kept_stored	2
bibliography_lean_corpus_benchmark.json	ledger_b_structural_corrections	0
bibliography_lean_corpus_benchmark.json	genuine_predictions	23
bibliography_lean_corpus_benchmark.json	genuine_over_0.5pct	0
bibliography_lean_corpus_benchmark.json	genuine_median_error_pct	0.0005618458987473253
bibliography_lean_corpus_benchmark.json	green_parity_vs_corrected	True -> True
binary_decoder_panel_benchmark.json	scalars	19
binary_decoder_panel_benchmark.json	over_0.5pct_stored_vs_recomputed	0 -> 0
binary_decoder_panel_benchmark.json	stored_error_disagrees_with_fields	2
binary_decoder_panel_benchmark.json	stored_only_not_recomputable	2
binary_decoder_panel_benchmark.json	zero_target_rows_kept_stored	2
binary_decoder_panel_benchmark.json	ledger_b_structural_corrections	7
binary_decoder_panel_benchmark.json	genuine_predictions	12
binary_decoder_panel_benchmark.json	genuine_over_0.5pct	0
binary_decoder_panel_benchmark.json	genuine_median_error_pct	0.0
binary_decoder_panel_benchmark.json	green_parity_vs_corrected	True -> True
binary_decoder_rendlesham_benchmark.json	scalars	21
binary_decoder_rendlesham_benchmark.json	over_0.5pct_stored_vs_recomputed	0 -> 0
binary_decoder_rendlesham_benchmark.json	stored_error_disagrees_with_fields	0
binary_decoder_rendlesham_benchmark.json	stored_only_not_recomputable	2
binary_decoder_rendlesham_benchmark.json	zero_target_rows_kept_stored	2
binary_decoder_rendlesham_benchmark.json	ledger_b_structural_corrections	0
binary_decoder_rendlesham_benchmark.json	genuine_predictions	21
binary_decoder_rendlesham_benchmark.json	genuine_over_0.5pct	0
binary_decoder_rendlesham_benchmark.json	genuine_median_error_pct	5.547919895966477e-05
binary_decoder_rendlesham_benchmark.json	green_parity_vs_corrected	True -> True
biological_cuda_physarum_benchmark.json	scalars	34
biological_cuda_physarum_benchmark.json	over_0.5pct_stored_vs_recomputed	0 -> 0
biological_cuda_physarum_benchmark.json	stored_error_disagrees_with_fields	0
biological_cuda_physarum_benchmark.json	stored_only_not_recomputable	0
biological_cuda_physarum_benchmark.json	ledger_b_structural_corrections	0
biological_cuda_physarum_benchmark.json	genuine_predictions	34
biological_cuda_physarum_benchmark.json	genuine_over_0.5pct	0
biological_cuda_physarum_benchmark.json	genuine_median_error_pct	0.0
biological_cuda_physarum_benchmark.json	green_parity_vs_corrected	True -> True
biology_developmental_structural_depth_panel_benchmark.json	scalars	24
biology_developmental_structural_depth_panel_benchmark.json	over_0.5pct_stored_vs_recomputed	0 -> 0
biology_developmental_structural_depth_panel_benchmark.json	stored_error_disagrees_with_fields	3
biology_developmental_structural_depth_panel_benchmark.json	stored_only_not_recomputable	2
biology_developmental_structural_depth_panel_benchmark.json	zero_target_rows_kept_stored	2
biology_developmental_structural_depth_panel_benchmark.json	ledger_b_structural_corrections	13
biology_developmental_structural_depth_panel_benchmark.json	genuine_predictions	11
biology_developmental_structural_depth_panel_benchmark.json	genuine_over_0.5pct	0
biology_developmental_structural_depth_panel_benchmark.json	genuine_median_error_pct	0.0
biology_developmental_structural_depth_panel_benchmark.json	green_parity_vs_corrected	True -> True
biophysics_public_panel_benchmark.json	scalars	23
biophysics_public_panel_benchmark.json	over_0.5pct_stored_vs_recomputed	0 -> 0
biophysics_public_panel_benchmark.json	stored_error_disagrees_with_fields	0
biophysics_public_panel_benchmark.json	stored_only_not_recomputable	2
biophysics_public_panel_benchmark.json	zero_target_rows_kept_stored	2
biophysics_public_panel_benchmark.json	ledger_b_structural_corrections	0
biophysics_public_panel_benchmark.json	genuine_predictions	23
biophysics_public_panel_benchmark.json	genuine_over_0.5pct	0
biophysics_public_panel_benchmark.json	genuine_median_error_pct	0.0
biophysics_public_panel_benchmark.json	green_parity_vs_corrected	True -> True
blackhole_whitehole_cycle_live_panel_benchmark.json	green_parity_vs_corrected	True -> True
botany_extension_benchmark.json	scalars	426
botany_extension_benchmark.json	over_0.5pct_stored_vs_recomputed	0 -> 0
botany_extension_benchmark.json	stored_error_disagrees_with_fields	10
botany_extension_benchmark.json	stored_only_not_recomputable	0
botany_extension_benchmark.json	ledger_b_structural_corrections	0
botany_extension_benchmark.json	genuine_predictions	426
botany_extension_benchmark.json	genuine_over_0.5pct	0
botany_extension_benchmark.json	genuine_median_error_pct	0.022235486941455863
botany_extension_benchmark.json	green_parity_vs_corrected	True -> True
boundary_partition_tightening_benchmark.json	scalars	22
boundary_partition_tightening_benchmark.json	over_0.5pct_stored_vs_recomputed	0 -> 0
boundary_partition_tightening_benchmark.json	stored_error_disagrees_with_fields	0
boundary_partition_tightening_benchmark.json	stored_only_not_recomputable	2
boundary_partition_tightening_benchmark.json	zero_target_rows_kept_stored	2
boundary_partition_tightening_benchmark.json	ledger_b_structural_corrections	0
boundary_partition_tightening_benchmark.json	genuine_predictions	22
boundary_partition_tightening_benchmark.json	genuine_over_0.5pct	0
boundary_partition_tightening_benchmark.json	genuine_median_error_pct	0.0
boundary_partition_tightening_benchmark.json	green_parity_vs_corrected	True -> True
breakthrough_discoveries_2024_2026_benchmark.json	scalars	17
breakthrough_discoveries_2024_2026_benchmark.json	over_0.5pct_stored_vs_recomputed	0 -> 0
breakthrough_discoveries_2024_2026_benchmark.json	stored_error_disagrees_with_fields	0
breakthrough_discoveries_2024_2026_benchmark.json	stored_only_not_recomputable	0
breakthrough_discoveries_2024_2026_benchmark.json	ledger_b_structural_corrections	0
breakthrough_discoveries_2024_2026_benchmark.json	genuine_predictions	17
breakthrough_discoveries_2024_2026_benchmark.json	genuine_over_0.5pct	0
breakthrough_discoveries_2024_2026_benchmark.json	genuine_median_error_pct	0.0
breakthrough_discoveries_2024_2026_benchmark.json	green_parity_vs_corrected	True -> True
breakthrough_fusion_spine_benchmark.json	scalars	127
breakthrough_fusion_spine_benchmark.json	over_0.5pct_stored_vs_recomputed	0 -> 0
breakthrough_fusion_spine_benchmark.json	stored_error_disagrees_with_fields	9
breakthrough_fusion_spine_benchmark.json	stored_only_not_recomputable	13
breakthrough_fusion_spine_benchmark.json	zero_target_rows_kept_stored	13
breakthrough_fusion_spine_benchmark.json	inequality_bound_rows	1
breakthrough_fusion_spine_benchmark.json	ledger_b_structural_corrections	0
breakthrough_fusion_spine_benchmark.json	genuine_predictions	127
breakthrough_fusion_spine_benchmark.json	genuine_over_0.5pct	0
breakthrough_fusion_spine_benchmark.json	genuine_median_error_pct	0.0
breakthrough_fusion_spine_benchmark.json	green_parity_vs_corrected	True -> True
canonical_oracle_panel_benchmark.json	scalars	23
canonical_oracle_panel_benchmark.json	over_0.5pct_stored_vs_recomputed	0 -> 0
canonical_oracle_panel_benchmark.json	stored_error_disagrees_with_fields	0
canonical_oracle_panel_benchmark.json	stored_only_not_recomputable	2
canonical_oracle_panel_benchmark.json	zero_target_rows_kept_stored	2
canonical_oracle_panel_benchmark.json	ledger_b_structural_corrections	5
canonical_oracle_panel_benchmark.json	genuine_predictions	18
canonical_oracle_panel_benchmark.json	genuine_over_0.5pct	0
canonical_oracle_panel_benchmark.json	genuine_median_error_pct	1.0883031415736305e-05
canonical_oracle_panel_benchmark.json	green_parity_vs_corrected	True -> True
cardiology_extension_benchmark.json	scalars	45
cardiology_extension_benchmark.json	over_0.5pct_stored_vs_recomputed	0 -> 0
cardiology_extension_benchmark.json	stored_error_disagrees_with_fields	16
cardiology_extension_benchmark.json	stored_only_not_recomputable	0
cardiology_extension_benchmark.json	ledger_b_structural_corrections	0
cardiology_extension_benchmark.json	genuine_predictions	45
cardiology_extension_benchmark.json	genuine_over_0.5pct	0
cardiology_extension_benchmark.json	genuine_median_error_pct	0.03062222222221559
cardiology_extension_benchmark.json	green_parity_vs_corrected	True -> True
cardiology_panel_benchmark.json	scalars	20
cardiology_panel_benchmark.json	over_0.5pct_stored_vs_recomputed	0 -> 0
cardiology_panel_benchmark.json	stored_error_disagrees_with_fields	4
cardiology_panel_benchmark.json	stored_only_not_recomputable	0
cardiology_panel_benchmark.json	ledger_b_structural_corrections	20
cardiology_panel_benchmark.json	genuine_predictions	0
cardiology_panel_benchmark.json	genuine_over_0.5pct	0
cardiology_panel_benchmark.json	genuine_median_error_pct	None
cardiology_panel_benchmark.json	green_parity_vs_corrected	True -> True
cartography_gis_panel_benchmark.json	scalars	48
cartography_gis_panel_benchmark.json	over_0.5pct_stored_vs_recomputed	0 -> 0
cartography_gis_panel_benchmark.json	stored_error_disagrees_with_fields	10
cartography_gis_panel_benchmark.json	stored_only_not_recomputable	0
cartography_gis_panel_benchmark.json	ledger_b_structural_corrections	48
cartography_gis_panel_benchmark.json	genuine_predictions	0
cartography_gis_panel_benchmark.json	genuine_over_0.5pct	0
cartography_gis_panel_benchmark.json	genuine_median_error_pct	None
cartography_gis_panel_benchmark.json	green_parity_vs_corrected	True -> True
cepheid_pl_interconnect_benchmark.json	scalars	8
cepheid_pl_interconnect_benchmark.json	over_0.5pct_stored_vs_recomputed	0 -> 1
cepheid_pl_interconnect_benchmark.json	stored_error_disagrees_with_fields	1
cepheid_pl_interconnect_benchmark.json	stored_only_not_recomputable	1
cepheid_pl_interconnect_benchmark.json	zero_target_rows_kept_stored	1
cepheid_pl_interconnect_benchmark.json	ledger_b_structural_corrections	8
cepheid_pl_interconnect_benchmark.json	genuine_predictions	0
cepheid_pl_interconnect_benchmark.json	genuine_over_0.5pct	0
cepheid_pl_interconnect_benchmark.json	genuine_median_error_pct	None
cepheid_pl_interconnect_benchmark.json	green_parity_vs_corrected	True -> False
cern_open_data_lhc_benchmark.json	green_parity_vs_corrected	True -> True
certified_agent_formal_panel_benchmark.json	scalars	20
certified_agent_formal_panel_benchmark.json	over_0.5pct_stored_vs_recomputed	0 -> 0
certified_agent_formal_panel_benchmark.json	stored_error_disagrees_with_fields	9
certified_agent_formal_panel_benchmark.json	stored_only_not_recomputable	1
certified_agent_formal_panel_benchmark.json	zero_target_rows_kept_stored	1
certified_agent_formal_panel_benchmark.json	ledger_b_structural_corrections	12
certified_agent_formal_panel_benchmark.json	genuine_predictions	8
certified_agent_formal_panel_benchmark.json	genuine_over_0.5pct	0
certified_agent_formal_panel_benchmark.json	genuine_median_error_pct	0.0
certified_agent_formal_panel_benchmark.json	green_parity_vs_corrected	True -> True
certified_agent_qwen_benchmark.json	scalars	21
certified_agent_qwen_benchmark.json	over_0.5pct_stored_vs_recomputed	0 -> 0
certified_agent_qwen_benchmark.json	stored_error_disagrees_with_fields	0
certified_agent_qwen_benchmark.json	stored_only_not_recomputable	2
certified_agent_qwen_benchmark.json	zero_target_rows_kept_stored	2
certified_agent_qwen_benchmark.json	ledger_b_structural_corrections	0
certified_agent_qwen_benchmark.json	genuine_predictions	21
certified_agent_qwen_benchmark.json	genuine_over_0.5pct	0
certified_agent_qwen_benchmark.json	genuine_median_error_pct	5.547919895966477e-05
certified_agent_qwen_benchmark.json	green_parity_vs_corrected	True -> True
chaos_mediated_phase_transitions_benchmark.json	scalars	21
chaos_mediated_phase_transitions_benchmark.json	over_0.5pct_stored_vs_recomputed	0 -> 0
chaos_mediated_phase_transitions_benchmark.json	stored_error_disagrees_with_fields	17
chaos_mediated_phase_transitions_benchmark.json	stored_only_not_recomputable	4
chaos_mediated_phase_transitions_benchmark.json	zero_target_rows_kept_stored	4
chaos_mediated_phase_transitions_benchmark.json	ledger_b_structural_corrections	0
chaos_mediated_phase_transitions_benchmark.json	genuine_predictions	21
chaos_mediated_phase_transitions_benchmark.json	genuine_over_0.5pct	0
chaos_mediated_phase_transitions_benchmark.json	genuine_median_error_pct	0.03150000000000652
chaos_mediated_phase_transitions_benchmark.json	green_parity_vs_corrected	True -> True
chembl_deep_open_benchmark.json	scalars	187
chembl_deep_open_benchmark.json	over_0.5pct_stored_vs_recomputed	0 -> 0
chembl_deep_open_benchmark.json	stored_error_disagrees_with_fields	78
chembl_deep_open_benchmark.json	stored_only_not_recomputable	21
chembl_deep_open_benchmark.json	zero_target_rows_kept_stored	21
chembl_deep_open_benchmark.json	ledger_b_structural_corrections	187
chembl_deep_open_benchmark.json	genuine_predictions	0
chembl_deep_open_benchmark.json	genuine_over_0.5pct	0
chembl_deep_open_benchmark.json	genuine_median_error_pct	None
chembl_deep_open_benchmark.json	green_parity_vs_corrected	True -> True
chemical_engineering_extension_benchmark.json	scalars	186
chemical_engineering_extension_benchmark.json	over_0.5pct_stored_vs_recomputed	0 -> 0
chemical_engineering_extension_benchmark.json	stored_error_disagrees_with_fields	0
chemical_engineering_extension_benchmark.json	stored_only_not_recomputable	0
chemical_engineering_extension_benchmark.json	ledger_b_structural_corrections	0
chemical_engineering_extension_benchmark.json	genuine_predictions	186
chemical_engineering_extension_benchmark.json	genuine_over_0.5pct	0
chemical_engineering_extension_benchmark.json	genuine_median_error_pct	0.001022449778886343
chemical_engineering_extension_benchmark.json	green_parity_vs_corrected	True -> True
chemical_structure_stability_panel_benchmark.json	scalars	31
chemical_structure_stability_panel_benchmark.json	over_0.5pct_stored_vs_recomputed	0 -> 0
chemical_structure_stability_panel_benchmark.json	stored_error_disagrees_with_fields	0
chemical_structure_stability_panel_benchmark.json	stored_only_not_recomputable	0
chemical_structure_stability_panel_benchmark.json	ledger_b_structural_corrections	0
chemical_structure_stability_panel_benchmark.json	genuine_predictions	31
chemical_structure_stability_panel_benchmark.json	genuine_over_0.5pct	0
chemical_structure_stability_panel_benchmark.json	genuine_median_error_pct	0.002059838302688438
chemical_structure_stability_panel_benchmark.json	green_parity_vs_corrected	True -> True
circuit_component_emergence_panel_benchmark.json	scalars	57
circuit_component_emergence_panel_benchmark.json	over_0.5pct_stored_vs_recomputed	0 -> 0
circuit_component_emergence_panel_benchmark.json	stored_error_disagrees_with_fields	15
circuit_component_emergence_panel_benchmark.json	stored_only_not_recomputable	5
circuit_component_emergence_panel_benchmark.json	zero_target_rows_kept_stored	1
circuit_component_emergence_panel_benchmark.json	computed_rounded_rows_kept_stored	4
circuit_component_emergence_panel_benchmark.json	ledger_b_structural_corrections	57
circuit_component_emergence_panel_benchmark.json	genuine_predictions	0
circuit_component_emergence_panel_benchmark.json	genuine_over_0.5pct	0
circuit_component_emergence_panel_benchmark.json	genuine_median_error_pct	None
circuit_component_emergence_panel_benchmark.json	green_parity_vs_corrected	True -> True
civil_engineering_extension_benchmark.json	scalars	32
civil_engineering_extension_benchmark.json	over_0.5pct_stored_vs_recomputed	0 -> 0
civil_engineering_extension_benchmark.json	stored_error_disagrees_with_fields	3
civil_engineering_extension_benchmark.json	stored_only_not_recomputable	0
civil_engineering_extension_benchmark.json	ledger_b_structural_corrections	0
civil_engineering_extension_benchmark.json	genuine_predictions	32
civil_engineering_extension_benchmark.json	genuine_over_0.5pct	0
civil_engineering_extension_benchmark.json	genuine_median_error_pct	0.03352539592760394
civil_engineering_extension_benchmark.json	green_parity_vs_corrected	True -> True
civil_engineering_panel_benchmark.json	scalars	20
civil_engineering_panel_benchmark.json	over_0.5pct_stored_vs_recomputed	0 -> 0
civil_engineering_panel_benchmark.json	stored_error_disagrees_with_fields	3
civil_engineering_panel_benchmark.json	stored_only_not_recomputable	0
civil_engineering_panel_benchmark.json	ledger_b_structural_corrections	20
civil_engineering_panel_benchmark.json	genuine_predictions	0
civil_engineering_panel_benchmark.json	genuine_over_0.5pct	0
civil_engineering_panel_benchmark.json	genuine_median_error_pct	None
civil_engineering_panel_benchmark.json	green_parity_vs_corrected	True -> True
climate_observed_benchmark.json	scalars	20
climate_observed_benchmark.json	over_0.5pct_stored_vs_recomputed	0 -> 0
climate_observed_benchmark.json	stored_error_disagrees_with_fields	9
climate_observed_benchmark.json	stored_only_not_recomputable	0
climate_observed_benchmark.json	ledger_b_structural_corrections	0
climate_observed_benchmark.json	genuine_predictions	20
climate_observed_benchmark.json	genuine_over_0.5pct	0
climate_observed_benchmark.json	genuine_median_error_pct	0.01200000000000608
climate_observed_benchmark.json	green_parity_vs_corrected	True -> True
clinical_medicine_extension_benchmark.json	scalars	260
clinical_medicine_extension_benchmark.json	over_0.5pct_stored_vs_recomputed	0 -> 0
clinical_medicine_extension_benchmark.json	stored_error_disagrees_with_fields	13
clinical_medicine_extension_benchmark.json	stored_only_not_recomputable	0
clinical_medicine_extension_benchmark.json	ledger_b_structural_corrections	0
clinical_medicine_extension_benchmark.json	genuine_predictions	260
clinical_medicine_extension_benchmark.json	genuine_over_0.5pct	0
clinical_medicine_extension_benchmark.json	genuine_median_error_pct	0.002458296751538192
clinical_medicine_extension_benchmark.json	green_parity_vs_corrected	True -> True
clinicaltrials_medical_panel_benchmark.json	green_parity_vs_corrected	True -> True
cod_optimade_structures_benchmark.json	scalars	682
cod_optimade_structures_benchmark.json	over_0.5pct_stored_vs_recomputed	0 -> 0
cod_optimade_structures_benchmark.json	stored_error_disagrees_with_fields	344
cod_optimade_structures_benchmark.json	stored_only_not_recomputable	0
cod_optimade_structures_benchmark.json	ledger_b_structural_corrections	682
cod_optimade_structures_benchmark.json	genuine_predictions	0
cod_optimade_structures_benchmark.json	genuine_over_0.5pct	0
cod_optimade_structures_benchmark.json	genuine_median_error_pct	None
cod_optimade_structures_benchmark.json	green_parity_vs_corrected	True -> True
codata_full_table_open_benchmark.json	scalars	36
codata_full_table_open_benchmark.json	over_0.5pct_stored_vs_recomputed	0 -> 0
codata_full_table_open_benchmark.json	stored_error_disagrees_with_fields	0
codata_full_table_open_benchmark.json	stored_only_not_recomputable	0
codata_full_table_open_benchmark.json	ledger_b_structural_corrections	36
codata_full_table_open_benchmark.json	genuine_predictions	0
codata_full_table_open_benchmark.json	genuine_over_0.5pct	0
codata_full_table_open_benchmark.json	genuine_median_error_pct	None
codata_full_table_open_benchmark.json	green_parity_vs_corrected	True -> True
code_genome_structure_cybersecurity_benchmark.json	scalars	111
code_genome_structure_cybersecurity_benchmark.json	over_0.5pct_stored_vs_recomputed	0 -> 0
code_genome_structure_cybersecurity_benchmark.json	stored_error_disagrees_with_fields	1
code_genome_structure_cybersecurity_benchmark.json	stored_only_not_recomputable	3
code_genome_structure_cybersecurity_benchmark.json	zero_target_rows_kept_stored	3
code_genome_structure_cybersecurity_benchmark.json	ledger_b_structural_corrections	0
code_genome_structure_cybersecurity_benchmark.json	genuine_predictions	111
code_genome_structure_cybersecurity_benchmark.json	genuine_over_0.5pct	0
code_genome_structure_cybersecurity_benchmark.json	genuine_median_error_pct	0.0
code_genome_structure_cybersecurity_benchmark.json	green_parity_vs_corrected	True -> True
coding_structure_verifier_panel_benchmark.json	scalars	36
coding_structure_verifier_panel_benchmark.json	over_0.5pct_stored_vs_recomputed	0 -> 0
coding_structure_verifier_panel_benchmark.json	stored_error_disagrees_with_fields	2
coding_structure_verifier_panel_benchmark.json	stored_only_not_recomputable	3
coding_structure_verifier_panel_benchmark.json	zero_target_rows_kept_stored	3
coding_structure_verifier_panel_benchmark.json	ledger_b_structural_corrections	2
coding_structure_verifier_panel_benchmark.json	genuine_predictions	34
coding_structure_verifier_panel_benchmark.json	genuine_over_0.5pct	0
coding_structure_verifier_panel_benchmark.json	genuine_median_error_pct	0.0
coding_structure_verifier_panel_benchmark.json	green_parity_vs_corrected	True -> True
cold_fusion_candidate_prereg_scaffold_benchmark.json	scalars	14
cold_fusion_candidate_prereg_scaffold_benchmark.json	over_0.5pct_stored_vs_recomputed	0 -> 0
cold_fusion_candidate_prereg_scaffold_benchmark.json	stored_error_disagrees_with_fields	5
cold_fusion_candidate_prereg_scaffold_benchmark.json	stored_only_not_recomputable	1
cold_fusion_candidate_prereg_scaffold_benchmark.json	zero_target_rows_kept_stored	1
cold_fusion_candidate_prereg_scaffold_benchmark.json	ledger_b_structural_corrections	0
cold_fusion_candidate_prereg_scaffold_benchmark.json	genuine_predictions	14
cold_fusion_candidate_prereg_scaffold_benchmark.json	genuine_over_0.5pct	0
cold_fusion_candidate_prereg_scaffold_benchmark.json	genuine_median_error_pct	5.921189464667502e-15
cold_fusion_candidate_prereg_scaffold_benchmark.json	green_parity_vs_corrected	True -> True
cold_fusion_lab_synthesis_crosswalk_benchmark.json	scalars	30
cold_fusion_lab_synthesis_crosswalk_benchmark.json	over_0.5pct_stored_vs_recomputed	0 -> 0
cold_fusion_lab_synthesis_crosswalk_benchmark.json	stored_error_disagrees_with_fields	13
cold_fusion_lab_synthesis_crosswalk_benchmark.json	stored_only_not_recomputable	5
cold_fusion_lab_synthesis_crosswalk_benchmark.json	zero_target_rows_kept_stored	5
cold_fusion_lab_synthesis_crosswalk_benchmark.json	ledger_b_structural_corrections	0
cold_fusion_lab_synthesis_crosswalk_benchmark.json	genuine_predictions	30
cold_fusion_lab_synthesis_crosswalk_benchmark.json	genuine_over_0.5pct	0
cold_fusion_lab_synthesis_crosswalk_benchmark.json	genuine_median_error_pct	9.504136507306527e-09
cold_fusion_lab_synthesis_crosswalk_benchmark.json	green_parity_vs_corrected	True -> True
compact_object_binary_events_benchmark.json	scalars	40
compact_object_binary_events_benchmark.json	over_0.5pct_stored_vs_recomputed	0 -> 0
compact_object_binary_events_benchmark.json	stored_error_disagrees_with_fields	19
compact_object_binary_events_benchmark.json	stored_only_not_recomputable	0
compact_object_binary_events_benchmark.json	ledger_b_structural_corrections	40
compact_object_binary_events_benchmark.json	genuine_predictions	0
compact_object_binary_events_benchmark.json	genuine_over_0.5pct	0
compact_object_binary_events_benchmark.json	genuine_median_error_pct	None
compact_object_binary_events_benchmark.json	green_parity_vs_corrected	True -> True
compactification_ladder_benchmark.json	scalars	40
compactification_ladder_benchmark.json	over_0.5pct_stored_vs_recomputed	0 -> 0
compactification_ladder_benchmark.json	stored_error_disagrees_with_fields	31
compactification_ladder_benchmark.json	stored_only_not_recomputable	9
compactification_ladder_benchmark.json	zero_target_rows_kept_stored	9
compactification_ladder_benchmark.json	ledger_b_structural_corrections	0
compactification_ladder_benchmark.json	genuine_predictions	40
compactification_ladder_benchmark.json	genuine_over_0.5pct	0
compactification_ladder_benchmark.json	genuine_median_error_pct	0.013507657760818137
compactification_ladder_benchmark.json	green_parity_vs_corrected	True -> True
complexity_folding_emergence_panel_benchmark.json	scalars	25
complexity_folding_emergence_panel_benchmark.json	over_0.5pct_stored_vs_recomputed	0 -> 0
complexity_folding_emergence_panel_benchmark.json	stored_error_disagrees_with_fields	19
complexity_folding_emergence_panel_benchmark.json	stored_only_not_recomputable	0
complexity_folding_emergence_panel_benchmark.json	ledger_b_structural_corrections	0
complexity_folding_emergence_panel_benchmark.json	genuine_predictions	25
complexity_folding_emergence_panel_benchmark.json	genuine_over_0.5pct	0
complexity_folding_emergence_panel_benchmark.json	genuine_median_error_pct	0.01901111111111378
complexity_folding_emergence_panel_benchmark.json	green_parity_vs_corrected	True -> True
computational_reasoning_benchmark.json	scalars	577
computational_reasoning_benchmark.json	over_0.5pct_stored_vs_recomputed	0 -> 0
computational_reasoning_benchmark.json	stored_error_disagrees_with_fields	0
computational_reasoning_benchmark.json	stored_only_not_recomputable	2
computational_reasoning_benchmark.json	ledger_b_structural_corrections	0
computational_reasoning_benchmark.json	genuine_predictions	577
computational_reasoning_benchmark.json	genuine_over_0.5pct	0
computational_reasoning_benchmark.json	genuine_median_error_pct	0.0
computational_reasoning_benchmark.json	green_parity_vs_corrected	True -> True
condensed_matter_superconductivity_depth_panel_benchmark.json	scalars	24
condensed_matter_superconductivity_depth_panel_benchmark.json	over_0.5pct_stored_vs_recomputed	0 -> 0
condensed_matter_superconductivity_depth_panel_benchmark.json	stored_error_disagrees_with_fields	3
condensed_matter_superconductivity_depth_panel_benchmark.json	stored_only_not_recomputable	2
condensed_matter_superconductivity_depth_panel_benchmark.json	zero_target_rows_kept_stored	2
condensed_matter_superconductivity_depth_panel_benchmark.json	ledger_b_structural_corrections	15
condensed_matter_superconductivity_depth_panel_benchmark.json	genuine_predictions	9
condensed_matter_superconductivity_depth_panel_benchmark.json	genuine_over_0.5pct	0
condensed_matter_superconductivity_depth_panel_benchmark.json	genuine_median_error_pct	0.0
condensed_matter_superconductivity_depth_panel_benchmark.json	green_parity_vs_corrected	True -> True
consciousness_econ_benchmark.json	scalars	11
consciousness_econ_benchmark.json	over_0.5pct_stored_vs_recomputed	0 -> 0
consciousness_econ_benchmark.json	stored_error_disagrees_with_fields	0
consciousness_econ_benchmark.json	stored_only_not_recomputable	0
consciousness_econ_benchmark.json	ledger_b_structural_corrections	0
consciousness_econ_benchmark.json	genuine_predictions	11
consciousness_econ_benchmark.json	genuine_over_0.5pct	0
consciousness_econ_benchmark.json	genuine_median_error_pct	0.020726027397249446
consciousness_econ_benchmark.json	green_parity_vs_corrected	True -> True
consciousness_expansion_spine_benchmark.json	scalars	7
consciousness_expansion_spine_benchmark.json	over_0.5pct_stored_vs_recomputed	0 -> 0
consciousness_expansion_spine_benchmark.json	stored_error_disagrees_with_fields	0
consciousness_expansion_spine_benchmark.json	stored_only_not_recomputable	0
consciousness_expansion_spine_benchmark.json	ledger_b_structural_corrections	0
consciousness_expansion_spine_benchmark.json	genuine_predictions	7
consciousness_expansion_spine_benchmark.json	genuine_over_0.5pct	0
consciousness_expansion_spine_benchmark.json	genuine_median_error_pct	0.0
consciousness_expansion_spine_benchmark.json	green_parity_vs_corrected	True -> True
consciousness_galactic_orbital_bridge_benchmark.json	scalars	48
consciousness_galactic_orbital_bridge_benchmark.json	over_0.5pct_stored_vs_recomputed	0 -> 0
consciousness_galactic_orbital_bridge_benchmark.json	stored_error_disagrees_with_fields	41
consciousness_galactic_orbital_bridge_benchmark.json	stored_only_not_recomputable	0
consciousness_galactic_orbital_bridge_benchmark.json	ledger_b_structural_corrections	0
consciousness_galactic_orbital_bridge_benchmark.json	genuine_predictions	48
consciousness_galactic_orbital_bridge_benchmark.json	genuine_over_0.5pct	0
consciousness_galactic_orbital_bridge_benchmark.json	genuine_median_error_pct	0.036520045300104
consciousness_galactic_orbital_bridge_benchmark.json	green_parity_vs_corrected	True -> True
consciousness_genetics_coupling_panel_benchmark.json	scalars	24
consciousness_genetics_coupling_panel_benchmark.json	over_0.5pct_stored_vs_recomputed	0 -> 0
consciousness_genetics_coupling_panel_benchmark.json	stored_error_disagrees_with_fields	3
consciousness_genetics_coupling_panel_benchmark.json	stored_only_not_recomputable	0
consciousness_genetics_coupling_panel_benchmark.json	ledger_b_structural_corrections	0
consciousness_genetics_coupling_panel_benchmark.json	genuine_predictions	24
consciousness_genetics_coupling_panel_benchmark.json	genuine_over_0.5pct	0
consciousness_genetics_coupling_panel_benchmark.json	genuine_median_error_pct	0.03150551969630706
consciousness_genetics_coupling_panel_benchmark.json	green_parity_vs_corrected	True -> True
consciousness_genetics_species_panel_benchmark.json	scalars	27
consciousness_genetics_species_panel_benchmark.json	over_0.5pct_stored_vs_recomputed	0 -> 0
consciousness_genetics_species_panel_benchmark.json	stored_error_disagrees_with_fields	9
consciousness_genetics_species_panel_benchmark.json	stored_only_not_recomputable	0
consciousness_genetics_species_panel_benchmark.json	ledger_b_structural_corrections	0
consciousness_genetics_species_panel_benchmark.json	genuine_predictions	27
consciousness_genetics_species_panel_benchmark.json	genuine_over_0.5pct	0
consciousness_genetics_species_panel_benchmark.json	genuine_median_error_pct	0.02223625038602773
consciousness_genetics_species_panel_benchmark.json	green_parity_vs_corrected	True -> True
consciousness_lean_route_credibility_benchmark.json	scalars	91
consciousness_lean_route_credibility_benchmark.json	over_0.5pct_stored_vs_recomputed	0 -> 0
consciousness_lean_route_credibility_benchmark.json	stored_error_disagrees_with_fields	39
consciousness_lean_route_credibility_benchmark.json	stored_only_not_recomputable	0
consciousness_lean_route_credibility_benchmark.json	ledger_b_structural_corrections	91
consciousness_lean_route_credibility_benchmark.json	genuine_predictions	0
consciousness_lean_route_credibility_benchmark.json	genuine_over_0.5pct	0
consciousness_lean_route_credibility_benchmark.json	genuine_median_error_pct	None
consciousness_lean_route_credibility_benchmark.json	green_parity_vs_corrected	True -> True
consciousness_soul_bridge_benchmark.json	green_parity_vs_corrected	True -> True
consciousness_species_multi_panel_benchmark.json	scalars	268
consciousness_species_multi_panel_benchmark.json	over_0.5pct_stored_vs_recomputed	0 -> 0
consciousness_species_multi_panel_benchmark.json	stored_error_disagrees_with_fields	176
consciousness_species_multi_panel_benchmark.json	stored_only_not_recomputable	0
consciousness_species_multi_panel_benchmark.json	ledger_b_structural_corrections	0
consciousness_species_multi_panel_benchmark.json	genuine_predictions	268
consciousness_species_multi_panel_benchmark.json	genuine_over_0.5pct	0
consciousness_species_multi_panel_benchmark.json	genuine_median_error_pct	0.020937500000001424
consciousness_species_multi_panel_benchmark.json	green_parity_vs_corrected	True -> True
cosmology_anomalies_benchmark.json	scalars	16
cosmology_anomalies_benchmark.json	over_0.5pct_stored_vs_recomputed	0 -> 0
cosmology_anomalies_benchmark.json	stored_error_disagrees_with_fields	0
cosmology_anomalies_benchmark.json	stored_only_not_recomputable	0
cosmology_anomalies_benchmark.json	ledger_b_structural_corrections	0
cosmology_anomalies_benchmark.json	genuine_predictions	16
cosmology_anomalies_benchmark.json	genuine_over_0.5pct	0
cosmology_anomalies_benchmark.json	genuine_median_error_pct	0.015148134304819393
cosmology_anomalies_benchmark.json	green_parity_vs_corrected	True -> True
cosmology_anomaly_deep_panel_benchmark.json	scalars	9
cosmology_anomaly_deep_panel_benchmark.json	over_0.5pct_stored_vs_recomputed	0 -> 0
cosmology_anomaly_deep_panel_benchmark.json	stored_error_disagrees_with_fields	0
cosmology_anomaly_deep_panel_benchmark.json	stored_only_not_recomputable	2
cosmology_anomaly_deep_panel_benchmark.json	zero_target_rows_kept_stored	2
cosmology_anomaly_deep_panel_benchmark.json	ledger_b_structural_corrections	0
cosmology_anomaly_deep_panel_benchmark.json	genuine_predictions	9
cosmology_anomaly_deep_panel_benchmark.json	genuine_over_0.5pct	0
cosmology_anomaly_deep_panel_benchmark.json	genuine_median_error_pct	0.0
cosmology_anomaly_deep_panel_benchmark.json	green_parity_vs_corrected	True -> True
cosmology_bubble_bleed_benchmark.json	scalars	30
cosmology_bubble_bleed_benchmark.json	over_0.5pct_stored_vs_recomputed	0 -> 2
cosmology_bubble_bleed_benchmark.json	stored_error_disagrees_with_fields	3
cosmology_bubble_bleed_benchmark.json	stored_only_not_recomputable	0
cosmology_bubble_bleed_benchmark.json	ledger_b_structural_corrections	0
cosmology_bubble_bleed_benchmark.json	genuine_predictions	30
cosmology_bubble_bleed_benchmark.json	genuine_over_0.5pct	2
cosmology_bubble_bleed_benchmark.json	genuine_median_error_pct	0.0
cosmology_bubble_bleed_benchmark.json	green_parity_vs_corrected	True -> True
cosmology_extended_benchmark.json	scalars	23
cosmology_extended_benchmark.json	over_0.5pct_stored_vs_recomputed	0 -> 0
cosmology_extended_benchmark.json	stored_error_disagrees_with_fields	0
cosmology_extended_benchmark.json	stored_only_not_recomputable	2
cosmology_extended_benchmark.json	zero_target_rows_kept_stored	2
cosmology_extended_benchmark.json	ledger_b_structural_corrections	0
cosmology_extended_benchmark.json	genuine_predictions	23
cosmology_extended_benchmark.json	genuine_over_0.5pct	0
cosmology_extended_benchmark.json	genuine_median_error_pct	0.0005618458987473253
cosmology_extended_benchmark.json	green_parity_vs_corrected	True -> True
crc_handbook_properties_benchmark.json	scalars	391
crc_handbook_properties_benchmark.json	over_0.5pct_stored_vs_recomputed	0 -> 0
crc_handbook_properties_benchmark.json	stored_error_disagrees_with_fields	2
crc_handbook_properties_benchmark.json	stored_only_not_recomputable	0
crc_handbook_properties_benchmark.json	ledger_b_structural_corrections	0
crc_handbook_properties_benchmark.json	genuine_predictions	391
crc_handbook_properties_benchmark.json	genuine_over_0.5pct	0
crc_handbook_properties_benchmark.json	genuine_median_error_pct	0.021039417107152993
crc_handbook_properties_benchmark.json	green_parity_vs_corrected	True -> True
creative_arts_math_spine_benchmark.json	scalars	54
creative_arts_math_spine_benchmark.json	over_0.5pct_stored_vs_recomputed	0 -> 1
creative_arts_math_spine_benchmark.json	stored_error_disagrees_with_fields	7
creative_arts_math_spine_benchmark.json	stored_only_not_recomputable	2
creative_arts_math_spine_benchmark.json	zero_target_rows_kept_stored	2
creative_arts_math_spine_benchmark.json	ledger_b_structural_corrections	0
creative_arts_math_spine_benchmark.json	genuine_predictions	54
creative_arts_math_spine_benchmark.json	genuine_over_0.5pct	1
creative_arts_math_spine_benchmark.json	genuine_median_error_pct	0.00019923493045825584
creative_arts_math_spine_benchmark.json	green_parity_vs_corrected	True -> False
cross_proof_verification_benchmark.json	green_parity_vs_corrected	True -> True
crossref_scholarly_panel_benchmark.json	green_parity_vs_corrected	True -> True
cryosphere_benchmark.json	green_parity_vs_corrected	True -> True
cryptography_technology_cybersecurity_benchmark.json	scalars	20
cryptography_technology_cybersecurity_benchmark.json	over_0.5pct_stored_vs_recomputed	0 -> 0
cryptography_technology_cybersecurity_benchmark.json	stored_error_disagrees_with_fields	1
cryptography_technology_cybersecurity_benchmark.json	stored_only_not_recomputable	12
cryptography_technology_cybersecurity_benchmark.json	ledger_b_structural_corrections	0
cryptography_technology_cybersecurity_benchmark.json	genuine_predictions	20
cryptography_technology_cybersecurity_benchmark.json	genuine_over_0.5pct	0
cryptography_technology_cybersecurity_benchmark.json	genuine_median_error_pct	0.0
cryptography_technology_cybersecurity_benchmark.json	green_parity_vs_corrected	True -> True
culinary_arts_benchmark.json	scalars	52
culinary_arts_benchmark.json	over_0.5pct_stored_vs_recomputed	0 -> 0
culinary_arts_benchmark.json	stored_error_disagrees_with_fields	10
culinary_arts_benchmark.json	stored_only_not_recomputable	0
culinary_arts_benchmark.json	ledger_b_structural_corrections	0
culinary_arts_benchmark.json	genuine_predictions	52
culinary_arts_benchmark.json	genuine_over_0.5pct	0
culinary_arts_benchmark.json	genuine_median_error_pct	0.04760714285714758
culinary_arts_benchmark.json	green_parity_vs_corrected	True -> True
culinary_fermentation_maillard_panel_benchmark.json	scalars	151
culinary_fermentation_maillard_panel_benchmark.json	over_0.5pct_stored_vs_recomputed	0 -> 0
culinary_fermentation_maillard_panel_benchmark.json	stored_error_disagrees_with_fields	12
culinary_fermentation_maillard_panel_benchmark.json	stored_only_not_recomputable	0
culinary_fermentation_maillard_panel_benchmark.json	ledger_b_structural_corrections	151
culinary_fermentation_maillard_panel_benchmark.json	genuine_predictions	0
culinary_fermentation_maillard_panel_benchmark.json	genuine_over_0.5pct	0
culinary_fermentation_maillard_panel_benchmark.json	genuine_median_error_pct	None
culinary_fermentation_maillard_panel_benchmark.json	green_parity_vs_corrected	True -> True
cve_codon_hole_falsification_benchmark.json	scalars	29
cve_codon_hole_falsification_benchmark.json	over_0.5pct_stored_vs_recomputed	0 -> 0
cve_codon_hole_falsification_benchmark.json	stored_error_disagrees_with_fields	2
cve_codon_hole_falsification_benchmark.json	stored_only_not_recomputable	3
cve_codon_hole_falsification_benchmark.json	zero_target_rows_kept_stored	3
cve_codon_hole_falsification_benchmark.json	ledger_b_structural_corrections	0
cve_codon_hole_falsification_benchmark.json	genuine_predictions	29
cve_codon_hole_falsification_benchmark.json	genuine_over_0.5pct	0
cve_codon_hole_falsification_benchmark.json	genuine_median_error_pct	0.009186153846157525
cve_codon_hole_falsification_benchmark.json	green_parity_vs_corrected	True -> True
dark_energy_cpl_benchmark.json	scalars	9
dark_energy_cpl_benchmark.json	over_0.5pct_stored_vs_recomputed	0 -> 0
dark_energy_cpl_benchmark.json	stored_error_disagrees_with_fields	2
dark_energy_cpl_benchmark.json	stored_only_not_recomputable	0
dark_energy_cpl_benchmark.json	ledger_b_structural_corrections	0
dark_energy_cpl_benchmark.json	genuine_predictions	9
dark_energy_cpl_benchmark.json	genuine_over_0.5pct	0
dark_energy_cpl_benchmark.json	genuine_median_error_pct	0.0018446601941739073
dark_energy_cpl_benchmark.json	green_parity_vs_corrected	True -> True
dark_sector_open_problems_benchmark.json	scalars	23
dark_sector_open_problems_benchmark.json	over_0.5pct_stored_vs_recomputed	0 -> 2
dark_sector_open_problems_benchmark.json	stored_error_disagrees_with_fields	5
dark_sector_open_problems_benchmark.json	stored_only_not_recomputable	2
dark_sector_open_problems_benchmark.json	zero_target_rows_kept_stored	2
dark_sector_open_problems_benchmark.json	ledger_b_structural_corrections	0
dark_sector_open_problems_benchmark.json	genuine_predictions	23
dark_sector_open_problems_benchmark.json	genuine_over_0.5pct	2
dark_sector_open_problems_benchmark.json	genuine_median_error_pct	0.0005618458987473253
dark_sector_open_problems_benchmark.json	green_parity_vs_corrected	True -> False
desi_edr_fits_residual_benchmark.json	scalars	97144
desi_edr_fits_residual_benchmark.json	over_0.5pct_stored_vs_recomputed	0 -> 0
desi_edr_fits_residual_benchmark.json	stored_error_disagrees_with_fields	35198
desi_edr_fits_residual_benchmark.json	stored_only_not_recomputable	4734
desi_edr_fits_residual_benchmark.json	computed_rounded_rows_kept_stored	4734
desi_edr_fits_residual_benchmark.json	ledger_b_structural_corrections	97144
desi_edr_fits_residual_benchmark.json	genuine_predictions	0
desi_edr_fits_residual_benchmark.json	genuine_over_0.5pct	0
desi_edr_fits_residual_benchmark.json	genuine_median_error_pct	None
desi_edr_fits_residual_benchmark.json	green_parity_vs_corrected	True -> True
desi_edr_table_slice_open_benchmark.json	scalars	22
desi_edr_table_slice_open_benchmark.json	over_0.5pct_stored_vs_recomputed	0 -> 0
desi_edr_table_slice_open_benchmark.json	stored_error_disagrees_with_fields	6
desi_edr_table_slice_open_benchmark.json	stored_only_not_recomputable	0
desi_edr_table_slice_open_benchmark.json	ledger_b_structural_corrections	18
desi_edr_table_slice_open_benchmark.json	genuine_predictions	4
desi_edr_table_slice_open_benchmark.json	genuine_over_0.5pct	0
desi_edr_table_slice_open_benchmark.json	genuine_median_error_pct	0.15070210704281267
desi_edr_table_slice_open_benchmark.json	green_parity_vs_corrected	True -> True
desi_public_depth_open_benchmark.json	scalars	19
desi_public_depth_open_benchmark.json	over_0.5pct_stored_vs_recomputed	0 -> 0
desi_public_depth_open_benchmark.json	stored_error_disagrees_with_fields	7
desi_public_depth_open_benchmark.json	stored_only_not_recomputable	0
desi_public_depth_open_benchmark.json	ledger_b_structural_corrections	9
desi_public_depth_open_benchmark.json	genuine_predictions	10
desi_public_depth_open_benchmark.json	genuine_over_0.5pct	0
desi_public_depth_open_benchmark.json	genuine_median_error_pct	0.040415126576327766
desi_public_depth_open_benchmark.json	green_parity_vs_corrected	True -> True
desi_wa_constraint_benchmark.json	scalars	27
desi_wa_constraint_benchmark.json	over_0.5pct_stored_vs_recomputed	0 -> 0
desi_wa_constraint_benchmark.json	stored_error_disagrees_with_fields	0
desi_wa_constraint_benchmark.json	stored_only_not_recomputable	7
desi_wa_constraint_benchmark.json	zero_target_rows_kept_stored	1
desi_wa_constraint_benchmark.json	ledger_b_structural_corrections	0
desi_wa_constraint_benchmark.json	genuine_predictions	27
desi_wa_constraint_benchmark.json	genuine_over_0.5pct	0
desi_wa_constraint_benchmark.json	genuine_median_error_pct	0.0
desi_wa_constraint_benchmark.json	green_parity_vs_corrected	True -> True
desktop_application_wiring_spine_benchmark.json	scalars	21
desktop_application_wiring_spine_benchmark.json	over_0.5pct_stored_vs_recomputed	0 -> 0
desktop_application_wiring_spine_benchmark.json	stored_error_disagrees_with_fields	0
desktop_application_wiring_spine_benchmark.json	stored_only_not_recomputable	1
desktop_application_wiring_spine_benchmark.json	zero_target_rows_kept_stored	1
desktop_application_wiring_spine_benchmark.json	ledger_b_structural_corrections	0
desktop_application_wiring_spine_benchmark.json	genuine_predictions	21
desktop_application_wiring_spine_benchmark.json	genuine_over_0.5pct	0
desktop_application_wiring_spine_benchmark.json	genuine_median_error_pct	0.0
desktop_application_wiring_spine_benchmark.json	green_parity_vs_corrected	True -> True
desktop_observer_loop_panel_benchmark.json	scalars	24
desktop_observer_loop_panel_benchmark.json	over_0.5pct_stored_vs_recomputed	0 -> 0
desktop_observer_loop_panel_benchmark.json	stored_error_disagrees_with_fields	1
desktop_observer_loop_panel_benchmark.json	stored_only_not_recomputable	0
desktop_observer_loop_panel_benchmark.json	ledger_b_structural_corrections	0
desktop_observer_loop_panel_benchmark.json	genuine_predictions	24
desktop_observer_loop_panel_benchmark.json	genuine_over_0.5pct	0
desktop_observer_loop_panel_benchmark.json	genuine_median_error_pct	0.0010247995544976274
desktop_observer_loop_panel_benchmark.json	green_parity_vs_corrected	True -> True
distant_island_emergence_simulation_benchmark.json	scalars	21
distant_island_emergence_simulation_benchmark.json	over_0.5pct_stored_vs_recomputed	0 -> 0
distant_island_emergence_simulation_benchmark.json	stored_error_disagrees_with_fields	0
distant_island_emergence_simulation_benchmark.json	stored_only_not_recomputable	10
distant_island_emergence_simulation_benchmark.json	zero_target_rows_kept_stored	10
distant_island_emergence_simulation_benchmark.json	ledger_b_structural_corrections	0
distant_island_emergence_simulation_benchmark.json	genuine_predictions	21
distant_island_emergence_simulation_benchmark.json	genuine_over_0.5pct	0
distant_island_emergence_simulation_benchmark.json	genuine_median_error_pct	0.0
distant_island_emergence_simulation_benchmark.json	green_parity_vs_corrected	True -> True
distant_island_z128_z132_deep_panel_benchmark.json	scalars	19
distant_island_z128_z132_deep_panel_benchmark.json	over_0.5pct_stored_vs_recomputed	0 -> 0
distant_island_z128_z132_deep_panel_benchmark.json	stored_error_disagrees_with_fields	4
distant_island_z128_z132_deep_panel_benchmark.json	stored_only_not_recomputable	2
distant_island_z128_z132_deep_panel_benchmark.json	zero_target_rows_kept_stored	2
distant_island_z128_z132_deep_panel_benchmark.json	ledger_b_structural_corrections	0
distant_island_z128_z132_deep_panel_benchmark.json	genuine_predictions	19
distant_island_z128_z132_deep_panel_benchmark.json	genuine_over_0.5pct	0
distant_island_z128_z132_deep_panel_benchmark.json	genuine_median_error_pct	1.2688263138573217e-14
distant_island_z128_z132_deep_panel_benchmark.json	green_parity_vs_corrected	True -> True
domain_coupling_simulation_benchmark.json	scalars	18601
domain_coupling_simulation_benchmark.json	over_0.5pct_stored_vs_recomputed	0 -> 0
domain_coupling_simulation_benchmark.json	stored_error_disagrees_with_fields	5
domain_coupling_simulation_benchmark.json	stored_only_not_recomputable	0
domain_coupling_simulation_benchmark.json	ledger_b_structural_corrections	0
domain_coupling_simulation_benchmark.json	genuine_predictions	18601
domain_coupling_simulation_benchmark.json	genuine_over_0.5pct	0
domain_coupling_simulation_benchmark.json	genuine_median_error_pct	0.0
domain_coupling_simulation_benchmark.json	green_parity_vs_corrected	True -> True
domain_coupling_simulation_refresh_panel_benchmark.json	scalars	16
domain_coupling_simulation_refresh_panel_benchmark.json	over_0.5pct_stored_vs_recomputed	0 -> 0
domain_coupling_simulation_refresh_panel_benchmark.json	stored_error_disagrees_with_fields	5
domain_coupling_simulation_refresh_panel_benchmark.json	stored_only_not_recomputable	6
domain_coupling_simulation_refresh_panel_benchmark.json	zero_target_rows_kept_stored	6
domain_coupling_simulation_refresh_panel_benchmark.json	ledger_b_structural_corrections	0
domain_coupling_simulation_refresh_panel_benchmark.json	genuine_predictions	16
domain_coupling_simulation_refresh_panel_benchmark.json	genuine_over_0.5pct	0
domain_coupling_simulation_refresh_panel_benchmark.json	genuine_median_error_pct	0.0
domain_coupling_simulation_refresh_panel_benchmark.json	green_parity_vs_corrected	True -> True
domain_orbital_predictions_benchmark.json	green_parity_vs_corrected	True -> True
dzhanibekov_intermediate_axis_fsot_panel_benchmark.json	scalars	29
dzhanibekov_intermediate_axis_fsot_panel_benchmark.json	over_0.5pct_stored_vs_recomputed	0 -> 0
dzhanibekov_intermediate_axis_fsot_panel_benchmark.json	stored_error_disagrees_with_fields	0
dzhanibekov_intermediate_axis_fsot_panel_benchmark.json	stored_only_not_recomputable	0
dzhanibekov_intermediate_axis_fsot_panel_benchmark.json	ledger_b_structural_corrections	1
dzhanibekov_intermediate_axis_fsot_panel_benchmark.json	genuine_predictions	28
dzhanibekov_intermediate_axis_fsot_panel_benchmark.json	genuine_over_0.5pct	0
dzhanibekov_intermediate_axis_fsot_panel_benchmark.json	genuine_median_error_pct	0.0
dzhanibekov_intermediate_axis_fsot_panel_benchmark.json	green_parity_vs_corrected	True -> True
early_lean_mc_panel_benchmark.json	scalars	19
early_lean_mc_panel_benchmark.json	over_0.5pct_stored_vs_recomputed	0 -> 0
early_lean_mc_panel_benchmark.json	stored_error_disagrees_with_fields	7
early_lean_mc_panel_benchmark.json	stored_only_not_recomputable	2
early_lean_mc_panel_benchmark.json	zero_target_rows_kept_stored	2
early_lean_mc_panel_benchmark.json	ledger_b_structural_corrections	8
early_lean_mc_panel_benchmark.json	genuine_predictions	11
early_lean_mc_panel_benchmark.json	genuine_over_0.5pct	0
early_lean_mc_panel_benchmark.json	genuine_median_error_pct	0.0
early_lean_mc_panel_benchmark.json	green_parity_vs_corrected	True -> True
ecology_benchmark.json	scalars	23
ecology_benchmark.json	over_0.5pct_stored_vs_recomputed	0 -> 0
ecology_benchmark.json	stored_error_disagrees_with_fields	0
ecology_benchmark.json	stored_only_not_recomputable	2
ecology_benchmark.json	zero_target_rows_kept_stored	2
ecology_benchmark.json	ledger_b_structural_corrections	0
ecology_benchmark.json	genuine_predictions	23
ecology_benchmark.json	genuine_over_0.5pct	0
ecology_benchmark.json	genuine_median_error_pct	0.0
ecology_benchmark.json	green_parity_vs_corrected	True -> True
ecology_gap_fill_benchmark.json	green_parity_vs_corrected	True -> True
econometrics_gap_fill_benchmark.json	green_parity_vs_corrected	True -> True
economics_gap_fill_benchmark.json	green_parity_vs_corrected	True -> True
econophysics_benchmark.json	scalars	23
econophysics_benchmark.json	over_0.5pct_stored_vs_recomputed	0 -> 0
econophysics_benchmark.json	stored_error_disagrees_with_fields	0
econophysics_benchmark.json	stored_only_not_recomputable	2
econophysics_benchmark.json	zero_target_rows_kept_stored	2
econophysics_benchmark.json	ledger_b_structural_corrections	0
econophysics_benchmark.json	genuine_predictions	23
econophysics_benchmark.json	genuine_over_0.5pct	0
econophysics_benchmark.json	genuine_median_error_pct	0.0
econophysics_benchmark.json	green_parity_vs_corrected	True -> True
electrical_power_systems_benchmark.json	scalars	23
electrical_power_systems_benchmark.json	over_0.5pct_stored_vs_recomputed	0 -> 0
electrical_power_systems_benchmark.json	stored_error_disagrees_with_fields	0
electrical_power_systems_benchmark.json	stored_only_not_recomputable	2
electrical_power_systems_benchmark.json	zero_target_rows_kept_stored	2
electrical_power_systems_benchmark.json	ledger_b_structural_corrections	0
electrical_power_systems_benchmark.json	genuine_predictions	23
electrical_power_systems_benchmark.json	genuine_over_0.5pct	0
electrical_power_systems_benchmark.json	genuine_median_error_pct	0.0005618458987473253
electrical_power_systems_benchmark.json	green_parity_vs_corrected	True -> True
element_synthesis_condition_scaffold_benchmark.json	scalars	27
element_synthesis_condition_scaffold_benchmark.json	over_0.5pct_stored_vs_recomputed	0 -> 0
element_synthesis_condition_scaffold_benchmark.json	stored_error_disagrees_with_fields	2
element_synthesis_condition_scaffold_benchmark.json	stored_only_not_recomputable	1
element_synthesis_condition_scaffold_benchmark.json	zero_target_rows_kept_stored	1
element_synthesis_condition_scaffold_benchmark.json	ledger_b_structural_corrections	0
element_synthesis_condition_scaffold_benchmark.json	genuine_predictions	27
element_synthesis_condition_scaffold_benchmark.json	genuine_over_0.5pct	0
element_synthesis_condition_scaffold_benchmark.json	genuine_median_error_pct	0.0007871934192139583
element_synthesis_condition_scaffold_benchmark.json	green_parity_vs_corrected	True -> True
emergent_domains_benchmark.json	green_parity_vs_corrected	True -> True
endf_iaea_nuclear_open_benchmark.json	scalars	517
endf_iaea_nuclear_open_benchmark.json	over_0.5pct_stored_vs_recomputed	0 -> 0
endf_iaea_nuclear_open_benchmark.json	stored_error_disagrees_with_fields	3
endf_iaea_nuclear_open_benchmark.json	stored_only_not_recomputable	0
endf_iaea_nuclear_open_benchmark.json	ledger_b_structural_corrections	517
endf_iaea_nuclear_open_benchmark.json	genuine_predictions	0
endf_iaea_nuclear_open_benchmark.json	genuine_over_0.5pct	0
endf_iaea_nuclear_open_benchmark.json	genuine_median_error_pct	None
endf_iaea_nuclear_open_benchmark.json	green_parity_vs_corrected	True -> True
energy_ai_orbital_bridge_benchmark.json	scalars	48
energy_ai_orbital_bridge_benchmark.json	over_0.5pct_stored_vs_recomputed	0 -> 0
energy_ai_orbital_bridge_benchmark.json	stored_error_disagrees_with_fields	42
energy_ai_orbital_bridge_benchmark.json	stored_only_not_recomputable	0
energy_ai_orbital_bridge_benchmark.json	ledger_b_structural_corrections	0
energy_ai_orbital_bridge_benchmark.json	genuine_predictions	48
energy_ai_orbital_bridge_benchmark.json	genuine_over_0.5pct	0
energy_ai_orbital_bridge_benchmark.json	genuine_median_error_pct	0.02774848770740919
energy_ai_orbital_bridge_benchmark.json	green_parity_vs_corrected	True -> True
energy_lean_route_credibility_benchmark.json	scalars	40
energy_lean_route_credibility_benchmark.json	over_0.5pct_stored_vs_recomputed	0 -> 0
energy_lean_route_credibility_benchmark.json	stored_error_disagrees_with_fields	15
energy_lean_route_credibility_benchmark.json	stored_only_not_recomputable	0
energy_lean_route_credibility_benchmark.json	ledger_b_structural_corrections	40
energy_lean_route_credibility_benchmark.json	genuine_predictions	0
energy_lean_route_credibility_benchmark.json	genuine_over_0.5pct	0
energy_lean_route_credibility_benchmark.json	genuine_median_error_pct	None
energy_lean_route_credibility_benchmark.json	green_parity_vs_corrected	True -> True
energy_neural_orbital_bridge_benchmark.json	scalars	48
energy_neural_orbital_bridge_benchmark.json	over_0.5pct_stored_vs_recomputed	0 -> 0
energy_neural_orbital_bridge_benchmark.json	stored_error_disagrees_with_fields	41
energy_neural_orbital_bridge_benchmark.json	stored_only_not_recomputable	0
energy_neural_orbital_bridge_benchmark.json	ledger_b_structural_corrections	0
energy_neural_orbital_bridge_benchmark.json	genuine_predictions	48
energy_neural_orbital_bridge_benchmark.json	genuine_over_0.5pct	0
energy_neural_orbital_bridge_benchmark.json	genuine_median_error_pct	0.018478441913466218
energy_neural_orbital_bridge_benchmark.json	green_parity_vs_corrected	True -> True
engineering_hardware_code_spine_benchmark.json	scalars	86
engineering_hardware_code_spine_benchmark.json	over_0.5pct_stored_vs_recomputed	0 -> 0
engineering_hardware_code_spine_benchmark.json	stored_error_disagrees_with_fields	8
engineering_hardware_code_spine_benchmark.json	stored_only_not_recomputable	13
engineering_hardware_code_spine_benchmark.json	zero_target_rows_kept_stored	13
engineering_hardware_code_spine_benchmark.json	inequality_bound_rows	1
engineering_hardware_code_spine_benchmark.json	ledger_b_structural_corrections	0
engineering_hardware_code_spine_benchmark.json	genuine_predictions	86
engineering_hardware_code_spine_benchmark.json	genuine_over_0.5pct	0
engineering_hardware_code_spine_benchmark.json	genuine_median_error_pct	0.0
engineering_hardware_code_spine_benchmark.json	green_parity_vs_corrected	True -> True
entomology_extension_benchmark.json	scalars	430
entomology_extension_benchmark.json	over_0.5pct_stored_vs_recomputed	0 -> 0
entomology_extension_benchmark.json	stored_error_disagrees_with_fields	52
entomology_extension_benchmark.json	stored_only_not_recomputable	0
entomology_extension_benchmark.json	ledger_b_structural_corrections	0
entomology_extension_benchmark.json	genuine_predictions	430
entomology_extension_benchmark.json	genuine_over_0.5pct	0
entomology_extension_benchmark.json	genuine_median_error_pct	0.02002162678617972
entomology_extension_benchmark.json	green_parity_vs_corrected	True -> True
entomology_panel_benchmark.json	scalars	60
entomology_panel_benchmark.json	over_0.5pct_stored_vs_recomputed	0 -> 0
entomology_panel_benchmark.json	stored_error_disagrees_with_fields	21
entomology_panel_benchmark.json	stored_only_not_recomputable	0
entomology_panel_benchmark.json	ledger_b_structural_corrections	60
entomology_panel_benchmark.json	genuine_predictions	0
entomology_panel_benchmark.json	genuine_over_0.5pct	0
entomology_panel_benchmark.json	genuine_median_error_pct	None
entomology_panel_benchmark.json	green_parity_vs_corrected	True -> True
environmental_engineering_extension_benchmark.json	scalars	160
environmental_engineering_extension_benchmark.json	over_0.5pct_stored_vs_recomputed	0 -> 0
environmental_engineering_extension_benchmark.json	stored_error_disagrees_with_fields	0
environmental_engineering_extension_benchmark.json	stored_only_not_recomputable	0
environmental_engineering_extension_benchmark.json	ledger_b_structural_corrections	0
environmental_engineering_extension_benchmark.json	genuine_predictions	160
environmental_engineering_extension_benchmark.json	genuine_over_0.5pct	0
environmental_engineering_extension_benchmark.json	genuine_median_error_pct	0.009009512446469796
environmental_engineering_extension_benchmark.json	green_parity_vs_corrected	True -> True
epidemiology_extension_benchmark.json	scalars	20
epidemiology_extension_benchmark.json	over_0.5pct_stored_vs_recomputed	0 -> 0
epidemiology_extension_benchmark.json	stored_error_disagrees_with_fields	12
epidemiology_extension_benchmark.json	stored_only_not_recomputable	0
epidemiology_extension_benchmark.json	ledger_b_structural_corrections	0
epidemiology_extension_benchmark.json	genuine_predictions	20
epidemiology_extension_benchmark.json	genuine_over_0.5pct	0
epidemiology_extension_benchmark.json	genuine_median_error_pct	0.03061909090909057
epidemiology_extension_benchmark.json	green_parity_vs_corrected	True -> True
epidemiology_panel_benchmark.json	scalars	24
epidemiology_panel_benchmark.json	over_0.5pct_stored_vs_recomputed	0 -> 0
epidemiology_panel_benchmark.json	stored_error_disagrees_with_fields	0
epidemiology_panel_benchmark.json	stored_only_not_recomputable	2
epidemiology_panel_benchmark.json	zero_target_rows_kept_stored	2
epidemiology_panel_benchmark.json	ledger_b_structural_corrections	15
epidemiology_panel_benchmark.json	genuine_predictions	9
epidemiology_panel_benchmark.json	genuine_over_0.5pct	0
epidemiology_panel_benchmark.json	genuine_median_error_pct	0.0
epidemiology_panel_benchmark.json	green_parity_vs_corrected	True -> True
esp32_platform_engineering_panel_benchmark.json	scalars	34
esp32_platform_engineering_panel_benchmark.json	over_0.5pct_stored_vs_recomputed	0 -> 0
esp32_platform_engineering_panel_benchmark.json	stored_error_disagrees_with_fields	8
esp32_platform_engineering_panel_benchmark.json	stored_only_not_recomputable	2
esp32_platform_engineering_panel_benchmark.json	zero_target_rows_kept_stored	1
esp32_platform_engineering_panel_benchmark.json	computed_rounded_rows_kept_stored	1
esp32_platform_engineering_panel_benchmark.json	ledger_b_structural_corrections	34
esp32_platform_engineering_panel_benchmark.json	genuine_predictions	0
esp32_platform_engineering_panel_benchmark.json	genuine_over_0.5pct	0
esp32_platform_engineering_panel_benchmark.json	genuine_median_error_pct	None
esp32_platform_engineering_panel_benchmark.json	green_parity_vs_corrected	True -> True
ethology_panel_benchmark.json	scalars	100
ethology_panel_benchmark.json	over_0.5pct_stored_vs_recomputed	0 -> 0
ethology_panel_benchmark.json	stored_error_disagrees_with_fields	2
ethology_panel_benchmark.json	stored_only_not_recomputable	0
ethology_panel_benchmark.json	ledger_b_structural_corrections	100
ethology_panel_benchmark.json	genuine_predictions	0
ethology_panel_benchmark.json	genuine_over_0.5pct	0
ethology_panel_benchmark.json	genuine_median_error_pct	None
ethology_panel_benchmark.json	green_parity_vs_corrected	True -> True
evolution_operon_benchmark.json	scalars	20
evolution_operon_benchmark.json	over_0.5pct_stored_vs_recomputed	0 -> 0
evolution_operon_benchmark.json	stored_error_disagrees_with_fields	0
evolution_operon_benchmark.json	stored_only_not_recomputable	1
evolution_operon_benchmark.json	zero_target_rows_kept_stored	1
evolution_operon_benchmark.json	ledger_b_structural_corrections	0
evolution_operon_benchmark.json	genuine_predictions	20
evolution_operon_benchmark.json	genuine_over_0.5pct	0
evolution_operon_benchmark.json	genuine_median_error_pct	0.0
evolution_operon_benchmark.json	green_parity_vs_corrected	True -> True
existence_simulation_gap_fill_panel_benchmark.json	green_parity_vs_corrected	True -> True
existence_simulation_refinement_panel_benchmark.json	scalars	26
existence_simulation_refinement_panel_benchmark.json	over_0.5pct_stored_vs_recomputed	0 -> 0
existence_simulation_refinement_panel_benchmark.json	stored_error_disagrees_with_fields	0
existence_simulation_refinement_panel_benchmark.json	stored_only_not_recomputable	0
existence_simulation_refinement_panel_benchmark.json	ledger_b_structural_corrections	0
existence_simulation_refinement_panel_benchmark.json	genuine_predictions	26
existence_simulation_refinement_panel_benchmark.json	genuine_over_0.5pct	0
existence_simulation_refinement_panel_benchmark.json	genuine_median_error_pct	0.014119368113139442
existence_simulation_refinement_panel_benchmark.json	green_parity_vs_corrected	True -> True
exogeology_extension_benchmark.json	scalars	316
exogeology_extension_benchmark.json	over_0.5pct_stored_vs_recomputed	0 -> 0
exogeology_extension_benchmark.json	stored_error_disagrees_with_fields	0
exogeology_extension_benchmark.json	stored_only_not_recomputable	0
exogeology_extension_benchmark.json	ledger_b_structural_corrections	0
exogeology_extension_benchmark.json	genuine_predictions	316
exogeology_extension_benchmark.json	genuine_over_0.5pct	0
exogeology_extension_benchmark.json	genuine_median_error_pct	0.0
exogeology_extension_benchmark.json	green_parity_vs_corrected	True -> True
exogeology_panel_benchmark.json	scalars	100
exogeology_panel_benchmark.json	over_0.5pct_stored_vs_recomputed	0 -> 0
exogeology_panel_benchmark.json	stored_error_disagrees_with_fields	35
exogeology_panel_benchmark.json	stored_only_not_recomputable	0
exogeology_panel_benchmark.json	ledger_b_structural_corrections	100
exogeology_panel_benchmark.json	genuine_predictions	0
exogeology_panel_benchmark.json	genuine_over_0.5pct	0
exogeology_panel_benchmark.json	genuine_median_error_pct	None
exogeology_panel_benchmark.json	green_parity_vs_corrected	True -> True
exoplanet_archive_depth_open_benchmark.json	scalars	1976
exoplanet_archive_depth_open_benchmark.json	over_0.5pct_stored_vs_recomputed	0 -> 0
exoplanet_archive_depth_open_benchmark.json	stored_error_disagrees_with_fields	977
exoplanet_archive_depth_open_benchmark.json	stored_only_not_recomputable	0
exoplanet_archive_depth_open_benchmark.json	ledger_b_structural_corrections	1976
exoplanet_archive_depth_open_benchmark.json	genuine_predictions	0
exoplanet_archive_depth_open_benchmark.json	genuine_over_0.5pct	0
exoplanet_archive_depth_open_benchmark.json	genuine_median_error_pct	None
exoplanet_archive_depth_open_benchmark.json	green_parity_vs_corrected	True -> True
exoplanet_system_architecture_benchmark.json	scalars	734
exoplanet_system_architecture_benchmark.json	over_0.5pct_stored_vs_recomputed	0 -> 0
exoplanet_system_architecture_benchmark.json	stored_error_disagrees_with_fields	0
exoplanet_system_architecture_benchmark.json	stored_only_not_recomputable	0
exoplanet_system_architecture_benchmark.json	ledger_b_structural_corrections	0
exoplanet_system_architecture_benchmark.json	genuine_predictions	734
exoplanet_system_architecture_benchmark.json	genuine_over_0.5pct	0
exoplanet_system_architecture_benchmark.json	genuine_median_error_pct	0.0
exoplanet_system_architecture_benchmark.json	green_parity_vs_corrected	True -> True
experimental_base_mathematics_panel_benchmark.json	scalars	36
experimental_base_mathematics_panel_benchmark.json	over_0.5pct_stored_vs_recomputed	0 -> 0
experimental_base_mathematics_panel_benchmark.json	stored_error_disagrees_with_fields	29
experimental_base_mathematics_panel_benchmark.json	stored_only_not_recomputable	0
experimental_base_mathematics_panel_benchmark.json	ledger_b_structural_corrections	36
experimental_base_mathematics_panel_benchmark.json	genuine_predictions	0
experimental_base_mathematics_panel_benchmark.json	genuine_over_0.5pct	0
experimental_base_mathematics_panel_benchmark.json	genuine_median_error_pct	None
experimental_base_mathematics_panel_benchmark.json	green_parity_vs_corrected	True -> True
external_oss_code_genome_benchmark.json	scalars	137
external_oss_code_genome_benchmark.json	over_0.5pct_stored_vs_recomputed	0 -> 0
external_oss_code_genome_benchmark.json	stored_error_disagrees_with_fields	0
external_oss_code_genome_benchmark.json	stored_only_not_recomputable	0
external_oss_code_genome_benchmark.json	ledger_b_structural_corrections	0
external_oss_code_genome_benchmark.json	genuine_predictions	137
external_oss_code_genome_benchmark.json	genuine_over_0.5pct	0
external_oss_code_genome_benchmark.json	genuine_median_error_pct	0.0
external_oss_code_genome_benchmark.json	green_parity_vs_corrected	True -> True
federal_science_registry_panel_benchmark.json	scalars	24
federal_science_registry_panel_benchmark.json	over_0.5pct_stored_vs_recomputed	0 -> 0
federal_science_registry_panel_benchmark.json	stored_error_disagrees_with_fields	4
federal_science_registry_panel_benchmark.json	stored_only_not_recomputable	2
federal_science_registry_panel_benchmark.json	zero_target_rows_kept_stored	2
federal_science_registry_panel_benchmark.json	ledger_b_structural_corrections	16
federal_science_registry_panel_benchmark.json	genuine_predictions	8
federal_science_registry_panel_benchmark.json	genuine_over_0.5pct	0
federal_science_registry_panel_benchmark.json	genuine_median_error_pct	0.0
federal_science_registry_panel_benchmark.json	green_parity_vs_corrected	True -> True
finance_markets_extension_benchmark.json	scalars	130
finance_markets_extension_benchmark.json	over_0.5pct_stored_vs_recomputed	0 -> 0
finance_markets_extension_benchmark.json	stored_error_disagrees_with_fields	7
finance_markets_extension_benchmark.json	stored_only_not_recomputable	0
finance_markets_extension_benchmark.json	ledger_b_structural_corrections	0
finance_markets_extension_benchmark.json	genuine_predictions	130
finance_markets_extension_benchmark.json	genuine_over_0.5pct	0
finance_markets_extension_benchmark.json	genuine_median_error_pct	0.02584018082743276
finance_markets_extension_benchmark.json	green_parity_vs_corrected	True -> True
finance_markets_panel_benchmark.json	scalars	36
finance_markets_panel_benchmark.json	over_0.5pct_stored_vs_recomputed	0 -> 0
finance_markets_panel_benchmark.json	stored_error_disagrees_with_fields	7
finance_markets_panel_benchmark.json	stored_only_not_recomputable	0
finance_markets_panel_benchmark.json	ledger_b_structural_corrections	36
finance_markets_panel_benchmark.json	genuine_predictions	0
finance_markets_panel_benchmark.json	genuine_over_0.5pct	0
finance_markets_panel_benchmark.json	genuine_median_error_pct	None
finance_markets_panel_benchmark.json	green_parity_vs_corrected	True -> True
fluid_dynamics_gap_fill_benchmark.json	green_parity_vs_corrected	True -> True
fluid_phase_current_spine_benchmark.json	scalars	24
fluid_phase_current_spine_benchmark.json	over_0.5pct_stored_vs_recomputed	0 -> 0
fluid_phase_current_spine_benchmark.json	stored_error_disagrees_with_fields	4
fluid_phase_current_spine_benchmark.json	stored_only_not_recomputable	3
fluid_phase_current_spine_benchmark.json	zero_target_rows_kept_stored	3
fluid_phase_current_spine_benchmark.json	ledger_b_structural_corrections	0
fluid_phase_current_spine_benchmark.json	genuine_predictions	24
fluid_phase_current_spine_benchmark.json	genuine_over_0.5pct	0
fluid_phase_current_spine_benchmark.json	genuine_median_error_pct	1.2265321033954111e-14
fluid_phase_current_spine_benchmark.json	green_parity_vs_corrected	True -> True
fluid_spacetime_observable_spine_benchmark.json	scalars	8
fluid_spacetime_observable_spine_benchmark.json	over_0.5pct_stored_vs_recomputed	0 -> 0
fluid_spacetime_observable_spine_benchmark.json	stored_error_disagrees_with_fields	6
fluid_spacetime_observable_spine_benchmark.json	stored_only_not_recomputable	0
fluid_spacetime_observable_spine_benchmark.json	ledger_b_structural_corrections	0
fluid_spacetime_observable_spine_benchmark.json	genuine_predictions	8
fluid_spacetime_observable_spine_benchmark.json	genuine_over_0.5pct	0
fluid_spacetime_observable_spine_benchmark.json	genuine_median_error_pct	0.01112793296088878
fluid_spacetime_observable_spine_benchmark.json	green_parity_vs_corrected	True -> True
fluid_spacetime_prereg_validation_panel_benchmark.json	scalars	12
fluid_spacetime_prereg_validation_panel_benchmark.json	over_0.5pct_stored_vs_recomputed	0 -> 0
fluid_spacetime_prereg_validation_panel_benchmark.json	stored_error_disagrees_with_fields	1
fluid_spacetime_prereg_validation_panel_benchmark.json	stored_only_not_recomputable	0
fluid_spacetime_prereg_validation_panel_benchmark.json	ledger_b_structural_corrections	0
fluid_spacetime_prereg_validation_panel_benchmark.json	genuine_predictions	12
fluid_spacetime_prereg_validation_panel_benchmark.json	genuine_over_0.5pct	0
fluid_spacetime_prereg_validation_panel_benchmark.json	genuine_median_error_pct	0.0
fluid_spacetime_prereg_validation_panel_benchmark.json	green_parity_vs_corrected	True -> True
fold_depth_metrics_benchmark.json	scalars	51
fold_depth_metrics_benchmark.json	over_0.5pct_stored_vs_recomputed	0 -> 0
fold_depth_metrics_benchmark.json	stored_error_disagrees_with_fields	46
fold_depth_metrics_benchmark.json	stored_only_not_recomputable	0
fold_depth_metrics_benchmark.json	ledger_b_structural_corrections	0
fold_depth_metrics_benchmark.json	genuine_predictions	51
fold_depth_metrics_benchmark.json	genuine_over_0.5pct	0
fold_depth_metrics_benchmark.json	genuine_median_error_pct	0.02580000000000915
fold_depth_metrics_benchmark.json	green_parity_vs_corrected	True -> True
food_microbiology_gap_fill_benchmark.json	green_parity_vs_corrected	True -> True
formula_branching_fractal_benchmark.json	scalars	371
formula_branching_fractal_benchmark.json	over_0.5pct_stored_vs_recomputed	0 -> 0
formula_branching_fractal_benchmark.json	stored_error_disagrees_with_fields	5
formula_branching_fractal_benchmark.json	stored_only_not_recomputable	0
formula_branching_fractal_benchmark.json	ledger_b_structural_corrections	0
formula_branching_fractal_benchmark.json	genuine_predictions	371
formula_branching_fractal_benchmark.json	genuine_over_0.5pct	0
formula_branching_fractal_benchmark.json	genuine_median_error_pct	0.03801612903225713
formula_branching_fractal_benchmark.json	green_parity_vs_corrected	True -> True
formula_corpus_closure_benchmark.json	scalars	203
formula_corpus_closure_benchmark.json	over_0.5pct_stored_vs_recomputed	0 -> 0
formula_corpus_closure_benchmark.json	stored_error_disagrees_with_fields	0
formula_corpus_closure_benchmark.json	stored_only_not_recomputable	200
formula_corpus_closure_benchmark.json	zero_target_rows_kept_stored	200
formula_corpus_closure_benchmark.json	ledger_b_structural_corrections	0
formula_corpus_closure_benchmark.json	genuine_predictions	203
formula_corpus_closure_benchmark.json	genuine_over_0.5pct	0
formula_corpus_closure_benchmark.json	genuine_median_error_pct	0.009504
formula_corpus_closure_benchmark.json	green_parity_vs_corrected	True -> True
formula_corpus_cnc_benchmark.json	scalars	23
formula_corpus_cnc_benchmark.json	over_0.5pct_stored_vs_recomputed	0 -> 0
formula_corpus_cnc_benchmark.json	stored_error_disagrees_with_fields	0
formula_corpus_cnc_benchmark.json	stored_only_not_recomputable	2
formula_corpus_cnc_benchmark.json	zero_target_rows_kept_stored	2
formula_corpus_cnc_benchmark.json	ledger_b_structural_corrections	0
formula_corpus_cnc_benchmark.json	genuine_predictions	23
formula_corpus_cnc_benchmark.json	genuine_over_0.5pct	0
formula_corpus_cnc_benchmark.json	genuine_median_error_pct	0.0005618458987473253
formula_corpus_cnc_benchmark.json	green_parity_vs_corrected	True -> True
formula_precision_spine_benchmark.json	scalars	21
formula_precision_spine_benchmark.json	over_0.5pct_stored_vs_recomputed	0 -> 0
formula_precision_spine_benchmark.json	stored_error_disagrees_with_fields	2
formula_precision_spine_benchmark.json	stored_only_not_recomputable	0
formula_precision_spine_benchmark.json	ledger_b_structural_corrections	0
formula_precision_spine_benchmark.json	genuine_predictions	21
formula_precision_spine_benchmark.json	genuine_over_0.5pct	0
formula_precision_spine_benchmark.json	genuine_median_error_pct	0.0
formula_precision_spine_benchmark.json	green_parity_vs_corrected	True -> True
foundational_ontology_spine_benchmark.json	scalars	56
foundational_ontology_spine_benchmark.json	over_0.5pct_stored_vs_recomputed	0 -> 0
foundational_ontology_spine_benchmark.json	stored_error_disagrees_with_fields	30
foundational_ontology_spine_benchmark.json	stored_only_not_recomputable	2
foundational_ontology_spine_benchmark.json	zero_target_rows_kept_stored	2
foundational_ontology_spine_benchmark.json	ledger_b_structural_corrections	0
foundational_ontology_spine_benchmark.json	genuine_predictions	56
foundational_ontology_spine_benchmark.json	genuine_over_0.5pct	0
foundational_ontology_spine_benchmark.json	genuine_median_error_pct	0.009499999999995623
foundational_ontology_spine_benchmark.json	green_parity_vs_corrected	True -> True
founding_atmospheric_ozone_panel_benchmark.json	scalars	19
founding_atmospheric_ozone_panel_benchmark.json	over_0.5pct_stored_vs_recomputed	0 -> 0
founding_atmospheric_ozone_panel_benchmark.json	stored_error_disagrees_with_fields	0
founding_atmospheric_ozone_panel_benchmark.json	stored_only_not_recomputable	0
founding_atmospheric_ozone_panel_benchmark.json	ledger_b_structural_corrections	0
founding_atmospheric_ozone_panel_benchmark.json	genuine_predictions	19
founding_atmospheric_ozone_panel_benchmark.json	genuine_over_0.5pct	0
founding_atmospheric_ozone_panel_benchmark.json	genuine_median_error_pct	0.023821595266667828
founding_atmospheric_ozone_panel_benchmark.json	green_parity_vs_corrected	True -> True
founding_cosmic_dust_panel_benchmark.json	scalars	19
founding_cosmic_dust_panel_benchmark.json	over_0.5pct_stored_vs_recomputed	0 -> 0
founding_cosmic_dust_panel_benchmark.json	stored_error_disagrees_with_fields	1
founding_cosmic_dust_panel_benchmark.json	stored_only_not_recomputable	1
founding_cosmic_dust_panel_benchmark.json	computed_rounded_rows_kept_stored	1
founding_cosmic_dust_panel_benchmark.json	ledger_b_structural_corrections	0
founding_cosmic_dust_panel_benchmark.json	genuine_predictions	19
founding_cosmic_dust_panel_benchmark.json	genuine_over_0.5pct	0
founding_cosmic_dust_panel_benchmark.json	genuine_median_error_pct	0.044120539999994435
founding_cosmic_dust_panel_benchmark.json	green_parity_vs_corrected	True -> True
founding_cosmic_ray_panel_benchmark.json	scalars	19
founding_cosmic_ray_panel_benchmark.json	over_0.5pct_stored_vs_recomputed	0 -> 0
founding_cosmic_ray_panel_benchmark.json	stored_error_disagrees_with_fields	0
founding_cosmic_ray_panel_benchmark.json	stored_only_not_recomputable	0
founding_cosmic_ray_panel_benchmark.json	ledger_b_structural_corrections	0
founding_cosmic_ray_panel_benchmark.json	genuine_predictions	19
founding_cosmic_ray_panel_benchmark.json	genuine_over_0.5pct	0
founding_cosmic_ray_panel_benchmark.json	genuine_median_error_pct	0.02122058600144896
founding_cosmic_ray_panel_benchmark.json	green_parity_vs_corrected	True -> True
founding_galactic_halo_rotation_panel_benchmark.json	scalars	19
founding_galactic_halo_rotation_panel_benchmark.json	over_0.5pct_stored_vs_recomputed	0 -> 0
founding_galactic_halo_rotation_panel_benchmark.json	stored_error_disagrees_with_fields	0
founding_galactic_halo_rotation_panel_benchmark.json	stored_only_not_recomputable	1
founding_galactic_halo_rotation_panel_benchmark.json	computed_rounded_rows_kept_stored	1
founding_galactic_halo_rotation_panel_benchmark.json	ledger_b_structural_corrections	0
founding_galactic_halo_rotation_panel_benchmark.json	genuine_predictions	19
founding_galactic_halo_rotation_panel_benchmark.json	genuine_over_0.5pct	0
founding_galactic_halo_rotation_panel_benchmark.json	genuine_median_error_pct	0.025122797318175568
founding_galactic_halo_rotation_panel_benchmark.json	green_parity_vs_corrected	True -> True
founding_pulsar_glitch_panel_benchmark.json	scalars	19
founding_pulsar_glitch_panel_benchmark.json	over_0.5pct_stored_vs_recomputed	0 -> 0
founding_pulsar_glitch_panel_benchmark.json	stored_error_disagrees_with_fields	5
founding_pulsar_glitch_panel_benchmark.json	stored_only_not_recomputable	0
founding_pulsar_glitch_panel_benchmark.json	ledger_b_structural_corrections	0
founding_pulsar_glitch_panel_benchmark.json	genuine_predictions	19
founding_pulsar_glitch_panel_benchmark.json	genuine_over_0.5pct	0
founding_pulsar_glitch_panel_benchmark.json	genuine_median_error_pct	0.04492298000000616
founding_pulsar_glitch_panel_benchmark.json	green_parity_vs_corrected	True -> True
founding_quantum_vacuum_panel_benchmark.json	scalars	19
founding_quantum_vacuum_panel_benchmark.json	over_0.5pct_stored_vs_recomputed	0 -> 0
founding_quantum_vacuum_panel_benchmark.json	stored_error_disagrees_with_fields	1
founding_quantum_vacuum_panel_benchmark.json	stored_only_not_recomputable	3
founding_quantum_vacuum_panel_benchmark.json	computed_rounded_rows_kept_stored	3
founding_quantum_vacuum_panel_benchmark.json	ledger_b_structural_corrections	0
founding_quantum_vacuum_panel_benchmark.json	genuine_predictions	19
founding_quantum_vacuum_panel_benchmark.json	genuine_over_0.5pct	0
founding_quantum_vacuum_panel_benchmark.json	genuine_median_error_pct	0.047775314999995544
founding_quantum_vacuum_panel_benchmark.json	green_parity_vs_corrected	True -> True
founding_white_dwarf_cooling_panel_benchmark.json	scalars	19
founding_white_dwarf_cooling_panel_benchmark.json	over_0.5pct_stored_vs_recomputed	0 -> 0
founding_white_dwarf_cooling_panel_benchmark.json	stored_error_disagrees_with_fields	0
founding_white_dwarf_cooling_panel_benchmark.json	stored_only_not_recomputable	0
founding_white_dwarf_cooling_panel_benchmark.json	ledger_b_structural_corrections	0
founding_white_dwarf_cooling_panel_benchmark.json	genuine_predictions	19
founding_white_dwarf_cooling_panel_benchmark.json	genuine_over_0.5pct	0
founding_white_dwarf_cooling_panel_benchmark.json	genuine_median_error_pct	0.04492297840833999
founding_white_dwarf_cooling_panel_benchmark.json	green_parity_vs_corrected	True -> True
fpc_fluidlink_timing_deep_panel_benchmark.json	scalars	18
fpc_fluidlink_timing_deep_panel_benchmark.json	over_0.5pct_stored_vs_recomputed	0 -> 0
fpc_fluidlink_timing_deep_panel_benchmark.json	stored_error_disagrees_with_fields	6
fpc_fluidlink_timing_deep_panel_benchmark.json	stored_only_not_recomputable	2
fpc_fluidlink_timing_deep_panel_benchmark.json	zero_target_rows_kept_stored	2
fpc_fluidlink_timing_deep_panel_benchmark.json	ledger_b_structural_corrections	0
fpc_fluidlink_timing_deep_panel_benchmark.json	genuine_predictions	18
fpc_fluidlink_timing_deep_panel_benchmark.json	genuine_over_0.5pct	0
fpc_fluidlink_timing_deep_panel_benchmark.json	genuine_median_error_pct	1.2265321033954111e-14
fpc_fluidlink_timing_deep_panel_benchmark.json	green_parity_vs_corrected	True -> True
fpc_temporal_coupling_benchmark.json	scalars	24
fpc_temporal_coupling_benchmark.json	over_0.5pct_stored_vs_recomputed	0 -> 0
fpc_temporal_coupling_benchmark.json	stored_error_disagrees_with_fields	5
fpc_temporal_coupling_benchmark.json	stored_only_not_recomputable	2
fpc_temporal_coupling_benchmark.json	zero_target_rows_kept_stored	2
fpc_temporal_coupling_benchmark.json	ledger_b_structural_corrections	0
fpc_temporal_coupling_benchmark.json	genuine_predictions	24
fpc_temporal_coupling_benchmark.json	genuine_over_0.5pct	0
fpc_temporal_coupling_benchmark.json	genuine_median_error_pct	0.0006375969321657722
fpc_temporal_coupling_benchmark.json	green_parity_vs_corrected	True -> True
fractal_constant_recursion_benchmark.json	scalars	16
fractal_constant_recursion_benchmark.json	over_0.5pct_stored_vs_recomputed	0 -> 0
fractal_constant_recursion_benchmark.json	stored_error_disagrees_with_fields	0
fractal_constant_recursion_benchmark.json	stored_only_not_recomputable	0
fractal_constant_recursion_benchmark.json	ledger_b_structural_corrections	0
fractal_constant_recursion_benchmark.json	genuine_predictions	16
fractal_constant_recursion_benchmark.json	genuine_over_0.5pct	0
fractal_constant_recursion_benchmark.json	genuine_median_error_pct	0.0
fractal_constant_recursion_benchmark.json	green_parity_vs_corrected	True -> True
frb_orifice_outgassing_benchmark.json	nonfinite_tokens	NaN=257 Infinity=0 -Infinity=0 first_lines=785,827,1261,2395,2409
frb_orifice_outgassing_benchmark.json	scalars	3
frb_orifice_outgassing_benchmark.json	over_0.5pct_stored_vs_recomputed	0 -> 0
frb_orifice_outgassing_benchmark.json	stored_error_disagrees_with_fields	0
frb_orifice_outgassing_benchmark.json	stored_only_not_recomputable	0
frb_orifice_outgassing_benchmark.json	ledger_b_structural_corrections	3
frb_orifice_outgassing_benchmark.json	genuine_predictions	0
frb_orifice_outgassing_benchmark.json	genuine_over_0.5pct	0
frb_orifice_outgassing_benchmark.json	genuine_median_error_pct	None
frb_orifice_outgassing_benchmark.json	green_parity_vs_corrected	True -> True
fsot_aggregate_organized_panel_benchmark.json	scalars	18
fsot_aggregate_organized_panel_benchmark.json	over_0.5pct_stored_vs_recomputed	0 -> 0
fsot_aggregate_organized_panel_benchmark.json	stored_error_disagrees_with_fields	0
fsot_aggregate_organized_panel_benchmark.json	stored_only_not_recomputable	2
fsot_aggregate_organized_panel_benchmark.json	zero_target_rows_kept_stored	2
fsot_aggregate_organized_panel_benchmark.json	ledger_b_structural_corrections	0
fsot_aggregate_organized_panel_benchmark.json	genuine_predictions	18
fsot_aggregate_organized_panel_benchmark.json	genuine_over_0.5pct	0
fsot_aggregate_organized_panel_benchmark.json	genuine_median_error_pct	0.0
fsot_aggregate_organized_panel_benchmark.json	green_parity_vs_corrected	True -> True
fsot_aggregate_unified_db_benchmark.json	scalars	23
fsot_aggregate_unified_db_benchmark.json	over_0.5pct_stored_vs_recomputed	0 -> 0
fsot_aggregate_unified_db_benchmark.json	stored_error_disagrees_with_fields	0
fsot_aggregate_unified_db_benchmark.json	stored_only_not_recomputable	2
fsot_aggregate_unified_db_benchmark.json	zero_target_rows_kept_stored	2
fsot_aggregate_unified_db_benchmark.json	ledger_b_structural_corrections	0
fsot_aggregate_unified_db_benchmark.json	genuine_predictions	23
fsot_aggregate_unified_db_benchmark.json	genuine_over_0.5pct	0
fsot_aggregate_unified_db_benchmark.json	genuine_median_error_pct	0.0005618458987473253
fsot_aggregate_unified_db_benchmark.json	green_parity_vs_corrected	True -> True
fsot_c_pack_parity_panel_benchmark.json	scalars	23
fsot_c_pack_parity_panel_benchmark.json	over_0.5pct_stored_vs_recomputed	0 -> 0
fsot_c_pack_parity_panel_benchmark.json	stored_error_disagrees_with_fields	0
fsot_c_pack_parity_panel_benchmark.json	stored_only_not_recomputable	0
fsot_c_pack_parity_panel_benchmark.json	ledger_b_structural_corrections	0
fsot_c_pack_parity_panel_benchmark.json	genuine_predictions	23
fsot_c_pack_parity_panel_benchmark.json	genuine_over_0.5pct	0
fsot_c_pack_parity_panel_benchmark.json	genuine_median_error_pct	0.0
fsot_c_pack_parity_panel_benchmark.json	green_parity_vs_corrected	True -> True
fsot_cache_hierarchy_panel_benchmark.json	scalars	57
fsot_cache_hierarchy_panel_benchmark.json	over_0.5pct_stored_vs_recomputed	0 -> 0
fsot_cache_hierarchy_panel_benchmark.json	stored_error_disagrees_with_fields	0
fsot_cache_hierarchy_panel_benchmark.json	stored_only_not_recomputable	1
fsot_cache_hierarchy_panel_benchmark.json	zero_target_rows_kept_stored	1
fsot_cache_hierarchy_panel_benchmark.json	inequality_bound_rows	1
fsot_cache_hierarchy_panel_benchmark.json	ledger_b_structural_corrections	0
fsot_cache_hierarchy_panel_benchmark.json	genuine_predictions	57
fsot_cache_hierarchy_panel_benchmark.json	genuine_over_0.5pct	0
fsot_cache_hierarchy_panel_benchmark.json	genuine_median_error_pct	0.0
fsot_cache_hierarchy_panel_benchmark.json	green_parity_vs_corrected	True -> True
fsot_gpu_cuda_competitive_panel_benchmark.json	scalars	26
fsot_gpu_cuda_competitive_panel_benchmark.json	over_0.5pct_stored_vs_recomputed	0 -> 0
fsot_gpu_cuda_competitive_panel_benchmark.json	stored_error_disagrees_with_fields	0
fsot_gpu_cuda_competitive_panel_benchmark.json	stored_only_not_recomputable	0
fsot_gpu_cuda_competitive_panel_benchmark.json	inequality_bound_rows	1
fsot_gpu_cuda_competitive_panel_benchmark.json	ledger_b_structural_corrections	0
fsot_gpu_cuda_competitive_panel_benchmark.json	genuine_predictions	26
fsot_gpu_cuda_competitive_panel_benchmark.json	genuine_over_0.5pct	0
fsot_gpu_cuda_competitive_panel_benchmark.json	genuine_median_error_pct	0.0
fsot_gpu_cuda_competitive_panel_benchmark.json	green_parity_vs_corrected	True -> True
fsot_gpu_engineering_spine_benchmark.json	scalars	37
fsot_gpu_engineering_spine_benchmark.json	over_0.5pct_stored_vs_recomputed	0 -> 0
fsot_gpu_engineering_spine_benchmark.json	stored_error_disagrees_with_fields	3
fsot_gpu_engineering_spine_benchmark.json	stored_only_not_recomputable	8
fsot_gpu_engineering_spine_benchmark.json	zero_target_rows_kept_stored	8
fsot_gpu_engineering_spine_benchmark.json	ledger_b_structural_corrections	0
fsot_gpu_engineering_spine_benchmark.json	genuine_predictions	37
fsot_gpu_engineering_spine_benchmark.json	genuine_over_0.5pct	0
fsot_gpu_engineering_spine_benchmark.json	genuine_median_error_pct	0.0
fsot_gpu_engineering_spine_benchmark.json	green_parity_vs_corrected	True -> True
fsot_gpu_parity_verify_panel_benchmark.json	scalars	48
fsot_gpu_parity_verify_panel_benchmark.json	over_0.5pct_stored_vs_recomputed	0 -> 0
fsot_gpu_parity_verify_panel_benchmark.json	stored_error_disagrees_with_fields	0
fsot_gpu_parity_verify_panel_benchmark.json	stored_only_not_recomputable	1
fsot_gpu_parity_verify_panel_benchmark.json	zero_target_rows_kept_stored	1
fsot_gpu_parity_verify_panel_benchmark.json	ledger_b_structural_corrections	0
fsot_gpu_parity_verify_panel_benchmark.json	genuine_predictions	48
fsot_gpu_parity_verify_panel_benchmark.json	genuine_over_0.5pct	0
fsot_gpu_parity_verify_panel_benchmark.json	genuine_median_error_pct	0.0
fsot_gpu_parity_verify_panel_benchmark.json	green_parity_vs_corrected	True -> True
fsot_hardware_depth_spine_benchmark.json	scalars	160
fsot_hardware_depth_spine_benchmark.json	over_0.5pct_stored_vs_recomputed	0 -> 0
fsot_hardware_depth_spine_benchmark.json	stored_error_disagrees_with_fields	0
fsot_hardware_depth_spine_benchmark.json	stored_only_not_recomputable	7
fsot_hardware_depth_spine_benchmark.json	zero_target_rows_kept_stored	7
fsot_hardware_depth_spine_benchmark.json	inequality_bound_rows	6
fsot_hardware_depth_spine_benchmark.json	ledger_b_structural_corrections	0
fsot_hardware_depth_spine_benchmark.json	genuine_predictions	160
fsot_hardware_depth_spine_benchmark.json	genuine_over_0.5pct	0
fsot_hardware_depth_spine_benchmark.json	genuine_median_error_pct	0.0
fsot_hardware_depth_spine_benchmark.json	green_parity_vs_corrected	True -> True
fsot_interconnect_coherence_panel_benchmark.json	scalars	61
fsot_interconnect_coherence_panel_benchmark.json	over_0.5pct_stored_vs_recomputed	0 -> 0
fsot_interconnect_coherence_panel_benchmark.json	stored_error_disagrees_with_fields	0
fsot_interconnect_coherence_panel_benchmark.json	stored_only_not_recomputable	0
fsot_interconnect_coherence_panel_benchmark.json	inequality_bound_rows	1
fsot_interconnect_coherence_panel_benchmark.json	ledger_b_structural_corrections	0
fsot_interconnect_coherence_panel_benchmark.json	genuine_predictions	61
fsot_interconnect_coherence_panel_benchmark.json	genuine_over_0.5pct	0
fsot_interconnect_coherence_panel_benchmark.json	genuine_median_error_pct	0.0
fsot_interconnect_coherence_panel_benchmark.json	green_parity_vs_corrected	True -> True
fsot_physics_all_solved_benchmark.json	scalars	284
fsot_physics_all_solved_benchmark.json	over_0.5pct_stored_vs_recomputed	0 -> 0
fsot_physics_all_solved_benchmark.json	stored_error_disagrees_with_fields	219
fsot_physics_all_solved_benchmark.json	stored_only_not_recomputable	8
fsot_physics_all_solved_benchmark.json	zero_target_rows_kept_stored	2
fsot_physics_all_solved_benchmark.json	computed_rounded_rows_kept_stored	6
fsot_physics_all_solved_benchmark.json	ledger_b_structural_corrections	277
fsot_physics_all_solved_benchmark.json	genuine_predictions	7
fsot_physics_all_solved_benchmark.json	genuine_over_0.5pct	0
fsot_physics_all_solved_benchmark.json	genuine_median_error_pct	0.0
fsot_physics_all_solved_benchmark.json	green_parity_vs_corrected	True -> True
fsot_processor_function_panel_benchmark.json	scalars	23
fsot_processor_function_panel_benchmark.json	over_0.5pct_stored_vs_recomputed	0 -> 0
fsot_processor_function_panel_benchmark.json	stored_error_disagrees_with_fields	0
fsot_processor_function_panel_benchmark.json	stored_only_not_recomputable	1
fsot_processor_function_panel_benchmark.json	zero_target_rows_kept_stored	1
fsot_processor_function_panel_benchmark.json	inequality_bound_rows	2
fsot_processor_function_panel_benchmark.json	ledger_b_structural_corrections	0
fsot_processor_function_panel_benchmark.json	genuine_predictions	23
fsot_processor_function_panel_benchmark.json	genuine_over_0.5pct	0
fsot_processor_function_panel_benchmark.json	genuine_median_error_pct	0.0
fsot_processor_function_panel_benchmark.json	green_parity_vs_corrected	True -> True
fsot_ram_function_panel_benchmark.json	scalars	29
fsot_ram_function_panel_benchmark.json	over_0.5pct_stored_vs_recomputed	0 -> 0
fsot_ram_function_panel_benchmark.json	stored_error_disagrees_with_fields	0
fsot_ram_function_panel_benchmark.json	stored_only_not_recomputable	1
fsot_ram_function_panel_benchmark.json	zero_target_rows_kept_stored	1
fsot_ram_function_panel_benchmark.json	inequality_bound_rows	2
fsot_ram_function_panel_benchmark.json	ledger_b_structural_corrections	0
fsot_ram_function_panel_benchmark.json	genuine_predictions	29
fsot_ram_function_panel_benchmark.json	genuine_over_0.5pct	0
fsot_ram_function_panel_benchmark.json	genuine_median_error_pct	0.0
fsot_ram_function_panel_benchmark.json	green_parity_vs_corrected	True -> True
fuel_candidate_prereg_scaffold_benchmark.json	scalars	5
fuel_candidate_prereg_scaffold_benchmark.json	over_0.5pct_stored_vs_recomputed	0 -> 0
fuel_candidate_prereg_scaffold_benchmark.json	stored_error_disagrees_with_fields	0
fuel_candidate_prereg_scaffold_benchmark.json	stored_only_not_recomputable	0
fuel_candidate_prereg_scaffold_benchmark.json	ledger_b_structural_corrections	0
fuel_candidate_prereg_scaffold_benchmark.json	genuine_predictions	5
fuel_candidate_prereg_scaffold_benchmark.json	genuine_over_0.5pct	0
fuel_candidate_prereg_scaffold_benchmark.json	genuine_median_error_pct	0.0
fuel_candidate_prereg_scaffold_benchmark.json	green_parity_vs_corrected	True -> True
fuel_lab_live_panel_benchmark.json	green_parity_vs_corrected	True -> True
fuel_thermochemistry_public_anchors_benchmark.json	scalars	23
fuel_thermochemistry_public_anchors_benchmark.json	over_0.5pct_stored_vs_recomputed	0 -> 0
fuel_thermochemistry_public_anchors_benchmark.json	stored_error_disagrees_with_fields	0
fuel_thermochemistry_public_anchors_benchmark.json	stored_only_not_recomputable	3
fuel_thermochemistry_public_anchors_benchmark.json	zero_target_rows_kept_stored	3
fuel_thermochemistry_public_anchors_benchmark.json	ledger_b_structural_corrections	0
fuel_thermochemistry_public_anchors_benchmark.json	genuine_predictions	23
fuel_thermochemistry_public_anchors_benchmark.json	genuine_over_0.5pct	0
fuel_thermochemistry_public_anchors_benchmark.json	genuine_median_error_pct	0.0
fuel_thermochemistry_public_anchors_benchmark.json	green_parity_vs_corrected	True -> True
fusion_decay_chain_prereg_scaffold_benchmark.json	scalars	12
fusion_decay_chain_prereg_scaffold_benchmark.json	over_0.5pct_stored_vs_recomputed	0 -> 0
fusion_decay_chain_prereg_scaffold_benchmark.json	stored_error_disagrees_with_fields	0
fusion_decay_chain_prereg_scaffold_benchmark.json	stored_only_not_recomputable	1
fusion_decay_chain_prereg_scaffold_benchmark.json	zero_target_rows_kept_stored	1
fusion_decay_chain_prereg_scaffold_benchmark.json	ledger_b_structural_corrections	0
fusion_decay_chain_prereg_scaffold_benchmark.json	genuine_predictions	12
fusion_decay_chain_prereg_scaffold_benchmark.json	genuine_over_0.5pct	0
fusion_decay_chain_prereg_scaffold_benchmark.json	genuine_median_error_pct	5.921189464667502e-15
fusion_decay_chain_prereg_scaffold_benchmark.json	green_parity_vs_corrected	True -> True
fusion_lab_certificate_spine_benchmark.json	scalars	41
fusion_lab_certificate_spine_benchmark.json	over_0.5pct_stored_vs_recomputed	0 -> 0
fusion_lab_certificate_spine_benchmark.json	stored_error_disagrees_with_fields	15
fusion_lab_certificate_spine_benchmark.json	stored_only_not_recomputable	5
fusion_lab_certificate_spine_benchmark.json	zero_target_rows_kept_stored	5
fusion_lab_certificate_spine_benchmark.json	ledger_b_structural_corrections	0
fusion_lab_certificate_spine_benchmark.json	genuine_predictions	41
fusion_lab_certificate_spine_benchmark.json	genuine_over_0.5pct	0
fusion_lab_certificate_spine_benchmark.json	genuine_median_error_pct	0.0
fusion_lab_certificate_spine_benchmark.json	green_parity_vs_corrected	True -> True
fusion_lean_route_credibility_benchmark.json	scalars	72
fusion_lean_route_credibility_benchmark.json	over_0.5pct_stored_vs_recomputed	0 -> 0
fusion_lean_route_credibility_benchmark.json	stored_error_disagrees_with_fields	45
fusion_lean_route_credibility_benchmark.json	stored_only_not_recomputable	3
fusion_lean_route_credibility_benchmark.json	zero_target_rows_kept_stored	2
fusion_lean_route_credibility_benchmark.json	computed_rounded_rows_kept_stored	1
fusion_lean_route_credibility_benchmark.json	ledger_b_structural_corrections	72
fusion_lean_route_credibility_benchmark.json	genuine_predictions	0
fusion_lean_route_credibility_benchmark.json	genuine_over_0.5pct	0
fusion_lean_route_credibility_benchmark.json	genuine_median_error_pct	None
fusion_lean_route_credibility_benchmark.json	green_parity_vs_corrected	True -> True
fusion_physics_public_panel_benchmark.json	scalars	23
fusion_physics_public_panel_benchmark.json	over_0.5pct_stored_vs_recomputed	0 -> 0
fusion_physics_public_panel_benchmark.json	stored_error_disagrees_with_fields	10
fusion_physics_public_panel_benchmark.json	stored_only_not_recomputable	0
fusion_physics_public_panel_benchmark.json	ledger_b_structural_corrections	0
fusion_physics_public_panel_benchmark.json	genuine_predictions	23
fusion_physics_public_panel_benchmark.json	genuine_over_0.5pct	0
fusion_physics_public_panel_benchmark.json	genuine_median_error_pct	9.195402300135891e-05
fusion_physics_public_panel_benchmark.json	green_parity_vs_corrected	True -> True
gaia_astrometry_panel_deep_benchmark.json	scalars	48
gaia_astrometry_panel_deep_benchmark.json	over_0.5pct_stored_vs_recomputed	0 -> 0
gaia_astrometry_panel_deep_benchmark.json	stored_error_disagrees_with_fields	17
gaia_astrometry_panel_deep_benchmark.json	stored_only_not_recomputable	1
gaia_astrometry_panel_deep_benchmark.json	zero_target_rows_kept_stored	1
gaia_astrometry_panel_deep_benchmark.json	ledger_b_structural_corrections	48
gaia_astrometry_panel_deep_benchmark.json	genuine_predictions	0
gaia_astrometry_panel_deep_benchmark.json	genuine_over_0.5pct	0
gaia_astrometry_panel_deep_benchmark.json	genuine_median_error_pct	None
gaia_astrometry_panel_deep_benchmark.json	green_parity_vs_corrected	True -> True
gaia_dr3_source_sample_open_benchmark.json	scalars	3458
gaia_dr3_source_sample_open_benchmark.json	over_0.5pct_stored_vs_recomputed	0 -> 0
gaia_dr3_source_sample_open_benchmark.json	stored_error_disagrees_with_fields	1639
gaia_dr3_source_sample_open_benchmark.json	stored_only_not_recomputable	0
gaia_dr3_source_sample_open_benchmark.json	ledger_b_structural_corrections	3458
gaia_dr3_source_sample_open_benchmark.json	genuine_predictions	0
gaia_dr3_source_sample_open_benchmark.json	genuine_over_0.5pct	0
gaia_dr3_source_sample_open_benchmark.json	genuine_median_error_pct	None
gaia_dr3_source_sample_open_benchmark.json	green_parity_vs_corrected	True -> True
gaia_dr3_tap_deep_benchmark.json	scalars	1524
gaia_dr3_tap_deep_benchmark.json	over_0.5pct_stored_vs_recomputed	0 -> 0
gaia_dr3_tap_deep_benchmark.json	stored_error_disagrees_with_fields	598
gaia_dr3_tap_deep_benchmark.json	stored_only_not_recomputable	0
gaia_dr3_tap_deep_benchmark.json	ledger_b_structural_corrections	1524
gaia_dr3_tap_deep_benchmark.json	genuine_predictions	0
gaia_dr3_tap_deep_benchmark.json	genuine_over_0.5pct	0
gaia_dr3_tap_deep_benchmark.json	genuine_median_error_pct	None
gaia_dr3_tap_deep_benchmark.json	green_parity_vs_corrected	True -> True
galactic_structure_sample_benchmark.json	scalars	40
galactic_structure_sample_benchmark.json	over_0.5pct_stored_vs_recomputed	0 -> 0
galactic_structure_sample_benchmark.json	stored_error_disagrees_with_fields	0
galactic_structure_sample_benchmark.json	stored_only_not_recomputable	0
galactic_structure_sample_benchmark.json	ledger_b_structural_corrections	0
galactic_structure_sample_benchmark.json	genuine_predictions	40
galactic_structure_sample_benchmark.json	genuine_over_0.5pct	0
galactic_structure_sample_benchmark.json	genuine_median_error_pct	0.0
galactic_structure_sample_benchmark.json	green_parity_vs_corrected	True -> True
gbif_species_occurrence_benchmark.json	green_parity_vs_corrected	True -> True
gbif_taxon_depth_open_benchmark.json	scalars	203
gbif_taxon_depth_open_benchmark.json	over_0.5pct_stored_vs_recomputed	0 -> 0
gbif_taxon_depth_open_benchmark.json	stored_error_disagrees_with_fields	63
gbif_taxon_depth_open_benchmark.json	stored_only_not_recomputable	0
gbif_taxon_depth_open_benchmark.json	ledger_b_structural_corrections	203
gbif_taxon_depth_open_benchmark.json	genuine_predictions	0
gbif_taxon_depth_open_benchmark.json	genuine_over_0.5pct	0
gbif_taxon_depth_open_benchmark.json	genuine_median_error_pct	None
gbif_taxon_depth_open_benchmark.json	green_parity_vs_corrected	True -> True
genomic_sciences_benchmark.json	scalars	23
genomic_sciences_benchmark.json	over_0.5pct_stored_vs_recomputed	0 -> 0
genomic_sciences_benchmark.json	stored_error_disagrees_with_fields	0
genomic_sciences_benchmark.json	stored_only_not_recomputable	1
genomic_sciences_benchmark.json	zero_target_rows_kept_stored	1
genomic_sciences_benchmark.json	ledger_b_structural_corrections	0
genomic_sciences_benchmark.json	genuine_predictions	23
genomic_sciences_benchmark.json	genuine_over_0.5pct	0
genomic_sciences_benchmark.json	genuine_median_error_pct	0.0
genomic_sciences_benchmark.json	green_parity_vs_corrected	True -> True
geochemistry_benchmark.json	scalars	153
geochemistry_benchmark.json	over_0.5pct_stored_vs_recomputed	0 -> 0
geochemistry_benchmark.json	stored_error_disagrees_with_fields	0
geochemistry_benchmark.json	stored_only_not_recomputable	0
geochemistry_benchmark.json	ledger_b_structural_corrections	0
geochemistry_benchmark.json	genuine_predictions	153
geochemistry_benchmark.json	genuine_over_0.5pct	0
geochemistry_benchmark.json	genuine_median_error_pct	0.006421020551412549
geochemistry_benchmark.json	green_parity_vs_corrected	True -> True
geology_stratigraphy_extension_benchmark.json	green_parity_vs_corrected	True -> True
geomagnetism_benchmark.json	scalars	524
geomagnetism_benchmark.json	over_0.5pct_stored_vs_recomputed	0 -> 0
geomagnetism_benchmark.json	stored_error_disagrees_with_fields	0
geomagnetism_benchmark.json	stored_only_not_recomputable	524
geomagnetism_benchmark.json	ledger_b_structural_corrections	0
geomagnetism_benchmark.json	genuine_predictions	524
geomagnetism_benchmark.json	genuine_over_0.5pct	0
geomagnetism_benchmark.json	genuine_median_error_pct	0.0
geomagnetism_benchmark.json	green_parity_vs_corrected	True -> True
government_open_data_spine_benchmark.json	scalars	5
government_open_data_spine_benchmark.json	over_0.5pct_stored_vs_recomputed	0 -> 0
government_open_data_spine_benchmark.json	stored_error_disagrees_with_fields	0
government_open_data_spine_benchmark.json	stored_only_not_recomputable	0
government_open_data_spine_benchmark.json	ledger_b_structural_corrections	0
government_open_data_spine_benchmark.json	genuine_predictions	5
government_open_data_spine_benchmark.json	genuine_over_0.5pct	0
government_open_data_spine_benchmark.json	genuine_median_error_pct	0.0
government_open_data_spine_benchmark.json	green_parity_vs_corrected	True -> True
grace_cryosphere_benchmark.json	green_parity_vs_corrected	True -> True
gwas_catalog_depth_open_benchmark.json	scalars	81
gwas_catalog_depth_open_benchmark.json	over_0.5pct_stored_vs_recomputed	0 -> 0
gwas_catalog_depth_open_benchmark.json	stored_error_disagrees_with_fields	38
gwas_catalog_depth_open_benchmark.json	stored_only_not_recomputable	0
gwas_catalog_depth_open_benchmark.json	ledger_b_structural_corrections	81
gwas_catalog_depth_open_benchmark.json	genuine_predictions	0
gwas_catalog_depth_open_benchmark.json	genuine_over_0.5pct	0
gwas_catalog_depth_open_benchmark.json	genuine_median_error_pct	None
gwas_catalog_depth_open_benchmark.json	green_parity_vs_corrected	True -> True
gwosc_live_event_deep_benchmark.json	scalars	180
gwosc_live_event_deep_benchmark.json	over_0.5pct_stored_vs_recomputed	0 -> 0
gwosc_live_event_deep_benchmark.json	stored_error_disagrees_with_fields	44
gwosc_live_event_deep_benchmark.json	stored_only_not_recomputable	0
gwosc_live_event_deep_benchmark.json	ledger_b_structural_corrections	180
gwosc_live_event_deep_benchmark.json	genuine_predictions	0
gwosc_live_event_deep_benchmark.json	genuine_over_0.5pct	0
gwosc_live_event_deep_benchmark.json	genuine_median_error_pct	None
gwosc_live_event_deep_benchmark.json	green_parity_vs_corrected	True -> True
gwosc_strain_metadata_open_benchmark.json	scalars	54
gwosc_strain_metadata_open_benchmark.json	over_0.5pct_stored_vs_recomputed	0 -> 0
gwosc_strain_metadata_open_benchmark.json	stored_error_disagrees_with_fields	7
gwosc_strain_metadata_open_benchmark.json	stored_only_not_recomputable	0
gwosc_strain_metadata_open_benchmark.json	ledger_b_structural_corrections	54
gwosc_strain_metadata_open_benchmark.json	genuine_predictions	0
gwosc_strain_metadata_open_benchmark.json	genuine_over_0.5pct	0
gwosc_strain_metadata_open_benchmark.json	genuine_median_error_pct	None
gwosc_strain_metadata_open_benchmark.json	green_parity_vs_corrected	True -> True
gwtc_catalog_open_benchmark.json	scalars	1971
gwtc_catalog_open_benchmark.json	over_0.5pct_stored_vs_recomputed	0 -> 0
gwtc_catalog_open_benchmark.json	stored_error_disagrees_with_fields	654
gwtc_catalog_open_benchmark.json	stored_only_not_recomputable	0
gwtc_catalog_open_benchmark.json	ledger_b_structural_corrections	1971
gwtc_catalog_open_benchmark.json	genuine_predictions	0
gwtc_catalog_open_benchmark.json	genuine_over_0.5pct	0
gwtc_catalog_open_benchmark.json	genuine_median_error_pct	None
gwtc_catalog_open_benchmark.json	green_parity_vs_corrected	True -> True
h0_planck_benchmark.json	scalars	20
h0_planck_benchmark.json	over_0.5pct_stored_vs_recomputed	0 -> 0
h0_planck_benchmark.json	stored_error_disagrees_with_fields	1
h0_planck_benchmark.json	stored_only_not_recomputable	0
h0_planck_benchmark.json	ledger_b_structural_corrections	0
h0_planck_benchmark.json	genuine_predictions	20
h0_planck_benchmark.json	genuine_over_0.5pct	0
h0_planck_benchmark.json	genuine_median_error_pct	0.0
h0_planck_benchmark.json	green_parity_vs_corrected	True -> True
heavy_ion_lab_synthesis_panel_benchmark.json	scalars	25
heavy_ion_lab_synthesis_panel_benchmark.json	over_0.5pct_stored_vs_recomputed	0 -> 0
heavy_ion_lab_synthesis_panel_benchmark.json	stored_error_disagrees_with_fields	16
heavy_ion_lab_synthesis_panel_benchmark.json	stored_only_not_recomputable	0
heavy_ion_lab_synthesis_panel_benchmark.json	ledger_b_structural_corrections	0
heavy_ion_lab_synthesis_panel_benchmark.json	genuine_predictions	25
heavy_ion_lab_synthesis_panel_benchmark.json	genuine_over_0.5pct	0
heavy_ion_lab_synthesis_panel_benchmark.json	genuine_median_error_pct	9.925558311838544e-05
heavy_ion_lab_synthesis_panel_benchmark.json	green_parity_vs_corrected	True -> True
higgs_branching_benchmark.json	scalars	24
higgs_branching_benchmark.json	over_0.5pct_stored_vs_recomputed	0 -> 0
higgs_branching_benchmark.json	stored_error_disagrees_with_fields	9
higgs_branching_benchmark.json	stored_only_not_recomputable	0
higgs_branching_benchmark.json	ledger_b_structural_corrections	9
higgs_branching_benchmark.json	genuine_predictions	15
higgs_branching_benchmark.json	genuine_over_0.5pct	0
higgs_branching_benchmark.json	genuine_median_error_pct	0.0
higgs_branching_benchmark.json	green_parity_vs_corrected	True -> True
higgs_mass_benchmark.json	scalars	23
higgs_mass_benchmark.json	over_0.5pct_stored_vs_recomputed	0 -> 0
higgs_mass_benchmark.json	stored_error_disagrees_with_fields	0
higgs_mass_benchmark.json	stored_only_not_recomputable	0
higgs_mass_benchmark.json	ledger_b_structural_corrections	0
higgs_mass_benchmark.json	genuine_predictions	23
higgs_mass_benchmark.json	genuine_over_0.5pct	0
higgs_mass_benchmark.json	genuine_median_error_pct	0.03990518384195136
higgs_mass_benchmark.json	green_parity_vs_corrected	True -> True
history_extension_benchmark.json	green_parity_vs_corrected	True -> True
history_panel_benchmark.json	scalars	40
history_panel_benchmark.json	over_0.5pct_stored_vs_recomputed	0 -> 0
history_panel_benchmark.json	stored_error_disagrees_with_fields	0
history_panel_benchmark.json	stored_only_not_recomputable	1
history_panel_benchmark.json	zero_target_rows_kept_stored	1
history_panel_benchmark.json	ledger_b_structural_corrections	40
history_panel_benchmark.json	genuine_predictions	0
history_panel_benchmark.json	genuine_over_0.5pct	0
history_panel_benchmark.json	genuine_median_error_pct	None
history_panel_benchmark.json	green_parity_vs_corrected	True -> True
hubble_bubble_tension_benchmark.json	scalars	19
hubble_bubble_tension_benchmark.json	over_0.5pct_stored_vs_recomputed	0 -> 0
hubble_bubble_tension_benchmark.json	stored_error_disagrees_with_fields	0
hubble_bubble_tension_benchmark.json	stored_only_not_recomputable	2
hubble_bubble_tension_benchmark.json	zero_target_rows_kept_stored	2
hubble_bubble_tension_benchmark.json	ledger_b_structural_corrections	0
hubble_bubble_tension_benchmark.json	genuine_predictions	19
hubble_bubble_tension_benchmark.json	genuine_over_0.5pct	0
hubble_bubble_tension_benchmark.json	genuine_median_error_pct	2.4869313553696037e-07
hubble_bubble_tension_benchmark.json	green_parity_vs_corrected	True -> True
hubble_dark_sector_crosswalk_benchmark.json	scalars	16
hubble_dark_sector_crosswalk_benchmark.json	over_0.5pct_stored_vs_recomputed	0 -> 0
hubble_dark_sector_crosswalk_benchmark.json	stored_error_disagrees_with_fields	6
hubble_dark_sector_crosswalk_benchmark.json	stored_only_not_recomputable	5
hubble_dark_sector_crosswalk_benchmark.json	zero_target_rows_kept_stored	1
hubble_dark_sector_crosswalk_benchmark.json	ledger_b_structural_corrections	2
hubble_dark_sector_crosswalk_benchmark.json	genuine_predictions	14
hubble_dark_sector_crosswalk_benchmark.json	genuine_over_0.5pct	0
hubble_dark_sector_crosswalk_benchmark.json	genuine_median_error_pct	0.0023898899350648867
hubble_dark_sector_crosswalk_benchmark.json	green_parity_vs_corrected	True -> True
hvac_thermal_systems_benchmark.json	scalars	23
hvac_thermal_systems_benchmark.json	over_0.5pct_stored_vs_recomputed	0 -> 0
hvac_thermal_systems_benchmark.json	stored_error_disagrees_with_fields	0
hvac_thermal_systems_benchmark.json	stored_only_not_recomputable	2
hvac_thermal_systems_benchmark.json	zero_target_rows_kept_stored	2
hvac_thermal_systems_benchmark.json	ledger_b_structural_corrections	0
hvac_thermal_systems_benchmark.json	genuine_predictions	23
hvac_thermal_systems_benchmark.json	genuine_over_0.5pct	0
hvac_thermal_systems_benchmark.json	genuine_median_error_pct	0.0005618458987473253
hvac_thermal_systems_benchmark.json	green_parity_vs_corrected	True -> True
hybrid_fi_sim_multi_hero_panel_benchmark.json	scalars	6
hybrid_fi_sim_multi_hero_panel_benchmark.json	over_0.5pct_stored_vs_recomputed	0 -> 0
hybrid_fi_sim_multi_hero_panel_benchmark.json	stored_error_disagrees_with_fields	0
hybrid_fi_sim_multi_hero_panel_benchmark.json	stored_only_not_recomputable	0
hybrid_fi_sim_multi_hero_panel_benchmark.json	ledger_b_structural_corrections	0
hybrid_fi_sim_multi_hero_panel_benchmark.json	genuine_predictions	6
hybrid_fi_sim_multi_hero_panel_benchmark.json	genuine_over_0.5pct	0
hybrid_fi_sim_multi_hero_panel_benchmark.json	genuine_median_error_pct	0.0
hybrid_fi_sim_multi_hero_panel_benchmark.json	green_parity_vs_corrected	True -> True
hybrid_fi_sim_stratum_deep_panel_benchmark.json	scalars	19
hybrid_fi_sim_stratum_deep_panel_benchmark.json	over_0.5pct_stored_vs_recomputed	0 -> 0
hybrid_fi_sim_stratum_deep_panel_benchmark.json	stored_error_disagrees_with_fields	5
hybrid_fi_sim_stratum_deep_panel_benchmark.json	stored_only_not_recomputable	0
hybrid_fi_sim_stratum_deep_panel_benchmark.json	ledger_b_structural_corrections	14
hybrid_fi_sim_stratum_deep_panel_benchmark.json	genuine_predictions	5
hybrid_fi_sim_stratum_deep_panel_benchmark.json	genuine_over_0.5pct	0
hybrid_fi_sim_stratum_deep_panel_benchmark.json	genuine_median_error_pct	0.0
hybrid_fi_sim_stratum_deep_panel_benchmark.json	green_parity_vs_corrected	True -> True
hydrology_benchmark.json	green_parity_vs_corrected	True -> True
igem_live_fasta_benchmark.json	scalars	41
igem_live_fasta_benchmark.json	over_0.5pct_stored_vs_recomputed	0 -> 0
igem_live_fasta_benchmark.json	stored_error_disagrees_with_fields	20
igem_live_fasta_benchmark.json	stored_only_not_recomputable	1
igem_live_fasta_benchmark.json	zero_target_rows_kept_stored	1
igem_live_fasta_benchmark.json	ledger_b_structural_corrections	0
igem_live_fasta_benchmark.json	genuine_predictions	41
igem_live_fasta_benchmark.json	genuine_over_0.5pct	0
igem_live_fasta_benchmark.json	genuine_median_error_pct	0.0
igem_live_fasta_benchmark.json	green_parity_vs_corrected	True -> True
igem_parts_expanded_benchmark.json	scalars	109
igem_parts_expanded_benchmark.json	over_0.5pct_stored_vs_recomputed	0 -> 0
igem_parts_expanded_benchmark.json	stored_error_disagrees_with_fields	20
igem_parts_expanded_benchmark.json	stored_only_not_recomputable	1
igem_parts_expanded_benchmark.json	zero_target_rows_kept_stored	1
igem_parts_expanded_benchmark.json	ledger_b_structural_corrections	0
igem_parts_expanded_benchmark.json	genuine_predictions	109
igem_parts_expanded_benchmark.json	genuine_over_0.5pct	0
igem_parts_expanded_benchmark.json	genuine_median_error_pct	0.0
igem_parts_expanded_benchmark.json	green_parity_vs_corrected	True -> True
igem_synthetic_biology_benchmark.json	scalars	54
igem_synthetic_biology_benchmark.json	over_0.5pct_stored_vs_recomputed	0 -> 0
igem_synthetic_biology_benchmark.json	stored_error_disagrees_with_fields	0
igem_synthetic_biology_benchmark.json	stored_only_not_recomputable	0
igem_synthetic_biology_benchmark.json	ledger_b_structural_corrections	0
igem_synthetic_biology_benchmark.json	genuine_predictions	54
igem_synthetic_biology_benchmark.json	genuine_over_0.5pct	0
igem_synthetic_biology_benchmark.json	genuine_median_error_pct	0.022236737005297207
igem_synthetic_biology_benchmark.json	green_parity_vs_corrected	True -> True
immunology_benchmark.json	scalars	84
immunology_benchmark.json	over_0.5pct_stored_vs_recomputed	0 -> 0
immunology_benchmark.json	stored_error_disagrees_with_fields	0
immunology_benchmark.json	stored_only_not_recomputable	0
immunology_benchmark.json	ledger_b_structural_corrections	0
immunology_benchmark.json	genuine_predictions	84
immunology_benchmark.json	genuine_over_0.5pct	0
immunology_benchmark.json	genuine_median_error_pct	0.05041956982053305
immunology_benchmark.json	green_parity_vs_corrected	True -> True
immunology_panel_benchmark.json	scalars	24
immunology_panel_benchmark.json	over_0.5pct_stored_vs_recomputed	0 -> 0
immunology_panel_benchmark.json	stored_error_disagrees_with_fields	4
immunology_panel_benchmark.json	stored_only_not_recomputable	2
immunology_panel_benchmark.json	zero_target_rows_kept_stored	2
immunology_panel_benchmark.json	ledger_b_structural_corrections	24
immunology_panel_benchmark.json	genuine_predictions	0
immunology_panel_benchmark.json	genuine_over_0.5pct	0
immunology_panel_benchmark.json	genuine_median_error_pct	None
immunology_panel_benchmark.json	green_parity_vs_corrected	True -> True
inaturalist_observation_panel_benchmark.json	green_parity_vs_corrected	True -> True
inertial_confinement_fusion_panel_benchmark.json	scalars	19
inertial_confinement_fusion_panel_benchmark.json	over_0.5pct_stored_vs_recomputed	0 -> 0
inertial_confinement_fusion_panel_benchmark.json	stored_error_disagrees_with_fields	8
inertial_confinement_fusion_panel_benchmark.json	stored_only_not_recomputable	3
inertial_confinement_fusion_panel_benchmark.json	zero_target_rows_kept_stored	3
inertial_confinement_fusion_panel_benchmark.json	ledger_b_structural_corrections	0
inertial_confinement_fusion_panel_benchmark.json	genuine_predictions	19
inertial_confinement_fusion_panel_benchmark.json	genuine_over_0.5pct	0
inertial_confinement_fusion_panel_benchmark.json	genuine_median_error_pct	0.0
inertial_confinement_fusion_panel_benchmark.json	green_parity_vs_corrected	True -> True
information_theory_public_panel_benchmark.json	scalars	21
information_theory_public_panel_benchmark.json	over_0.5pct_stored_vs_recomputed	0 -> 0
information_theory_public_panel_benchmark.json	stored_error_disagrees_with_fields	0
information_theory_public_panel_benchmark.json	stored_only_not_recomputable	4
information_theory_public_panel_benchmark.json	zero_target_rows_kept_stored	4
information_theory_public_panel_benchmark.json	ledger_b_structural_corrections	0
information_theory_public_panel_benchmark.json	genuine_predictions	21
information_theory_public_panel_benchmark.json	genuine_over_0.5pct	0
information_theory_public_panel_benchmark.json	genuine_median_error_pct	0.0
information_theory_public_panel_benchmark.json	green_parity_vs_corrected	True -> True
initiation_transformation_archetype_benchmark.json	scalars	20
initiation_transformation_archetype_benchmark.json	over_0.5pct_stored_vs_recomputed	0 -> 0
initiation_transformation_archetype_benchmark.json	stored_error_disagrees_with_fields	0
initiation_transformation_archetype_benchmark.json	stored_only_not_recomputable	2
initiation_transformation_archetype_benchmark.json	zero_target_rows_kept_stored	2
initiation_transformation_archetype_benchmark.json	ledger_b_structural_corrections	0
initiation_transformation_archetype_benchmark.json	genuine_predictions	20
initiation_transformation_archetype_benchmark.json	genuine_over_0.5pct	0
initiation_transformation_archetype_benchmark.json	genuine_median_error_pct	0.0
initiation_transformation_archetype_benchmark.json	green_parity_vs_corrected	True -> True
intelligence_compression_benchmark.json	scalars	83
intelligence_compression_benchmark.json	over_0.5pct_stored_vs_recomputed	0 -> 0
intelligence_compression_benchmark.json	stored_error_disagrees_with_fields	79
intelligence_compression_benchmark.json	stored_only_not_recomputable	0
intelligence_compression_benchmark.json	ledger_b_structural_corrections	83
intelligence_compression_benchmark.json	genuine_predictions	0
intelligence_compression_benchmark.json	genuine_over_0.5pct	0
intelligence_compression_benchmark.json	genuine_median_error_pct	None
intelligence_compression_benchmark.json	green_parity_vs_corrected	True -> True
interactive_media_prereg_scaffold_benchmark.json	scalars	4
interactive_media_prereg_scaffold_benchmark.json	over_0.5pct_stored_vs_recomputed	0 -> 0
interactive_media_prereg_scaffold_benchmark.json	stored_error_disagrees_with_fields	0
interactive_media_prereg_scaffold_benchmark.json	stored_only_not_recomputable	0
interactive_media_prereg_scaffold_benchmark.json	ledger_b_structural_corrections	0
interactive_media_prereg_scaffold_benchmark.json	genuine_predictions	4
interactive_media_prereg_scaffold_benchmark.json	genuine_over_0.5pct	0
interactive_media_prereg_scaffold_benchmark.json	genuine_median_error_pct	0.0
interactive_media_prereg_scaffold_benchmark.json	green_parity_vs_corrected	True -> True
interdisciplinary_spine_crosswalk_benchmark.json	scalars	13
interdisciplinary_spine_crosswalk_benchmark.json	over_0.5pct_stored_vs_recomputed	0 -> 0
interdisciplinary_spine_crosswalk_benchmark.json	stored_error_disagrees_with_fields	0
interdisciplinary_spine_crosswalk_benchmark.json	stored_only_not_recomputable	2
interdisciplinary_spine_crosswalk_benchmark.json	zero_target_rows_kept_stored	2
interdisciplinary_spine_crosswalk_benchmark.json	ledger_b_structural_corrections	0
interdisciplinary_spine_crosswalk_benchmark.json	genuine_predictions	13
interdisciplinary_spine_crosswalk_benchmark.json	genuine_over_0.5pct	0
interdisciplinary_spine_crosswalk_benchmark.json	genuine_median_error_pct	0.0
interdisciplinary_spine_crosswalk_benchmark.json	green_parity_vs_corrected	True -> True
intrinsic_llm_validators_benchmark.json	scalars	21
intrinsic_llm_validators_benchmark.json	over_0.5pct_stored_vs_recomputed	0 -> 0
intrinsic_llm_validators_benchmark.json	stored_error_disagrees_with_fields	0
intrinsic_llm_validators_benchmark.json	stored_only_not_recomputable	2
intrinsic_llm_validators_benchmark.json	zero_target_rows_kept_stored	2
intrinsic_llm_validators_benchmark.json	ledger_b_structural_corrections	0
intrinsic_llm_validators_benchmark.json	genuine_predictions	21
intrinsic_llm_validators_benchmark.json	genuine_over_0.5pct	0
intrinsic_llm_validators_benchmark.json	genuine_median_error_pct	5.547919895966477e-05
intrinsic_llm_validators_benchmark.json	green_parity_vs_corrected	True -> True
ionospheric_chemistry_coupling_benchmark.json	scalars	5
ionospheric_chemistry_coupling_benchmark.json	over_0.5pct_stored_vs_recomputed	0 -> 0
ionospheric_chemistry_coupling_benchmark.json	stored_error_disagrees_with_fields	1
ionospheric_chemistry_coupling_benchmark.json	stored_only_not_recomputable	0
ionospheric_chemistry_coupling_benchmark.json	ledger_b_structural_corrections	0
ionospheric_chemistry_coupling_benchmark.json	genuine_predictions	5
ionospheric_chemistry_coupling_benchmark.json	genuine_over_0.5pct	0
ionospheric_chemistry_coupling_benchmark.json	genuine_median_error_pct	0.02360899999999333
ionospheric_chemistry_coupling_benchmark.json	green_parity_vs_corrected	True -> True
island_of_stability_deep_panel_benchmark.json	scalars	17
island_of_stability_deep_panel_benchmark.json	over_0.5pct_stored_vs_recomputed	0 -> 0
island_of_stability_deep_panel_benchmark.json	stored_error_disagrees_with_fields	6
island_of_stability_deep_panel_benchmark.json	stored_only_not_recomputable	0
island_of_stability_deep_panel_benchmark.json	ledger_b_structural_corrections	0
island_of_stability_deep_panel_benchmark.json	genuine_predictions	17
island_of_stability_deep_panel_benchmark.json	genuine_over_0.5pct	0
island_of_stability_deep_panel_benchmark.json	genuine_median_error_pct	9.504134368398809e-07
island_of_stability_deep_panel_benchmark.json	green_parity_vs_corrected	True -> True
jarvis_dft_open_panel_benchmark.json	scalars	77
jarvis_dft_open_panel_benchmark.json	over_0.5pct_stored_vs_recomputed	0 -> 0
jarvis_dft_open_panel_benchmark.json	stored_error_disagrees_with_fields	41
jarvis_dft_open_panel_benchmark.json	stored_only_not_recomputable	16
jarvis_dft_open_panel_benchmark.json	zero_target_rows_kept_stored	16
jarvis_dft_open_panel_benchmark.json	ledger_b_structural_corrections	77
jarvis_dft_open_panel_benchmark.json	genuine_predictions	0
jarvis_dft_open_panel_benchmark.json	genuine_over_0.5pct	0
jarvis_dft_open_panel_benchmark.json	genuine_median_error_pct	None
jarvis_dft_open_panel_benchmark.json	green_parity_vs_corrected	True -> True
knowledge_base_portable_bundle_panel_benchmark.json	scalars	18
knowledge_base_portable_bundle_panel_benchmark.json	over_0.5pct_stored_vs_recomputed	0 -> 0
knowledge_base_portable_bundle_panel_benchmark.json	stored_error_disagrees_with_fields	0
knowledge_base_portable_bundle_panel_benchmark.json	stored_only_not_recomputable	2
knowledge_base_portable_bundle_panel_benchmark.json	zero_target_rows_kept_stored	2
knowledge_base_portable_bundle_panel_benchmark.json	ledger_b_structural_corrections	0
knowledge_base_portable_bundle_panel_benchmark.json	genuine_predictions	18
knowledge_base_portable_bundle_panel_benchmark.json	genuine_over_0.5pct	0
knowledge_base_portable_bundle_panel_benchmark.json	genuine_median_error_pct	0.0
knowledge_base_portable_bundle_panel_benchmark.json	green_parity_vs_corrected	True -> True
lab_synthesis_metamaterial_spine_benchmark.json	scalars	33
lab_synthesis_metamaterial_spine_benchmark.json	over_0.5pct_stored_vs_recomputed	0 -> 0
lab_synthesis_metamaterial_spine_benchmark.json	stored_error_disagrees_with_fields	13
lab_synthesis_metamaterial_spine_benchmark.json	stored_only_not_recomputable	2
lab_synthesis_metamaterial_spine_benchmark.json	zero_target_rows_kept_stored	2
lab_synthesis_metamaterial_spine_benchmark.json	ledger_b_structural_corrections	0
lab_synthesis_metamaterial_spine_benchmark.json	genuine_predictions	33
lab_synthesis_metamaterial_spine_benchmark.json	genuine_over_0.5pct	0
lab_synthesis_metamaterial_spine_benchmark.json	genuine_median_error_pct	9.560229444883495e-05
lab_synthesis_metamaterial_spine_benchmark.json	green_parity_vs_corrected	True -> True
law_policy_extension_benchmark.json	scalars	180
law_policy_extension_benchmark.json	over_0.5pct_stored_vs_recomputed	0 -> 0
law_policy_extension_benchmark.json	stored_error_disagrees_with_fields	2
law_policy_extension_benchmark.json	stored_only_not_recomputable	6
law_policy_extension_benchmark.json	zero_target_rows_kept_stored	6
law_policy_extension_benchmark.json	ledger_b_structural_corrections	0
law_policy_extension_benchmark.json	genuine_predictions	180
law_policy_extension_benchmark.json	genuine_over_0.5pct	0
law_policy_extension_benchmark.json	genuine_median_error_pct	0.019504399572480912
law_policy_extension_benchmark.json	green_parity_vs_corrected	True -> True
law_policy_panel_benchmark.json	scalars	20
law_policy_panel_benchmark.json	over_0.5pct_stored_vs_recomputed	0 -> 0
law_policy_panel_benchmark.json	stored_error_disagrees_with_fields	6
law_policy_panel_benchmark.json	stored_only_not_recomputable	6
law_policy_panel_benchmark.json	zero_target_rows_kept_stored	6
law_policy_panel_benchmark.json	ledger_b_structural_corrections	20
law_policy_panel_benchmark.json	genuine_predictions	0
law_policy_panel_benchmark.json	genuine_over_0.5pct	0
law_policy_panel_benchmark.json	genuine_median_error_pct	None
law_policy_panel_benchmark.json	green_parity_vs_corrected	True -> True
limnology_panel_benchmark.json	scalars	2010
limnology_panel_benchmark.json	over_0.5pct_stored_vs_recomputed	0 -> 0
limnology_panel_benchmark.json	stored_error_disagrees_with_fields	496
limnology_panel_benchmark.json	stored_only_not_recomputable	0
limnology_panel_benchmark.json	ledger_b_structural_corrections	2010
limnology_panel_benchmark.json	genuine_predictions	0
limnology_panel_benchmark.json	genuine_over_0.5pct	0
limnology_panel_benchmark.json	genuine_median_error_pct	None
limnology_panel_benchmark.json	green_parity_vs_corrected	True -> True
linguistics_formal_benchmark.json	scalars	23
linguistics_formal_benchmark.json	over_0.5pct_stored_vs_recomputed	0 -> 0
linguistics_formal_benchmark.json	stored_error_disagrees_with_fields	0
linguistics_formal_benchmark.json	stored_only_not_recomputable	2
linguistics_formal_benchmark.json	zero_target_rows_kept_stored	2
linguistics_formal_benchmark.json	ledger_b_structural_corrections	0
linguistics_formal_benchmark.json	genuine_predictions	23
linguistics_formal_benchmark.json	genuine_over_0.5pct	0
linguistics_formal_benchmark.json	genuine_median_error_pct	0.0005618458987473253
linguistics_formal_benchmark.json	green_parity_vs_corrected	True -> True
live_ingest_spine_benchmark.json	green_parity_vs_corrected	True -> True
living_fsot_hardware_benchmark.json	scalars	4
living_fsot_hardware_benchmark.json	over_0.5pct_stored_vs_recomputed	0 -> 0
living_fsot_hardware_benchmark.json	stored_error_disagrees_with_fields	0
living_fsot_hardware_benchmark.json	stored_only_not_recomputable	0
living_fsot_hardware_benchmark.json	ledger_b_structural_corrections	0
living_fsot_hardware_benchmark.json	genuine_predictions	4
living_fsot_hardware_benchmark.json	genuine_over_0.5pct	0
living_fsot_hardware_benchmark.json	genuine_median_error_pct	0.0
living_fsot_hardware_benchmark.json	green_parity_vs_corrected	True -> True
living_fsot_hardware_panel_benchmark.json	scalars	152
living_fsot_hardware_panel_benchmark.json	over_0.5pct_stored_vs_recomputed	0 -> 0
living_fsot_hardware_panel_benchmark.json	stored_error_disagrees_with_fields	126
living_fsot_hardware_panel_benchmark.json	stored_only_not_recomputable	25
living_fsot_hardware_panel_benchmark.json	zero_target_rows_kept_stored	25
living_fsot_hardware_panel_benchmark.json	ledger_b_structural_corrections	152
living_fsot_hardware_panel_benchmark.json	genuine_predictions	0
living_fsot_hardware_panel_benchmark.json	genuine_over_0.5pct	0
living_fsot_hardware_panel_benchmark.json	genuine_median_error_pct	None
living_fsot_hardware_panel_benchmark.json	green_parity_vs_corrected	True -> True
lmfdb_elliptic_curves_open_benchmark.json	scalars	1016
lmfdb_elliptic_curves_open_benchmark.json	over_0.5pct_stored_vs_recomputed	0 -> 0
lmfdb_elliptic_curves_open_benchmark.json	stored_error_disagrees_with_fields	593
lmfdb_elliptic_curves_open_benchmark.json	stored_only_not_recomputable	0
lmfdb_elliptic_curves_open_benchmark.json	ledger_b_structural_corrections	1016
lmfdb_elliptic_curves_open_benchmark.json	genuine_predictions	0
lmfdb_elliptic_curves_open_benchmark.json	genuine_over_0.5pct	0
lmfdb_elliptic_curves_open_benchmark.json	genuine_median_error_pct	None
lmfdb_elliptic_curves_open_benchmark.json	green_parity_vs_corrected	True -> True
lmfdb_oeis_math_open_benchmark.json	scalars	3918
lmfdb_oeis_math_open_benchmark.json	over_0.5pct_stored_vs_recomputed	0 -> 0
lmfdb_oeis_math_open_benchmark.json	stored_error_disagrees_with_fields	2675
lmfdb_oeis_math_open_benchmark.json	stored_only_not_recomputable	0
lmfdb_oeis_math_open_benchmark.json	ledger_b_structural_corrections	3918
lmfdb_oeis_math_open_benchmark.json	genuine_predictions	0
lmfdb_oeis_math_open_benchmark.json	genuine_over_0.5pct	0
lmfdb_oeis_math_open_benchmark.json	genuine_median_error_pct	None
lmfdb_oeis_math_open_benchmark.json	green_parity_vs_corrected	True -> True
longevity_anage_catalog_panel_benchmark.json	scalars	966
longevity_anage_catalog_panel_benchmark.json	over_0.5pct_stored_vs_recomputed	0 -> 0
longevity_anage_catalog_panel_benchmark.json	stored_error_disagrees_with_fields	48
longevity_anage_catalog_panel_benchmark.json	stored_only_not_recomputable	0
longevity_anage_catalog_panel_benchmark.json	ledger_b_structural_corrections	0
longevity_anage_catalog_panel_benchmark.json	genuine_predictions	966
longevity_anage_catalog_panel_benchmark.json	genuine_over_0.5pct	0
longevity_anage_catalog_panel_benchmark.json	genuine_median_error_pct	0.022236213684497092
longevity_anage_catalog_panel_benchmark.json	green_parity_vs_corrected	True -> True
longevity_consciousness_coupling_panel_benchmark.json	scalars	890
longevity_consciousness_coupling_panel_benchmark.json	over_0.5pct_stored_vs_recomputed	0 -> 0
longevity_consciousness_coupling_panel_benchmark.json	stored_error_disagrees_with_fields	0
longevity_consciousness_coupling_panel_benchmark.json	stored_only_not_recomputable	0
longevity_consciousness_coupling_panel_benchmark.json	ledger_b_structural_corrections	0
longevity_consciousness_coupling_panel_benchmark.json	genuine_predictions	890
longevity_consciousness_coupling_panel_benchmark.json	genuine_over_0.5pct	0
longevity_consciousness_coupling_panel_benchmark.json	genuine_median_error_pct	0.022424057596345755
longevity_consciousness_coupling_panel_benchmark.json	green_parity_vs_corrected	True -> True
longevity_extreme_species_panel_benchmark.json	scalars	164
longevity_extreme_species_panel_benchmark.json	over_0.5pct_stored_vs_recomputed	0 -> 0
longevity_extreme_species_panel_benchmark.json	stored_error_disagrees_with_fields	0
longevity_extreme_species_panel_benchmark.json	stored_only_not_recomputable	0
longevity_extreme_species_panel_benchmark.json	ledger_b_structural_corrections	0
longevity_extreme_species_panel_benchmark.json	genuine_predictions	164
longevity_extreme_species_panel_benchmark.json	genuine_over_0.5pct	0
longevity_extreme_species_panel_benchmark.json	genuine_median_error_pct	0.017789000358088277
longevity_extreme_species_panel_benchmark.json	green_parity_vs_corrected	True -> True
longevity_genetic_mechanics_panel_benchmark.json	scalars	35
longevity_genetic_mechanics_panel_benchmark.json	over_0.5pct_stored_vs_recomputed	0 -> 0
longevity_genetic_mechanics_panel_benchmark.json	stored_error_disagrees_with_fields	0
longevity_genetic_mechanics_panel_benchmark.json	stored_only_not_recomputable	0
longevity_genetic_mechanics_panel_benchmark.json	ledger_b_structural_corrections	0
longevity_genetic_mechanics_panel_benchmark.json	genuine_predictions	35
longevity_genetic_mechanics_panel_benchmark.json	genuine_over_0.5pct	0
longevity_genetic_mechanics_panel_benchmark.json	genuine_median_error_pct	0.022236250386314164
longevity_genetic_mechanics_panel_benchmark.json	green_parity_vs_corrected	True -> True
longevity_megadeep_ncbi_panel_benchmark.json	scalars	1746
longevity_megadeep_ncbi_panel_benchmark.json	over_0.5pct_stored_vs_recomputed	0 -> 0
longevity_megadeep_ncbi_panel_benchmark.json	stored_error_disagrees_with_fields	0
longevity_megadeep_ncbi_panel_benchmark.json	stored_only_not_recomputable	0
longevity_megadeep_ncbi_panel_benchmark.json	ledger_b_structural_corrections	0
longevity_megadeep_ncbi_panel_benchmark.json	genuine_predictions	1746
longevity_megadeep_ncbi_panel_benchmark.json	genuine_over_0.5pct	0
longevity_megadeep_ncbi_panel_benchmark.json	genuine_median_error_pct	0.01778900139203253
longevity_megadeep_ncbi_panel_benchmark.json	green_parity_vs_corrected	True -> True
longevity_telomere_repair_panel_benchmark.json	scalars	60
longevity_telomere_repair_panel_benchmark.json	over_0.5pct_stored_vs_recomputed	0 -> 0
longevity_telomere_repair_panel_benchmark.json	stored_error_disagrees_with_fields	0
longevity_telomere_repair_panel_benchmark.json	stored_only_not_recomputable	0
longevity_telomere_repair_panel_benchmark.json	ledger_b_structural_corrections	0
longevity_telomere_repair_panel_benchmark.json	genuine_predictions	60
longevity_telomere_repair_panel_benchmark.json	genuine_over_0.5pct	0
longevity_telomere_repair_panel_benchmark.json	genuine_median_error_pct	0.022236238462883744
longevity_telomere_repair_panel_benchmark.json	green_parity_vs_corrected	True -> True
machine_and_molecule_live_panel_benchmark.json	green_parity_vs_corrected	True -> True
magnetic_confinement_fusion_panel_benchmark.json	scalars	14
magnetic_confinement_fusion_panel_benchmark.json	over_0.5pct_stored_vs_recomputed	0 -> 0
magnetic_confinement_fusion_panel_benchmark.json	stored_error_disagrees_with_fields	0
magnetic_confinement_fusion_panel_benchmark.json	stored_only_not_recomputable	2
magnetic_confinement_fusion_panel_benchmark.json	zero_target_rows_kept_stored	2
magnetic_confinement_fusion_panel_benchmark.json	ledger_b_structural_corrections	0
magnetic_confinement_fusion_panel_benchmark.json	genuine_predictions	14
magnetic_confinement_fusion_panel_benchmark.json	genuine_over_0.5pct	0
magnetic_confinement_fusion_panel_benchmark.json	genuine_median_error_pct	3.934332725045045e-11
magnetic_confinement_fusion_panel_benchmark.json	green_parity_vs_corrected	True -> True
magnetosphere_benchmark.json	scalars	167
magnetosphere_benchmark.json	over_0.5pct_stored_vs_recomputed	0 -> 0
magnetosphere_benchmark.json	stored_error_disagrees_with_fields	0
magnetosphere_benchmark.json	stored_only_not_recomputable	167
magnetosphere_benchmark.json	ledger_b_structural_corrections	0
magnetosphere_benchmark.json	genuine_predictions	167
magnetosphere_benchmark.json	genuine_over_0.5pct	0
magnetosphere_benchmark.json	genuine_median_error_pct	0.0
magnetosphere_benchmark.json	green_parity_vs_corrected	True -> True
magnetosphere_extended_benchmark.json	scalars	20
magnetosphere_extended_benchmark.json	over_0.5pct_stored_vs_recomputed	0 -> 0
magnetosphere_extended_benchmark.json	stored_error_disagrees_with_fields	0
magnetosphere_extended_benchmark.json	stored_only_not_recomputable	2
magnetosphere_extended_benchmark.json	zero_target_rows_kept_stored	2
magnetosphere_extended_benchmark.json	ledger_b_structural_corrections	0
magnetosphere_extended_benchmark.json	genuine_predictions	20
magnetosphere_extended_benchmark.json	genuine_over_0.5pct	0
magnetosphere_extended_benchmark.json	genuine_median_error_pct	3.862263088922456e-05
magnetosphere_extended_benchmark.json	green_parity_vs_corrected	True -> True
maillard_chemistry_gap_fill_benchmark.json	green_parity_vs_corrected	True -> True
malware_threat_intelligence_cybersecurity_benchmark.json	scalars	82
malware_threat_intelligence_cybersecurity_benchmark.json	over_0.5pct_stored_vs_recomputed	0 -> 0
malware_threat_intelligence_cybersecurity_benchmark.json	stored_error_disagrees_with_fields	6
malware_threat_intelligence_cybersecurity_benchmark.json	stored_only_not_recomputable	1
malware_threat_intelligence_cybersecurity_benchmark.json	zero_target_rows_kept_stored	1
malware_threat_intelligence_cybersecurity_benchmark.json	ledger_b_structural_corrections	0
malware_threat_intelligence_cybersecurity_benchmark.json	genuine_predictions	82
malware_threat_intelligence_cybersecurity_benchmark.json	genuine_over_0.5pct	0
malware_threat_intelligence_cybersecurity_benchmark.json	genuine_median_error_pct	0.04593304929578199
malware_threat_intelligence_cybersecurity_benchmark.json	green_parity_vs_corrected	True -> True
marine_biology_extension_benchmark.json	scalars	530
marine_biology_extension_benchmark.json	over_0.5pct_stored_vs_recomputed	0 -> 0
marine_biology_extension_benchmark.json	stored_error_disagrees_with_fields	46
marine_biology_extension_benchmark.json	stored_only_not_recomputable	10
marine_biology_extension_benchmark.json	zero_target_rows_kept_stored	10
marine_biology_extension_benchmark.json	ledger_b_structural_corrections	0
marine_biology_extension_benchmark.json	genuine_predictions	530
marine_biology_extension_benchmark.json	genuine_over_0.5pct	0
marine_biology_extension_benchmark.json	genuine_median_error_pct	0.022235387205746318
marine_biology_extension_benchmark.json	green_parity_vs_corrected	True -> True
marine_biology_panel_benchmark.json	scalars	90
marine_biology_panel_benchmark.json	over_0.5pct_stored_vs_recomputed	0 -> 0
marine_biology_panel_benchmark.json	stored_error_disagrees_with_fields	10
marine_biology_panel_benchmark.json	stored_only_not_recomputable	17
marine_biology_panel_benchmark.json	zero_target_rows_kept_stored	17
marine_biology_panel_benchmark.json	ledger_b_structural_corrections	90
marine_biology_panel_benchmark.json	genuine_predictions	0
marine_biology_panel_benchmark.json	genuine_over_0.5pct	0
marine_biology_panel_benchmark.json	genuine_median_error_pct	None
marine_biology_panel_benchmark.json	green_parity_vs_corrected	True -> True
material_in_silico_screening_scaffold_benchmark.json	scalars	8
material_in_silico_screening_scaffold_benchmark.json	over_0.5pct_stored_vs_recomputed	0 -> 0
material_in_silico_screening_scaffold_benchmark.json	stored_error_disagrees_with_fields	0
material_in_silico_screening_scaffold_benchmark.json	stored_only_not_recomputable	0
material_in_silico_screening_scaffold_benchmark.json	ledger_b_structural_corrections	0
material_in_silico_screening_scaffold_benchmark.json	genuine_predictions	8
material_in_silico_screening_scaffold_benchmark.json	genuine_over_0.5pct	0
material_in_silico_screening_scaffold_benchmark.json	genuine_median_error_pct	0.0
material_in_silico_screening_scaffold_benchmark.json	green_parity_vs_corrected	True -> True
material_property_verification_scaffold_benchmark.json	scalars	67
material_property_verification_scaffold_benchmark.json	over_0.5pct_stored_vs_recomputed	0 -> 0
material_property_verification_scaffold_benchmark.json	stored_error_disagrees_with_fields	0
material_property_verification_scaffold_benchmark.json	stored_only_not_recomputable	0
material_property_verification_scaffold_benchmark.json	ledger_b_structural_corrections	0
material_property_verification_scaffold_benchmark.json	genuine_predictions	67
material_property_verification_scaffold_benchmark.json	genuine_over_0.5pct	0
material_property_verification_scaffold_benchmark.json	genuine_median_error_pct	0.002059838302688438
material_property_verification_scaffold_benchmark.json	green_parity_vs_corrected	True -> True
materials_creep_fracture_depth_panel_benchmark.json	scalars	47
materials_creep_fracture_depth_panel_benchmark.json	over_0.5pct_stored_vs_recomputed	0 -> 0
materials_creep_fracture_depth_panel_benchmark.json	stored_error_disagrees_with_fields	16
materials_creep_fracture_depth_panel_benchmark.json	stored_only_not_recomputable	10
materials_creep_fracture_depth_panel_benchmark.json	zero_target_rows_kept_stored	10
materials_creep_fracture_depth_panel_benchmark.json	ledger_b_structural_corrections	47
materials_creep_fracture_depth_panel_benchmark.json	genuine_predictions	0
materials_creep_fracture_depth_panel_benchmark.json	genuine_over_0.5pct	0
materials_creep_fracture_depth_panel_benchmark.json	genuine_median_error_pct	None
materials_creep_fracture_depth_panel_benchmark.json	green_parity_vs_corrected	True -> True
materials_engineering_benchmark.json	scalars	87
materials_engineering_benchmark.json	over_0.5pct_stored_vs_recomputed	0 -> 0
materials_engineering_benchmark.json	stored_error_disagrees_with_fields	0
materials_engineering_benchmark.json	stored_only_not_recomputable	0
materials_engineering_benchmark.json	ledger_b_structural_corrections	0
materials_engineering_benchmark.json	genuine_predictions	87
materials_engineering_benchmark.json	genuine_over_0.5pct	0
materials_engineering_benchmark.json	genuine_median_error_pct	0.021151317926568283
materials_engineering_benchmark.json	green_parity_vs_corrected	True -> True
materials_genome_crosswalk_benchmark.json	scalars	25
materials_genome_crosswalk_benchmark.json	over_0.5pct_stored_vs_recomputed	0 -> 0
materials_genome_crosswalk_benchmark.json	stored_error_disagrees_with_fields	0
materials_genome_crosswalk_benchmark.json	stored_only_not_recomputable	0
materials_genome_crosswalk_benchmark.json	ledger_b_structural_corrections	0
materials_genome_crosswalk_benchmark.json	genuine_predictions	25
materials_genome_crosswalk_benchmark.json	genuine_over_0.5pct	0
materials_genome_crosswalk_benchmark.json	genuine_median_error_pct	0.0
materials_genome_crosswalk_benchmark.json	green_parity_vs_corrected	True -> True
materials_project_live_panel_benchmark.json	scalars	120
materials_project_live_panel_benchmark.json	over_0.5pct_stored_vs_recomputed	0 -> 0
materials_project_live_panel_benchmark.json	stored_error_disagrees_with_fields	49
materials_project_live_panel_benchmark.json	stored_only_not_recomputable	30
materials_project_live_panel_benchmark.json	zero_target_rows_kept_stored	30
materials_project_live_panel_benchmark.json	ledger_b_structural_corrections	120
materials_project_live_panel_benchmark.json	genuine_predictions	0
materials_project_live_panel_benchmark.json	genuine_over_0.5pct	0
materials_project_live_panel_benchmark.json	genuine_median_error_pct	None
materials_project_live_panel_benchmark.json	green_parity_vs_corrected	True -> True
materials_species_bridge_benchmark.json	scalars	34
materials_species_bridge_benchmark.json	over_0.5pct_stored_vs_recomputed	0 -> 0
materials_species_bridge_benchmark.json	stored_error_disagrees_with_fields	0
materials_species_bridge_benchmark.json	stored_only_not_recomputable	0
materials_species_bridge_benchmark.json	ledger_b_structural_corrections	0
materials_species_bridge_benchmark.json	genuine_predictions	34
materials_species_bridge_benchmark.json	genuine_over_0.5pct	0
materials_species_bridge_benchmark.json	genuine_median_error_pct	0.0
materials_species_bridge_benchmark.json	green_parity_vs_corrected	True -> True
materials_species_bridge_live_panel_benchmark.json	scalars	150
materials_species_bridge_live_panel_benchmark.json	over_0.5pct_stored_vs_recomputed	0 -> 0
materials_species_bridge_live_panel_benchmark.json	stored_error_disagrees_with_fields	60
materials_species_bridge_live_panel_benchmark.json	stored_only_not_recomputable	10
materials_species_bridge_live_panel_benchmark.json	zero_target_rows_kept_stored	10
materials_species_bridge_live_panel_benchmark.json	ledger_b_structural_corrections	150
materials_species_bridge_live_panel_benchmark.json	genuine_predictions	0
materials_species_bridge_live_panel_benchmark.json	genuine_over_0.5pct	0
materials_species_bridge_live_panel_benchmark.json	genuine_median_error_pct	None
materials_species_bridge_live_panel_benchmark.json	green_parity_vs_corrected	True -> True
math_generator_airfoil_rmse_benchmark.json	scalars	23
math_generator_airfoil_rmse_benchmark.json	over_0.5pct_stored_vs_recomputed	0 -> 0
math_generator_airfoil_rmse_benchmark.json	stored_error_disagrees_with_fields	0
math_generator_airfoil_rmse_benchmark.json	stored_only_not_recomputable	2
math_generator_airfoil_rmse_benchmark.json	zero_target_rows_kept_stored	2
math_generator_airfoil_rmse_benchmark.json	ledger_b_structural_corrections	0
math_generator_airfoil_rmse_benchmark.json	genuine_predictions	23
math_generator_airfoil_rmse_benchmark.json	genuine_over_0.5pct	0
math_generator_airfoil_rmse_benchmark.json	genuine_median_error_pct	0.0005618458987473253
math_generator_airfoil_rmse_benchmark.json	green_parity_vs_corrected	True -> True
math_generator_benchmark_formula_eval_benchmark.json	scalars	23
math_generator_benchmark_formula_eval_benchmark.json	over_0.5pct_stored_vs_recomputed	0 -> 0
math_generator_benchmark_formula_eval_benchmark.json	stored_error_disagrees_with_fields	0
math_generator_benchmark_formula_eval_benchmark.json	stored_only_not_recomputable	2
math_generator_benchmark_formula_eval_benchmark.json	zero_target_rows_kept_stored	2
math_generator_benchmark_formula_eval_benchmark.json	ledger_b_structural_corrections	0
math_generator_benchmark_formula_eval_benchmark.json	genuine_predictions	23
math_generator_benchmark_formula_eval_benchmark.json	genuine_over_0.5pct	0
math_generator_benchmark_formula_eval_benchmark.json	genuine_median_error_pct	0.0005618458987473253
math_generator_benchmark_formula_eval_benchmark.json	green_parity_vs_corrected	True -> True
math_generator_rules_benchmark.json	green_parity_vs_corrected	True -> True
math_generator_rules_eval_benchmark.json	scalars	1552
math_generator_rules_eval_benchmark.json	over_0.5pct_stored_vs_recomputed	0 -> 0
math_generator_rules_eval_benchmark.json	stored_error_disagrees_with_fields	0
math_generator_rules_eval_benchmark.json	stored_only_not_recomputable	1552
math_generator_rules_eval_benchmark.json	ledger_b_structural_corrections	0
math_generator_rules_eval_benchmark.json	genuine_predictions	1552
math_generator_rules_eval_benchmark.json	genuine_over_0.5pct	0
math_generator_rules_eval_benchmark.json	genuine_median_error_pct	0.0
math_generator_rules_eval_benchmark.json	green_parity_vs_corrected	True -> True
mathematics_computational_benchmark.json	scalars	20
mathematics_computational_benchmark.json	over_0.5pct_stored_vs_recomputed	0 -> 0
mathematics_computational_benchmark.json	stored_error_disagrees_with_fields	0
mathematics_computational_benchmark.json	stored_only_not_recomputable	0
mathematics_computational_benchmark.json	ledger_b_structural_corrections	0
mathematics_computational_benchmark.json	genuine_predictions	20
mathematics_computational_benchmark.json	genuine_over_0.5pct	0
mathematics_computational_benchmark.json	genuine_median_error_pct	1.3580558531290437e-14
mathematics_computational_benchmark.json	green_parity_vs_corrected	True -> True
matter_antimatter_benchmark.json	scalars	25
matter_antimatter_benchmark.json	over_0.5pct_stored_vs_recomputed	0 -> 0
matter_antimatter_benchmark.json	stored_error_disagrees_with_fields	0
matter_antimatter_benchmark.json	stored_only_not_recomputable	0
matter_antimatter_benchmark.json	ledger_b_structural_corrections	2
matter_antimatter_benchmark.json	genuine_predictions	23
matter_antimatter_benchmark.json	genuine_over_0.5pct	0
matter_antimatter_benchmark.json	genuine_median_error_pct	0.0
matter_antimatter_benchmark.json	green_parity_vs_corrected	True -> True
mechanical_engineering_extension_benchmark.json	scalars	45
mechanical_engineering_extension_benchmark.json	over_0.5pct_stored_vs_recomputed	0 -> 0
mechanical_engineering_extension_benchmark.json	stored_error_disagrees_with_fields	2
mechanical_engineering_extension_benchmark.json	stored_only_not_recomputable	0
mechanical_engineering_extension_benchmark.json	ledger_b_structural_corrections	0
mechanical_engineering_extension_benchmark.json	genuine_predictions	45
mechanical_engineering_extension_benchmark.json	genuine_over_0.5pct	0
mechanical_engineering_extension_benchmark.json	genuine_median_error_pct	0.0
mechanical_engineering_extension_benchmark.json	green_parity_vs_corrected	True -> True
mechanical_engineering_panel_benchmark.json	scalars	20
mechanical_engineering_panel_benchmark.json	over_0.5pct_stored_vs_recomputed	0 -> 0
mechanical_engineering_panel_benchmark.json	stored_error_disagrees_with_fields	4
mechanical_engineering_panel_benchmark.json	stored_only_not_recomputable	0
mechanical_engineering_panel_benchmark.json	ledger_b_structural_corrections	20
mechanical_engineering_panel_benchmark.json	genuine_predictions	0
mechanical_engineering_panel_benchmark.json	genuine_over_0.5pct	0
mechanical_engineering_panel_benchmark.json	genuine_median_error_pct	None
mechanical_engineering_panel_benchmark.json	green_parity_vs_corrected	True -> True
mechanistic_coupling_benchmark.json	scalars	39
mechanistic_coupling_benchmark.json	over_0.5pct_stored_vs_recomputed	0 -> 0
mechanistic_coupling_benchmark.json	stored_error_disagrees_with_fields	39
mechanistic_coupling_benchmark.json	stored_only_not_recomputable	0
mechanistic_coupling_benchmark.json	ledger_b_structural_corrections	0
mechanistic_coupling_benchmark.json	genuine_predictions	39
mechanistic_coupling_benchmark.json	genuine_over_0.5pct	0
mechanistic_coupling_benchmark.json	genuine_median_error_pct	0.0073999999999981485
mechanistic_coupling_benchmark.json	green_parity_vs_corrected	True -> True
medical_galactic_orbital_bridge_benchmark.json	scalars	48
medical_galactic_orbital_bridge_benchmark.json	over_0.5pct_stored_vs_recomputed	0 -> 0
medical_galactic_orbital_bridge_benchmark.json	stored_error_disagrees_with_fields	44
medical_galactic_orbital_bridge_benchmark.json	stored_only_not_recomputable	0
medical_galactic_orbital_bridge_benchmark.json	ledger_b_structural_corrections	0
medical_galactic_orbital_bridge_benchmark.json	genuine_predictions	48
medical_galactic_orbital_bridge_benchmark.json	genuine_over_0.5pct	0
medical_galactic_orbital_bridge_benchmark.json	genuine_median_error_pct	0.009194633583375654
medical_galactic_orbital_bridge_benchmark.json	green_parity_vs_corrected	True -> True
metamaterial_fluid_design_prereg_scaffold_benchmark.json	scalars	9
metamaterial_fluid_design_prereg_scaffold_benchmark.json	over_0.5pct_stored_vs_recomputed	0 -> 0
metamaterial_fluid_design_prereg_scaffold_benchmark.json	stored_error_disagrees_with_fields	4
metamaterial_fluid_design_prereg_scaffold_benchmark.json	stored_only_not_recomputable	1
metamaterial_fluid_design_prereg_scaffold_benchmark.json	zero_target_rows_kept_stored	1
metamaterial_fluid_design_prereg_scaffold_benchmark.json	ledger_b_structural_corrections	0
metamaterial_fluid_design_prereg_scaffold_benchmark.json	genuine_predictions	9
metamaterial_fluid_design_prereg_scaffold_benchmark.json	genuine_over_0.5pct	0
metamaterial_fluid_design_prereg_scaffold_benchmark.json	genuine_median_error_pct	0.0
metamaterial_fluid_design_prereg_scaffold_benchmark.json	green_parity_vs_corrected	True -> True
meteorology_gap_fill_benchmark.json	green_parity_vs_corrected	True -> True
microtubule_quantum_consciousness_panel_benchmark.json	scalars	16
microtubule_quantum_consciousness_panel_benchmark.json	over_0.5pct_stored_vs_recomputed	0 -> 0
microtubule_quantum_consciousness_panel_benchmark.json	stored_error_disagrees_with_fields	0
microtubule_quantum_consciousness_panel_benchmark.json	stored_only_not_recomputable	0
microtubule_quantum_consciousness_panel_benchmark.json	ledger_b_structural_corrections	0
microtubule_quantum_consciousness_panel_benchmark.json	genuine_predictions	16
microtubule_quantum_consciousness_panel_benchmark.json	genuine_over_0.5pct	0
microtubule_quantum_consciousness_panel_benchmark.json	genuine_median_error_pct	0.009442466826702594
microtubule_quantum_consciousness_panel_benchmark.json	green_parity_vs_corrected	True -> True
mpcorb_fsot_benchmark.json	scalars	850
mpcorb_fsot_benchmark.json	over_0.5pct_stored_vs_recomputed	0 -> 0
mpcorb_fsot_benchmark.json	stored_error_disagrees_with_fields	501
mpcorb_fsot_benchmark.json	stored_only_not_recomputable	2
mpcorb_fsot_benchmark.json	zero_target_rows_kept_stored	2
mpcorb_fsot_benchmark.json	ledger_b_structural_corrections	832
mpcorb_fsot_benchmark.json	genuine_predictions	18
mpcorb_fsot_benchmark.json	genuine_over_0.5pct	0
mpcorb_fsot_benchmark.json	genuine_median_error_pct	0.016168104993118885
mpcorb_fsot_benchmark.json	green_parity_vs_corrected	True -> True
multi_hero_benchmark.json	green_parity_vs_corrected	True -> True
music_harmonics_public_panel_benchmark.json	scalars	23
music_harmonics_public_panel_benchmark.json	over_0.5pct_stored_vs_recomputed	0 -> 0
music_harmonics_public_panel_benchmark.json	stored_error_disagrees_with_fields	1
music_harmonics_public_panel_benchmark.json	stored_only_not_recomputable	0
music_harmonics_public_panel_benchmark.json	ledger_b_structural_corrections	0
music_harmonics_public_panel_benchmark.json	genuine_predictions	23
music_harmonics_public_panel_benchmark.json	genuine_over_0.5pct	0
music_harmonics_public_panel_benchmark.json	genuine_median_error_pct	0.0
music_harmonics_public_panel_benchmark.json	green_parity_vs_corrected	True -> True
mycology_extension_benchmark.json	scalars	420
mycology_extension_benchmark.json	over_0.5pct_stored_vs_recomputed	0 -> 0
mycology_extension_benchmark.json	stored_error_disagrees_with_fields	21
mycology_extension_benchmark.json	stored_only_not_recomputable	0
mycology_extension_benchmark.json	ledger_b_structural_corrections	0
mycology_extension_benchmark.json	genuine_predictions	420
mycology_extension_benchmark.json	genuine_over_0.5pct	0
mycology_extension_benchmark.json	genuine_median_error_pct	0.022235504126847078
mycology_extension_benchmark.json	green_parity_vs_corrected	True -> True
mycology_panel_benchmark.json	scalars	90
mycology_panel_benchmark.json	over_0.5pct_stored_vs_recomputed	0 -> 0
mycology_panel_benchmark.json	stored_error_disagrees_with_fields	14
mycology_panel_benchmark.json	stored_only_not_recomputable	0
mycology_panel_benchmark.json	ledger_b_structural_corrections	90
mycology_panel_benchmark.json	genuine_predictions	0
mycology_panel_benchmark.json	genuine_over_0.5pct	0
mycology_panel_benchmark.json	genuine_median_error_pct	None
mycology_panel_benchmark.json	green_parity_vs_corrected	True -> True
nasa_donki_solar_panel_benchmark.json	scalars	2148
nasa_donki_solar_panel_benchmark.json	over_0.5pct_stored_vs_recomputed	0 -> 0
nasa_donki_solar_panel_benchmark.json	stored_error_disagrees_with_fields	7
nasa_donki_solar_panel_benchmark.json	stored_only_not_recomputable	1425
nasa_donki_solar_panel_benchmark.json	computed_rounded_rows_kept_stored	1425
nasa_donki_solar_panel_benchmark.json	ledger_b_structural_corrections	2148
nasa_donki_solar_panel_benchmark.json	genuine_predictions	0
nasa_donki_solar_panel_benchmark.json	genuine_over_0.5pct	0
nasa_donki_solar_panel_benchmark.json	genuine_median_error_pct	None
nasa_donki_solar_panel_benchmark.json	green_parity_vs_corrected	True -> True
nasa_exoplanet_archive_benchmark.json	green_parity_vs_corrected	True -> True
nasa_neo_feed_panel_benchmark.json	scalars	56
nasa_neo_feed_panel_benchmark.json	over_0.5pct_stored_vs_recomputed	0 -> 0
nasa_neo_feed_panel_benchmark.json	stored_error_disagrees_with_fields	5
nasa_neo_feed_panel_benchmark.json	stored_only_not_recomputable	0
nasa_neo_feed_panel_benchmark.json	ledger_b_structural_corrections	56
nasa_neo_feed_panel_benchmark.json	genuine_predictions	0
nasa_neo_feed_panel_benchmark.json	genuine_over_0.5pct	0
nasa_neo_feed_panel_benchmark.json	genuine_median_error_pct	None
nasa_neo_feed_panel_benchmark.json	green_parity_vs_corrected	True -> True
natural_formation_element_simulation_benchmark.json	scalars	26
natural_formation_element_simulation_benchmark.json	over_0.5pct_stored_vs_recomputed	0 -> 0
natural_formation_element_simulation_benchmark.json	stored_error_disagrees_with_fields	0
natural_formation_element_simulation_benchmark.json	stored_only_not_recomputable	13
natural_formation_element_simulation_benchmark.json	zero_target_rows_kept_stored	13
natural_formation_element_simulation_benchmark.json	ledger_b_structural_corrections	0
natural_formation_element_simulation_benchmark.json	genuine_predictions	26
natural_formation_element_simulation_benchmark.json	genuine_over_0.5pct	0
natural_formation_element_simulation_benchmark.json	genuine_median_error_pct	0.0
natural_formation_element_simulation_benchmark.json	green_parity_vs_corrected	True -> True
ncbi_gene_public_panel_benchmark.json	green_parity_vs_corrected	True -> True
ncei_climate_open_benchmark.json	scalars	607
ncei_climate_open_benchmark.json	over_0.5pct_stored_vs_recomputed	0 -> 0
ncei_climate_open_benchmark.json	stored_error_disagrees_with_fields	255
ncei_climate_open_benchmark.json	stored_only_not_recomputable	0
ncei_climate_open_benchmark.json	ledger_b_structural_corrections	607
ncei_climate_open_benchmark.json	genuine_predictions	0
ncei_climate_open_benchmark.json	genuine_over_0.5pct	0
ncei_climate_open_benchmark.json	genuine_median_error_pct	None
ncei_climate_open_benchmark.json	green_parity_vs_corrected	True -> True
ncei_multivar_climate_open_benchmark.json	scalars	607
ncei_multivar_climate_open_benchmark.json	over_0.5pct_stored_vs_recomputed	0 -> 0
ncei_multivar_climate_open_benchmark.json	stored_error_disagrees_with_fields	255
ncei_multivar_climate_open_benchmark.json	stored_only_not_recomputable	0
ncei_multivar_climate_open_benchmark.json	ledger_b_structural_corrections	607
ncei_multivar_climate_open_benchmark.json	genuine_predictions	0
ncei_multivar_climate_open_benchmark.json	genuine_over_0.5pct	0
ncei_multivar_climate_open_benchmark.json	genuine_median_error_pct	None
ncei_multivar_climate_open_benchmark.json	green_parity_vs_corrected	True -> True
network_internet_protocols_cybersecurity_benchmark.json	scalars	16
network_internet_protocols_cybersecurity_benchmark.json	over_0.5pct_stored_vs_recomputed	0 -> 0
network_internet_protocols_cybersecurity_benchmark.json	stored_error_disagrees_with_fields	3
network_internet_protocols_cybersecurity_benchmark.json	stored_only_not_recomputable	0
network_internet_protocols_cybersecurity_benchmark.json	ledger_b_structural_corrections	0
network_internet_protocols_cybersecurity_benchmark.json	genuine_predictions	16
network_internet_protocols_cybersecurity_benchmark.json	genuine_over_0.5pct	0
network_internet_protocols_cybersecurity_benchmark.json	genuine_median_error_pct	0.01033711547850924
network_internet_protocols_cybersecurity_benchmark.json	green_parity_vs_corrected	True -> True
network_science_public_panel_benchmark.json	scalars	20
network_science_public_panel_benchmark.json	over_0.5pct_stored_vs_recomputed	0 -> 0
network_science_public_panel_benchmark.json	stored_error_disagrees_with_fields	0
network_science_public_panel_benchmark.json	stored_only_not_recomputable	2
network_science_public_panel_benchmark.json	zero_target_rows_kept_stored	2
network_science_public_panel_benchmark.json	ledger_b_structural_corrections	0
network_science_public_panel_benchmark.json	genuine_predictions	20
network_science_public_panel_benchmark.json	genuine_over_0.5pct	0
network_science_public_panel_benchmark.json	genuine_median_error_pct	0.0
network_science_public_panel_benchmark.json	green_parity_vs_corrected	True -> True
neural_galactic_orbital_bridge_benchmark.json	scalars	49
neural_galactic_orbital_bridge_benchmark.json	over_0.5pct_stored_vs_recomputed	0 -> 0
neural_galactic_orbital_bridge_benchmark.json	stored_error_disagrees_with_fields	37
neural_galactic_orbital_bridge_benchmark.json	stored_only_not_recomputable	0
neural_galactic_orbital_bridge_benchmark.json	ledger_b_structural_corrections	0
neural_galactic_orbital_bridge_benchmark.json	genuine_predictions	49
neural_galactic_orbital_bridge_benchmark.json	genuine_over_0.5pct	0
neural_galactic_orbital_bridge_benchmark.json	genuine_median_error_pct	0.016663889351772095
neural_galactic_orbital_bridge_benchmark.json	green_parity_vs_corrected	True -> True
neuroeconomics_extension_benchmark.json	scalars	20
neuroeconomics_extension_benchmark.json	over_0.5pct_stored_vs_recomputed	0 -> 0
neuroeconomics_extension_benchmark.json	stored_error_disagrees_with_fields	19
neuroeconomics_extension_benchmark.json	stored_only_not_recomputable	0
neuroeconomics_extension_benchmark.json	ledger_b_structural_corrections	0
neuroeconomics_extension_benchmark.json	genuine_predictions	20
neuroeconomics_extension_benchmark.json	genuine_over_0.5pct	0
neuroeconomics_extension_benchmark.json	genuine_median_error_pct	0.10500000000000498
neuroeconomics_extension_benchmark.json	green_parity_vs_corrected	True -> True
neuroeconomics_panel_benchmark.json	scalars	20
neuroeconomics_panel_benchmark.json	over_0.5pct_stored_vs_recomputed	0 -> 0
neuroeconomics_panel_benchmark.json	stored_error_disagrees_with_fields	20
neuroeconomics_panel_benchmark.json	stored_only_not_recomputable	0
neuroeconomics_panel_benchmark.json	ledger_b_structural_corrections	20
neuroeconomics_panel_benchmark.json	genuine_predictions	0
neuroeconomics_panel_benchmark.json	genuine_over_0.5pct	0
neuroeconomics_panel_benchmark.json	genuine_median_error_pct	None
neuroeconomics_panel_benchmark.json	green_parity_vs_corrected	True -> True
neuroimmunology_benchmark.json	scalars	92
neuroimmunology_benchmark.json	over_0.5pct_stored_vs_recomputed	0 -> 0
neuroimmunology_benchmark.json	stored_error_disagrees_with_fields	0
neuroimmunology_benchmark.json	stored_only_not_recomputable	0
neuroimmunology_benchmark.json	ledger_b_structural_corrections	0
neuroimmunology_benchmark.json	genuine_predictions	92
neuroimmunology_benchmark.json	genuine_over_0.5pct	0
neuroimmunology_benchmark.json	genuine_median_error_pct	0.046806044194513126
neuroimmunology_benchmark.json	green_parity_vs_corrected	True -> True
neurolab_gaps_math_spine_benchmark.json	scalars	30
neurolab_gaps_math_spine_benchmark.json	over_0.5pct_stored_vs_recomputed	0 -> 0
neurolab_gaps_math_spine_benchmark.json	stored_error_disagrees_with_fields	0
neurolab_gaps_math_spine_benchmark.json	stored_only_not_recomputable	1
neurolab_gaps_math_spine_benchmark.json	zero_target_rows_kept_stored	1
neurolab_gaps_math_spine_benchmark.json	ledger_b_structural_corrections	0
neurolab_gaps_math_spine_benchmark.json	genuine_predictions	30
neurolab_gaps_math_spine_benchmark.json	genuine_over_0.5pct	0
neurolab_gaps_math_spine_benchmark.json	genuine_median_error_pct	0.0
neurolab_gaps_math_spine_benchmark.json	green_parity_vs_corrected	True -> True
neurolab_residual_math_spine_benchmark.json	scalars	24
neurolab_residual_math_spine_benchmark.json	over_0.5pct_stored_vs_recomputed	0 -> 0
neurolab_residual_math_spine_benchmark.json	stored_error_disagrees_with_fields	0
neurolab_residual_math_spine_benchmark.json	stored_only_not_recomputable	0
neurolab_residual_math_spine_benchmark.json	ledger_b_structural_corrections	0
neurolab_residual_math_spine_benchmark.json	genuine_predictions	24
neurolab_residual_math_spine_benchmark.json	genuine_over_0.5pct	0
neurolab_residual_math_spine_benchmark.json	genuine_median_error_pct	0.0
neurolab_residual_math_spine_benchmark.json	green_parity_vs_corrected	True -> True
neuron_zig_mind_panel_benchmark.json	scalars	22
neuron_zig_mind_panel_benchmark.json	over_0.5pct_stored_vs_recomputed	0 -> 0
neuron_zig_mind_panel_benchmark.json	stored_error_disagrees_with_fields	0
neuron_zig_mind_panel_benchmark.json	stored_only_not_recomputable	0
neuron_zig_mind_panel_benchmark.json	ledger_b_structural_corrections	0
neuron_zig_mind_panel_benchmark.json	genuine_predictions	22
neuron_zig_mind_panel_benchmark.json	genuine_over_0.5pct	0
neuron_zig_mind_panel_benchmark.json	genuine_median_error_pct	0.0
neuron_zig_mind_panel_benchmark.json	green_parity_vs_corrected	True -> True
neuron_zig_os_path_panel_benchmark.json	scalars	38
neuron_zig_os_path_panel_benchmark.json	over_0.5pct_stored_vs_recomputed	0 -> 0
neuron_zig_os_path_panel_benchmark.json	stored_error_disagrees_with_fields	0
neuron_zig_os_path_panel_benchmark.json	stored_only_not_recomputable	0
neuron_zig_os_path_panel_benchmark.json	inequality_bound_rows	1
neuron_zig_os_path_panel_benchmark.json	ledger_b_structural_corrections	0
neuron_zig_os_path_panel_benchmark.json	genuine_predictions	38
neuron_zig_os_path_panel_benchmark.json	genuine_over_0.5pct	0
neuron_zig_os_path_panel_benchmark.json	genuine_median_error_pct	0.0
neuron_zig_os_path_panel_benchmark.json	green_parity_vs_corrected	True -> True
neuroscience_connectomics_depth_panel_benchmark.json	scalars	22
neuroscience_connectomics_depth_panel_benchmark.json	over_0.5pct_stored_vs_recomputed	0 -> 0
neuroscience_connectomics_depth_panel_benchmark.json	stored_error_disagrees_with_fields	6
neuroscience_connectomics_depth_panel_benchmark.json	stored_only_not_recomputable	0
neuroscience_connectomics_depth_panel_benchmark.json	ledger_b_structural_corrections	22
neuroscience_connectomics_depth_panel_benchmark.json	genuine_predictions	0
neuroscience_connectomics_depth_panel_benchmark.json	genuine_over_0.5pct	0
neuroscience_connectomics_depth_panel_benchmark.json	genuine_median_error_pct	None
neuroscience_connectomics_depth_panel_benchmark.json	green_parity_vs_corrected	True -> True
neuroscience_fi_precision_benchmark.json	scalars	4
neuroscience_fi_precision_benchmark.json	over_0.5pct_stored_vs_recomputed	0 -> 0
neuroscience_fi_precision_benchmark.json	stored_error_disagrees_with_fields	0
neuroscience_fi_precision_benchmark.json	stored_only_not_recomputable	0
neuroscience_fi_precision_benchmark.json	ledger_b_structural_corrections	0
neuroscience_fi_precision_benchmark.json	genuine_predictions	4
neuroscience_fi_precision_benchmark.json	genuine_over_0.5pct	0
neuroscience_fi_precision_benchmark.json	genuine_median_error_pct	0.0
neuroscience_fi_precision_benchmark.json	green_parity_vs_corrected	True -> True
neutrino_physics_panel_benchmark.json	scalars	20
neutrino_physics_panel_benchmark.json	over_0.5pct_stored_vs_recomputed	0 -> 0
neutrino_physics_panel_benchmark.json	stored_error_disagrees_with_fields	14
neutrino_physics_panel_benchmark.json	stored_only_not_recomputable	1
neutrino_physics_panel_benchmark.json	computed_rounded_rows_kept_stored	1
neutrino_physics_panel_benchmark.json	ledger_b_structural_corrections	20
neutrino_physics_panel_benchmark.json	genuine_predictions	0
neutrino_physics_panel_benchmark.json	genuine_over_0.5pct	0
neutrino_physics_panel_benchmark.json	genuine_median_error_pct	None
neutrino_physics_panel_benchmark.json	green_parity_vs_corrected	True -> True
nist_asd_multi_species_open_benchmark.json	scalars	26
nist_asd_multi_species_open_benchmark.json	over_0.5pct_stored_vs_recomputed	0 -> 0
nist_asd_multi_species_open_benchmark.json	stored_error_disagrees_with_fields	0
nist_asd_multi_species_open_benchmark.json	stored_only_not_recomputable	0
nist_asd_multi_species_open_benchmark.json	ledger_b_structural_corrections	26
nist_asd_multi_species_open_benchmark.json	genuine_predictions	0
nist_asd_multi_species_open_benchmark.json	genuine_over_0.5pct	0
nist_asd_multi_species_open_benchmark.json	genuine_median_error_pct	None
nist_asd_multi_species_open_benchmark.json	green_parity_vs_corrected	True -> True
nist_asd_spectroscopy_open_benchmark.json	scalars	24
nist_asd_spectroscopy_open_benchmark.json	over_0.5pct_stored_vs_recomputed	0 -> 0
nist_asd_spectroscopy_open_benchmark.json	stored_error_disagrees_with_fields	0
nist_asd_spectroscopy_open_benchmark.json	stored_only_not_recomputable	0
nist_asd_spectroscopy_open_benchmark.json	ledger_b_structural_corrections	24
nist_asd_spectroscopy_open_benchmark.json	genuine_predictions	0
nist_asd_spectroscopy_open_benchmark.json	genuine_over_0.5pct	0
nist_asd_spectroscopy_open_benchmark.json	genuine_median_error_pct	None
nist_asd_spectroscopy_open_benchmark.json	green_parity_vs_corrected	True -> True
nist_codata_constants_benchmark.json	scalars	20
nist_codata_constants_benchmark.json	over_0.5pct_stored_vs_recomputed	0 -> 0
nist_codata_constants_benchmark.json	stored_error_disagrees_with_fields	0
nist_codata_constants_benchmark.json	stored_only_not_recomputable	0
nist_codata_constants_benchmark.json	ledger_b_structural_corrections	0
nist_codata_constants_benchmark.json	genuine_predictions	20
nist_codata_constants_benchmark.json	genuine_over_0.5pct	0
nist_codata_constants_benchmark.json	genuine_median_error_pct	0.00018035221926966668
nist_codata_constants_benchmark.json	green_parity_vs_corrected	True -> True
nist_dlmf_special_functions_benchmark.json	scalars	16
nist_dlmf_special_functions_benchmark.json	over_0.5pct_stored_vs_recomputed	0 -> 0
nist_dlmf_special_functions_benchmark.json	stored_error_disagrees_with_fields	0
nist_dlmf_special_functions_benchmark.json	stored_only_not_recomputable	1
nist_dlmf_special_functions_benchmark.json	zero_target_rows_kept_stored	1
nist_dlmf_special_functions_benchmark.json	ledger_b_structural_corrections	0
nist_dlmf_special_functions_benchmark.json	genuine_predictions	16
nist_dlmf_special_functions_benchmark.json	genuine_over_0.5pct	0
nist_dlmf_special_functions_benchmark.json	genuine_median_error_pct	0.0
nist_dlmf_special_functions_benchmark.json	green_parity_vs_corrected	True -> True
noaa_coastal_tides_benchmark.json	green_parity_vs_corrected	True -> True
noaa_ndbc_buoy_panel_benchmark.json	green_parity_vs_corrected	True -> True
noaa_tides_multi_station_open_benchmark.json	scalars	209
noaa_tides_multi_station_open_benchmark.json	over_0.5pct_stored_vs_recomputed	0 -> 0
noaa_tides_multi_station_open_benchmark.json	stored_error_disagrees_with_fields	105
noaa_tides_multi_station_open_benchmark.json	stored_only_not_recomputable	0
noaa_tides_multi_station_open_benchmark.json	ledger_b_structural_corrections	209
noaa_tides_multi_station_open_benchmark.json	genuine_predictions	0
noaa_tides_multi_station_open_benchmark.json	genuine_over_0.5pct	0
noaa_tides_multi_station_open_benchmark.json	genuine_median_error_pct	None
noaa_tides_multi_station_open_benchmark.json	green_parity_vs_corrected	True -> True
nothing_perfection_friction_origin_panel_benchmark.json	scalars	24
nothing_perfection_friction_origin_panel_benchmark.json	over_0.5pct_stored_vs_recomputed	0 -> 0
nothing_perfection_friction_origin_panel_benchmark.json	stored_error_disagrees_with_fields	2
nothing_perfection_friction_origin_panel_benchmark.json	stored_only_not_recomputable	2
nothing_perfection_friction_origin_panel_benchmark.json	zero_target_rows_kept_stored	2
nothing_perfection_friction_origin_panel_benchmark.json	ledger_b_structural_corrections	0
nothing_perfection_friction_origin_panel_benchmark.json	genuine_predictions	24
nothing_perfection_friction_origin_panel_benchmark.json	genuine_over_0.5pct	0
nothing_perfection_friction_origin_panel_benchmark.json	genuine_median_error_pct	1.2265321033954111e-14
nothing_perfection_friction_origin_panel_benchmark.json	green_parity_vs_corrected	True -> True
nuclear_iaea_open_benchmark.json	scalars	359
nuclear_iaea_open_benchmark.json	over_0.5pct_stored_vs_recomputed	0 -> 0
nuclear_iaea_open_benchmark.json	stored_error_disagrees_with_fields	69
nuclear_iaea_open_benchmark.json	stored_only_not_recomputable	1
nuclear_iaea_open_benchmark.json	zero_target_rows_kept_stored	1
nuclear_iaea_open_benchmark.json	ledger_b_structural_corrections	359
nuclear_iaea_open_benchmark.json	genuine_predictions	0
nuclear_iaea_open_benchmark.json	genuine_over_0.5pct	0
nuclear_iaea_open_benchmark.json	genuine_median_error_pct	None
nuclear_iaea_open_benchmark.json	green_parity_vs_corrected	True -> True
nuclear_lean_route_credibility_benchmark.json	scalars	24
nuclear_lean_route_credibility_benchmark.json	over_0.5pct_stored_vs_recomputed	0 -> 0
nuclear_lean_route_credibility_benchmark.json	stored_error_disagrees_with_fields	0
nuclear_lean_route_credibility_benchmark.json	stored_only_not_recomputable	2
nuclear_lean_route_credibility_benchmark.json	zero_target_rows_kept_stored	2
nuclear_lean_route_credibility_benchmark.json	ledger_b_structural_corrections	0
nuclear_lean_route_credibility_benchmark.json	genuine_predictions	24
nuclear_lean_route_credibility_benchmark.json	genuine_over_0.5pct	0
nuclear_lean_route_credibility_benchmark.json	genuine_median_error_pct	0.0006375969321657722
nuclear_lean_route_credibility_benchmark.json	green_parity_vs_corrected	True -> True
nufit_neutrino_open_benchmark.json	scalars	20
nufit_neutrino_open_benchmark.json	over_0.5pct_stored_vs_recomputed	0 -> 0
nufit_neutrino_open_benchmark.json	stored_error_disagrees_with_fields	9
nufit_neutrino_open_benchmark.json	stored_only_not_recomputable	0
nufit_neutrino_open_benchmark.json	ledger_b_structural_corrections	10
nufit_neutrino_open_benchmark.json	genuine_predictions	10
nufit_neutrino_open_benchmark.json	genuine_over_0.5pct	0
nufit_neutrino_open_benchmark.json	genuine_median_error_pct	0.043519869577393566
nufit_neutrino_open_benchmark.json	green_parity_vs_corrected	True -> True
observer_channel_derivation_benchmark.json	scalars	372
observer_channel_derivation_benchmark.json	over_0.5pct_stored_vs_recomputed	0 -> 0
observer_channel_derivation_benchmark.json	stored_error_disagrees_with_fields	361
observer_channel_derivation_benchmark.json	stored_only_not_recomputable	0
observer_channel_derivation_benchmark.json	ledger_b_structural_corrections	0
observer_channel_derivation_benchmark.json	genuine_predictions	372
observer_channel_derivation_benchmark.json	genuine_over_0.5pct	0
observer_channel_derivation_benchmark.json	genuine_median_error_pct	0.052519453236652615
observer_channel_derivation_benchmark.json	green_parity_vs_corrected	True -> True
observer_effect_cross_species_panel_benchmark.json	scalars	289
observer_effect_cross_species_panel_benchmark.json	over_0.5pct_stored_vs_recomputed	0 -> 0
observer_effect_cross_species_panel_benchmark.json	stored_error_disagrees_with_fields	76
observer_effect_cross_species_panel_benchmark.json	stored_only_not_recomputable	144
observer_effect_cross_species_panel_benchmark.json	zero_target_rows_kept_stored	144
observer_effect_cross_species_panel_benchmark.json	ledger_b_structural_corrections	0
observer_effect_cross_species_panel_benchmark.json	genuine_predictions	289
observer_effect_cross_species_panel_benchmark.json	genuine_over_0.5pct	0
observer_effect_cross_species_panel_benchmark.json	genuine_median_error_pct	0.0
observer_effect_cross_species_panel_benchmark.json	green_parity_vs_corrected	True -> True
observer_lean_route_credibility_benchmark.json	scalars	49
observer_lean_route_credibility_benchmark.json	over_0.5pct_stored_vs_recomputed	0 -> 0
observer_lean_route_credibility_benchmark.json	stored_error_disagrees_with_fields	48
observer_lean_route_credibility_benchmark.json	stored_only_not_recomputable	1
observer_lean_route_credibility_benchmark.json	zero_target_rows_kept_stored	1
observer_lean_route_credibility_benchmark.json	ledger_b_structural_corrections	49
observer_lean_route_credibility_benchmark.json	genuine_predictions	0
observer_lean_route_credibility_benchmark.json	genuine_over_0.5pct	0
observer_lean_route_credibility_benchmark.json	genuine_median_error_pct	None
observer_lean_route_credibility_benchmark.json	green_parity_vs_corrected	True -> True
oceanography_gap_fill_benchmark.json	green_parity_vs_corrected	True -> True
oeis_family_sweep_open_benchmark.json	scalars	394
oeis_family_sweep_open_benchmark.json	over_0.5pct_stored_vs_recomputed	0 -> 0
oeis_family_sweep_open_benchmark.json	stored_error_disagrees_with_fields	109
oeis_family_sweep_open_benchmark.json	stored_only_not_recomputable	0
oeis_family_sweep_open_benchmark.json	ledger_b_structural_corrections	394
oeis_family_sweep_open_benchmark.json	genuine_predictions	0
oeis_family_sweep_open_benchmark.json	genuine_over_0.5pct	0
oeis_family_sweep_open_benchmark.json	genuine_median_error_pct	None
oeis_family_sweep_open_benchmark.json	green_parity_vs_corrected	True -> True
omni_theory_genesis_benchmark.json	scalars	24
omni_theory_genesis_benchmark.json	over_0.5pct_stored_vs_recomputed	0 -> 0
omni_theory_genesis_benchmark.json	stored_error_disagrees_with_fields	0
omni_theory_genesis_benchmark.json	stored_only_not_recomputable	5
omni_theory_genesis_benchmark.json	zero_target_rows_kept_stored	5
omni_theory_genesis_benchmark.json	ledger_b_structural_corrections	0
omni_theory_genesis_benchmark.json	genuine_predictions	24
omni_theory_genesis_benchmark.json	genuine_over_0.5pct	0
omni_theory_genesis_benchmark.json	genuine_median_error_pct	0.0
omni_theory_genesis_benchmark.json	green_parity_vs_corrected	True -> True
omni_theory_humanities_panel_benchmark.json	scalars	24
omni_theory_humanities_panel_benchmark.json	over_0.5pct_stored_vs_recomputed	0 -> 0
omni_theory_humanities_panel_benchmark.json	stored_error_disagrees_with_fields	18
omni_theory_humanities_panel_benchmark.json	stored_only_not_recomputable	0
omni_theory_humanities_panel_benchmark.json	ledger_b_structural_corrections	24
omni_theory_humanities_panel_benchmark.json	genuine_predictions	0
omni_theory_humanities_panel_benchmark.json	genuine_over_0.5pct	0
omni_theory_humanities_panel_benchmark.json	genuine_median_error_pct	None
omni_theory_humanities_panel_benchmark.json	green_parity_vs_corrected	True -> True
oncology_benchmark.json	scalars	66
oncology_benchmark.json	over_0.5pct_stored_vs_recomputed	0 -> 0
oncology_benchmark.json	stored_error_disagrees_with_fields	0
oncology_benchmark.json	stored_only_not_recomputable	0
oncology_benchmark.json	ledger_b_structural_corrections	0
oncology_benchmark.json	genuine_predictions	66
oncology_benchmark.json	genuine_over_0.5pct	0
oncology_benchmark.json	genuine_median_error_pct	0.05041956982053305
oncology_benchmark.json	green_parity_vs_corrected	True -> True
open_meteo_live_panel_benchmark.json	green_parity_vs_corrected	True -> True
open_science_live_concordance_benchmark.json	scalars	24
open_science_live_concordance_benchmark.json	over_0.5pct_stored_vs_recomputed	0 -> 0
open_science_live_concordance_benchmark.json	stored_error_disagrees_with_fields	0
open_science_live_concordance_benchmark.json	stored_only_not_recomputable	24
open_science_live_concordance_benchmark.json	ledger_b_structural_corrections	0
open_science_live_concordance_benchmark.json	genuine_predictions	24
open_science_live_concordance_benchmark.json	genuine_over_0.5pct	0
open_science_live_concordance_benchmark.json	genuine_median_error_pct	0.0
open_science_live_concordance_benchmark.json	green_parity_vs_corrected	True -> True
open_science_seed_constants_benchmark.json	scalars	21
open_science_seed_constants_benchmark.json	over_0.5pct_stored_vs_recomputed	0 -> 0
open_science_seed_constants_benchmark.json	stored_error_disagrees_with_fields	0
open_science_seed_constants_benchmark.json	stored_only_not_recomputable	18
open_science_seed_constants_benchmark.json	ledger_b_structural_corrections	0
open_science_seed_constants_benchmark.json	genuine_predictions	21
open_science_seed_constants_benchmark.json	genuine_over_0.5pct	0
open_science_seed_constants_benchmark.json	genuine_median_error_pct	0.0
open_science_seed_constants_benchmark.json	green_parity_vs_corrected	True -> True
openalex_citation_depth_open_benchmark.json	scalars	50
openalex_citation_depth_open_benchmark.json	over_0.5pct_stored_vs_recomputed	0 -> 0
openalex_citation_depth_open_benchmark.json	stored_error_disagrees_with_fields	0
openalex_citation_depth_open_benchmark.json	stored_only_not_recomputable	0
openalex_citation_depth_open_benchmark.json	ledger_b_structural_corrections	50
openalex_citation_depth_open_benchmark.json	genuine_predictions	0
openalex_citation_depth_open_benchmark.json	genuine_over_0.5pct	0
openalex_citation_depth_open_benchmark.json	genuine_median_error_pct	None
openalex_citation_depth_open_benchmark.json	green_parity_vs_corrected	True -> True
openalex_citation_graph_benchmark.json	green_parity_vs_corrected	True -> True
openneuro_depth_open_benchmark.json	scalars	15
openneuro_depth_open_benchmark.json	over_0.5pct_stored_vs_recomputed	0 -> 0
openneuro_depth_open_benchmark.json	stored_error_disagrees_with_fields	3
openneuro_depth_open_benchmark.json	stored_only_not_recomputable	0
openneuro_depth_open_benchmark.json	ledger_b_structural_corrections	15
openneuro_depth_open_benchmark.json	genuine_predictions	0
openneuro_depth_open_benchmark.json	genuine_over_0.5pct	0
openneuro_depth_open_benchmark.json	genuine_median_error_pct	None
openneuro_depth_open_benchmark.json	green_parity_vs_corrected	True -> True
openneuro_full_panel_benchmark.json	scalars	17
openneuro_full_panel_benchmark.json	over_0.5pct_stored_vs_recomputed	0 -> 0
openneuro_full_panel_benchmark.json	stored_error_disagrees_with_fields	17
openneuro_full_panel_benchmark.json	stored_only_not_recomputable	0
openneuro_full_panel_benchmark.json	ledger_b_structural_corrections	17
openneuro_full_panel_benchmark.json	genuine_predictions	0
openneuro_full_panel_benchmark.json	genuine_over_0.5pct	0
openneuro_full_panel_benchmark.json	genuine_median_error_pct	None
openneuro_full_panel_benchmark.json	green_parity_vs_corrected	True -> True
oph_fsot_challenge_panel_benchmark.json	scalars	30
oph_fsot_challenge_panel_benchmark.json	over_0.5pct_stored_vs_recomputed	0 -> 0
oph_fsot_challenge_panel_benchmark.json	stored_error_disagrees_with_fields	1
oph_fsot_challenge_panel_benchmark.json	stored_only_not_recomputable	0
oph_fsot_challenge_panel_benchmark.json	ledger_b_structural_corrections	2
oph_fsot_challenge_panel_benchmark.json	genuine_predictions	28
oph_fsot_challenge_panel_benchmark.json	genuine_over_0.5pct	0
oph_fsot_challenge_panel_benchmark.json	genuine_median_error_pct	0.0
oph_fsot_challenge_panel_benchmark.json	green_parity_vs_corrected	True -> True
optics_interferometry_depth_panel_benchmark.json	scalars	82
optics_interferometry_depth_panel_benchmark.json	over_0.5pct_stored_vs_recomputed	0 -> 0
optics_interferometry_depth_panel_benchmark.json	stored_error_disagrees_with_fields	32
optics_interferometry_depth_panel_benchmark.json	stored_only_not_recomputable	7
optics_interferometry_depth_panel_benchmark.json	zero_target_rows_kept_stored	2
optics_interferometry_depth_panel_benchmark.json	computed_rounded_rows_kept_stored	5
optics_interferometry_depth_panel_benchmark.json	ledger_b_structural_corrections	82
optics_interferometry_depth_panel_benchmark.json	genuine_predictions	0
optics_interferometry_depth_panel_benchmark.json	genuine_over_0.5pct	0
optics_interferometry_depth_panel_benchmark.json	genuine_median_error_pct	None
optics_interferometry_depth_panel_benchmark.json	green_parity_vs_corrected	True -> True
orbital_mechanics_benchmark.json	green_parity_vs_corrected	True -> True
osti_doe_science_panel_benchmark.json	scalars	100
osti_doe_science_panel_benchmark.json	over_0.5pct_stored_vs_recomputed	0 -> 0
osti_doe_science_panel_benchmark.json	stored_error_disagrees_with_fields	0
osti_doe_science_panel_benchmark.json	stored_only_not_recomputable	0
osti_doe_science_panel_benchmark.json	ledger_b_structural_corrections	100
osti_doe_science_panel_benchmark.json	genuine_predictions	0
osti_doe_science_panel_benchmark.json	genuine_over_0.5pct	0
osti_doe_science_panel_benchmark.json	genuine_median_error_pct	None
osti_doe_science_panel_benchmark.json	green_parity_vs_corrected	True -> True
overflow_carry_emergence_panel_benchmark.json	scalars	29
overflow_carry_emergence_panel_benchmark.json	over_0.5pct_stored_vs_recomputed	0 -> 0
overflow_carry_emergence_panel_benchmark.json	stored_error_disagrees_with_fields	16
overflow_carry_emergence_panel_benchmark.json	stored_only_not_recomputable	0
overflow_carry_emergence_panel_benchmark.json	ledger_b_structural_corrections	29
overflow_carry_emergence_panel_benchmark.json	genuine_predictions	0
overflow_carry_emergence_panel_benchmark.json	genuine_over_0.5pct	0
overflow_carry_emergence_panel_benchmark.json	genuine_median_error_pct	None
overflow_carry_emergence_panel_benchmark.json	green_parity_vs_corrected	True -> True
owid_epidemiology_open_benchmark.json	scalars	1777
owid_epidemiology_open_benchmark.json	over_0.5pct_stored_vs_recomputed	0 -> 0
owid_epidemiology_open_benchmark.json	stored_error_disagrees_with_fields	392
owid_epidemiology_open_benchmark.json	stored_only_not_recomputable	8
owid_epidemiology_open_benchmark.json	zero_target_rows_kept_stored	8
owid_epidemiology_open_benchmark.json	ledger_b_structural_corrections	1777
owid_epidemiology_open_benchmark.json	genuine_predictions	0
owid_epidemiology_open_benchmark.json	genuine_over_0.5pct	0
owid_epidemiology_open_benchmark.json	genuine_median_error_pct	None
owid_epidemiology_open_benchmark.json	green_parity_vs_corrected	True -> True
paleoclimate_extension_benchmark.json	scalars	20
paleoclimate_extension_benchmark.json	over_0.5pct_stored_vs_recomputed	0 -> 0
paleoclimate_extension_benchmark.json	stored_error_disagrees_with_fields	8
paleoclimate_extension_benchmark.json	stored_only_not_recomputable	0
paleoclimate_extension_benchmark.json	ledger_b_structural_corrections	0
paleoclimate_extension_benchmark.json	genuine_predictions	20
paleoclimate_extension_benchmark.json	genuine_over_0.5pct	0
paleoclimate_extension_benchmark.json	genuine_median_error_pct	0.015015773504271537
paleoclimate_extension_benchmark.json	green_parity_vs_corrected	True -> True
paleoclimate_panel_benchmark.json	scalars	20
paleoclimate_panel_benchmark.json	over_0.5pct_stored_vs_recomputed	0 -> 0
paleoclimate_panel_benchmark.json	stored_error_disagrees_with_fields	10
paleoclimate_panel_benchmark.json	stored_only_not_recomputable	0
paleoclimate_panel_benchmark.json	ledger_b_structural_corrections	20
paleoclimate_panel_benchmark.json	genuine_predictions	0
paleoclimate_panel_benchmark.json	genuine_over_0.5pct	0
paleoclimate_panel_benchmark.json	genuine_median_error_pct	None
paleoclimate_panel_benchmark.json	green_parity_vs_corrected	True -> True
paleontology_extension_benchmark.json	scalars	600
paleontology_extension_benchmark.json	over_0.5pct_stored_vs_recomputed	0 -> 0
paleontology_extension_benchmark.json	stored_error_disagrees_with_fields	65
paleontology_extension_benchmark.json	stored_only_not_recomputable	0
paleontology_extension_benchmark.json	ledger_b_structural_corrections	0
paleontology_extension_benchmark.json	genuine_predictions	600
paleontology_extension_benchmark.json	genuine_over_0.5pct	0
paleontology_extension_benchmark.json	genuine_median_error_pct	0.01783517646923696
paleontology_extension_benchmark.json	green_parity_vs_corrected	True -> True
paleontology_panel_benchmark.json	scalars	120
paleontology_panel_benchmark.json	over_0.5pct_stored_vs_recomputed	0 -> 0
paleontology_panel_benchmark.json	stored_error_disagrees_with_fields	1
paleontology_panel_benchmark.json	stored_only_not_recomputable	0
paleontology_panel_benchmark.json	ledger_b_structural_corrections	120
paleontology_panel_benchmark.json	genuine_predictions	0
paleontology_panel_benchmark.json	genuine_over_0.5pct	0
paleontology_panel_benchmark.json	genuine_median_error_pct	None
paleontology_panel_benchmark.json	green_parity_vs_corrected	True -> True
particle_neural_orbital_bridge_benchmark.json	scalars	48
particle_neural_orbital_bridge_benchmark.json	over_0.5pct_stored_vs_recomputed	0 -> 0
particle_neural_orbital_bridge_benchmark.json	stored_error_disagrees_with_fields	45
particle_neural_orbital_bridge_benchmark.json	stored_only_not_recomputable	0
particle_neural_orbital_bridge_benchmark.json	ledger_b_structural_corrections	0
particle_neural_orbital_bridge_benchmark.json	genuine_predictions	48
particle_neural_orbital_bridge_benchmark.json	genuine_over_0.5pct	0
particle_neural_orbital_bridge_benchmark.json	genuine_median_error_pct	0.03329999999999167
particle_neural_orbital_bridge_benchmark.json	green_parity_vs_corrected	True -> True
particle_physics_benchmark.json	green_parity_vs_corrected	True -> True
particle_physics_gap_fill_benchmark.json	green_parity_vs_corrected	True -> True
pdg_live_depth_open_benchmark.json	scalars	33
pdg_live_depth_open_benchmark.json	over_0.5pct_stored_vs_recomputed	0 -> 0
pdg_live_depth_open_benchmark.json	stored_error_disagrees_with_fields	6
pdg_live_depth_open_benchmark.json	stored_only_not_recomputable	3
pdg_live_depth_open_benchmark.json	computed_rounded_rows_kept_stored	3
pdg_live_depth_open_benchmark.json	ledger_b_structural_corrections	33
pdg_live_depth_open_benchmark.json	genuine_predictions	0
pdg_live_depth_open_benchmark.json	genuine_over_0.5pct	0
pdg_live_depth_open_benchmark.json	genuine_median_error_pct	None
pdg_live_depth_open_benchmark.json	green_parity_vs_corrected	True -> True
pdg_particle_properties_benchmark.json	scalars	28
pdg_particle_properties_benchmark.json	over_0.5pct_stored_vs_recomputed	0 -> 0
pdg_particle_properties_benchmark.json	stored_error_disagrees_with_fields	0
pdg_particle_properties_benchmark.json	stored_only_not_recomputable	0
pdg_particle_properties_benchmark.json	ledger_b_structural_corrections	0
pdg_particle_properties_benchmark.json	genuine_predictions	28
pdg_particle_properties_benchmark.json	genuine_over_0.5pct	0
pdg_particle_properties_benchmark.json	genuine_median_error_pct	0.000670488359687478
pdg_particle_properties_benchmark.json	green_parity_vs_corrected	True -> True
perceived_lean_route_credibility_benchmark.json	scalars	12
perceived_lean_route_credibility_benchmark.json	over_0.5pct_stored_vs_recomputed	0 -> 0
perceived_lean_route_credibility_benchmark.json	stored_error_disagrees_with_fields	7
perceived_lean_route_credibility_benchmark.json	stored_only_not_recomputable	0
perceived_lean_route_credibility_benchmark.json	ledger_b_structural_corrections	12
perceived_lean_route_credibility_benchmark.json	genuine_predictions	0
perceived_lean_route_credibility_benchmark.json	genuine_over_0.5pct	0
perceived_lean_route_credibility_benchmark.json	genuine_median_error_pct	None
perceived_lean_route_credibility_benchmark.json	green_parity_vs_corrected	True -> True
periodic_extension_decay_topology_scaffold_benchmark.json	scalars	15
periodic_extension_decay_topology_scaffold_benchmark.json	over_0.5pct_stored_vs_recomputed	0 -> 0
periodic_extension_decay_topology_scaffold_benchmark.json	stored_error_disagrees_with_fields	0
periodic_extension_decay_topology_scaffold_benchmark.json	stored_only_not_recomputable	0
periodic_extension_decay_topology_scaffold_benchmark.json	ledger_b_structural_corrections	0
periodic_extension_decay_topology_scaffold_benchmark.json	genuine_predictions	15
periodic_extension_decay_topology_scaffold_benchmark.json	genuine_over_0.5pct	0
periodic_extension_decay_topology_scaffold_benchmark.json	genuine_median_error_pct	0.0
periodic_extension_decay_topology_scaffold_benchmark.json	green_parity_vs_corrected	True -> True
periodic_table_completion_spine_benchmark.json	scalars	28
periodic_table_completion_spine_benchmark.json	over_0.5pct_stored_vs_recomputed	0 -> 0
periodic_table_completion_spine_benchmark.json	stored_error_disagrees_with_fields	10
periodic_table_completion_spine_benchmark.json	stored_only_not_recomputable	4
periodic_table_completion_spine_benchmark.json	zero_target_rows_kept_stored	4
periodic_table_completion_spine_benchmark.json	ledger_b_structural_corrections	0
periodic_table_completion_spine_benchmark.json	genuine_predictions	28
periodic_table_completion_spine_benchmark.json	genuine_over_0.5pct	0
periodic_table_completion_spine_benchmark.json	genuine_median_error_pct	2.7502233745328857e-05
periodic_table_completion_spine_benchmark.json	green_parity_vs_corrected	True -> True
periodic_table_extension_closure_spine_benchmark.json	scalars	26
periodic_table_extension_closure_spine_benchmark.json	over_0.5pct_stored_vs_recomputed	0 -> 0
periodic_table_extension_closure_spine_benchmark.json	stored_error_disagrees_with_fields	9
periodic_table_extension_closure_spine_benchmark.json	stored_only_not_recomputable	5
periodic_table_extension_closure_spine_benchmark.json	zero_target_rows_kept_stored	5
periodic_table_extension_closure_spine_benchmark.json	ledger_b_structural_corrections	0
periodic_table_extension_closure_spine_benchmark.json	genuine_predictions	26
periodic_table_extension_closure_spine_benchmark.json	genuine_over_0.5pct	0
periodic_table_extension_closure_spine_benchmark.json	genuine_median_error_pct	9.504132148199476e-09
periodic_table_extension_closure_spine_benchmark.json	green_parity_vs_corrected	True -> True
periodic_table_public_panel_benchmark.json	scalars	51
periodic_table_public_panel_benchmark.json	over_0.5pct_stored_vs_recomputed	0 -> 0
periodic_table_public_panel_benchmark.json	stored_error_disagrees_with_fields	15
periodic_table_public_panel_benchmark.json	stored_only_not_recomputable	3
periodic_table_public_panel_benchmark.json	zero_target_rows_kept_stored	3
periodic_table_public_panel_benchmark.json	ledger_b_structural_corrections	0
periodic_table_public_panel_benchmark.json	genuine_predictions	51
periodic_table_public_panel_benchmark.json	genuine_over_0.5pct	0
periodic_table_public_panel_benchmark.json	genuine_median_error_pct	9.441979038449081e-05
periodic_table_public_panel_benchmark.json	green_parity_vs_corrected	True -> True
petrology_geochemistry_panel_benchmark.json	scalars	80
petrology_geochemistry_panel_benchmark.json	over_0.5pct_stored_vs_recomputed	0 -> 0
petrology_geochemistry_panel_benchmark.json	stored_error_disagrees_with_fields	25
petrology_geochemistry_panel_benchmark.json	stored_only_not_recomputable	0
petrology_geochemistry_panel_benchmark.json	ledger_b_structural_corrections	80
petrology_geochemistry_panel_benchmark.json	genuine_predictions	0
petrology_geochemistry_panel_benchmark.json	genuine_over_0.5pct	0
petrology_geochemistry_panel_benchmark.json	genuine_median_error_pct	None
petrology_geochemistry_panel_benchmark.json	green_parity_vs_corrected	True -> True
pharmacokinetics_gap_fill_benchmark.json	green_parity_vs_corrected	True -> True
pharmacology_benchmark.json	scalars	120
pharmacology_benchmark.json	over_0.5pct_stored_vs_recomputed	0 -> 0
pharmacology_benchmark.json	stored_error_disagrees_with_fields	0
pharmacology_benchmark.json	stored_only_not_recomputable	0
pharmacology_benchmark.json	ledger_b_structural_corrections	0
pharmacology_benchmark.json	genuine_predictions	120
pharmacology_benchmark.json	genuine_over_0.5pct	0
pharmacology_benchmark.json	genuine_median_error_pct	0.001166649119945485
pharmacology_benchmark.json	green_parity_vs_corrected	True -> True
phi_morphogenetic_scaling_benchmark.json	scalars	289
phi_morphogenetic_scaling_benchmark.json	over_0.5pct_stored_vs_recomputed	0 -> 0
phi_morphogenetic_scaling_benchmark.json	stored_error_disagrees_with_fields	142
phi_morphogenetic_scaling_benchmark.json	stored_only_not_recomputable	0
phi_morphogenetic_scaling_benchmark.json	ledger_b_structural_corrections	0
phi_morphogenetic_scaling_benchmark.json	genuine_predictions	289
phi_morphogenetic_scaling_benchmark.json	genuine_over_0.5pct	0
phi_morphogenetic_scaling_benchmark.json	genuine_median_error_pct	0.01730403235763547
phi_morphogenetic_scaling_benchmark.json	green_parity_vs_corrected	True -> True
physarum_biological_cuda_panel_benchmark.json	scalars	22
physarum_biological_cuda_panel_benchmark.json	over_0.5pct_stored_vs_recomputed	0 -> 0
physarum_biological_cuda_panel_benchmark.json	stored_error_disagrees_with_fields	6
physarum_biological_cuda_panel_benchmark.json	stored_only_not_recomputable	2
physarum_biological_cuda_panel_benchmark.json	zero_target_rows_kept_stored	2
physarum_biological_cuda_panel_benchmark.json	ledger_b_structural_corrections	8
physarum_biological_cuda_panel_benchmark.json	genuine_predictions	14
physarum_biological_cuda_panel_benchmark.json	genuine_over_0.5pct	0
physarum_biological_cuda_panel_benchmark.json	genuine_median_error_pct	5.921189464667502e-15
physarum_biological_cuda_panel_benchmark.json	green_parity_vs_corrected	True -> True
planetary_atmospheres_benchmark.json	scalars	21
planetary_atmospheres_benchmark.json	over_0.5pct_stored_vs_recomputed	0 -> 0
planetary_atmospheres_benchmark.json	stored_error_disagrees_with_fields	1
planetary_atmospheres_benchmark.json	stored_only_not_recomputable	2
planetary_atmospheres_benchmark.json	computed_rounded_rows_kept_stored	2
planetary_atmospheres_benchmark.json	ledger_b_structural_corrections	0
planetary_atmospheres_benchmark.json	genuine_predictions	21
planetary_atmospheres_benchmark.json	genuine_over_0.5pct	0
planetary_atmospheres_benchmark.json	genuine_median_error_pct	0.0
planetary_atmospheres_benchmark.json	green_parity_vs_corrected	True -> True
planetary_structure_benchmark.json	scalars	20
planetary_structure_benchmark.json	over_0.5pct_stored_vs_recomputed	0 -> 0
planetary_structure_benchmark.json	stored_error_disagrees_with_fields	0
planetary_structure_benchmark.json	stored_only_not_recomputable	0
planetary_structure_benchmark.json	ledger_b_structural_corrections	0
planetary_structure_benchmark.json	genuine_predictions	20
planetary_structure_benchmark.json	genuine_over_0.5pct	0
planetary_structure_benchmark.json	genuine_median_error_pct	0.0
planetary_structure_benchmark.json	green_parity_vs_corrected	True -> True
plasma_physics_benchmark.json	scalars	20
plasma_physics_benchmark.json	over_0.5pct_stored_vs_recomputed	0 -> 0
plasma_physics_benchmark.json	stored_error_disagrees_with_fields	0
plasma_physics_benchmark.json	stored_only_not_recomputable	4
plasma_physics_benchmark.json	zero_target_rows_kept_stored	4
plasma_physics_benchmark.json	ledger_b_structural_corrections	0
plasma_physics_benchmark.json	genuine_predictions	20
plasma_physics_benchmark.json	genuine_over_0.5pct	0
plasma_physics_benchmark.json	genuine_median_error_pct	0.0
plasma_physics_benchmark.json	green_parity_vs_corrected	True -> True
portable_clone_verify_benchmark.json	scalars	418
portable_clone_verify_benchmark.json	over_0.5pct_stored_vs_recomputed	0 -> 0
portable_clone_verify_benchmark.json	stored_error_disagrees_with_fields	0
portable_clone_verify_benchmark.json	stored_only_not_recomputable	0
portable_clone_verify_benchmark.json	ledger_b_structural_corrections	0
portable_clone_verify_benchmark.json	genuine_predictions	418
portable_clone_verify_benchmark.json	genuine_over_0.5pct	0
portable_clone_verify_benchmark.json	genuine_median_error_pct	0.0
portable_clone_verify_benchmark.json	green_parity_vs_corrected	True -> True
prediction_rederivation_benchmark.json	scalars	23
prediction_rederivation_benchmark.json	over_0.5pct_stored_vs_recomputed	0 -> 0
prediction_rederivation_benchmark.json	stored_error_disagrees_with_fields	0
prediction_rederivation_benchmark.json	stored_only_not_recomputable	2
prediction_rederivation_benchmark.json	zero_target_rows_kept_stored	2
prediction_rederivation_benchmark.json	ledger_b_structural_corrections	0
prediction_rederivation_benchmark.json	genuine_predictions	23
prediction_rederivation_benchmark.json	genuine_over_0.5pct	0
prediction_rederivation_benchmark.json	genuine_median_error_pct	0.0005618458987473253
prediction_rederivation_benchmark.json	green_parity_vs_corrected	True -> True
preregistered_outcome_tracking_benchmark.json	scalars	36
preregistered_outcome_tracking_benchmark.json	over_0.5pct_stored_vs_recomputed	0 -> 0
preregistered_outcome_tracking_benchmark.json	stored_error_disagrees_with_fields	0
preregistered_outcome_tracking_benchmark.json	stored_only_not_recomputable	1
preregistered_outcome_tracking_benchmark.json	zero_target_rows_kept_stored	1
preregistered_outcome_tracking_benchmark.json	ledger_b_structural_corrections	0
preregistered_outcome_tracking_benchmark.json	genuine_predictions	36
preregistered_outcome_tracking_benchmark.json	genuine_over_0.5pct	0
preregistered_outcome_tracking_benchmark.json	genuine_median_error_pct	0.0
preregistered_outcome_tracking_benchmark.json	green_parity_vs_corrected	True -> True
preregistered_predictions_benchmark.json	scalars	35
preregistered_predictions_benchmark.json	over_0.5pct_stored_vs_recomputed	0 -> 0
preregistered_predictions_benchmark.json	stored_error_disagrees_with_fields	20
preregistered_predictions_benchmark.json	stored_only_not_recomputable	1
preregistered_predictions_benchmark.json	computed_rounded_rows_kept_stored	1
preregistered_predictions_benchmark.json	ledger_b_structural_corrections	0
preregistered_predictions_benchmark.json	genuine_predictions	35
preregistered_predictions_benchmark.json	genuine_over_0.5pct	0
preregistered_predictions_benchmark.json	genuine_median_error_pct	0.02009823784840666
preregistered_predictions_benchmark.json	green_parity_vs_corrected	True -> True
preregistered_predictions_verification_scaffold_benchmark.json	scalars	59
preregistered_predictions_verification_scaffold_benchmark.json	over_0.5pct_stored_vs_recomputed	0 -> 0
preregistered_predictions_verification_scaffold_benchmark.json	stored_error_disagrees_with_fields	0
preregistered_predictions_verification_scaffold_benchmark.json	stored_only_not_recomputable	13
preregistered_predictions_verification_scaffold_benchmark.json	zero_target_rows_kept_stored	13
preregistered_predictions_verification_scaffold_benchmark.json	ledger_b_structural_corrections	0
preregistered_predictions_verification_scaffold_benchmark.json	genuine_predictions	59
preregistered_predictions_verification_scaffold_benchmark.json	genuine_over_0.5pct	0
preregistered_predictions_verification_scaffold_benchmark.json	genuine_median_error_pct	0.0
preregistered_predictions_verification_scaffold_benchmark.json	green_parity_vs_corrected	True -> True
programming_language_laws_benchmark.json	scalars	74
programming_language_laws_benchmark.json	over_0.5pct_stored_vs_recomputed	0 -> 1
programming_language_laws_benchmark.json	stored_error_disagrees_with_fields	7
programming_language_laws_benchmark.json	stored_only_not_recomputable	30
programming_language_laws_benchmark.json	ledger_b_structural_corrections	0
programming_language_laws_benchmark.json	genuine_predictions	74
programming_language_laws_benchmark.json	genuine_over_0.5pct	1
programming_language_laws_benchmark.json	genuine_median_error_pct	0.0
programming_language_laws_benchmark.json	green_parity_vs_corrected	True -> False
proof_carrying_code_genome_benchmark.json	scalars	25
proof_carrying_code_genome_benchmark.json	over_0.5pct_stored_vs_recomputed	0 -> 0
proof_carrying_code_genome_benchmark.json	stored_error_disagrees_with_fields	24
proof_carrying_code_genome_benchmark.json	stored_only_not_recomputable	0
proof_carrying_code_genome_benchmark.json	ledger_b_structural_corrections	0
proof_carrying_code_genome_benchmark.json	genuine_predictions	25
proof_carrying_code_genome_benchmark.json	genuine_over_0.5pct	0
proof_carrying_code_genome_benchmark.json	genuine_median_error_pct	0.005199999999994098
proof_carrying_code_genome_benchmark.json	green_parity_vs_corrected	True -> True
proof_ledger_closure_spine_benchmark.json	scalars	14
proof_ledger_closure_spine_benchmark.json	over_0.5pct_stored_vs_recomputed	0 -> 0
proof_ledger_closure_spine_benchmark.json	stored_error_disagrees_with_fields	0
proof_ledger_closure_spine_benchmark.json	stored_only_not_recomputable	1
proof_ledger_closure_spine_benchmark.json	zero_target_rows_kept_stored	1
proof_ledger_closure_spine_benchmark.json	ledger_b_structural_corrections	0
proof_ledger_closure_spine_benchmark.json	genuine_predictions	14
proof_ledger_closure_spine_benchmark.json	genuine_over_0.5pct	0
proof_ledger_closure_spine_benchmark.json	genuine_median_error_pct	0.0
proof_ledger_closure_spine_benchmark.json	green_parity_vs_corrected	True -> True
proton_lean_route_credibility_benchmark.json	scalars	58
proton_lean_route_credibility_benchmark.json	over_0.5pct_stored_vs_recomputed	0 -> 0
proton_lean_route_credibility_benchmark.json	stored_error_disagrees_with_fields	15
proton_lean_route_credibility_benchmark.json	stored_only_not_recomputable	0
proton_lean_route_credibility_benchmark.json	ledger_b_structural_corrections	48
proton_lean_route_credibility_benchmark.json	genuine_predictions	10
proton_lean_route_credibility_benchmark.json	genuine_over_0.5pct	0
proton_lean_route_credibility_benchmark.json	genuine_median_error_pct	0.02591643896574175
proton_lean_route_credibility_benchmark.json	green_parity_vs_corrected	True -> True
psychology_gap_fill_benchmark.json	green_parity_vs_corrected	True -> True
psychology_psychometrics_depth_panel_benchmark.json	scalars	24
psychology_psychometrics_depth_panel_benchmark.json	over_0.5pct_stored_vs_recomputed	0 -> 0
psychology_psychometrics_depth_panel_benchmark.json	stored_error_disagrees_with_fields	7
psychology_psychometrics_depth_panel_benchmark.json	stored_only_not_recomputable	2
psychology_psychometrics_depth_panel_benchmark.json	zero_target_rows_kept_stored	2
psychology_psychometrics_depth_panel_benchmark.json	ledger_b_structural_corrections	12
psychology_psychometrics_depth_panel_benchmark.json	genuine_predictions	12
psychology_psychometrics_depth_panel_benchmark.json	genuine_over_0.5pct	0
psychology_psychometrics_depth_panel_benchmark.json	genuine_median_error_pct	0.0
psychology_psychometrics_depth_panel_benchmark.json	green_parity_vs_corrected	True -> True
pubchem_compound_properties_benchmark.json	scalars	500
pubchem_compound_properties_benchmark.json	over_0.5pct_stored_vs_recomputed	0 -> 0
pubchem_compound_properties_benchmark.json	stored_error_disagrees_with_fields	0
pubchem_compound_properties_benchmark.json	stored_only_not_recomputable	0
pubchem_compound_properties_benchmark.json	ledger_b_structural_corrections	0
pubchem_compound_properties_benchmark.json	genuine_predictions	500
pubchem_compound_properties_benchmark.json	genuine_over_0.5pct	0
pubchem_compound_properties_benchmark.json	genuine_median_error_pct	0.0024064677142409036
pubchem_compound_properties_benchmark.json	green_parity_vs_corrected	True -> True
pubchem_depth_open_benchmark.json	scalars	76
pubchem_depth_open_benchmark.json	over_0.5pct_stored_vs_recomputed	0 -> 0
pubchem_depth_open_benchmark.json	stored_error_disagrees_with_fields	8
pubchem_depth_open_benchmark.json	stored_only_not_recomputable	0
pubchem_depth_open_benchmark.json	ledger_b_structural_corrections	76
pubchem_depth_open_benchmark.json	genuine_predictions	0
pubchem_depth_open_benchmark.json	genuine_over_0.5pct	0
pubchem_depth_open_benchmark.json	genuine_median_error_pct	None
pubchem_depth_open_benchmark.json	green_parity_vs_corrected	True -> True
pubchem_live_deep_benchmark.json	scalars	1953
pubchem_live_deep_benchmark.json	over_0.5pct_stored_vs_recomputed	0 -> 0
pubchem_live_deep_benchmark.json	stored_error_disagrees_with_fields	333
pubchem_live_deep_benchmark.json	stored_only_not_recomputable	38
pubchem_live_deep_benchmark.json	zero_target_rows_kept_stored	38
pubchem_live_deep_benchmark.json	ledger_b_structural_corrections	1953
pubchem_live_deep_benchmark.json	genuine_predictions	0
pubchem_live_deep_benchmark.json	genuine_over_0.5pct	0
pubchem_live_deep_benchmark.json	genuine_median_error_pct	None
pubchem_live_deep_benchmark.json	green_parity_vs_corrected	True -> True
pubchem_stability_panel_benchmark.json	scalars	58
pubchem_stability_panel_benchmark.json	over_0.5pct_stored_vs_recomputed	0 -> 0
pubchem_stability_panel_benchmark.json	stored_error_disagrees_with_fields	0
pubchem_stability_panel_benchmark.json	stored_only_not_recomputable	0
pubchem_stability_panel_benchmark.json	ledger_b_structural_corrections	0
pubchem_stability_panel_benchmark.json	genuine_predictions	58
pubchem_stability_panel_benchmark.json	genuine_over_0.5pct	0
pubchem_stability_panel_benchmark.json	genuine_median_error_pct	0.0024238898584426276
pubchem_stability_panel_benchmark.json	green_parity_vs_corrected	True -> True
public_verifiable_spine_benchmark.json	scalars	5
public_verifiable_spine_benchmark.json	over_0.5pct_stored_vs_recomputed	0 -> 0
public_verifiable_spine_benchmark.json	stored_error_disagrees_with_fields	0
public_verifiable_spine_benchmark.json	stored_only_not_recomputable	0
public_verifiable_spine_benchmark.json	ledger_b_structural_corrections	0
public_verifiable_spine_benchmark.json	genuine_predictions	5
public_verifiable_spine_benchmark.json	genuine_over_0.5pct	0
public_verifiable_spine_benchmark.json	genuine_median_error_pct	0.0
public_verifiable_spine_benchmark.json	green_parity_vs_corrected	True -> True
published_fuel_property_panel_benchmark.json	scalars	30
published_fuel_property_panel_benchmark.json	over_0.5pct_stored_vs_recomputed	0 -> 0
published_fuel_property_panel_benchmark.json	stored_error_disagrees_with_fields	0
published_fuel_property_panel_benchmark.json	stored_only_not_recomputable	0
published_fuel_property_panel_benchmark.json	ledger_b_structural_corrections	0
published_fuel_property_panel_benchmark.json	genuine_predictions	30
published_fuel_property_panel_benchmark.json	genuine_over_0.5pct	0
published_fuel_property_panel_benchmark.json	genuine_median_error_pct	0.0
published_fuel_property_panel_benchmark.json	green_parity_vs_corrected	True -> True
pure_mathematics_extension_benchmark.json	scalars	1578
pure_mathematics_extension_benchmark.json	over_0.5pct_stored_vs_recomputed	0 -> 0
pure_mathematics_extension_benchmark.json	stored_error_disagrees_with_fields	0
pure_mathematics_extension_benchmark.json	stored_only_not_recomputable	0
pure_mathematics_extension_benchmark.json	ledger_b_structural_corrections	0
pure_mathematics_extension_benchmark.json	genuine_predictions	1578
pure_mathematics_extension_benchmark.json	genuine_over_0.5pct	0
pure_mathematics_extension_benchmark.json	genuine_median_error_pct	0.0
pure_mathematics_extension_benchmark.json	green_parity_vs_corrected	True -> True
pure_mathematics_panel_benchmark.json	scalars	44
pure_mathematics_panel_benchmark.json	over_0.5pct_stored_vs_recomputed	0 -> 0
pure_mathematics_panel_benchmark.json	stored_error_disagrees_with_fields	34
pure_mathematics_panel_benchmark.json	stored_only_not_recomputable	0
pure_mathematics_panel_benchmark.json	ledger_b_structural_corrections	44
pure_mathematics_panel_benchmark.json	genuine_predictions	0
pure_mathematics_panel_benchmark.json	genuine_over_0.5pct	0
pure_mathematics_panel_benchmark.json	genuine_median_error_pct	None
pure_mathematics_panel_benchmark.json	green_parity_vs_corrected	True -> True
qce_elm_fusion_edge_panel_benchmark.json	scalars	42
qce_elm_fusion_edge_panel_benchmark.json	over_0.5pct_stored_vs_recomputed	0 -> 0
qce_elm_fusion_edge_panel_benchmark.json	stored_error_disagrees_with_fields	0
qce_elm_fusion_edge_panel_benchmark.json	stored_only_not_recomputable	0
qce_elm_fusion_edge_panel_benchmark.json	inequality_bound_rows	1
qce_elm_fusion_edge_panel_benchmark.json	ledger_b_structural_corrections	0
qce_elm_fusion_edge_panel_benchmark.json	genuine_predictions	42
qce_elm_fusion_edge_panel_benchmark.json	genuine_over_0.5pct	0
qce_elm_fusion_edge_panel_benchmark.json	genuine_median_error_pct	0.0
qce_elm_fusion_edge_panel_benchmark.json	green_parity_vs_corrected	True -> True
quantum_computing_gap_fill_benchmark.json	green_parity_vs_corrected	True -> True
quantum_computing_math_depth_panel_benchmark.json	scalars	64
quantum_computing_math_depth_panel_benchmark.json	over_0.5pct_stored_vs_recomputed	0 -> 0
quantum_computing_math_depth_panel_benchmark.json	stored_error_disagrees_with_fields	43
quantum_computing_math_depth_panel_benchmark.json	stored_only_not_recomputable	1
quantum_computing_math_depth_panel_benchmark.json	computed_rounded_rows_kept_stored	1
quantum_computing_math_depth_panel_benchmark.json	ledger_b_structural_corrections	64
quantum_computing_math_depth_panel_benchmark.json	genuine_predictions	0
quantum_computing_math_depth_panel_benchmark.json	genuine_over_0.5pct	0
quantum_computing_math_depth_panel_benchmark.json	genuine_median_error_pct	None
quantum_computing_math_depth_panel_benchmark.json	green_parity_vs_corrected	True -> True
quantum_information_benchmark.json	scalars	20
quantum_information_benchmark.json	over_0.5pct_stored_vs_recomputed	0 -> 0
quantum_information_benchmark.json	stored_error_disagrees_with_fields	0
quantum_information_benchmark.json	stored_only_not_recomputable	0
quantum_information_benchmark.json	ledger_b_structural_corrections	0
quantum_information_benchmark.json	genuine_predictions	20
quantum_information_benchmark.json	genuine_over_0.5pct	0
quantum_information_benchmark.json	genuine_median_error_pct	0.0
quantum_information_benchmark.json	green_parity_vs_corrected	True -> True
quantum_materials_benchmark.json	scalars	168
quantum_materials_benchmark.json	over_0.5pct_stored_vs_recomputed	0 -> 0
quantum_materials_benchmark.json	stored_error_disagrees_with_fields	1
quantum_materials_benchmark.json	stored_only_not_recomputable	2
quantum_materials_benchmark.json	zero_target_rows_kept_stored	2
quantum_materials_benchmark.json	ledger_b_structural_corrections	0
quantum_materials_benchmark.json	genuine_predictions	168
quantum_materials_benchmark.json	genuine_over_0.5pct	0
quantum_materials_benchmark.json	genuine_median_error_pct	0.021206885202496053
quantum_materials_benchmark.json	green_parity_vs_corrected	True -> True
quantum_mechanics_entanglement_depth_panel_benchmark.json	scalars	21
quantum_mechanics_entanglement_depth_panel_benchmark.json	over_0.5pct_stored_vs_recomputed	0 -> 0
quantum_mechanics_entanglement_depth_panel_benchmark.json	stored_error_disagrees_with_fields	6
quantum_mechanics_entanglement_depth_panel_benchmark.json	stored_only_not_recomputable	4
quantum_mechanics_entanglement_depth_panel_benchmark.json	zero_target_rows_kept_stored	2
quantum_mechanics_entanglement_depth_panel_benchmark.json	computed_rounded_rows_kept_stored	2
quantum_mechanics_entanglement_depth_panel_benchmark.json	ledger_b_structural_corrections	11
quantum_mechanics_entanglement_depth_panel_benchmark.json	genuine_predictions	10
quantum_mechanics_entanglement_depth_panel_benchmark.json	genuine_over_0.5pct	0
quantum_mechanics_entanglement_depth_panel_benchmark.json	genuine_median_error_pct	0.0
quantum_mechanics_entanglement_depth_panel_benchmark.json	green_parity_vs_corrected	True -> True
quantum_mechanics_gap_fill_benchmark.json	green_parity_vs_corrected	True -> True
quantum_optics_gap_fill_benchmark.json	green_parity_vs_corrected	True -> True
quantum_trinary_syntax_benchmark.json	scalars	26
quantum_trinary_syntax_benchmark.json	over_0.5pct_stored_vs_recomputed	0 -> 0
quantum_trinary_syntax_benchmark.json	stored_error_disagrees_with_fields	13
quantum_trinary_syntax_benchmark.json	stored_only_not_recomputable	0
quantum_trinary_syntax_benchmark.json	ledger_b_structural_corrections	17
quantum_trinary_syntax_benchmark.json	genuine_predictions	9
quantum_trinary_syntax_benchmark.json	genuine_over_0.5pct	0
quantum_trinary_syntax_benchmark.json	genuine_median_error_pct	0.0
quantum_trinary_syntax_benchmark.json	green_parity_vs_corrected	True -> True
radio_astronomy_panel_benchmark.json	scalars	30
radio_astronomy_panel_benchmark.json	over_0.5pct_stored_vs_recomputed	0 -> 0
radio_astronomy_panel_benchmark.json	stored_error_disagrees_with_fields	8
radio_astronomy_panel_benchmark.json	stored_only_not_recomputable	2
radio_astronomy_panel_benchmark.json	zero_target_rows_kept_stored	2
radio_astronomy_panel_benchmark.json	ledger_b_structural_corrections	30
radio_astronomy_panel_benchmark.json	genuine_predictions	0
radio_astronomy_panel_benchmark.json	genuine_over_0.5pct	0
radio_astronomy_panel_benchmark.json	genuine_median_error_pct	None
radio_astronomy_panel_benchmark.json	green_parity_vs_corrected	True -> True
rcsb_pdb_structures_benchmark.json	green_parity_vs_corrected	True -> True
rcsb_structure_batch_open_benchmark.json	scalars	91
rcsb_structure_batch_open_benchmark.json	over_0.5pct_stored_vs_recomputed	0 -> 0
rcsb_structure_batch_open_benchmark.json	stored_error_disagrees_with_fields	52
rcsb_structure_batch_open_benchmark.json	stored_only_not_recomputable	0
rcsb_structure_batch_open_benchmark.json	ledger_b_structural_corrections	91
rcsb_structure_batch_open_benchmark.json	genuine_predictions	0
rcsb_structure_batch_open_benchmark.json	genuine_over_0.5pct	0
rcsb_structure_batch_open_benchmark.json	genuine_median_error_pct	None
rcsb_structure_batch_open_benchmark.json	green_parity_vs_corrected	True -> True
rd_interval_tightening_panel_benchmark.json	scalars	23
rd_interval_tightening_panel_benchmark.json	over_0.5pct_stored_vs_recomputed	0 -> 0
rd_interval_tightening_panel_benchmark.json	stored_error_disagrees_with_fields	0
rd_interval_tightening_panel_benchmark.json	stored_only_not_recomputable	2
rd_interval_tightening_panel_benchmark.json	zero_target_rows_kept_stored	2
rd_interval_tightening_panel_benchmark.json	ledger_b_structural_corrections	0
rd_interval_tightening_panel_benchmark.json	genuine_predictions	23
rd_interval_tightening_panel_benchmark.json	genuine_over_0.5pct	0
rd_interval_tightening_panel_benchmark.json	genuine_median_error_pct	1.2688263138573217e-14
rd_interval_tightening_panel_benchmark.json	green_parity_vs_corrected	True -> True
reality_folding_spine_benchmark.json	scalars	24
reality_folding_spine_benchmark.json	over_0.5pct_stored_vs_recomputed	0 -> 0
reality_folding_spine_benchmark.json	stored_error_disagrees_with_fields	5
reality_folding_spine_benchmark.json	stored_only_not_recomputable	2
reality_folding_spine_benchmark.json	zero_target_rows_kept_stored	2
reality_folding_spine_benchmark.json	ledger_b_structural_corrections	0
reality_folding_spine_benchmark.json	genuine_predictions	24
reality_folding_spine_benchmark.json	genuine_over_0.5pct	0
reality_folding_spine_benchmark.json	genuine_median_error_pct	1.0883031415736305e-05
reality_folding_spine_benchmark.json	green_parity_vs_corrected	True -> True
recent_breakthroughs_expansion_panel_benchmark.json	scalars	62
recent_breakthroughs_expansion_panel_benchmark.json	over_0.5pct_stored_vs_recomputed	0 -> 0
recent_breakthroughs_expansion_panel_benchmark.json	stored_error_disagrees_with_fields	0
recent_breakthroughs_expansion_panel_benchmark.json	stored_only_not_recomputable	2
recent_breakthroughs_expansion_panel_benchmark.json	zero_target_rows_kept_stored	2
recent_breakthroughs_expansion_panel_benchmark.json	ledger_b_structural_corrections	0
recent_breakthroughs_expansion_panel_benchmark.json	genuine_predictions	62
recent_breakthroughs_expansion_panel_benchmark.json	genuine_over_0.5pct	0
recent_breakthroughs_expansion_panel_benchmark.json	genuine_median_error_pct	0.0
recent_breakthroughs_expansion_panel_benchmark.json	green_parity_vs_corrected	True -> True
robotics_control_systems_extension_benchmark.json	scalars	44
robotics_control_systems_extension_benchmark.json	over_0.5pct_stored_vs_recomputed	0 -> 0
robotics_control_systems_extension_benchmark.json	stored_error_disagrees_with_fields	7
robotics_control_systems_extension_benchmark.json	stored_only_not_recomputable	3
robotics_control_systems_extension_benchmark.json	zero_target_rows_kept_stored	1
robotics_control_systems_extension_benchmark.json	ledger_b_structural_corrections	0
robotics_control_systems_extension_benchmark.json	genuine_predictions	44
robotics_control_systems_extension_benchmark.json	genuine_over_0.5pct	0
robotics_control_systems_extension_benchmark.json	genuine_median_error_pct	0.0
robotics_control_systems_extension_benchmark.json	green_parity_vs_corrected	True -> True
robotics_control_systems_panel_benchmark.json	scalars	24
robotics_control_systems_panel_benchmark.json	over_0.5pct_stored_vs_recomputed	0 -> 0
robotics_control_systems_panel_benchmark.json	stored_error_disagrees_with_fields	8
robotics_control_systems_panel_benchmark.json	stored_only_not_recomputable	0
robotics_control_systems_panel_benchmark.json	ledger_b_structural_corrections	19
robotics_control_systems_panel_benchmark.json	genuine_predictions	5
robotics_control_systems_panel_benchmark.json	genuine_over_0.5pct	0
robotics_control_systems_panel_benchmark.json	genuine_median_error_pct	0.0
robotics_control_systems_panel_benchmark.json	green_parity_vs_corrected	True -> True
rust_lean_bridge_benchmark.json	scalars	8
rust_lean_bridge_benchmark.json	over_0.5pct_stored_vs_recomputed	0 -> 0
rust_lean_bridge_benchmark.json	stored_error_disagrees_with_fields	0
rust_lean_bridge_benchmark.json	stored_only_not_recomputable	0
rust_lean_bridge_benchmark.json	ledger_b_structural_corrections	0
rust_lean_bridge_benchmark.json	genuine_predictions	8
rust_lean_bridge_benchmark.json	genuine_over_0.5pct	0
rust_lean_bridge_benchmark.json	genuine_median_error_pct	0.0
rust_lean_bridge_benchmark.json	green_parity_vs_corrected	True -> True
rust_lean_bridge_panel_benchmark.json	scalars	19
rust_lean_bridge_panel_benchmark.json	over_0.5pct_stored_vs_recomputed	0 -> 0
rust_lean_bridge_panel_benchmark.json	stored_error_disagrees_with_fields	5
rust_lean_bridge_panel_benchmark.json	stored_only_not_recomputable	3
rust_lean_bridge_panel_benchmark.json	zero_target_rows_kept_stored	3
rust_lean_bridge_panel_benchmark.json	ledger_b_structural_corrections	6
rust_lean_bridge_panel_benchmark.json	genuine_predictions	13
rust_lean_bridge_panel_benchmark.json	genuine_over_0.5pct	0
rust_lean_bridge_panel_benchmark.json	genuine_median_error_pct	0.0
rust_lean_bridge_panel_benchmark.json	green_parity_vs_corrected	True -> True
scalar_solver_35_panel_benchmark.json	scalars	20
scalar_solver_35_panel_benchmark.json	over_0.5pct_stored_vs_recomputed	0 -> 0
scalar_solver_35_panel_benchmark.json	stored_error_disagrees_with_fields	2
scalar_solver_35_panel_benchmark.json	stored_only_not_recomputable	2
scalar_solver_35_panel_benchmark.json	zero_target_rows_kept_stored	2
scalar_solver_35_panel_benchmark.json	ledger_b_structural_corrections	9
scalar_solver_35_panel_benchmark.json	genuine_predictions	11
scalar_solver_35_panel_benchmark.json	genuine_over_0.5pct	0
scalar_solver_35_panel_benchmark.json	genuine_median_error_pct	0.0
scalar_solver_35_panel_benchmark.json	green_parity_vs_corrected	True -> True
schematic_netlist_intrinsic_panel_benchmark.json	scalars	27
schematic_netlist_intrinsic_panel_benchmark.json	over_0.5pct_stored_vs_recomputed	0 -> 0
schematic_netlist_intrinsic_panel_benchmark.json	stored_error_disagrees_with_fields	13
schematic_netlist_intrinsic_panel_benchmark.json	stored_only_not_recomputable	1
schematic_netlist_intrinsic_panel_benchmark.json	computed_rounded_rows_kept_stored	1
schematic_netlist_intrinsic_panel_benchmark.json	ledger_b_structural_corrections	17
schematic_netlist_intrinsic_panel_benchmark.json	genuine_predictions	10
schematic_netlist_intrinsic_panel_benchmark.json	genuine_over_0.5pct	0
schematic_netlist_intrinsic_panel_benchmark.json	genuine_median_error_pct	0.0
schematic_netlist_intrinsic_panel_benchmark.json	green_parity_vs_corrected	True -> True
scientific_expansion_depth_spine_benchmark.json	scalars	68
scientific_expansion_depth_spine_benchmark.json	over_0.5pct_stored_vs_recomputed	0 -> 0
scientific_expansion_depth_spine_benchmark.json	stored_error_disagrees_with_fields	15
scientific_expansion_depth_spine_benchmark.json	stored_only_not_recomputable	5
scientific_expansion_depth_spine_benchmark.json	zero_target_rows_kept_stored	5
scientific_expansion_depth_spine_benchmark.json	ledger_b_structural_corrections	0
scientific_expansion_depth_spine_benchmark.json	genuine_predictions	68
scientific_expansion_depth_spine_benchmark.json	genuine_over_0.5pct	0
scientific_expansion_depth_spine_benchmark.json	genuine_median_error_pct	0.03384036013117099
scientific_expansion_depth_spine_benchmark.json	green_parity_vs_corrected	True -> True
scientific_expansion_depth_wave2_spine_benchmark.json	scalars	8
scientific_expansion_depth_wave2_spine_benchmark.json	over_0.5pct_stored_vs_recomputed	0 -> 0
scientific_expansion_depth_wave2_spine_benchmark.json	stored_error_disagrees_with_fields	0
scientific_expansion_depth_wave2_spine_benchmark.json	stored_only_not_recomputable	0
scientific_expansion_depth_wave2_spine_benchmark.json	ledger_b_structural_corrections	0
scientific_expansion_depth_wave2_spine_benchmark.json	genuine_predictions	8
scientific_expansion_depth_wave2_spine_benchmark.json	genuine_over_0.5pct	0
scientific_expansion_depth_wave2_spine_benchmark.json	genuine_median_error_pct	0.0
scientific_expansion_depth_wave2_spine_benchmark.json	green_parity_vs_corrected	True -> True
scientific_expansion_spine_benchmark.json	scalars	10
scientific_expansion_spine_benchmark.json	over_0.5pct_stored_vs_recomputed	0 -> 0
scientific_expansion_spine_benchmark.json	stored_error_disagrees_with_fields	0
scientific_expansion_spine_benchmark.json	stored_only_not_recomputable	0
scientific_expansion_spine_benchmark.json	ledger_b_structural_corrections	0
scientific_expansion_spine_benchmark.json	genuine_predictions	10
scientific_expansion_spine_benchmark.json	genuine_over_0.5pct	0
scientific_expansion_spine_benchmark.json	genuine_median_error_pct	0.0
scientific_expansion_spine_benchmark.json	green_parity_vs_corrected	True -> True
scientific_expansion_wave2_spine_benchmark.json	scalars	10
scientific_expansion_wave2_spine_benchmark.json	over_0.5pct_stored_vs_recomputed	0 -> 0
scientific_expansion_wave2_spine_benchmark.json	stored_error_disagrees_with_fields	0
scientific_expansion_wave2_spine_benchmark.json	stored_only_not_recomputable	0
scientific_expansion_wave2_spine_benchmark.json	ledger_b_structural_corrections	0
scientific_expansion_wave2_spine_benchmark.json	genuine_predictions	10
scientific_expansion_wave2_spine_benchmark.json	genuine_over_0.5pct	0
scientific_expansion_wave2_spine_benchmark.json	genuine_median_error_pct	0.0
scientific_expansion_wave2_spine_benchmark.json	green_parity_vs_corrected	True -> True
scientific_expansion_wave3_spine_benchmark.json	scalars	10
scientific_expansion_wave3_spine_benchmark.json	over_0.5pct_stored_vs_recomputed	0 -> 0
scientific_expansion_wave3_spine_benchmark.json	stored_error_disagrees_with_fields	0
scientific_expansion_wave3_spine_benchmark.json	stored_only_not_recomputable	0
scientific_expansion_wave3_spine_benchmark.json	ledger_b_structural_corrections	0
scientific_expansion_wave3_spine_benchmark.json	genuine_predictions	10
scientific_expansion_wave3_spine_benchmark.json	genuine_over_0.5pct	0
scientific_expansion_wave3_spine_benchmark.json	genuine_median_error_pct	0.0
scientific_expansion_wave3_spine_benchmark.json	green_parity_vs_corrected	True -> True
secure_software_engineering_cybersecurity_benchmark.json	scalars	54
secure_software_engineering_cybersecurity_benchmark.json	over_0.5pct_stored_vs_recomputed	0 -> 0
secure_software_engineering_cybersecurity_benchmark.json	stored_error_disagrees_with_fields	9
secure_software_engineering_cybersecurity_benchmark.json	stored_only_not_recomputable	4
secure_software_engineering_cybersecurity_benchmark.json	zero_target_rows_kept_stored	2
secure_software_engineering_cybersecurity_benchmark.json	ledger_b_structural_corrections	0
secure_software_engineering_cybersecurity_benchmark.json	genuine_predictions	54
secure_software_engineering_cybersecurity_benchmark.json	genuine_over_0.5pct	0
secure_software_engineering_cybersecurity_benchmark.json	genuine_median_error_pct	0.0
secure_software_engineering_cybersecurity_benchmark.json	green_parity_vs_corrected	True -> True
seismology_benchmark.json	green_parity_vs_corrected	True -> True
seismology_deep_benchmark.json	green_parity_vs_corrected	True -> True
semiconductor_physics_public_panel_benchmark.json	scalars	23
semiconductor_physics_public_panel_benchmark.json	over_0.5pct_stored_vs_recomputed	0 -> 0
semiconductor_physics_public_panel_benchmark.json	stored_error_disagrees_with_fields	0
semiconductor_physics_public_panel_benchmark.json	stored_only_not_recomputable	2
semiconductor_physics_public_panel_benchmark.json	zero_target_rows_kept_stored	2
semiconductor_physics_public_panel_benchmark.json	ledger_b_structural_corrections	0
semiconductor_physics_public_panel_benchmark.json	genuine_predictions	23
semiconductor_physics_public_panel_benchmark.json	genuine_over_0.5pct	0
semiconductor_physics_public_panel_benchmark.json	genuine_median_error_pct	0.0
semiconductor_physics_public_panel_benchmark.json	green_parity_vs_corrected	True -> True
sh0es_full_sample_benchmark.json	scalars	5
sh0es_full_sample_benchmark.json	over_0.5pct_stored_vs_recomputed	0 -> 1
sh0es_full_sample_benchmark.json	stored_error_disagrees_with_fields	1
sh0es_full_sample_benchmark.json	stored_only_not_recomputable	1
sh0es_full_sample_benchmark.json	zero_target_rows_kept_stored	1
sh0es_full_sample_benchmark.json	ledger_b_structural_corrections	5
sh0es_full_sample_benchmark.json	genuine_predictions	0
sh0es_full_sample_benchmark.json	genuine_over_0.5pct	0
sh0es_full_sample_benchmark.json	genuine_median_error_pct	None
sh0es_full_sample_benchmark.json	green_parity_vs_corrected	True -> False
sh0es_ladder_chain_benchmark.json	scalars	4
sh0es_ladder_chain_benchmark.json	over_0.5pct_stored_vs_recomputed	0 -> 0
sh0es_ladder_chain_benchmark.json	stored_error_disagrees_with_fields	0
sh0es_ladder_chain_benchmark.json	stored_only_not_recomputable	0
sh0es_ladder_chain_benchmark.json	ledger_b_structural_corrections	4
sh0es_ladder_chain_benchmark.json	genuine_predictions	0
sh0es_ladder_chain_benchmark.json	genuine_over_0.5pct	0
sh0es_ladder_chain_benchmark.json	genuine_median_error_pct	None
sh0es_ladder_chain_benchmark.json	green_parity_vs_corrected	True -> True
sh0es_refined_benchmark.json	green_parity_vs_corrected	True -> True
simbad_identity_depth_open_benchmark.json	scalars	1364
simbad_identity_depth_open_benchmark.json	over_0.5pct_stored_vs_recomputed	0 -> 0
simbad_identity_depth_open_benchmark.json	stored_error_disagrees_with_fields	198
simbad_identity_depth_open_benchmark.json	stored_only_not_recomputable	0
simbad_identity_depth_open_benchmark.json	ledger_b_structural_corrections	1364
simbad_identity_depth_open_benchmark.json	genuine_predictions	0
simbad_identity_depth_open_benchmark.json	genuine_over_0.5pct	0
simbad_identity_depth_open_benchmark.json	genuine_median_error_pct	None
simbad_identity_depth_open_benchmark.json	green_parity_vs_corrected	True -> True
simbad_stellar_identity_deep_benchmark.json	scalars	520
simbad_stellar_identity_deep_benchmark.json	over_0.5pct_stored_vs_recomputed	0 -> 0
simbad_stellar_identity_deep_benchmark.json	stored_error_disagrees_with_fields	163
simbad_stellar_identity_deep_benchmark.json	stored_only_not_recomputable	0
simbad_stellar_identity_deep_benchmark.json	ledger_b_structural_corrections	520
simbad_stellar_identity_deep_benchmark.json	genuine_predictions	0
simbad_stellar_identity_deep_benchmark.json	genuine_over_0.5pct	0
simbad_stellar_identity_deep_benchmark.json	genuine_median_error_pct	None
simbad_stellar_identity_deep_benchmark.json	green_parity_vs_corrected	True -> True
small_body_orbits_benchmark.json	scalars	23
small_body_orbits_benchmark.json	over_0.5pct_stored_vs_recomputed	0 -> 0
small_body_orbits_benchmark.json	stored_error_disagrees_with_fields	0
small_body_orbits_benchmark.json	stored_only_not_recomputable	2
small_body_orbits_benchmark.json	zero_target_rows_kept_stored	2
small_body_orbits_benchmark.json	ledger_b_structural_corrections	0
small_body_orbits_benchmark.json	genuine_predictions	23
small_body_orbits_benchmark.json	genuine_over_0.5pct	0
small_body_orbits_benchmark.json	genuine_median_error_pct	0.0005618458987473253
small_body_orbits_benchmark.json	green_parity_vs_corrected	True -> True
sociology_gap_fill_benchmark.json	green_parity_vs_corrected	True -> True
soil_science_panel_benchmark.json	scalars	96
soil_science_panel_benchmark.json	over_0.5pct_stored_vs_recomputed	0 -> 0
soil_science_panel_benchmark.json	stored_error_disagrees_with_fields	23
soil_science_panel_benchmark.json	stored_only_not_recomputable	0
soil_science_panel_benchmark.json	ledger_b_structural_corrections	96
soil_science_panel_benchmark.json	genuine_predictions	0
soil_science_panel_benchmark.json	genuine_over_0.5pct	0
soil_science_panel_benchmark.json	genuine_median_error_pct	None
soil_science_panel_benchmark.json	green_parity_vs_corrected	True -> True
solar_system_structure_deep_benchmark.json	green_parity_vs_corrected	True -> True
space_propulsion_systems_benchmark.json	scalars	20
space_propulsion_systems_benchmark.json	over_0.5pct_stored_vs_recomputed	0 -> 0
space_propulsion_systems_benchmark.json	stored_error_disagrees_with_fields	0
space_propulsion_systems_benchmark.json	stored_only_not_recomputable	0
space_propulsion_systems_benchmark.json	ledger_b_structural_corrections	0
space_propulsion_systems_benchmark.json	genuine_predictions	20
space_propulsion_systems_benchmark.json	genuine_over_0.5pct	0
space_propulsion_systems_benchmark.json	genuine_median_error_pct	0.0
space_propulsion_systems_benchmark.json	green_parity_vs_corrected	True -> True
space_weather_benchmark.json	green_parity_vs_corrected	True -> True
space_weather_summary_benchmark.json	green_parity_vs_corrected	True -> True
speleology_extension_benchmark.json	scalars	40
speleology_extension_benchmark.json	over_0.5pct_stored_vs_recomputed	0 -> 0
speleology_extension_benchmark.json	stored_error_disagrees_with_fields	7
speleology_extension_benchmark.json	stored_only_not_recomputable	0
speleology_extension_benchmark.json	ledger_b_structural_corrections	0
speleology_extension_benchmark.json	genuine_predictions	40
speleology_extension_benchmark.json	genuine_over_0.5pct	0
speleology_extension_benchmark.json	genuine_median_error_pct	0.044590155906150286
speleology_extension_benchmark.json	green_parity_vs_corrected	True -> True
speleology_panel_benchmark.json	scalars	24
speleology_panel_benchmark.json	over_0.5pct_stored_vs_recomputed	0 -> 0
speleology_panel_benchmark.json	stored_error_disagrees_with_fields	1
speleology_panel_benchmark.json	stored_only_not_recomputable	2
speleology_panel_benchmark.json	zero_target_rows_kept_stored	2
speleology_panel_benchmark.json	ledger_b_structural_corrections	10
speleology_panel_benchmark.json	genuine_predictions	14
speleology_panel_benchmark.json	genuine_over_0.5pct	0
speleology_panel_benchmark.json	genuine_median_error_pct	5.921189464667502e-15
speleology_panel_benchmark.json	green_parity_vs_corrected	True -> True
sports_biomechanics_gap_fill_benchmark.json	green_parity_vs_corrected	True -> True
star_trek_transporter_live_panel_benchmark.json	green_parity_vs_corrected	True -> True
statistical_mechanics_public_panel_benchmark.json	scalars	23
statistical_mechanics_public_panel_benchmark.json	over_0.5pct_stored_vs_recomputed	0 -> 0
statistical_mechanics_public_panel_benchmark.json	stored_error_disagrees_with_fields	0
statistical_mechanics_public_panel_benchmark.json	stored_only_not_recomputable	2
statistical_mechanics_public_panel_benchmark.json	zero_target_rows_kept_stored	2
statistical_mechanics_public_panel_benchmark.json	ledger_b_structural_corrections	0
statistical_mechanics_public_panel_benchmark.json	genuine_predictions	23
statistical_mechanics_public_panel_benchmark.json	genuine_over_0.5pct	0
statistical_mechanics_public_panel_benchmark.json	genuine_median_error_pct	0.0
statistical_mechanics_public_panel_benchmark.json	green_parity_vs_corrected	True -> True
stellar_multiplicity_catalog_benchmark.json	scalars	17
stellar_multiplicity_catalog_benchmark.json	over_0.5pct_stored_vs_recomputed	0 -> 0
stellar_multiplicity_catalog_benchmark.json	stored_error_disagrees_with_fields	0
stellar_multiplicity_catalog_benchmark.json	stored_only_not_recomputable	0
stellar_multiplicity_catalog_benchmark.json	ledger_b_structural_corrections	0
stellar_multiplicity_catalog_benchmark.json	genuine_predictions	17
stellar_multiplicity_catalog_benchmark.json	genuine_over_0.5pct	0
stellar_multiplicity_catalog_benchmark.json	genuine_median_error_pct	0.0
stellar_multiplicity_catalog_benchmark.json	green_parity_vs_corrected	True -> True
stellar_multiplicity_live_deep_benchmark.json	scalars	17
stellar_multiplicity_live_deep_benchmark.json	over_0.5pct_stored_vs_recomputed	0 -> 0
stellar_multiplicity_live_deep_benchmark.json	stored_error_disagrees_with_fields	0
stellar_multiplicity_live_deep_benchmark.json	stored_only_not_recomputable	0
stellar_multiplicity_live_deep_benchmark.json	ledger_b_structural_corrections	0
stellar_multiplicity_live_deep_benchmark.json	genuine_predictions	17
stellar_multiplicity_live_deep_benchmark.json	genuine_over_0.5pct	0
stellar_multiplicity_live_deep_benchmark.json	genuine_median_error_pct	0.0
stellar_multiplicity_live_deep_benchmark.json	green_parity_vs_corrected	True -> True
stsci_mast_telescope_panel_benchmark.json	scalars	240
stsci_mast_telescope_panel_benchmark.json	over_0.5pct_stored_vs_recomputed	0 -> 0
stsci_mast_telescope_panel_benchmark.json	stored_error_disagrees_with_fields	106
stsci_mast_telescope_panel_benchmark.json	stored_only_not_recomputable	15
stsci_mast_telescope_panel_benchmark.json	zero_target_rows_kept_stored	15
stsci_mast_telescope_panel_benchmark.json	ledger_b_structural_corrections	240
stsci_mast_telescope_panel_benchmark.json	genuine_predictions	0
stsci_mast_telescope_panel_benchmark.json	genuine_over_0.5pct	0
stsci_mast_telescope_panel_benchmark.json	genuine_median_error_pct	None
stsci_mast_telescope_panel_benchmark.json	green_parity_vs_corrected	True -> True
stumped_observables_panel_benchmark.json	scalars	18
stumped_observables_panel_benchmark.json	over_0.5pct_stored_vs_recomputed	0 -> 0
stumped_observables_panel_benchmark.json	stored_error_disagrees_with_fields	0
stumped_observables_panel_benchmark.json	stored_only_not_recomputable	0
stumped_observables_panel_benchmark.json	ledger_b_structural_corrections	0
stumped_observables_panel_benchmark.json	genuine_predictions	18
stumped_observables_panel_benchmark.json	genuine_over_0.5pct	0
stumped_observables_panel_benchmark.json	genuine_median_error_pct	0.00787137623920682
stumped_observables_panel_benchmark.json	green_parity_vs_corrected	True -> True
stumped_observables_spine_benchmark.json	scalars	24
stumped_observables_spine_benchmark.json	over_0.5pct_stored_vs_recomputed	0 -> 0
stumped_observables_spine_benchmark.json	stored_error_disagrees_with_fields	3
stumped_observables_spine_benchmark.json	stored_only_not_recomputable	3
stumped_observables_spine_benchmark.json	zero_target_rows_kept_stored	3
stumped_observables_spine_benchmark.json	ledger_b_structural_corrections	0
stumped_observables_spine_benchmark.json	genuine_predictions	24
stumped_observables_spine_benchmark.json	genuine_over_0.5pct	0
stumped_observables_spine_benchmark.json	genuine_median_error_pct	5.921189464667502e-15
stumped_observables_spine_benchmark.json	green_parity_vs_corrected	True -> True
superheavy_element_stability_panel_benchmark.json	scalars	35
superheavy_element_stability_panel_benchmark.json	over_0.5pct_stored_vs_recomputed	0 -> 0
superheavy_element_stability_panel_benchmark.json	stored_error_disagrees_with_fields	15
superheavy_element_stability_panel_benchmark.json	stored_only_not_recomputable	0
superheavy_element_stability_panel_benchmark.json	ledger_b_structural_corrections	0
superheavy_element_stability_panel_benchmark.json	genuine_predictions	35
superheavy_element_stability_panel_benchmark.json	genuine_over_0.5pct	0
superheavy_element_stability_panel_benchmark.json	genuine_median_error_pct	9.504134410505045e-07
superheavy_element_stability_panel_benchmark.json	green_parity_vs_corrected	True -> True
superheavy_island_completion_spine_benchmark.json	scalars	30
superheavy_island_completion_spine_benchmark.json	over_0.5pct_stored_vs_recomputed	0 -> 0
superheavy_island_completion_spine_benchmark.json	stored_error_disagrees_with_fields	8
superheavy_island_completion_spine_benchmark.json	stored_only_not_recomputable	4
superheavy_island_completion_spine_benchmark.json	zero_target_rows_kept_stored	4
superheavy_island_completion_spine_benchmark.json	ledger_b_structural_corrections	0
superheavy_island_completion_spine_benchmark.json	genuine_predictions	30
superheavy_island_completion_spine_benchmark.json	genuine_over_0.5pct	0
superheavy_island_completion_spine_benchmark.json	genuine_median_error_pct	9.504128247499465e-09
superheavy_island_completion_spine_benchmark.json	green_parity_vs_corrected	True -> True
superheavy_island_emergence_simulation_benchmark.json	scalars	25
superheavy_island_emergence_simulation_benchmark.json	over_0.5pct_stored_vs_recomputed	0 -> 0
superheavy_island_emergence_simulation_benchmark.json	stored_error_disagrees_with_fields	0
superheavy_island_emergence_simulation_benchmark.json	stored_only_not_recomputable	6
superheavy_island_emergence_simulation_benchmark.json	zero_target_rows_kept_stored	6
superheavy_island_emergence_simulation_benchmark.json	ledger_b_structural_corrections	0
superheavy_island_emergence_simulation_benchmark.json	genuine_predictions	25
superheavy_island_emergence_simulation_benchmark.json	genuine_over_0.5pct	0
superheavy_island_emergence_simulation_benchmark.json	genuine_median_error_pct	0.0
superheavy_island_emergence_simulation_benchmark.json	green_parity_vs_corrected	True -> True
supply_chain_logistics_extension_benchmark.json	scalars	40
supply_chain_logistics_extension_benchmark.json	over_0.5pct_stored_vs_recomputed	0 -> 0
supply_chain_logistics_extension_benchmark.json	stored_error_disagrees_with_fields	1
supply_chain_logistics_extension_benchmark.json	stored_only_not_recomputable	0
supply_chain_logistics_extension_benchmark.json	ledger_b_structural_corrections	0
supply_chain_logistics_extension_benchmark.json	genuine_predictions	40
supply_chain_logistics_extension_benchmark.json	genuine_over_0.5pct	0
supply_chain_logistics_extension_benchmark.json	genuine_median_error_pct	0.02516013946087777
supply_chain_logistics_extension_benchmark.json	green_parity_vs_corrected	True -> True
supply_chain_logistics_panel_benchmark.json	scalars	40
supply_chain_logistics_panel_benchmark.json	over_0.5pct_stored_vs_recomputed	0 -> 0
supply_chain_logistics_panel_benchmark.json	stored_error_disagrees_with_fields	3
supply_chain_logistics_panel_benchmark.json	stored_only_not_recomputable	0
supply_chain_logistics_panel_benchmark.json	ledger_b_structural_corrections	40
supply_chain_logistics_panel_benchmark.json	genuine_predictions	0
supply_chain_logistics_panel_benchmark.json	genuine_over_0.5pct	0
supply_chain_logistics_panel_benchmark.json	genuine_median_error_pct	None
supply_chain_logistics_panel_benchmark.json	green_parity_vs_corrected	True -> True
symbolic_archetype_panel_benchmark.json	green_parity_vs_corrected	True -> True
synthetic_biology_benchmark.json	scalars	19
synthetic_biology_benchmark.json	over_0.5pct_stored_vs_recomputed	0 -> 0
synthetic_biology_benchmark.json	stored_error_disagrees_with_fields	1
synthetic_biology_benchmark.json	stored_only_not_recomputable	0
synthetic_biology_benchmark.json	ledger_b_structural_corrections	0
synthetic_biology_benchmark.json	genuine_predictions	19
synthetic_biology_benchmark.json	genuine_over_0.5pct	0
synthetic_biology_benchmark.json	genuine_median_error_pct	0.0
synthetic_biology_benchmark.json	green_parity_vs_corrected	True -> True
tectonics_benchmark.json	green_parity_vs_corrected	True -> True
term3_acoustic_bleed_depth_benchmark.json	scalars	23
term3_acoustic_bleed_depth_benchmark.json	over_0.5pct_stored_vs_recomputed	0 -> 0
term3_acoustic_bleed_depth_benchmark.json	stored_error_disagrees_with_fields	8
term3_acoustic_bleed_depth_benchmark.json	stored_only_not_recomputable	0
term3_acoustic_bleed_depth_benchmark.json	ledger_b_structural_corrections	0
term3_acoustic_bleed_depth_benchmark.json	genuine_predictions	23
term3_acoustic_bleed_depth_benchmark.json	genuine_over_0.5pct	0
term3_acoustic_bleed_depth_benchmark.json	genuine_median_error_pct	0.008381475379830848
term3_acoustic_bleed_depth_benchmark.json	green_parity_vs_corrected	True -> True
the_well_outcomes_verification_panel_benchmark.json	scalars	246
the_well_outcomes_verification_panel_benchmark.json	over_0.5pct_stored_vs_recomputed	0 -> 0
the_well_outcomes_verification_panel_benchmark.json	stored_error_disagrees_with_fields	0
the_well_outcomes_verification_panel_benchmark.json	stored_only_not_recomputable	246
the_well_outcomes_verification_panel_benchmark.json	ledger_b_structural_corrections	0
the_well_outcomes_verification_panel_benchmark.json	genuine_predictions	246
the_well_outcomes_verification_panel_benchmark.json	genuine_over_0.5pct	0
the_well_outcomes_verification_panel_benchmark.json	genuine_median_error_pct	0.031159
the_well_outcomes_verification_panel_benchmark.json	green_parity_vs_corrected	True -> True
the_well_spot_check_panel_benchmark.json	scalars	24
the_well_spot_check_panel_benchmark.json	over_0.5pct_stored_vs_recomputed	0 -> 0
the_well_spot_check_panel_benchmark.json	stored_error_disagrees_with_fields	9
the_well_spot_check_panel_benchmark.json	stored_only_not_recomputable	2
the_well_spot_check_panel_benchmark.json	zero_target_rows_kept_stored	2
the_well_spot_check_panel_benchmark.json	ledger_b_structural_corrections	0
the_well_spot_check_panel_benchmark.json	genuine_predictions	24
the_well_spot_check_panel_benchmark.json	genuine_over_0.5pct	0
the_well_spot_check_panel_benchmark.json	genuine_median_error_pct	0.011891892148643293
the_well_spot_check_panel_benchmark.json	green_parity_vs_corrected	True -> True
the_well_verification_spine_benchmark.json	scalars	15
the_well_verification_spine_benchmark.json	over_0.5pct_stored_vs_recomputed	0 -> 0
the_well_verification_spine_benchmark.json	stored_error_disagrees_with_fields	0
the_well_verification_spine_benchmark.json	stored_only_not_recomputable	2
the_well_verification_spine_benchmark.json	zero_target_rows_kept_stored	2
the_well_verification_spine_benchmark.json	ledger_b_structural_corrections	0
the_well_verification_spine_benchmark.json	genuine_predictions	15
the_well_verification_spine_benchmark.json	genuine_over_0.5pct	0
the_well_verification_spine_benchmark.json	genuine_median_error_pct	0.0
the_well_verification_spine_benchmark.json	green_parity_vs_corrected	True -> True
theory_completeness_spine_benchmark.json	scalars	1
theory_completeness_spine_benchmark.json	over_0.5pct_stored_vs_recomputed	0 -> 0
theory_completeness_spine_benchmark.json	stored_error_disagrees_with_fields	0
theory_completeness_spine_benchmark.json	stored_only_not_recomputable	0
theory_completeness_spine_benchmark.json	ledger_b_structural_corrections	0
theory_completeness_spine_benchmark.json	genuine_predictions	1
theory_completeness_spine_benchmark.json	genuine_over_0.5pct	0
theory_completeness_spine_benchmark.json	genuine_median_error_pct	0.0
theory_completeness_spine_benchmark.json	green_parity_vs_corrected	True -> True
thesis_simulation_benchmark.json	green_parity_vs_corrected	True -> True
tier_93_dual_wave_spine_benchmark.json	scalars	10
tier_93_dual_wave_spine_benchmark.json	over_0.5pct_stored_vs_recomputed	0 -> 0
tier_93_dual_wave_spine_benchmark.json	stored_error_disagrees_with_fields	0
tier_93_dual_wave_spine_benchmark.json	stored_only_not_recomputable	1
tier_93_dual_wave_spine_benchmark.json	zero_target_rows_kept_stored	1
tier_93_dual_wave_spine_benchmark.json	ledger_b_structural_corrections	0
tier_93_dual_wave_spine_benchmark.json	genuine_predictions	10
tier_93_dual_wave_spine_benchmark.json	genuine_over_0.5pct	0
tier_93_dual_wave_spine_benchmark.json	genuine_median_error_pct	0.0
tier_93_dual_wave_spine_benchmark.json	green_parity_vs_corrected	True -> True
tier_94_longevity_spine_benchmark.json	scalars	6
tier_94_longevity_spine_benchmark.json	over_0.5pct_stored_vs_recomputed	0 -> 0
tier_94_longevity_spine_benchmark.json	stored_error_disagrees_with_fields	0
tier_94_longevity_spine_benchmark.json	stored_only_not_recomputable	0
tier_94_longevity_spine_benchmark.json	ledger_b_structural_corrections	0
tier_94_longevity_spine_benchmark.json	genuine_predictions	6
tier_94_longevity_spine_benchmark.json	genuine_over_0.5pct	0
tier_94_longevity_spine_benchmark.json	genuine_median_error_pct	0.0
tier_94_longevity_spine_benchmark.json	green_parity_vs_corrected	True -> True
tier_95_zebrafish_spine_benchmark.json	scalars	11
tier_95_zebrafish_spine_benchmark.json	over_0.5pct_stored_vs_recomputed	0 -> 0
tier_95_zebrafish_spine_benchmark.json	stored_error_disagrees_with_fields	0
tier_95_zebrafish_spine_benchmark.json	stored_only_not_recomputable	0
tier_95_zebrafish_spine_benchmark.json	ledger_b_structural_corrections	0
tier_95_zebrafish_spine_benchmark.json	genuine_predictions	11
tier_95_zebrafish_spine_benchmark.json	genuine_over_0.5pct	0
tier_95_zebrafish_spine_benchmark.json	genuine_median_error_pct	0.0
tier_95_zebrafish_spine_benchmark.json	green_parity_vs_corrected	True -> True
tier_96_circuit_spine_benchmark.json	scalars	37
tier_96_circuit_spine_benchmark.json	over_0.5pct_stored_vs_recomputed	0 -> 0
tier_96_circuit_spine_benchmark.json	stored_error_disagrees_with_fields	10
tier_96_circuit_spine_benchmark.json	stored_only_not_recomputable	7
tier_96_circuit_spine_benchmark.json	zero_target_rows_kept_stored	3
tier_96_circuit_spine_benchmark.json	computed_rounded_rows_kept_stored	4
tier_96_circuit_spine_benchmark.json	ledger_b_structural_corrections	0
tier_96_circuit_spine_benchmark.json	genuine_predictions	37
tier_96_circuit_spine_benchmark.json	genuine_over_0.5pct	0
tier_96_circuit_spine_benchmark.json	genuine_median_error_pct	0.01341
tier_96_circuit_spine_benchmark.json	green_parity_vs_corrected	True -> True
time_domain_crosswalk_benchmark.json	scalars	371
time_domain_crosswalk_benchmark.json	over_0.5pct_stored_vs_recomputed	0 -> 0
time_domain_crosswalk_benchmark.json	stored_error_disagrees_with_fields	323
time_domain_crosswalk_benchmark.json	stored_only_not_recomputable	0
time_domain_crosswalk_benchmark.json	ledger_b_structural_corrections	0
time_domain_crosswalk_benchmark.json	genuine_predictions	371
time_domain_crosswalk_benchmark.json	genuine_over_0.5pct	0
time_domain_crosswalk_benchmark.json	genuine_median_error_pct	0.027599999999994296
time_domain_crosswalk_benchmark.json	green_parity_vs_corrected	True -> True
time_emergence_deep_panel_benchmark.json	scalars	8
time_emergence_deep_panel_benchmark.json	over_0.5pct_stored_vs_recomputed	0 -> 0
time_emergence_deep_panel_benchmark.json	stored_error_disagrees_with_fields	0
time_emergence_deep_panel_benchmark.json	stored_only_not_recomputable	1
time_emergence_deep_panel_benchmark.json	zero_target_rows_kept_stored	1
time_emergence_deep_panel_benchmark.json	ledger_b_structural_corrections	0
time_emergence_deep_panel_benchmark.json	genuine_predictions	8
time_emergence_deep_panel_benchmark.json	genuine_over_0.5pct	0
time_emergence_deep_panel_benchmark.json	genuine_median_error_pct	0.0
time_emergence_deep_panel_benchmark.json	green_parity_vs_corrected	True -> True
time_emergence_simulation_benchmark.json	scalars	28
time_emergence_simulation_benchmark.json	over_0.5pct_stored_vs_recomputed	0 -> 0
time_emergence_simulation_benchmark.json	stored_error_disagrees_with_fields	8
time_emergence_simulation_benchmark.json	stored_only_not_recomputable	0
time_emergence_simulation_benchmark.json	ledger_b_structural_corrections	0
time_emergence_simulation_benchmark.json	genuine_predictions	28
time_emergence_simulation_benchmark.json	genuine_over_0.5pct	0
time_emergence_simulation_benchmark.json	genuine_median_error_pct	0.0
time_emergence_simulation_benchmark.json	green_parity_vs_corrected	True -> True
toe_ckm_pmns_benchmark.json	scalars	38
toe_ckm_pmns_benchmark.json	over_0.5pct_stored_vs_recomputed	0 -> 0
toe_ckm_pmns_benchmark.json	stored_error_disagrees_with_fields	0
toe_ckm_pmns_benchmark.json	stored_only_not_recomputable	0
toe_ckm_pmns_benchmark.json	ledger_b_structural_corrections	0
toe_ckm_pmns_benchmark.json	genuine_predictions	38
toe_ckm_pmns_benchmark.json	genuine_over_0.5pct	0
toe_ckm_pmns_benchmark.json	genuine_median_error_pct	0.05258568507587487
toe_ckm_pmns_benchmark.json	green_parity_vs_corrected	True -> True
toe_claim_certificate_bundle_benchmark.json	scalars	7
toe_claim_certificate_bundle_benchmark.json	over_0.5pct_stored_vs_recomputed	0 -> 0
toe_claim_certificate_bundle_benchmark.json	stored_error_disagrees_with_fields	0
toe_claim_certificate_bundle_benchmark.json	stored_only_not_recomputable	2
toe_claim_certificate_bundle_benchmark.json	zero_target_rows_kept_stored	2
toe_claim_certificate_bundle_benchmark.json	ledger_b_structural_corrections	0
toe_claim_certificate_bundle_benchmark.json	genuine_predictions	7
toe_claim_certificate_bundle_benchmark.json	genuine_over_0.5pct	0
toe_claim_certificate_bundle_benchmark.json	genuine_median_error_pct	0.0
toe_claim_certificate_bundle_benchmark.json	green_parity_vs_corrected	True -> True
toe_dynamics_benchmark.json	scalars	21
toe_dynamics_benchmark.json	over_0.5pct_stored_vs_recomputed	0 -> 0
toe_dynamics_benchmark.json	stored_error_disagrees_with_fields	3
toe_dynamics_benchmark.json	stored_only_not_recomputable	2
toe_dynamics_benchmark.json	zero_target_rows_kept_stored	2
toe_dynamics_benchmark.json	contraction_rows	1
toe_dynamics_benchmark.json	ledger_b_structural_corrections	0
toe_dynamics_benchmark.json	genuine_predictions	21
toe_dynamics_benchmark.json	genuine_over_0.5pct	0
toe_dynamics_benchmark.json	genuine_median_error_pct	0.0
toe_dynamics_benchmark.json	green_parity_vs_corrected	True -> True
toe_gap_closure_spine_benchmark.json	scalars	1
toe_gap_closure_spine_benchmark.json	over_0.5pct_stored_vs_recomputed	0 -> 0
toe_gap_closure_spine_benchmark.json	stored_error_disagrees_with_fields	0
toe_gap_closure_spine_benchmark.json	stored_only_not_recomputable	0
toe_gap_closure_spine_benchmark.json	ledger_b_structural_corrections	0
toe_gap_closure_spine_benchmark.json	genuine_predictions	1
toe_gap_closure_spine_benchmark.json	genuine_over_0.5pct	0
toe_gap_closure_spine_benchmark.json	genuine_median_error_pct	0.0
toe_gap_closure_spine_benchmark.json	green_parity_vs_corrected	True -> True
toe_gr_sm_deep_benchmark.json	scalars	97
toe_gr_sm_deep_benchmark.json	over_0.5pct_stored_vs_recomputed	0 -> 0
toe_gr_sm_deep_benchmark.json	stored_error_disagrees_with_fields	1
toe_gr_sm_deep_benchmark.json	stored_only_not_recomputable	2
toe_gr_sm_deep_benchmark.json	zero_target_rows_kept_stored	2
toe_gr_sm_deep_benchmark.json	ledger_b_structural_corrections	0
toe_gr_sm_deep_benchmark.json	genuine_predictions	97
toe_gr_sm_deep_benchmark.json	genuine_over_0.5pct	0
toe_gr_sm_deep_benchmark.json	genuine_median_error_pct	0.004719617111680276
toe_gr_sm_deep_benchmark.json	green_parity_vs_corrected	True -> True
toe_limit_recovery_benchmark.json	scalars	43
toe_limit_recovery_benchmark.json	over_0.5pct_stored_vs_recomputed	0 -> 0
toe_limit_recovery_benchmark.json	stored_error_disagrees_with_fields	11
toe_limit_recovery_benchmark.json	stored_only_not_recomputable	2
toe_limit_recovery_benchmark.json	computed_rounded_rows_kept_stored	2
toe_limit_recovery_benchmark.json	ledger_b_structural_corrections	16
toe_limit_recovery_benchmark.json	genuine_predictions	27
toe_limit_recovery_benchmark.json	genuine_over_0.5pct	0
toe_limit_recovery_benchmark.json	genuine_median_error_pct	0.0
toe_limit_recovery_benchmark.json	green_parity_vs_corrected	True -> True
toe_unification_spine_benchmark.json	scalars	8
toe_unification_spine_benchmark.json	over_0.5pct_stored_vs_recomputed	0 -> 0
toe_unification_spine_benchmark.json	stored_error_disagrees_with_fields	0
toe_unification_spine_benchmark.json	stored_only_not_recomputable	2
toe_unification_spine_benchmark.json	zero_target_rows_kept_stored	2
toe_unification_spine_benchmark.json	ledger_b_structural_corrections	0
toe_unification_spine_benchmark.json	genuine_predictions	8
toe_unification_spine_benchmark.json	genuine_over_0.5pct	0
toe_unification_spine_benchmark.json	genuine_median_error_pct	0.0
toe_unification_spine_benchmark.json	green_parity_vs_corrected	True -> True
tokenization_live_panel_benchmark.json	scalars	27
tokenization_live_panel_benchmark.json	over_0.5pct_stored_vs_recomputed	0 -> 0
tokenization_live_panel_benchmark.json	stored_error_disagrees_with_fields	18
tokenization_live_panel_benchmark.json	stored_only_not_recomputable	0
tokenization_live_panel_benchmark.json	ledger_b_structural_corrections	27
tokenization_live_panel_benchmark.json	genuine_predictions	0
tokenization_live_panel_benchmark.json	genuine_over_0.5pct	0
tokenization_live_panel_benchmark.json	genuine_median_error_pct	None
tokenization_live_panel_benchmark.json	green_parity_vs_corrected	True -> True
tokenization_smoke_benchmark.json	scalars	21
tokenization_smoke_benchmark.json	over_0.5pct_stored_vs_recomputed	0 -> 0
tokenization_smoke_benchmark.json	stored_error_disagrees_with_fields	0
tokenization_smoke_benchmark.json	stored_only_not_recomputable	2
tokenization_smoke_benchmark.json	zero_target_rows_kept_stored	2
tokenization_smoke_benchmark.json	ledger_b_structural_corrections	0
tokenization_smoke_benchmark.json	genuine_predictions	21
tokenization_smoke_benchmark.json	genuine_over_0.5pct	0
tokenization_smoke_benchmark.json	genuine_median_error_pct	5.547919895966477e-05
tokenization_smoke_benchmark.json	green_parity_vs_corrected	True -> True
toxicology_panel_benchmark.json	scalars	7
toxicology_panel_benchmark.json	over_0.5pct_stored_vs_recomputed	0 -> 0
toxicology_panel_benchmark.json	stored_error_disagrees_with_fields	7
toxicology_panel_benchmark.json	stored_only_not_recomputable	0
toxicology_panel_benchmark.json	ledger_b_structural_corrections	7
toxicology_panel_benchmark.json	genuine_predictions	0
toxicology_panel_benchmark.json	genuine_over_0.5pct	0
toxicology_panel_benchmark.json	genuine_median_error_pct	None
toxicology_panel_benchmark.json	green_parity_vs_corrected	True -> True
trinary_hardware_live_panel_benchmark.json	scalars	24
trinary_hardware_live_panel_benchmark.json	over_0.5pct_stored_vs_recomputed	0 -> 0
trinary_hardware_live_panel_benchmark.json	stored_error_disagrees_with_fields	22
trinary_hardware_live_panel_benchmark.json	stored_only_not_recomputable	0
trinary_hardware_live_panel_benchmark.json	ledger_b_structural_corrections	24
trinary_hardware_live_panel_benchmark.json	genuine_predictions	0
trinary_hardware_live_panel_benchmark.json	genuine_over_0.5pct	0
trinary_hardware_live_panel_benchmark.json	genuine_median_error_pct	None
trinary_hardware_live_panel_benchmark.json	green_parity_vs_corrected	True -> True
trinary_hardware_motif_benchmark.json	scalars	21
trinary_hardware_motif_benchmark.json	over_0.5pct_stored_vs_recomputed	0 -> 0
trinary_hardware_motif_benchmark.json	stored_error_disagrees_with_fields	0
trinary_hardware_motif_benchmark.json	stored_only_not_recomputable	2
trinary_hardware_motif_benchmark.json	zero_target_rows_kept_stored	2
trinary_hardware_motif_benchmark.json	ledger_b_structural_corrections	0
trinary_hardware_motif_benchmark.json	genuine_predictions	21
trinary_hardware_motif_benchmark.json	genuine_over_0.5pct	0
trinary_hardware_motif_benchmark.json	genuine_median_error_pct	5.547919895966477e-05
trinary_hardware_motif_benchmark.json	green_parity_vs_corrected	True -> True
trinary_os_isa_rebuild_benchmark.json	scalars	37
trinary_os_isa_rebuild_benchmark.json	over_0.5pct_stored_vs_recomputed	0 -> 0
trinary_os_isa_rebuild_benchmark.json	stored_error_disagrees_with_fields	0
trinary_os_isa_rebuild_benchmark.json	stored_only_not_recomputable	2
trinary_os_isa_rebuild_benchmark.json	zero_target_rows_kept_stored	1
trinary_os_isa_rebuild_benchmark.json	ledger_b_structural_corrections	0
trinary_os_isa_rebuild_benchmark.json	genuine_predictions	37
trinary_os_isa_rebuild_benchmark.json	genuine_over_0.5pct	0
trinary_os_isa_rebuild_benchmark.json	genuine_median_error_pct	0.0
trinary_os_isa_rebuild_benchmark.json	green_parity_vs_corrected	True -> True
trinary_os_portable_benchmark.json	scalars	21
trinary_os_portable_benchmark.json	over_0.5pct_stored_vs_recomputed	0 -> 0
trinary_os_portable_benchmark.json	stored_error_disagrees_with_fields	0
trinary_os_portable_benchmark.json	stored_only_not_recomputable	2
trinary_os_portable_benchmark.json	zero_target_rows_kept_stored	2
trinary_os_portable_benchmark.json	ledger_b_structural_corrections	0
trinary_os_portable_benchmark.json	genuine_predictions	21
trinary_os_portable_benchmark.json	genuine_over_0.5pct	0
trinary_os_portable_benchmark.json	genuine_median_error_pct	5.547919895966477e-05
trinary_os_portable_benchmark.json	green_parity_vs_corrected	True -> True
trinary_os_round_trip_benchmark.json	scalars	21
trinary_os_round_trip_benchmark.json	over_0.5pct_stored_vs_recomputed	0 -> 0
trinary_os_round_trip_benchmark.json	stored_error_disagrees_with_fields	0
trinary_os_round_trip_benchmark.json	stored_only_not_recomputable	4
trinary_os_round_trip_benchmark.json	ledger_b_structural_corrections	0
trinary_os_round_trip_benchmark.json	genuine_predictions	21
trinary_os_round_trip_benchmark.json	genuine_over_0.5pct	0
trinary_os_round_trip_benchmark.json	genuine_median_error_pct	0.0
trinary_os_round_trip_benchmark.json	green_parity_vs_corrected	True -> True
trinary_os_tier_e_benchmark.json	scalars	66
trinary_os_tier_e_benchmark.json	over_0.5pct_stored_vs_recomputed	0 -> 0
trinary_os_tier_e_benchmark.json	stored_error_disagrees_with_fields	0
trinary_os_tier_e_benchmark.json	stored_only_not_recomputable	8
trinary_os_tier_e_benchmark.json	zero_target_rows_kept_stored	1
trinary_os_tier_e_benchmark.json	ledger_b_structural_corrections	0
trinary_os_tier_e_benchmark.json	genuine_predictions	66
trinary_os_tier_e_benchmark.json	genuine_over_0.5pct	0
trinary_os_tier_e_benchmark.json	genuine_median_error_pct	0.0
trinary_os_tier_e_benchmark.json	green_parity_vs_corrected	True -> True
uap_war_gov_release_panel_benchmark.json	scalars	270
uap_war_gov_release_panel_benchmark.json	over_0.5pct_stored_vs_recomputed	0 -> 0
uap_war_gov_release_panel_benchmark.json	stored_error_disagrees_with_fields	94
uap_war_gov_release_panel_benchmark.json	stored_only_not_recomputable	0
uap_war_gov_release_panel_benchmark.json	ledger_b_structural_corrections	270
uap_war_gov_release_panel_benchmark.json	genuine_predictions	0
uap_war_gov_release_panel_benchmark.json	genuine_over_0.5pct	0
uap_war_gov_release_panel_benchmark.json	genuine_median_error_pct	None
uap_war_gov_release_panel_benchmark.json	green_parity_vs_corrected	True -> True
undiscovered_element_candidate_prereg_scaffold_benchmark.json	scalars	15
undiscovered_element_candidate_prereg_scaffold_benchmark.json	over_0.5pct_stored_vs_recomputed	0 -> 0
undiscovered_element_candidate_prereg_scaffold_benchmark.json	stored_error_disagrees_with_fields	6
undiscovered_element_candidate_prereg_scaffold_benchmark.json	stored_only_not_recomputable	1
undiscovered_element_candidate_prereg_scaffold_benchmark.json	zero_target_rows_kept_stored	1
undiscovered_element_candidate_prereg_scaffold_benchmark.json	ledger_b_structural_corrections	0
undiscovered_element_candidate_prereg_scaffold_benchmark.json	genuine_predictions	15
undiscovered_element_candidate_prereg_scaffold_benchmark.json	genuine_over_0.5pct	0
undiscovered_element_candidate_prereg_scaffold_benchmark.json	genuine_median_error_pct	9.504133591242692e-09
undiscovered_element_candidate_prereg_scaffold_benchmark.json	green_parity_vs_corrected	True -> True
unified_db_candidate_crosswalk_benchmark.json	scalars	15
unified_db_candidate_crosswalk_benchmark.json	over_0.5pct_stored_vs_recomputed	0 -> 0
unified_db_candidate_crosswalk_benchmark.json	stored_error_disagrees_with_fields	0
unified_db_candidate_crosswalk_benchmark.json	stored_only_not_recomputable	0
unified_db_candidate_crosswalk_benchmark.json	ledger_b_structural_corrections	0
unified_db_candidate_crosswalk_benchmark.json	genuine_predictions	15
unified_db_candidate_crosswalk_benchmark.json	genuine_over_0.5pct	0
unified_db_candidate_crosswalk_benchmark.json	genuine_median_error_pct	0.0
unified_db_candidate_crosswalk_benchmark.json	green_parity_vs_corrected	True -> True
unified_db_crosswalk_spine_benchmark.json	scalars	20
unified_db_crosswalk_spine_benchmark.json	over_0.5pct_stored_vs_recomputed	0 -> 0
unified_db_crosswalk_spine_benchmark.json	stored_error_disagrees_with_fields	0
unified_db_crosswalk_spine_benchmark.json	stored_only_not_recomputable	3
unified_db_crosswalk_spine_benchmark.json	zero_target_rows_kept_stored	3
unified_db_crosswalk_spine_benchmark.json	ledger_b_structural_corrections	0
unified_db_crosswalk_spine_benchmark.json	genuine_predictions	20
unified_db_crosswalk_spine_benchmark.json	genuine_over_0.5pct	0
unified_db_crosswalk_spine_benchmark.json	genuine_median_error_pct	0.0
unified_db_crosswalk_spine_benchmark.json	green_parity_vs_corrected	True -> True
uniprot_protein_annotations_benchmark.json	green_parity_vs_corrected	True -> True
uniprot_proteome_slice_open_benchmark.json	scalars	68
uniprot_proteome_slice_open_benchmark.json	over_0.5pct_stored_vs_recomputed	0 -> 0
uniprot_proteome_slice_open_benchmark.json	stored_error_disagrees_with_fields	34
uniprot_proteome_slice_open_benchmark.json	stored_only_not_recomputable	0
uniprot_proteome_slice_open_benchmark.json	ledger_b_structural_corrections	68
uniprot_proteome_slice_open_benchmark.json	genuine_predictions	0
uniprot_proteome_slice_open_benchmark.json	genuine_over_0.5pct	0
uniprot_proteome_slice_open_benchmark.json	genuine_median_error_pct	None
uniprot_proteome_slice_open_benchmark.json	green_parity_vs_corrected	True -> True
uniprot_structure_annotations_deep_benchmark.json	scalars	115
uniprot_structure_annotations_deep_benchmark.json	over_0.5pct_stored_vs_recomputed	0 -> 0
uniprot_structure_annotations_deep_benchmark.json	stored_error_disagrees_with_fields	0
uniprot_structure_annotations_deep_benchmark.json	stored_only_not_recomputable	0
uniprot_structure_annotations_deep_benchmark.json	ledger_b_structural_corrections	0
uniprot_structure_annotations_deep_benchmark.json	genuine_predictions	115
uniprot_structure_annotations_deep_benchmark.json	genuine_over_0.5pct	0
uniprot_structure_annotations_deep_benchmark.json	genuine_median_error_pct	0.0
uniprot_structure_annotations_deep_benchmark.json	green_parity_vs_corrected	True -> True
usgs_seismic_history_open_benchmark.json	scalars	398
usgs_seismic_history_open_benchmark.json	over_0.5pct_stored_vs_recomputed	0 -> 0
usgs_seismic_history_open_benchmark.json	stored_error_disagrees_with_fields	90
usgs_seismic_history_open_benchmark.json	stored_only_not_recomputable	0
usgs_seismic_history_open_benchmark.json	ledger_b_structural_corrections	398
usgs_seismic_history_open_benchmark.json	genuine_predictions	0
usgs_seismic_history_open_benchmark.json	genuine_over_0.5pct	0
usgs_seismic_history_open_benchmark.json	genuine_median_error_pct	None
usgs_seismic_history_open_benchmark.json	green_parity_vs_corrected	True -> True
validators_intrinsic_llm_panel_benchmark.json	scalars	20
validators_intrinsic_llm_panel_benchmark.json	over_0.5pct_stored_vs_recomputed	0 -> 0
validators_intrinsic_llm_panel_benchmark.json	stored_error_disagrees_with_fields	4
validators_intrinsic_llm_panel_benchmark.json	stored_only_not_recomputable	0
validators_intrinsic_llm_panel_benchmark.json	ledger_b_structural_corrections	20
validators_intrinsic_llm_panel_benchmark.json	genuine_predictions	0
validators_intrinsic_llm_panel_benchmark.json	genuine_over_0.5pct	0
validators_intrinsic_llm_panel_benchmark.json	genuine_median_error_pct	None
validators_intrinsic_llm_panel_benchmark.json	green_parity_vs_corrected	True -> True
virology_extension_benchmark.json	scalars	50
virology_extension_benchmark.json	over_0.5pct_stored_vs_recomputed	0 -> 0
virology_extension_benchmark.json	stored_error_disagrees_with_fields	3
virology_extension_benchmark.json	stored_only_not_recomputable	0
virology_extension_benchmark.json	ledger_b_structural_corrections	0
virology_extension_benchmark.json	genuine_predictions	50
virology_extension_benchmark.json	genuine_over_0.5pct	0
virology_extension_benchmark.json	genuine_median_error_pct	0.045933333333337205
virology_extension_benchmark.json	green_parity_vs_corrected	True -> True
virology_panel_benchmark.json	scalars	24
virology_panel_benchmark.json	over_0.5pct_stored_vs_recomputed	0 -> 0
virology_panel_benchmark.json	stored_error_disagrees_with_fields	0
virology_panel_benchmark.json	stored_only_not_recomputable	2
virology_panel_benchmark.json	zero_target_rows_kept_stored	2
virology_panel_benchmark.json	ledger_b_structural_corrections	8
virology_panel_benchmark.json	genuine_predictions	16
virology_panel_benchmark.json	genuine_over_0.5pct	0
virology_panel_benchmark.json	genuine_median_error_pct	1.2265321033954111e-14
virology_panel_benchmark.json	green_parity_vs_corrected	True -> True
vizier_wds_tap_live_deep_benchmark.json	scalars	90
vizier_wds_tap_live_deep_benchmark.json	over_0.5pct_stored_vs_recomputed	0 -> 0
vizier_wds_tap_live_deep_benchmark.json	stored_error_disagrees_with_fields	13
vizier_wds_tap_live_deep_benchmark.json	stored_only_not_recomputable	0
vizier_wds_tap_live_deep_benchmark.json	ledger_b_structural_corrections	90
vizier_wds_tap_live_deep_benchmark.json	genuine_predictions	0
vizier_wds_tap_live_deep_benchmark.json	genuine_over_0.5pct	0
vizier_wds_tap_live_deep_benchmark.json	genuine_median_error_pct	None
vizier_wds_tap_live_deep_benchmark.json	green_parity_vs_corrected	True -> True
vl_agent_distill_panel_benchmark.json	scalars	19
vl_agent_distill_panel_benchmark.json	over_0.5pct_stored_vs_recomputed	0 -> 0
vl_agent_distill_panel_benchmark.json	stored_error_disagrees_with_fields	8
vl_agent_distill_panel_benchmark.json	stored_only_not_recomputable	2
vl_agent_distill_panel_benchmark.json	zero_target_rows_kept_stored	2
vl_agent_distill_panel_benchmark.json	ledger_b_structural_corrections	9
vl_agent_distill_panel_benchmark.json	genuine_predictions	10
vl_agent_distill_panel_benchmark.json	genuine_over_0.5pct	0
vl_agent_distill_panel_benchmark.json	genuine_median_error_pct	0.0
vl_agent_distill_panel_benchmark.json	green_parity_vs_corrected	True -> True
vl_distill_atlas_benchmark.json	scalars	21
vl_distill_atlas_benchmark.json	over_0.5pct_stored_vs_recomputed	0 -> 0
vl_distill_atlas_benchmark.json	stored_error_disagrees_with_fields	0
vl_distill_atlas_benchmark.json	stored_only_not_recomputable	2
vl_distill_atlas_benchmark.json	zero_target_rows_kept_stored	2
vl_distill_atlas_benchmark.json	ledger_b_structural_corrections	0
vl_distill_atlas_benchmark.json	genuine_predictions	21
vl_distill_atlas_benchmark.json	genuine_over_0.5pct	0
vl_distill_atlas_benchmark.json	genuine_median_error_pct	5.547919895966477e-05
vl_distill_atlas_benchmark.json	green_parity_vs_corrected	True -> True
volcanology_panel_benchmark.json	scalars	90
volcanology_panel_benchmark.json	over_0.5pct_stored_vs_recomputed	0 -> 0
volcanology_panel_benchmark.json	stored_error_disagrees_with_fields	29
volcanology_panel_benchmark.json	stored_only_not_recomputable	0
volcanology_panel_benchmark.json	ledger_b_structural_corrections	90
volcanology_panel_benchmark.json	genuine_predictions	0
volcanology_panel_benchmark.json	genuine_over_0.5pct	0
volcanology_panel_benchmark.json	genuine_median_error_pct	None
volcanology_panel_benchmark.json	green_parity_vs_corrected	True -> True
warp_bh_wh_portal_benchmark.json	scalars	21
warp_bh_wh_portal_benchmark.json	over_0.5pct_stored_vs_recomputed	0 -> 0
warp_bh_wh_portal_benchmark.json	stored_error_disagrees_with_fields	0
warp_bh_wh_portal_benchmark.json	stored_only_not_recomputable	2
warp_bh_wh_portal_benchmark.json	zero_target_rows_kept_stored	2
warp_bh_wh_portal_benchmark.json	ledger_b_structural_corrections	0
warp_bh_wh_portal_benchmark.json	genuine_predictions	21
warp_bh_wh_portal_benchmark.json	genuine_over_0.5pct	0
warp_bh_wh_portal_benchmark.json	genuine_median_error_pct	0.0
warp_bh_wh_portal_benchmark.json	green_parity_vs_corrected	True -> True
wds_live_multiplicity_deep_benchmark.json	scalars	160
wds_live_multiplicity_deep_benchmark.json	over_0.5pct_stored_vs_recomputed	0 -> 0
wds_live_multiplicity_deep_benchmark.json	stored_error_disagrees_with_fields	58
wds_live_multiplicity_deep_benchmark.json	stored_only_not_recomputable	0
wds_live_multiplicity_deep_benchmark.json	ledger_b_structural_corrections	160
wds_live_multiplicity_deep_benchmark.json	genuine_predictions	0
wds_live_multiplicity_deep_benchmark.json	genuine_over_0.5pct	0
wds_live_multiplicity_deep_benchmark.json	genuine_median_error_pct	None
wds_live_multiplicity_deep_benchmark.json	green_parity_vs_corrected	True -> True
weather_observed_benchmark.json	green_parity_vs_corrected	True -> True
world_bank_development_benchmark.json	green_parity_vs_corrected	True -> True
world_bank_macro_open_benchmark.json	scalars	605
world_bank_macro_open_benchmark.json	over_0.5pct_stored_vs_recomputed	0 -> 0
world_bank_macro_open_benchmark.json	stored_error_disagrees_with_fields	70
world_bank_macro_open_benchmark.json	stored_only_not_recomputable	0
world_bank_macro_open_benchmark.json	ledger_b_structural_corrections	605
world_bank_macro_open_benchmark.json	genuine_predictions	0
world_bank_macro_open_benchmark.json	genuine_over_0.5pct	0
world_bank_macro_open_benchmark.json	genuine_median_error_pct	None
world_bank_macro_open_benchmark.json	green_parity_vs_corrected	True -> True
xr_interactive_media_math_scaffold_benchmark.json	scalars	22
xr_interactive_media_math_scaffold_benchmark.json	over_0.5pct_stored_vs_recomputed	0 -> 0
xr_interactive_media_math_scaffold_benchmark.json	stored_error_disagrees_with_fields	2
xr_interactive_media_math_scaffold_benchmark.json	stored_only_not_recomputable	0
xr_interactive_media_math_scaffold_benchmark.json	ledger_b_structural_corrections	0
xr_interactive_media_math_scaffold_benchmark.json	genuine_predictions	22
xr_interactive_media_math_scaffold_benchmark.json	genuine_over_0.5pct	0
xr_interactive_media_math_scaffold_benchmark.json	genuine_median_error_pct	0.0
xr_interactive_media_math_scaffold_benchmark.json	green_parity_vs_corrected	True -> True
z120_z126_beam_synthesis_panel_benchmark.json	scalars	13
z120_z126_beam_synthesis_panel_benchmark.json	over_0.5pct_stored_vs_recomputed	0 -> 0
z120_z126_beam_synthesis_panel_benchmark.json	stored_error_disagrees_with_fields	6
z120_z126_beam_synthesis_panel_benchmark.json	stored_only_not_recomputable	0
z120_z126_beam_synthesis_panel_benchmark.json	ledger_b_structural_corrections	0
z120_z126_beam_synthesis_panel_benchmark.json	genuine_predictions	13
z120_z126_beam_synthesis_panel_benchmark.json	genuine_over_0.5pct	0
z120_z126_beam_synthesis_panel_benchmark.json	genuine_median_error_pct	0.0
z120_z126_beam_synthesis_panel_benchmark.json	green_parity_vs_corrected	True -> True
z164_distant_island_prereg_scaffold_benchmark.json	scalars	21
z164_distant_island_prereg_scaffold_benchmark.json	over_0.5pct_stored_vs_recomputed	0 -> 0
z164_distant_island_prereg_scaffold_benchmark.json	stored_error_disagrees_with_fields	0
z164_distant_island_prereg_scaffold_benchmark.json	stored_only_not_recomputable	3
z164_distant_island_prereg_scaffold_benchmark.json	zero_target_rows_kept_stored	3
z164_distant_island_prereg_scaffold_benchmark.json	ledger_b_structural_corrections	0
z164_distant_island_prereg_scaffold_benchmark.json	genuine_predictions	21
z164_distant_island_prereg_scaffold_benchmark.json	genuine_over_0.5pct	0
z164_distant_island_prereg_scaffold_benchmark.json	genuine_median_error_pct	1.2688263138573217e-14
z164_distant_island_prereg_scaffold_benchmark.json	green_parity_vs_corrected	True -> True
zebrafish_cell_tracking_panel_benchmark.json	scalars	15
zebrafish_cell_tracking_panel_benchmark.json	over_0.5pct_stored_vs_recomputed	0 -> 0
zebrafish_cell_tracking_panel_benchmark.json	stored_error_disagrees_with_fields	0
zebrafish_cell_tracking_panel_benchmark.json	stored_only_not_recomputable	0
zebrafish_cell_tracking_panel_benchmark.json	ledger_b_structural_corrections	0
zebrafish_cell_tracking_panel_benchmark.json	genuine_predictions	15
zebrafish_cell_tracking_panel_benchmark.json	genuine_over_0.5pct	0
zebrafish_cell_tracking_panel_benchmark.json	genuine_median_error_pct	0.022236250967769072
zebrafish_cell_tracking_panel_benchmark.json	green_parity_vs_corrected	True -> True
zebrafish_developmental_mechanics_panel_benchmark.json	scalars	26
zebrafish_developmental_mechanics_panel_benchmark.json	over_0.5pct_stored_vs_recomputed	0 -> 0
zebrafish_developmental_mechanics_panel_benchmark.json	stored_error_disagrees_with_fields	4
zebrafish_developmental_mechanics_panel_benchmark.json	stored_only_not_recomputable	0
zebrafish_developmental_mechanics_panel_benchmark.json	ledger_b_structural_corrections	0
zebrafish_developmental_mechanics_panel_benchmark.json	genuine_predictions	26
zebrafish_developmental_mechanics_panel_benchmark.json	genuine_over_0.5pct	0
zebrafish_developmental_mechanics_panel_benchmark.json	genuine_median_error_pct	0.017789000294235968
zebrafish_developmental_mechanics_panel_benchmark.json	green_parity_vs_corrected	True -> True
zebrafish_longevity_genetics_coupling_panel_benchmark.json	scalars	24
zebrafish_longevity_genetics_coupling_panel_benchmark.json	over_0.5pct_stored_vs_recomputed	0 -> 0
zebrafish_longevity_genetics_coupling_panel_benchmark.json	stored_error_disagrees_with_fields	0
zebrafish_longevity_genetics_coupling_panel_benchmark.json	stored_only_not_recomputable	2
zebrafish_longevity_genetics_coupling_panel_benchmark.json	zero_target_rows_kept_stored	2
zebrafish_longevity_genetics_coupling_panel_benchmark.json	ledger_b_structural_corrections	0
zebrafish_longevity_genetics_coupling_panel_benchmark.json	genuine_predictions	24
zebrafish_longevity_genetics_coupling_panel_benchmark.json	genuine_over_0.5pct	0
zebrafish_longevity_genetics_coupling_panel_benchmark.json	genuine_median_error_pct	0.013341701772019009
zebrafish_longevity_genetics_coupling_panel_benchmark.json	green_parity_vs_corrected	True -> True
zebrafish_predictive_validation_panel_benchmark.json	scalars	20
zebrafish_predictive_validation_panel_benchmark.json	over_0.5pct_stored_vs_recomputed	0 -> 0
zebrafish_predictive_validation_panel_benchmark.json	stored_error_disagrees_with_fields	1
zebrafish_predictive_validation_panel_benchmark.json	stored_only_not_recomputable	0
zebrafish_predictive_validation_panel_benchmark.json	ledger_b_structural_corrections	0
zebrafish_predictive_validation_panel_benchmark.json	genuine_predictions	20
zebrafish_predictive_validation_panel_benchmark.json	genuine_over_0.5pct	0
zebrafish_predictive_validation_panel_benchmark.json	genuine_median_error_pct	0.1441610988898573
zebrafish_predictive_validation_panel_benchmark.json	green_parity_vs_corrected	True -> True
zenodo_records_depth_open_benchmark.json	scalars	32
zenodo_records_depth_open_benchmark.json	over_0.5pct_stored_vs_recomputed	0 -> 0
zenodo_records_depth_open_benchmark.json	stored_error_disagrees_with_fields	20
zenodo_records_depth_open_benchmark.json	stored_only_not_recomputable	0
zenodo_records_depth_open_benchmark.json	ledger_b_structural_corrections	32
zenodo_records_depth_open_benchmark.json	genuine_predictions	0
zenodo_records_depth_open_benchmark.json	genuine_over_0.5pct	0
zenodo_records_depth_open_benchmark.json	genuine_median_error_pct	None
zenodo_records_depth_open_benchmark.json	green_parity_vs_corrected	True -> True
zero_boundary_not_entity_panel_benchmark.json	scalars	23
zero_boundary_not_entity_panel_benchmark.json	over_0.5pct_stored_vs_recomputed	0 -> 0
zero_boundary_not_entity_panel_benchmark.json	stored_error_disagrees_with_fields	2
zero_boundary_not_entity_panel_benchmark.json	stored_only_not_recomputable	3
zero_boundary_not_entity_panel_benchmark.json	zero_target_rows_kept_stored	3
zero_boundary_not_entity_panel_benchmark.json	ledger_b_structural_corrections	2
zero_boundary_not_entity_panel_benchmark.json	genuine_predictions	21
zero_boundary_not_entity_panel_benchmark.json	genuine_over_0.5pct	0
zero_boundary_not_entity_panel_benchmark.json	genuine_median_error_pct	2.176606281878435e-05
zero_boundary_not_entity_panel_benchmark.json	green_parity_vs_corrected	True -> True
zero_day_risk_evaluator_cybersecurity_benchmark.json	scalars	18
zero_day_risk_evaluator_cybersecurity_benchmark.json	over_0.5pct_stored_vs_recomputed	0 -> 0
zero_day_risk_evaluator_cybersecurity_benchmark.json	stored_error_disagrees_with_fields	15
zero_day_risk_evaluator_cybersecurity_benchmark.json	stored_only_not_recomputable	1
zero_day_risk_evaluator_cybersecurity_benchmark.json	zero_target_rows_kept_stored	1
zero_day_risk_evaluator_cybersecurity_benchmark.json	ledger_b_structural_corrections	0
zero_day_risk_evaluator_cybersecurity_benchmark.json	genuine_predictions	18
zero_day_risk_evaluator_cybersecurity_benchmark.json	genuine_over_0.5pct	0
zero_day_risk_evaluator_cybersecurity_benchmark.json	genuine_median_error_pct	0.010333333333331949
zero_day_risk_evaluator_cybersecurity_benchmark.json	green_parity_vs_corrected	True -> True
zoology_extension_benchmark.json	scalars	1000
zoology_extension_benchmark.json	over_0.5pct_stored_vs_recomputed	0 -> 0
zoology_extension_benchmark.json	stored_error_disagrees_with_fields	22
zoology_extension_benchmark.json	stored_only_not_recomputable	0
zoology_extension_benchmark.json	ledger_b_structural_corrections	0
zoology_extension_benchmark.json	genuine_predictions	1000
zoology_extension_benchmark.json	genuine_over_0.5pct	0
zoology_extension_benchmark.json	genuine_median_error_pct	0.017789245172845643
zoology_extension_benchmark.json	green_parity_vs_corrected	True -> True
#summary	files_with_nonfinite_tokens	1 (NaN=257, Infinity=0)
#summary	gated_scalars	183196
#summary	over_0.5pct_stored_vs_recomputed	0 -> 9
#summary	stored_error_disagrees_with_fields	50436
#summary	stored_only_not_recomputable	9735
#summary	zero_target_rows_kept_stored	930
#summary	inequality_bound_rows	17
#summary	contraction_rows	1
#summary	computed_rounded_rows_kept_stored	6198
#summary	green_files_parity_vs_corrected	477 -> 471 of 477
#summary	ledger_b_structural_corrections	139400
#summary	genuine_predictions	43796
#summary	genuine_over_0.5pct	7
#summary	lb_emit_irreproducible_round6_vs_sig12	47994 -> 0 of 140088
